date,BTCUSDT,ETHUSDT,BNBUSDT,XRPUSDT,SOLUSDT,TRXUSDT,DOGEUSDT
2020-10-18,11501.1,378.29,30.599,0.2422,2.2186,0.02592,0.002588
2020-10-19,11745.0,379.47,29.899,0.2457,2.0578,0.02589,0.002593
2020-10-20,11900.03,368.74,28.831,0.2434,1.8905,0.02593,0.002594
2020-10-21,12796.07,390.96,29.734,0.2511,1.8933,0.02669,0.002627
2020-10-22,12968.87,414.39,30.663,0.2572,1.9619,0.0271,0.002649
2020-10-23,12925.82,409.4,30.63,0.2552,1.9645,0.02673,0.002645
2020-10-24,13110.88,412.34,30.629,0.2564,1.9196,0.02707,0.002638
2020-10-25,13023.81,406.14,30.107,0.2534,1.7937,0.027,0.002653
2020-10-26,13047.24,392.43,31.022,0.2481,1.6786,0.02677,0.002669
2020-10-27,13629.38,403.6,31.423,0.2526,1.7135,0.027,0.002671
2020-10-28,13256.17,388.17,30.322,0.2454,1.5196,0.0269,0.002582
2020-10-29,13446.65,386.94,29.845,0.2424,1.4325,0.02658,0.002576
2020-10-30,13549.12,382.4,28.509,0.2388,1.4378,0.0256,0.002583
2020-10-31,13783.73,386.29,28.504,0.2396,1.5472,0.02579,0.002568
2020-11-01,13752.86,396.82,28.568,0.2398,1.6076,0.02574,0.002575
2020-11-02,13540.54,383.16,27.807,0.2353,1.4741,0.02444,0.002514
2020-11-03,14016.55,388.11,26.878,0.2394,1.4131,0.02441,0.002519
2020-11-04,14134.31,402.92,26.96,0.2373,1.391,0.0242,0.002541
2020-11-05,15598.75,417.14,27.721,0.2456,1.4011,0.02494,0.002635
2020-11-06,15590.96,456.38,29.052,0.2588,1.8998,0.02617,0.002759
2020-11-07,14824.34,435.58,27.788,0.249,2.0283,0.02487,0.002666
2020-11-08,15473.2,454.75,28.427,0.2538,2.1571,0.02535,0.002705
2020-11-09,15328.72,444.72,28.1,0.2507,2.0393,0.02479,0.002674
2020-11-10,15294.68,450.67,28.237,0.2543,2.2652,0.02485,0.002761
2020-11-11,15690.24,463.35,28.01,0.256,2.003,0.02499,0.002757
2020-11-12,16289.02,462.68,27.712,0.2551,1.9083,0.02492,0.002779
2020-11-13,16320.54,476.8,28.227,0.2662,2.0191,0.02543,0.002817
2020-11-14,16064.51,461.0,27.964,0.2683,1.92,0.02515,0.002776
2020-11-15,15952.27,448.16,27.681,0.27,2.0431,0.02533,0.002776
2020-11-16,16707.07,460.72,27.997,0.2885,2.268,0.02549,0.002897
2020-11-17,17670.01,482.49,28.554,0.303,2.207,0.02654,0.002947
2020-11-18,17788.32,478.61,28.12,0.2934,2.1166,0.02679,0.002911
2020-11-19,17811.68,471.38,28.123,0.304,2.0797,0.02581,0.002916
2020-11-20,18664.31,510.37,28.986,0.3306,2.1052,0.0263,0.002998
2020-11-21,18721.99,554.1,30.581,0.4639,2.3991,0.03064,0.003522
2020-11-22,18435.2,560.42,30.045,0.4465,2.1502,0.02878,0.003344
2020-11-23,18382.07,609.12,31.063,0.6157,2.2826,0.0318,0.00369
2020-11-24,19179.64,605.72,33.919,0.6951,2.2894,0.03533,0.004273
2020-11-25,18741.67,569.79,31.285,0.6314,2.2673,0.03307,0.003722
2020-11-26,17155.34,520.25,28.258,0.537,1.9032,0.02946,0.003254
2020-11-27,17144.1,518.92,28.5,0.5631,1.8558,0.02939,0.003278
2020-11-28,17717.74,537.46,29.168,0.6258,1.8821,0.03047,0.003395
2020-11-29,18181.09,576.38,30.138,0.6059,1.9093,0.03076,0.003443
2020-11-30,19720.0,617.42,31.535,0.6648,1.959,0.03241,0.003568
2020-12-01,18772.7,585.98,30.206,0.6114,1.9695,0.03026,0.003325
2020-12-02,19207.01,596.96,30.278,0.6303,2.116,0.03119,0.003363
2020-12-03,19434.3,616.2,30.721,0.6308,2.0989,0.0317,0.003424
2020-12-04,18664.2,567.68,29.039,0.5534,1.8463,0.02946,0.003287
2020-12-05,19147.62,596.97,29.74,0.5853,1.9776,0.0306,0.003398
2020-12-06,19375.02,601.86,29.499,0.6216,1.8515,0.03095,0.003391
2020-12-07,19172.88,591.84,29.38,0.6085,1.8299,0.03033,0.003341
2020-12-08,18319.32,555.17,27.687,0.5587,1.6617,0.0279,0.003176
2020-12-09,18537.98,573.27,28.152,0.5826,1.6553,0.02871,0.00315
2020-12-10,18253.51,559.71,27.7,0.5708,1.5686,0.02811,0.003096
2020-12-11,18031.47,544.74,27.356,0.5127,1.4406,0.02778,0.003069
2020-12-12,18800.0,568.34,28.162,0.5065,1.4886,0.02857,0.003153
2020-12-13,19175.07,590.91,29.182,0.5138,1.5636,0.02921,0.00326
2020-12-14,19270.7,586.33,30.031,0.498,1.5936,0.02911,0.003224
2020-12-15,19424.91,588.8,29.47,0.4685,1.7534,0.0292,0.003206
2020-12-16,21346.8,637.8,30.563,0.5686,1.7869,0.03149,0.003422
2020-12-17,22816.99,643.12,30.237,0.5777,1.6808,0.03076,0.003732
2020-12-18,23124.35,654.51,31.0,0.5843,1.7003,0.03111,0.003866
2020-12-19,23847.28,658.81,33.337,0.577,1.6683,0.03126,0.00393
2020-12-20,23472.96,638.27,34.29,0.5559,1.5638,0.03125,0.004642
2020-12-21,22730.1,608.18,32.13,0.5152,1.5347,0.02928,0.004778
2020-12-22,23826.99,637.2,33.527,0.4452,1.4905,0.02885,0.004521
2020-12-23,23238.27,585.34,31.159,0.2588,1.1975,0.02478,0.003755
2020-12-24,23737.44,612.31,32.504,0.3394,1.3638,0.02766,0.004575
2020-12-25,24730.0,627.18,33.231,0.3178,1.4448,0.02854,0.004565
2020-12-26,26508.83,637.9,33.638,0.2952,1.3215,0.0278,0.004519
2020-12-27,26305.64,685.97,33.676,0.2844,1.3023,0.02892,0.004554
2020-12-28,27102.66,731.07,36.026,0.2473,1.5169,0.02962,0.004609
2020-12-29,27402.83,733.45,39.122,0.2213,1.666,0.02766,0.004498
2020-12-30,28906.99,753.04,38.224,0.2113,1.5304,0.02693,0.004635
2020-12-31,28951.68,737.19,37.386,0.2196,1.504,0.02676,0.004678
2021-01-01,29337.16,729.77,37.795,0.2377,1.8382,0.02684,0.00568
2021-01-02,32199.91,775.02,38.271,0.221,1.7976,0.02721,0.010542
2021-01-03,33054.53,980.24,41.3,0.2265,2.1767,0.0296,0.009877
2021-01-04,32031.07,1043.11,41.142,0.2361,2.4832,0.03097,0.009796
2021-01-05,33999.52,1101.29,41.799,0.2258,2.1355,0.02846,0.01
2021-01-06,36823.68,1212.64,42.288,0.2489,1.8753,0.03044,0.010468
2021-01-07,39498.92,1227.12,43.57,0.3243,2.3651,0.03098,0.009767
2021-01-08,40637.23,1218.39,42.394,0.3206,3.222,0.03039,0.009755
2021-01-09,40136.04,1279.96,43.907,0.3247,3.3776,0.03389,0.010202
2021-01-10,38221.67,1257.96,42.399,0.3152,3.446,0.03275,0.009841
2021-01-11,35408.46,1086.94,38.104,0.2877,3.0988,0.02895,0.008801
2021-01-12,34056.9,1050.82,38.275,0.2928,3.6276,0.0286,0.008067
2021-01-13,37421.07,1130.4,40.192,0.3059,3.5291,0.03078,0.008675
2021-01-14,39163.31,1234.86,41.911,0.297,3.2949,0.03014,0.009419
2021-01-15,36755.24,1168.79,40.88,0.2803,3.2464,0.02973,0.00937
2021-01-16,36025.66,1230.19,43.171,0.2797,3.4259,0.0301,0.009245
2021-01-17,35869.83,1233.71,45.857,0.2777,3.8328,0.03026,0.00912
2021-01-18,36686.86,1262.99,45.442,0.2857,3.7933,0.03168,0.009197
2021-01-19,35891.03,1367.51,42.492,0.2942,3.6276,0.03062,0.009048
2021-01-20,35500.0,1379.24,42.607,0.296,3.7133,0.03049,0.00907
2021-01-21,30879.97,1111.23,38.647,0.2684,2.9793,0.02755,0.008148
2021-01-22,32986.34,1234.55,40.863,0.2724,3.3286,0.02852,0.00852
2021-01-23,32086.48,1235.66,40.925,0.272,3.5094,0.02921,0.008586
2021-01-24,32275.63,1394.24,41.85,0.2739,3.6369,0.02997,0.008724
2021-01-25,32253.68,1318.61,41.826,0.2678,3.7044,0.02948,0.008355
2021-01-26,32474.14,1368.4,41.873,0.2686,4.0447,0.02946,0.008234
2021-01-27,30381.04,1238.55,40.902,0.2507,3.6727,0.02821,0.007416
2021-01-28,33399.75,1329.86,42.452,0.2645,3.8139,0.02954,0.036324
2021-01-29,34269.35,1381.99,42.863,0.2833,3.8409,0.03338,0.045883
2021-01-30,34289.85,1380.48,44.744,0.4445,4.2462,0.03223,0.02799
2021-01-31,33126.21,1313.12,44.353,0.4959,4.2628,0.03158,0.036885
2021-02-01,33546.09,1376.48,51.483,0.3714,4.6234,0.03299,0.034835
2021-02-02,35504.06,1516.26,50.914,0.3734,5.2529,0.03321,0.031357
2021-02-03,37652.51,1666.0,52.096,0.398,5.7373,0.03455,0.03736
2021-02-04,36976.93,1596.0,55.968,0.4462,6.4358,0.03315,0.052782
2021-02-05,38362.65,1721.16,67.736,0.4535,6.7101,0.0363,0.04683
2021-02-06,39249.54,1679.34,72.555,0.4442,6.1325,0.03514,0.057716
2021-02-07,38849.25,1611.99,68.269,0.4188,6.7037,0.036,0.07803
2021-02-08,46451.32,1755.61,80.146,0.4522,7.8917,0.04048,0.079054
2021-02-09,46492.54,1770.79,107.249,0.4773,7.8335,0.04622,0.070186
2021-02-10,44850.0,1743.31,128.901,0.5055,9.1102,0.04634,0.072645
2021-02-11,48060.21,1789.32,124.11,0.5292,9.2215,0.05708,0.069763
2021-02-12,47361.03,1843.08,136.745,0.6107,9.2344,0.05527,0.069928
2021-02-13,47221.62,1818.02,133.5,0.6348,8.7627,0.06016,0.066373
2021-02-14,48655.21,1803.59,135.844,0.5935,8.7306,0.05529,0.062711
2021-02-15,47981.58,1781.34,130.037,0.55,8.8695,0.05084,0.056511
2021-02-16,49197.94,1784.31,130.334,0.5203,8.3036,0.05201,0.053591
2021-02-17,52194.62,1849.86,165.556,0.536,8.2533,0.05265,0.049527
2021-02-18,51619.7,1941.26,195.549,0.5328,8.9956,0.05497,0.058838
2021-02-19,56004.1,1958.58,334.094,0.5667,11.5096,0.06083,0.05519
2021-02-20,55917.41,1914.58,252.807,0.5117,9.9965,0.05774,0.054153
2021-02-21,57487.43,1934.75,294.864,0.5459,11.0851,0.05943,0.056063
2021-02-22,54121.1,1778.3,267.467,0.5668,14.3413,0.05421,0.053657
2021-02-23,48930.0,1579.75,230.982,0.4765,15.2413,0.04491,0.04768
2021-02-24,49702.03,1623.98,254.183,0.4687,17.2227,0.04793,0.056731
2021-02-25,47089.37,1482.09,234.376,0.4358,13.8484,0.04508,0.049879
2021-02-26,46313.13,1445.28,221.6,0.4279,13.5941,0.04511,0.050426
2021-02-27,46102.63,1458.65,225.36,0.4361,13.19,0.04646,0.050115
2021-02-28,45163.36,1419.77,210.11,0.4159,13.1072,0.04556,0.048171
2021-03-01,49592.7,1571.2,255.033,0.4458,15.0036,0.04779,0.050613
2021-03-02,48450.57,1486.28,239.713,0.4361,13.9565,0.0468,0.050227
2021-03-03,50373.75,1568.63,240.499,0.4486,14.0941,0.04878,0.050425
2021-03-04,48385.77,1540.69,229.743,0.4816,13.0784,0.05139,0.049999
2021-03-05,48770.57,1529.88,225.407,0.4551,12.5659,0.05012,0.04953
2021-03-06,48908.21,1651.73,226.349,0.463,13.0512,0.05008,0.05093
2021-03-07,50995.27,1727.23,240.269,0.466,13.845,0.05167,0.052056
2021-03-08,52429.43,1834.3,240.555,0.4749,13.6344,0.05311,0.063076
2021-03-09,54917.78,1873.31,293.464,0.4858,14.9102,0.05321,0.058013
2021-03-10,55947.98,1796.8,278.397,0.4621,14.2333,0.05139,0.055951
2021-03-11,57844.52,1829.0,290.04,0.4527,16.0763,0.05149,0.056056
2021-03-12,57291.03,1767.44,263.372,0.4399,14.5742,0.04993,0.055367
2021-03-13,61267.41,1924.94,276.98,0.4586,15.3216,0.05292,0.062816
2021-03-14,59037.12,1850.54,263.278,0.4394,14.4642,0.05104,0.058168
2021-03-15,55646.61,1794.89,254.523,0.4361,14.184,0.05066,0.05708
2021-03-16,56954.19,1807.25,258.957,0.4607,13.6639,0.05235,0.058765
2021-03-17,58959.0,1825.77,270.149,0.4707,14.2288,0.0548,0.05799
2021-03-18,57700.01,1777.54,261.699,0.4696,14.2183,0.05328,0.057427
2021-03-19,58089.11,1811.04,262.924,0.4668,14.1535,0.05869,0.058323
2021-03-20,58145.61,1807.35,264.332,0.5265,14.1892,0.06094,0.058961
2021-03-21,57415.18,1784.67,264.852,0.5176,14.3395,0.06344,0.05758
2021-03-22,54129.56,1681.69,254.967,0.5449,14.7957,0.05931,0.054912
2021-03-23,54400.0,1669.33,255.654,0.5501,14.142,0.05858,0.053431
2021-03-24,52311.54,1582.11,248.468,0.48,13.5875,0.05564,0.051532
2021-03-25,51325.21,1587.5,233.852,0.511,12.9776,0.05528,0.051311
2021-03-26,55030.0,1699.13,255.072,0.5638,14.7725,0.06464,0.053992
2021-03-27,55828.0,1714.34,269.619,0.5479,16.4803,0.0636,0.054474
2021-03-28,55805.08,1688.3,268.799,0.5463,18.1022,0.06366,0.053726
2021-03-29,57677.64,1818.44,275.426,0.5662,18.9811,0.06479,0.054191
2021-03-30,58794.16,1843.43,312.347,0.5629,19.0933,0.06608,0.054096
2021-03-31,58807.24,1923.07,302.7,0.5708,19.4044,0.09328,0.053814
2021-04-01,58794.01,1969.74,335.334,0.5714,19.0497,0.08551,0.062151
2021-04-02,59031.36,2138.01,338.821,0.6078,19.8353,0.0926,0.057769
2021-04-03,57134.65,2012.63,322.235,0.579,22.4904,0.10169,0.055574
2021-04-04,58234.61,2077.73,349.304,0.6353,23.7879,0.12763,0.057457
2021-04-05,59243.39,2110.35,368.763,0.9176,23.018,0.13648,0.060085
2021-04-06,58059.99,2114.47,403.484,1.1005,25.0987,0.12436,0.06445
2021-04-07,56018.18,1965.4,375.947,0.918,26.5699,0.11052,0.058838
2021-04-08,58122.26,2082.08,418.755,1.0588,26.9589,0.12366,0.06188
2021-04-09,58176.03,2068.02,454.84,1.0192,27.6623,0.11587,0.0617
2021-04-10,59832.43,2135.96,472.789,1.3762,26.8349,0.12682,0.06379
2021-04-11,60090.2,2155.05,526.179,1.3563,27.9493,0.12252,0.074548
2021-04-12,59911.18,2139.25,598.229,1.4706,28.585,0.1289,0.070802
2021-04-13,63649.71,2303.15,553.269,1.7993,27.5083,0.14643,0.094752
2021-04-14,63019.1,2437.08,549.788,1.8385,26.4194,0.1407,0.121712
2021-04-15,63232.55,2519.85,542.723,1.7599,27.7857,0.16456,0.181654
2021-04-16,61424.67,2427.29,508.924,1.5515,25.3449,0.16099,0.365462
2021-04-17,60090.14,2319.8,515.342,1.5409,24.8423,0.15557,0.282716
2021-04-18,56140.05,2235.32,482.127,1.4105,32.3492,0.14297,0.322905
2021-04-19,55634.39,2162.75,504.668,1.31,31.5856,0.1299,0.409251
2021-04-20,56410.56,2329.96,587.206,1.3863,31.7022,0.13282,0.317516
2021-04-21,53800.0,2358.9,544.359,1.2912,32.6637,0.12268,0.305983
2021-04-22,51714.61,2398.94,505.65,1.1557,38.9341,0.10996,0.260918
2021-04-23,51122.62,2368.67,526.227,1.1703,37.3702,0.10908,0.249846
2021-04-24,50092.4,2215.54,497.13,1.0503,40.8663,0.10253,0.270031
2021-04-25,49063.94,2320.71,505.538,1.0356,47.3823,0.10177,0.251418
2021-04-26,53984.33,2534.25,535.358,1.3644,43.9698,0.11737,0.271959
2021-04-27,55006.25,2668.39,569.126,1.4039,43.2296,0.12612,0.272527
2021-04-28,54861.77,2748.33,563.063,1.3594,44.8884,0.12276,0.323484
2021-04-29,53558.8,2759.14,600.325,1.3985,42.4925,0.12127,0.305181
2021-04-30,57684.16,2773.15,623.585,1.6019,42.8771,0.13243,0.337754
2021-05-01,57836.34,2947.01,620.81,1.6531,49.7035,0.13127,0.391209
2021-05-02,56630.33,2950.98,622.071,1.5618,46.9593,0.12768,0.374584
2021-05-03,57214.83,3433.36,676.967,1.5582,46.0232,0.13176,0.441713
2021-05-04,53263.32,3243.67,610.058,1.3882,42.6551,0.11923,0.53873
2021-05-05,57497.77,3528.49,651.969,1.6181,45.0381,0.14699,0.654868
2021-05-06,56435.35,3493.16,634.224,1.6051,43.5641,0.15238,0.581771
2021-05-07,57350.88,3480.98,624.628,1.5811,43.2345,0.14771,0.691522
2021-05-08,58924.98,3914.47,646.27,1.5635,45.7022,0.14315,0.637855
2021-05-09,58292.53,3928.01,662.398,1.5365,44.3591,0.14323,0.570961
2021-05-10,55869.67,3950.33,631.543,1.3909,42.8909,0.12721,0.450736
2021-05-11,56710.43,4175.91,671.2,1.4808,44.624,0.13902,0.49374
2021-05-12,49595.76,3828.99,594.1,1.2686,43.484,0.11891,0.39081
2021-05-13,49707.9,3719.45,571.21,1.3657,41.052,0.12156,0.48959
2021-05-14,49873.27,4079.99,603.47,1.4003,42.741,0.12476,0.55993
2021-05-15,46793.41,3648.98,563.85,1.4927,43.53,0.1207,0.50849
2021-05-16,46429.28,3581.39,564.41,1.4503,46.866,0.11965,0.51351
2021-05-17,43566.18,3283.58,512.44,1.4968,46.74,0.11276,0.48789
2021-05-18,42882.53,3376.35,508.31,1.5898,55.95,0.11639,0.47601
2021-05-19,36689.14,2442.98,334.47,1.0578,34.952,0.07862,0.32949
2021-05-20,40500.3,2768.42,391.38,1.1809,44.431,0.08917,0.39736
2021-05-21,37211.02,2431.01,325.75,1.0069,38.921,0.07779,0.35774
2021-05-22,37432.58,2295.15,299.68,0.9055,31.225,0.07523,0.342
2021-05-23,34651.6,2096.63,260.61,0.7899,24.517,0.06273,0.3062
2021-05-24,38779.66,2649.27,345.33,0.9936,31.417,0.07688,0.36535
2021-05-25,38326.84,2706.83,343.43,0.9745,30.007,0.07706,0.34578
2021-05-26,39224.2,2884.27,379.18,1.0303,35.42,0.08302,0.35248
2021-05-27,38527.38,2742.77,369.71,0.9747,33.779,0.0794,0.33393
2021-05-28,35670.99,2411.66,329.11,0.8988,28.993,0.07199,0.31128
2021-05-29,34611.94,2277.99,304.17,0.8306,27.38,0.06865,0.30281
2021-05-30,35651.81,2386.11,325.52,0.9047,28.59,0.07189,0.30181
2021-05-31,37243.38,2706.33,353.12,1.041,32.749,0.07672,0.32556
2021-06-01,36693.41,2634.63,362.13,1.0109,30.955,0.0761,0.37047
2021-06-02,37569.99,2707.22,401.34,1.0245,33.994,0.078,0.42375
2021-06-03,39247.4,2858.34,428.42,1.0456,39.627,0.0822,0.40083
2021-06-04,36828.03,2689.21,390.83,0.9691,37.37,0.07707,0.37621
2021-06-05,35498.62,2627.45,389.7,0.9227,39.658,0.07545,0.37113
2021-06-06,35801.71,2711.4,393.52,0.9466,42.199,0.07737,0.37146
2021-06-07,33550.96,2592.96,358.0,0.8617,38.247,0.0716,0.33133
2021-06-08,33372.58,2506.19,352.34,0.8733,41.229,0.07233,0.32572
2021-06-09,37368.45,2610.2,375.39,0.9218,42.024,0.0753,0.34321
2021-06-10,36669.66,2471.11,351.88,0.8692,41.09,0.07253,0.32619
2021-06-11,37300.42,2354.25,345.49,0.8471,36.162,0.06915,0.31865
2021-06-12,35537.05,2370.59,343.6,0.8326,36.474,0.06802,0.3121
2021-06-13,38993.65,2508.71,365.83,0.8836,38.708,0.0715,0.32401
2021-06-14,40489.1,2579.82,369.9,0.8902,39.672,0.07201,0.32769
2021-06-15,40132.86,2544.17,366.3,0.8665,39.54,0.0717,0.32021
2021-06-16,38344.97,2366.84,347.24,0.8321,39.677,0.06893,0.3079
2021-06-17,38060.71,2372.51,352.45,0.8415,39.269,0.07392,0.30629
2021-06-18,35811.41,2231.68,336.79,0.7971,36.8,0.06956,0.29319
2021-06-19,35483.0,2163.36,333.77,0.7577,35.151,0.06825,0.28561
2021-06-20,35588.64,2242.7,338.98,0.7742,35.228,0.06766,0.28021
2021-06-21,31606.0,1884.77,270.33,0.6066,26.578,0.05348,0.17835
2021-06-22,32496.0,1878.46,261.92,0.5464,26.956,0.05099,0.19061
2021-06-23,33649.0,1966.51,295.69,0.638,30.774,0.05792,0.23472
2021-06-24,34644.64,1989.5,308.53,0.6732,31.151,0.06608,0.26346
2021-06-25,31568.07,1808.0,280.75,0.6106,28.591,0.06135,0.23728
2021-06-26,32255.56,1828.88,279.38,0.6159,29.639,0.06273,0.2458
2021-06-27,34687.71,1980.83,290.7,0.648,31.853,0.06473,0.26462
2021-06-28,34487.22,2083.56,289.82,0.6439,33.013,0.06526,0.25681
2021-06-29,35911.26,2165.15,300.76,0.7065,33.949,0.0679,0.26339
2021-06-30,35031.39,2275.0,303.44,0.7057,35.493,0.06829,0.25379
2021-07-01,33489.96,2105.24,287.38,0.659,33.254,0.06468,0.24369
2021-07-02,33760.94,2152.64,286.83,0.6555,33.97,0.06653,0.24501
2021-07-03,34652.94,2226.63,298.07,0.6728,34.5,0.06678,0.24624
2021-07-04,35280.16,2321.95,307.58,0.6958,34.29,0.06732,0.24634
2021-07-05,33672.72,2195.38,301.98,0.6523,32.887,0.06443,0.23089
2021-07-06,34206.01,2322.04,319.5,0.6647,34.206,0.06488,0.23408
2021-07-07,33845.64,2314.65,327.41,0.6516,36.659,0.06429,0.22374
2021-07-08,32852.04,2114.88,309.78,0.6216,33.128,0.06105,0.20694
2021-07-09,33805.01,2147.53,316.86,0.6367,33.325,0.06217,0.21956
2021-07-10,33497.98,2111.14,316.11,0.6247,31.688,0.06141,0.21373
2021-07-11,34253.81,2140.27,321.8,0.6363,32.173,0.06181,0.216
2021-07-12,33070.87,2030.85,315.56,0.6285,30.751,0.05998,0.2077
2021-07-13,32709.09,1940.32,308.82,0.6192,29.147,0.05935,0.19991
2021-07-14,32803.01,1993.82,309.23,0.6197,31.355,0.05985,0.19759
2021-07-15,31866.43,1919.35,315.78,0.5978,28.572,0.05782,0.18532
2021-07-16,31382.95,1876.1,302.71,0.5894,26.259,0.05556,0.17193
2021-07-17,31496.65,1898.55,300.08,0.5819,26.79,0.05595,0.18739
2021-07-18,31767.0,1890.66,301.77,0.5866,26.662,0.05588,0.18144
2021-07-19,30823.62,1818.4,280.27,0.5569,24.511,0.0534,0.17357
2021-07-20,29775.9,1785.04,264.19,0.5283,23.466,0.05042,0.17037
2021-07-21,32120.0,1995.49,293.07,0.5712,26.675,0.05383,0.19039
2021-07-22,32268.11,2023.55,293.0,0.5921,27.679,0.05523,0.19119
2021-07-23,33634.46,2124.33,299.27,0.6092,28.519,0.05597,0.19491
2021-07-24,34230.0,2183.53,301.47,0.6082,28.621,0.05725,0.19687
2021-07-25,35370.66,2188.11,302.17,0.6064,28.232,0.05786,0.19792
2021-07-26,37218.09,2227.41,303.8,0.6233,28.18,0.0584,0.20371
2021-07-27,39442.33,2298.04,313.24,0.6448,28.102,0.06016,0.20574
2021-07-28,40003.08,2300.08,313.67,0.732,27.875,0.0607,0.20571
2021-07-29,40012.9,2382.45,317.15,0.7492,31.25,0.06187,0.20499
2021-07-30,42203.25,2461.72,322.78,0.752,32.35,0.06326,0.20876
2021-07-31,41448.11,2530.49,332.5,0.7464,36.721,0.06397,0.20771
2021-08-01,39846.78,2554.71,332.57,0.7242,34.164,0.0632,0.20409
2021-08-02,39147.48,2607.09,330.53,0.7381,33.194,0.06465,0.20335
2021-08-03,38203.26,2506.87,323.46,0.7138,34.136,0.06402,0.19631
2021-08-04,39731.31,2725.0,334.88,0.7314,35.771,0.06741,0.20161
2021-08-05,40882.4,2826.8,338.11,0.7335,37.399,0.07017,0.20108
2021-08-06,42825.43,2892.3,342.28,0.7475,39.546,0.07198,0.20499
2021-08-07,44601.11,3163.26,356.25,0.817,39.489,0.07528,0.26194
2021-08-08,43787.71,3014.06,341.99,0.7796,37.688,0.07192,0.24008
2021-08-09,46259.7,3163.43,354.46,0.8178,38.68,0.07397,0.25614
2021-08-10,45589.99,3143.98,372.03,0.8519,40.676,0.07465,0.25769
2021-08-11,45522.12,3161.52,391.24,1.012,41.65,0.08347,0.26455
2021-08-12,44385.09,3046.74,385.8,0.9667,41.122,0.08427,0.26427
2021-08-13,47792.52,3324.12,411.21,1.0909,44.9,0.08957,0.2869
2021-08-14,47083.74,3266.31,408.9,1.2805,44.141,0.09273,0.29446
2021-08-15,47006.02,3312.31,414.4,1.285,53.565,0.09301,0.34036
2021-08-16,45926.23,3146.83,415.83,1.1861,62.128,0.08937,0.31975
2021-08-17,44704.84,3014.64,402.07,1.0984,64.218,0.0851,0.29945
2021-08-18,44714.09,3014.25,396.21,1.1439,72.787,0.08459,0.30337
2021-08-19,46772.0,3186.8,431.51,1.2357,72.873,0.08839,0.31811
2021-08-20,49332.74,3286.62,455.29,1.264,78.771,0.09072,0.32742
2021-08-21,48848.29,3226.4,449.25,1.2172,73.904,0.08802,0.31698
2021-08-22,49273.28,3241.29,449.22,1.2266,72.806,0.08802,0.31492
2021-08-23,49523.91,3323.01,499.18,1.2465,75.702,0.08999,0.31824
2021-08-24,47719.36,3173.98,472.23,1.1358,70.511,0.08458,0.28884
2021-08-25,48992.65,3227.9,503.49,1.1749,72.028,0.08755,0.2928
2021-08-26,46853.06,3093.77,478.14,1.0724,74.875,0.08297,0.26834
2021-08-27,49083.98,3273.91,494.95,1.1925,87.954,0.08828,0.29463
2021-08-28,48931.99,3247.29,486.61,1.1471,96.225,0.08837,0.28623
2021-08-29,48795.41,3225.47,480.06,1.1423,94.239,0.08846,0.28126
2021-08-30,47024.7,3230.43,460.29,1.101,110.318,0.0862,0.27206
2021-08-31,47150.32,3430.49,464.44,1.1872,108.341,0.08888,0.27849
2021-09-01,48842.94,3831.44,489.5,1.237,110.894,0.09515,0.2947
2021-09-02,49299.14,3788.95,484.08,1.2542,128.329,0.09961,0.29486
2021-09-03,50027.08,3942.79,488.78,1.2921,146.403,0.10174,0.29646
2021-09-04,49940.74,3889.71,498.42,1.2556,139.155,0.10156,0.29979
2021-09-05,51799.57,3952.56,505.71,1.309,142.14,0.10537,0.31476
2021-09-06,52683.97,3929.0,496.29,1.3906,164.272,0.10393,0.30928
2021-09-07,46864.39,3435.0,418.7,1.1292,173.644,0.08529,0.25547
2021-09-08,46062.29,3497.99,414.84,1.1002,191.215,0.09271,0.25669
2021-09-09,46413.88,3426.42,421.41,1.0878,188.127,0.09303,0.2527
2021-09-10,44860.83,3209.84,401.38,1.0556,179.756,0.09071,0.23975
2021-09-11,45193.78,3267.23,404.81,1.0795,179.243,0.0956,0.241
2021-09-12,46046.73,3405.21,416.43,1.1191,174.507,0.11254,0.25042
2021-09-13,44975.96,3284.41,399.1,1.0651,169.656,0.10463,0.23586
2021-09-14,47087.18,3435.42,414.28,1.0965,158.806,0.1183,0.24065
2021-09-15,48106.12,3614.72,431.28,1.1216,158.991,0.12078,0.24784
2021-09-16,47745.55,3570.46,424.49,1.0908,152.365,0.11602,0.24212
2021-09-17,47303.11,3400.99,407.14,1.0672,147.626,0.10546,0.24021
2021-09-18,48285.15,3435.35,410.75,1.0756,169.228,0.10587,0.24146
2021-09-19,47256.91,3328.72,408.74,1.0483,152.973,0.10372,0.23308
2021-09-20,43026.6,2978.34,364.15,0.9216,132.834,0.0913,0.20862
2021-09-21,40726.1,2765.48,344.26,0.8738,124.248,0.08819,0.20069
2021-09-22,43520.0,3076.62,378.82,1.0031,147.952,0.0987,0.22444
2021-09-23,44828.29,3150.7,383.36,1.0015,149.897,0.09918,0.22442
2021-09-24,42798.49,2926.37,354.98,0.9439,139.147,0.0922,0.20902
2021-09-25,42651.58,2921.08,349.39,0.9398,136.079,0.09049,0.20827
2021-09-26,43150.0,3057.63,343.93,0.9433,135.619,0.08766,0.20477
2021-09-27,42122.69,2923.6,335.03,0.9208,136.308,0.08589,0.19955
2021-09-28,41006.32,2803.5,332.87,0.8924,132.158,0.08297,0.1964
2021-09-29,41499.71,2848.38,366.68,0.9261,135.265,0.08578,0.19853
2021-09-30,43796.57,2999.45,386.87,0.9531,141.358,0.08942,0.20424
2021-10-01,48123.94,3308.58,421.19,1.0421,161.597,0.09484,0.22277
2021-10-02,47626.61,3387.25,426.63,1.0362,168.889,0.09334,0.2186
2021-10-03,48187.3,3418.25,430.1,1.0558,173.045,0.09495,0.2219
2021-10-04,49198.22,3386.12,426.22,1.0435,167.244,0.09353,0.24175
2021-10-05,51455.12,3517.64,441.86,1.0848,164.745,0.09628,0.25197
2021-10-06,55321.6,3576.85,434.59,1.0773,154.005,0.09554,0.2543
2021-10-07,53814.99,3589.85,438.26,1.0686,154.38,0.09558,0.24311
2021-10-08,53975.0,3563.81,419.38,1.0641,158.932,0.09775,0.24429
2021-10-09,54960.77,3577.8,422.31,1.1618,156.943,0.10314,0.24697
2021-10-10,54700.0,3415.01,404.1,1.1359,147.62,0.09746,0.22881
2021-10-11,57500.01,3543.1,413.36,1.1368,144.888,0.09709,0.23128
2021-10-12,56011.84,3492.91,444.72,1.1023,152.328,0.09556,0.22623
2021-10-13,57393.65,3610.05,470.18,1.1284,148.08,0.09797,0.23272
2021-10-14,57378.19,3794.19,472.05,1.1345,150.164,0.09739,0.2329
2021-10-15,61702.33,3872.71,474.19,1.1423,163.236,0.09868,0.23437
2021-10-16,60925.56,3833.3,465.01,1.1356,157.686,0.09877,0.23747
2021-10-17,61571.45,3851.01,470.82,1.0947,160.291,0.0988,0.23802
2021-10-18,62037.92,3748.31,484.64,1.0836,157.263,0.09819,0.24749
2021-10-19,64316.7,3881.48,487.01,1.0923,155.941,0.10061,0.24565
2021-10-20,66064.24,4164.14,500.76,1.1464,176.821,0.10337,0.25501
2021-10-21,62260.33,4057.26,471.35,1.0894,190.647,0.09968,0.2426
2021-10-22,60734.27,3975.56,479.79,1.0895,196.446,0.09992,0.24494
2021-10-23,61325.11,4170.5,486.17,1.0948,197.88,0.10081,0.25144
2021-10-24,60902.82,4084.61,476.29,1.083,202.386,0.09923,0.27603
2021-10-25,63127.04,4224.14,485.4,1.0957,209.949,0.10079,0.26548
2021-10-26,60358.75,4133.39,478.48,1.1082,199.998,0.10126,0.25603
2021-10-27,58449.36,3923.57,448.65,0.9951,184.468,0.09061,0.23804
2021-10-28,60622.03,4288.96,492.08,1.0586,195.5,0.09528,0.3
2021-10-29,62308.22,4421.53,530.72,1.0833,200.529,0.09968,0.28847
2021-10-30,61895.19,4324.82,528.95,1.0856,195.85,0.10122,0.26918
2021-10-31,61348.61,4288.86,524.42,1.1135,202.668,0.1016,0.28021
2021-11-01,60942.87,4322.72,551.12,1.0927,204.144,0.10059,0.27185
2021-11-02,63266.69,4593.88,554.59,1.1361,221.044,0.10758,0.27439
2021-11-03,62946.45,4606.59,568.48,1.2113,243.25,0.10604,0.26919
2021-11-04,61431.86,4535.37,558.86,1.2012,246.995,0.10339,0.26311
2021-11-05,61006.0,4477.29,606.43,1.1591,236.231,0.10354,0.26106
2021-11-06,61511.3,4521.4,637.56,1.1518,258.336,0.10261,0.26207
2021-11-07,63316.4,4616.5,649.57,1.2215,249.746,0.10463,0.26679
2021-11-08,67606.96,4814.3,653.56,1.2832,248.42,0.11012,0.28215
2021-11-09,67009.98,4734.98,635.2,1.2578,239.301,0.11451,0.27396
2021-11-10,64920.13,4632.21,613.61,1.1903,233.233,0.10661,0.25532
2021-11-11,64831.3,4721.19,628.21,1.2152,233.469,0.10896,0.26071
2021-11-12,64156.08,4665.99,626.27,1.1889,228.572,0.10804,0.25945
2021-11-13,64427.0,4644.42,648.49,1.1899,241.568,0.1126,0.26132
2021-11-14,65568.39,4629.44,650.2,1.1892,238.737,0.11711,0.26304
2021-11-15,63654.49,4567.01,633.44,1.1729,238.282,0.12391,0.25698
2021-11-16,60106.03,4209.42,588.76,1.0881,219.043,0.10937,0.23665
2021-11-17,60366.96,4287.99,578.41,1.0958,219.073,0.11129,0.23756
2021-11-18,56921.05,3997.72,532.13,1.041,195.18,0.10041,0.22115
2021-11-19,58069.51,4293.44,580.98,1.0903,215.369,0.10386,0.23296
2021-11-20,59716.29,4412.55,604.66,1.0976,217.695,0.10523,0.23327
2021-11-21,58661.39,4259.23,584.2,1.0581,230.788,0.10654,0.22582
2021-11-22,56268.31,4086.57,559.79,1.0366,215.61,0.10184,0.21957
2021-11-23,57574.23,4341.36,591.6,1.067,221.918,0.10289,0.2269
2021-11-24,57165.08,4271.29,590.56,1.0329,205.779,0.09793,0.21722
2021-11-25,58988.21,4527.86,639.3,1.0447,210.181,0.10026,0.22145
2021-11-26,53755.65,4040.66,587.71,0.9392,192.423,0.09223,0.20192
2021-11-27,54738.77,4095.33,600.19,0.9455,192.775,0.09341,0.20496
2021-11-28,57315.73,4296.6,611.52,0.9686,200.713,0.09519,0.20727
2021-11-29,57827.98,4445.1,624.25,0.9901,204.275,0.09658,0.21504
2021-11-30,56975.0,4631.51,622.59,0.9989,208.617,0.09652,0.21467
2021-12-01,57209.29,4586.66,627.45,0.9906,229.812,0.09689,0.20929
2021-12-02,56513.57,4514.32,620.37,0.9722,233.677,0.09752,0.20966
2021-12-03,53612.0,4213.66,595.17,0.9213,211.607,0.09387,0.19985
2021-12-04,49135.66,4115.79,568.07,0.8449,200.583,0.08684,0.17816
2021-12-05,49376.6,4197.53,557.65,0.8041,196.317,0.0843,0.17123
2021-12-06,50424.72,4345.2,586.8,0.8251,193.518,0.08721,0.17745
2021-12-07,50577.2,4305.82,578.34,0.8154,190.155,0.08994,0.17622
2021-12-08,50455.61,4435.33,607.05,0.862,194.539,0.09234,0.17905
2021-12-09,47539.76,4103.8,569.26,0.8582,181.04,0.08854,0.16886
2021-12-10,47136.35,3895.95,551.94,0.7985,167.229,0.0876,0.16394
2021-12-11,49381.15,4089.81,564.12,0.8388,172.09,0.09157,0.16886
2021-12-12,50057.01,4129.0,569.58,0.8393,172.799,0.09096,0.16954
2021-12-13,46679.93,3780.63,520.75,0.7815,155.19,0.08489,0.1572
2021-12-14,48324.04,3856.66,527.86,0.8101,161.16,0.08703,0.19075
2021-12-15,48870.48,4019.01,541.18,0.8259,178.43,0.0875,0.18092
2021-12-16,47624.5,3958.67,526.0,0.8045,176.92,0.0853,0.17309
2021-12-17,46125.33,3873.93,525.5,0.7963,175.51,0.07946,0.1684
2021-12-18,46815.99,3957.64,533.68,0.8261,182.68,0.08038,0.17227
2021-12-19,46668.63,3922.51,529.71,0.8346,179.86,0.07933,0.16935
2021-12-20,46898.14,3943.48,523.96,0.879,173.91,0.07753,0.16714
2021-12-21,48875.15,4014.38,528.46,0.9462,179.56,0.07879,0.17073
2021-12-22,48569.69,3978.62,533.74,0.9531,178.37,0.07907,0.17297
2021-12-23,50817.92,4111.3,548.92,0.9937,190.11,0.0827,0.18504
2021-12-24,50808.55,4045.0,542.2,0.9126,190.36,0.08084,0.18623
2021-12-25,50403.64,4093.87,547.5,0.9252,193.0,0.08148,0.19081
2021-12-26,50765.73,4062.24,546.43,0.9201,197.8,0.08144,0.18976
2021-12-27,50707.72,4037.36,563.79,0.9271,195.71,0.08111,0.18785
2021-12-28,47522.03,3791.99,534.13,0.8514,177.2,0.07709,0.17373
2021-12-29,46436.54,3628.55,514.49,0.8169,170.66,0.07642,0.16789
2021-12-30,47095.02,3708.37,518.41,0.8382,172.48,0.07779,0.17101
2021-12-31,46210.56,3676.02,511.56,0.8292,169.98,0.07533,0.17028
2022-01-01,47704.35,3763.06,527.34,0.8507,179.05,0.07654,0.17316
2022-01-02,47280.0,3826.21,530.91,0.8583,176.29,0.07762,0.17439
2022-01-03,46445.81,3764.07,512.24,0.8324,170.18,0.07702,0.17022
2022-01-04,45833.42,3785.6,506.88,0.8228,167.83,0.0759,0.16835
2022-01-05,43421.69,3537.71,473.95,0.7718,154.38,0.07106,0.15887
2022-01-06,43080.01,3404.6,472.46,0.7787,150.26,0.07103,0.15988
2022-01-07,41553.86,3196.58,448.1,0.7634,136.43,0.06819,0.15506
2022-01-08,41688.05,3080.03,429.59,0.745,142.15,0.06534,0.15094
2022-01-09,41851.22,3150.0,438.33,0.7529,140.77,0.0661,0.15042
2022-01-10,41801.55,3081.31,424.54,0.7393,135.73,0.06339,0.14295
2022-01-11,42700.68,3236.86,462.87,0.77,140.13,0.06486,0.1537
2022-01-12,43880.72,3369.93,487.5,0.7982,151.48,0.06804,0.16269
2022-01-13,42534.32,3240.36,474.36,0.7674,146.1,0.06614,0.17168
2022-01-14,43042.4,3305.6,489.51,0.7727,146.13,0.06758,0.18318
2022-01-15,43070.51,3324.05,493.75,0.7788,147.57,0.06838,0.18442
2022-01-16,43060.66,3345.49,497.95,0.778,147.92,0.06984,0.17659
2022-01-17,42176.34,3208.61,474.69,0.7614,139.74,0.07081,0.17087
2022-01-18,42337.58,3159.32,470.53,0.7504,141.19,0.0684,0.16498
2022-01-19,41657.89,3082.81,461.54,0.7379,135.21,0.06911,0.16152
2022-01-20,40661.69,2999.92,440.05,0.7194,127.45,0.06763,0.15522
2022-01-21,36425.98,2566.91,383.57,0.6364,112.2,0.06099,0.14189
2022-01-22,35043.73,2410.96,358.34,0.5962,94.46,0.05675,0.13314
2022-01-23,36230.01,2538.41,383.87,0.6281,99.67,0.05749,0.14169
2022-01-24,36648.31,2438.13,370.93,0.6116,91.85,0.05503,0.13718
2022-01-25,36934.26,2457.37,384.8,0.6175,94.54,0.05583,0.14265
2022-01-26,36787.43,2461.61,374.75,0.619,92.06,0.05616,0.14309
2022-01-27,37131.0,2422.61,389.36,0.6084,89.43,0.05645,0.14141
2022-01-28,37696.21,2543.34,385.84,0.6108,91.29,0.05756,0.14135
2022-01-29,38150.01,2599.94,389.04,0.6173,96.11,0.0603,0.14289
2022-01-30,37870.01,2600.45,376.84,0.601,93.15,0.05856,0.13904
2022-01-31,38439.04,2685.34,374.38,0.6173,99.48,0.059,0.14148
2022-02-01,38680.51,2786.38,383.93,0.628,109.97,0.05977,0.14223
2022-02-02,36892.03,2678.0,366.94,0.6003,101.84,0.05842,0.13688
2022-02-03,37289.86,2694.37,372.08,0.6096,101.76,0.05979,0.13784
2022-02-04,41550.0,2993.65,399.33,0.6555,112.57,0.06439,0.14776
2022-02-05,41374.69,3011.59,413.37,0.6653,113.66,0.0646,0.14686
2022-02-06,42361.35,3054.26,419.64,0.6825,115.18,0.06613,0.15394
2022-02-07,43829.99,3138.55,433.15,0.8307,117.46,0.0685,0.16532
2022-02-08,44021.57,3115.23,407.94,0.8755,113.37,0.06801,0.15811
2022-02-09,44358.08,3241.82,422.57,0.8694,113.9,0.06986,0.15923
2022-02-10,43471.29,3070.9,414.36,0.8249,106.09,0.06844,0.15138
2022-02-11,42366.0,2926.04,399.81,0.7585,96.44,0.06392,0.1445
2022-02-12,42199.87,2916.93,403.46,0.8222,95.88,0.06348,0.14427
2022-02-13,42041.13,2870.32,397.82,0.8051,92.8,0.06423,0.14799
2022-02-14,42525.14,2928.87,403.29,0.8007,96.37,0.06437,0.14572
2022-02-15,44529.6,3183.73,432.08,0.8512,105.44,0.06683,0.1516
2022-02-16,43860.7,3121.8,426.98,0.8364,101.78,0.06636,0.14865
2022-02-17,40491.7,2890.8,401.98,0.768,93.46,0.0624,0.13831
2022-02-18,39966.8,2778.46,398.89,0.7835,89.82,0.06299,0.13845
2022-02-19,40052.6,2761.89,399.43,0.8215,91.25,0.06344,0.14077
2022-02-20,38368.1,2620.72,380.31,0.7764,90.63,0.06195,0.13659
2022-02-21,36986.4,2566.88,356.35,0.7013,82.89,0.05941,0.12814
2022-02-22,38212.0,2635.57,373.94,0.7203,86.34,0.06259,0.1312
2022-02-23,37227.8,2578.02,365.41,0.696,84.53,0.06072,0.12725
2022-02-24,38315.1,2595.47,360.8,0.6958,89.35,0.06101,0.12394
2022-02-25,39205.4,2766.36,374.67,0.7696,92.69,0.05935,0.12749
2022-02-26,39099.3,2778.15,373.44,0.7505,90.21,0.05955,0.1276
2022-02-27,37672.0,2615.99,359.98,0.7209,85.58,0.05801,0.12282
2022-02-28,43155.0,2920.1,395.5,0.7807,99.62,0.06173,0.13343
2022-03-01,44394.1,2975.61,408.56,0.7836,98.61,0.06216,0.13406
2022-03-02,43885.7,2947.47,408.95,0.7686,100.69,0.06149,0.13302
2022-03-03,42449.5,2832.97,402.25,0.751,95.58,0.05988,0.12955
2022-03-04,39127.7,2620.25,374.05,0.7122,88.26,0.05824,0.12249
2022-03-05,39375.1,2663.55,384.38,0.7537,89.59,0.0603,0.12491
2022-03-06,38401.1,2549.37,374.64,0.7248,84.53,0.05881,0.12055
2022-03-07,37963.8,2489.9,380.13,0.7192,81.62,0.0585,0.11664
2022-03-08,38709.9,2575.49,380.99,0.7205,82.25,0.0605,0.11693
2022-03-09,41937.5,2726.37,392.96,0.7659,88.04,0.06073,0.12145
2022-03-10,39407.2,2605.44,371.77,0.7359,82.81,0.05984,0.11677
2022-03-11,38713.0,2555.89,371.8,0.8025,80.64,0.06018,0.11542
2022-03-12,38792.6,2567.64,372.13,0.7853,81.38,0.0596,0.11473
2022-03-13,37743.7,2514.07,361.06,0.7598,78.69,0.05926,0.11133
2022-03-14,39653.8,2588.96,373.27,0.7742,81.2,0.06001,0.11379
2022-03-15,39271.0,2617.29,371.51,0.7654,82.83,0.06045,0.11256
2022-03-16,41105.8,2772.78,385.25,0.7915,87.73,0.06105,0.11697
2022-03-17,40898.1,2810.74,391.74,0.7931,87.83,0.06067,0.11634
2022-03-18,41751.5,2938.02,396.9,0.7966,89.77,0.0616,0.11909
2022-03-19,42188.2,2950.0,399.71,0.8192,92.31,0.0619,0.12351
2022-03-20,41261.0,2860.47,390.74,0.8052,88.58,0.0615,0.11913
2022-03-21,40982.0,2889.08,395.81,0.8371,88.55,0.06175,0.11916
2022-03-22,42349.8,2968.49,404.05,0.8363,90.44,0.0634,0.12236
2022-03-23,42867.9,3035.55,408.36,0.8375,94.83,0.06428,0.12981
2022-03-24,43973.4,3109.89,414.08,0.8427,102.33,0.06563,0.13673
2022-03-25,44290.6,3101.37,410.15,0.824,98.55,0.06433,0.13084
2022-03-26,44489.2,3143.47,415.64,0.8327,101.68,0.06629,0.13601
2022-03-27,46820.8,3295.01,430.49,0.8578,106.94,0.06896,0.14471
2022-03-28,47121.9,3333.62,430.43,0.864,105.73,0.06914,0.14242
2022-03-29,47418.5,3399.0,434.28,0.8576,111.56,0.0694,0.1444
2022-03-30,47053.2,3385.1,442.17,0.8615,120.85,0.07337,0.14316
2022-03-31,45506.0,3281.43,428.75,0.8146,122.85,0.07395,0.13816
2022-04-01,46266.2,3454.33,447.66,0.8276,134.53,0.07497,0.14138
2022-04-02,45794.6,3443.07,437.3,0.8239,132.48,0.07323,0.13878
2022-04-03,46392.4,3520.76,450.52,0.8431,136.85,0.07313,0.14661
2022-04-04,46580.9,3518.96,447.51,0.8259,132.09,0.07071,0.14853
2022-04-05,45477.4,3405.04,444.58,0.8163,126.84,0.06927,0.17266
2022-04-06,43159.7,3166.78,419.93,0.7591,112.87,0.06301,0.14324
2022-04-07,43417.1,3225.15,435.78,0.787,118.41,0.06428,0.14582
2022-04-08,42229.2,3191.26,421.27,0.7546,109.83,0.06254,0.14232
2022-04-09,42727.7,3257.53,426.48,0.7622,112.89,0.06391,0.14413
2022-04-10,42140.4,3200.24,417.75,0.7538,111.04,0.06231,0.14821
2022-04-11,39505.6,2978.69,394.25,0.6945,99.62,0.0582,0.13406
2022-04-12,40060.7,3026.3,413.47,0.7147,103.17,0.05988,0.13792
2022-04-13,41129.8,3116.45,423.02,0.7228,104.89,0.06147,0.13991
2022-04-14,39915.9,3019.82,414.58,0.7259,100.72,0.06009,0.14409
2022-04-15,40529.5,3039.19,416.94,0.7853,101.33,0.06179,0.14581
2022-04-16,40361.0,3057.99,417.14,0.7803,102.02,0.06185,0.14343
2022-04-17,39649.1,2986.03,406.37,0.7516,100.08,0.06003,0.1391
2022-04-18,40785.6,3054.02,416.67,0.7693,102.35,0.06146,0.14013
2022-04-19,41472.9,3100.42,422.16,0.7744,108.45,0.06311,0.14254
2022-04-20,41327.7,3074.01,418.03,0.7513,105.52,0.0626,0.14068
2022-04-21,40449.8,2981.31,404.67,0.7321,101.69,0.0711,0.1362
2022-04-22,39674.2,2960.38,406.45,0.7177,100.5,0.06656,0.13627
2022-04-23,39415.1,2930.28,400.84,0.7053,100.61,0.06759,0.13383
2022-04-24,39433.4,2918.97,398.63,0.6979,99.13,0.06562,0.13171
2022-04-25,40411.0,3006.11,404.11,0.6926,100.94,0.06528,0.15811
2022-04-26,38093.7,2807.88,385.67,0.6416,95.65,0.06184,0.13758
2022-04-27,39209.0,2887.57,391.21,0.6517,98.3,0.06315,0.13986
2022-04-28,39732.5,2935.39,406.8,0.6424,98.18,0.06368,0.13739
2022-04-29,38572.2,2815.37,392.69,0.6112,93.94,0.06363,0.13488
2022-04-30,37614.5,2725.1,376.52,0.5839,84.5,0.06255,0.12724
2022-05-01,38440.5,2823.38,389.6,0.6066,89.61,0.07078,0.13257
2022-05-02,38525.6,2855.16,389.32,0.6141,87.44,0.06893,0.13066
2022-05-03,37712.9,2780.91,383.52,0.6044,85.81,0.07254,0.12939
2022-05-04,39684.0,2939.76,402.29,0.6457,92.7,0.08627,0.13591
2022-05-05,36534.7,2746.37,378.06,0.5976,84.48,0.07445,0.12804
2022-05-06,35995.3,2691.59,378.89,0.6019,81.63,0.08624,0.1277
2022-05-07,35466.7,2634.82,365.3,0.5804,78.8,0.08346,0.1274
2022-05-08,34032.0,2518.9,355.73,0.5659,75.34,0.08796,0.12405
2022-05-09,30056.6,2227.48,295.5,0.4868,62.08,0.07258,0.10168
2022-05-10,31002.1,2340.86,318.9,0.5128,66.83,0.07688,0.10798
2022-05-11,29074.7,2083.98,271.26,0.4163,50.84,0.0748,0.08513
2022-05-12,29020.7,1959.78,268.54,0.3851,44.63,0.06719,0.0826
2022-05-13,29274.3,2008.49,290.45,0.4227,48.88,0.07424,0.08806
2022-05-14,30079.8,2055.0,296.66,0.4259,52.4,0.07237,0.0894
2022-05-15,31324.4,2144.07,312.05,0.4478,58.8,0.07234,0.09308
2022-05-16,29866.7,2022.89,297.0,0.4228,53.77,0.06909,0.08792
2022-05-17,30437.0,2090.0,305.91,0.4375,57.0,0.07222,0.09012
2022-05-18,28700.6,1914.2,287.36,0.405,49.92,0.07095,0.08333
2022-05-19,30319.9,2019.46,306.7,0.4204,52.18,0.07355,0.08658
2022-05-20,29188.9,1958.69,301.95,0.4099,49.41,0.07114,0.08384
2022-05-21,29427.4,1973.94,312.13,0.4142,50.27,0.07397,0.08434
2022-05-22,30284.0,2042.63,319.1,0.4216,52.44,0.07813,0.08582
2022-05-23,29097.7,1972.45,316.92,0.4048,49.14,0.0761,0.08329
2022-05-24,29643.1,1978.56,328.14,0.4084,49.66,0.08059,0.08362
2022-05-25,29536.7,1942.0,325.37,0.4059,47.95,0.08467,0.08291
2022-05-26,29194.0,1791.02,302.65,0.3918,43.41,0.08219,0.07778
2022-05-27,28623.2,1726.55,301.36,0.3818,41.15,0.08082,0.0815
2022-05-28,29018.8,1791.74,307.26,0.386,44.22,0.08114,0.08179
2022-05-29,29452.8,1812.45,305.67,0.3888,44.95,0.08052,0.08267
2022-05-30,31726.5,1997.87,321.57,0.4186,47.21,0.08321,0.08795
2022-05-31,31797.8,1941.68,320.86,0.4213,45.76,0.08443,0.08588
2022-06-01,29796.9,1817.1,300.25,0.3977,40.09,0.08352,0.081
2022-06-02,30437.1,1833.37,308.18,0.405,40.84,0.08425,0.08272
2022-06-03,29682.8,1774.15,298.36,0.3901,38.24,0.08104,0.08026
2022-06-04,29848.4,1803.71,301.21,0.3923,38.99,0.08037,0.08184
2022-06-05,29909.9,1805.39,298.95,0.3951,38.51,0.08143,0.081
2022-06-06,31361.2,1859.11,294.77,0.4023,42.35,0.08155,0.08245
2022-06-07,31118.1,1812.61,290.15,0.4073,39.28,0.08179,0.08031
2022-06-08,30192.5,1791.02,288.26,0.4003,38.8,0.08057,0.07923
2022-06-09,30093.3,1788.03,289.64,0.4,39.95,0.08097,0.07931
2022-06-10,29077.7,1661.95,286.07,0.3811,37.12,0.07884,0.07533
2022-06-11,28416.7,1532.19,269.67,0.3596,33.91,0.07615,0.06986
2022-06-12,26564.7,1434.35,254.55,0.343,30.56,0.07605,0.06344
2022-06-13,22471.5,1209.04,222.84,0.3115,28.58,0.06381,0.05415
2022-06-14,22122.7,1208.32,222.98,0.3212,29.56,0.05555,0.05553
2022-06-15,22567.5,1236.49,233.51,0.3433,34.72,0.06295,0.06283
2022-06-16,20387.4,1067.77,210.13,0.3129,30.1,0.05919,0.05519
2022-06-17,20457.3,1085.99,215.64,0.3208,30.7,0.05982,0.05688
2022-06-18,18959.7,994.09,196.8,0.3072,31.98,0.06082,0.05287
2022-06-19,20564.2,1127.88,214.86,0.3262,34.16,0.06125,0.06043
2022-06-20,20570.1,1127.83,216.37,0.3225,35.22,0.06108,0.06
2022-06-21,20713.1,1125.47,219.9,0.329,36.39,0.06487,0.06577
2022-06-22,19977.4,1049.4,214.02,0.3222,34.11,0.06301,0.06164
2022-06-23,21096.6,1143.71,228.65,0.3355,38.15,0.06372,0.06394
2022-06-24,21231.2,1224.42,240.03,0.3668,41.89,0.06578,0.0669
2022-06-25,21481.9,1241.6,239.49,0.3674,42.21,0.06473,0.06849
2022-06-26,21029.1,1197.21,233.8,0.3589,39.36,0.06496,0.07292
2022-06-27,20730.0,1191.9,233.62,0.3535,38.5,0.06698,0.07212
2022-06-28,20268.6,1143.5,226.8,0.3372,35.32,0.0658,0.06604
2022-06-29,20109.9,1099.32,219.55,0.3293,34.02,0.06482,0.06952
2022-06-30,19923.5,1070.85,219.42,0.3318,33.73,0.06475,0.06636
2022-07-01,19272.0,1059.24,216.65,0.3138,32.83,0.06505,0.06642
2022-07-02,19240.9,1066.53,218.14,0.3155,33.34,0.06465,0.06661
2022-07-03,19305.9,1073.9,218.97,0.3214,33.37,0.06622,0.06716
2022-07-04,20226.6,1150.23,231.4,0.3284,36.71,0.06729,0.06935
2022-07-05,20170.0,1131.8,230.53,0.3249,35.37,0.06806,0.06711
2022-07-06,20554.1,1186.37,238.36,0.3321,37.01,0.06749,0.06838
2022-07-07,21613.4,1236.92,241.24,0.3419,38.44,0.06854,0.07051
2022-07-08,21587.9,1213.53,240.45,0.3399,38.1,0.06894,0.06902
2022-07-09,21580.0,1216.48,243.09,0.3444,38.02,0.06973,0.06943
2022-07-10,20853.8,1167.81,234.57,0.3253,36.7,0.06755,0.06723
2022-07-11,19954.3,1095.95,225.43,0.3147,33.39,0.06468,0.0617
2022-07-12,19322.9,1037.88,220.33,0.3114,32.65,0.06453,0.05974
2022-07-13,20220.1,1114.19,230.28,0.3235,34.93,0.06621,0.06188
2022-07-14,20578.6,1193.01,238.46,0.3336,37.12,0.06674,0.06242
2022-07-15,20823.1,1230.58,238.46,0.3339,37.35,0.06698,0.06288
2022-07-16,21183.5,1355.37,249.75,0.3503,39.57,0.06889,0.06436
2022-07-17,20794.4,1338.27,247.63,0.3431,38.58,0.06738,0.06303
2022-07-18,22423.9,1580.12,263.96,0.3649,43.53,0.06876,0.06753
2022-07-19,23385.9,1541.39,268.54,0.3726,44.86,0.06901,0.06899
2022-07-20,23221.5,1521.34,258.11,0.3631,42.02,0.06744,0.07012
2022-07-21,23144.5,1575.39,265.49,0.3666,43.11,0.06795,0.06995
2022-07-22,22675.1,1534.53,262.28,0.3576,40.49,0.06692,0.06739
2022-07-23,22440.2,1548.01,258.9,0.3588,39.95,0.0669,0.06798
2022-07-24,22570.6,1597.77,261.19,0.3584,40.91,0.06677,0.06752
2022-07-25,21300.0,1440.4,244.5,0.3358,36.64,0.06359,0.06187
2022-07-26,21241.0,1448.27,249.31,0.3369,36.22,0.0653,0.06246
2022-07-27,22941.1,1635.45,271.54,0.3592,40.21,0.06862,0.06716
2022-07-28,23836.2,1723.82,277.1,0.3734,42.9,0.06962,0.0691
2022-07-29,23771.1,1721.85,293.9,0.3677,41.9,0.06918,0.0688
2022-07-30,23629.9,1696.68,287.76,0.3879,43.83,0.06907,0.06962
2022-07-31,23290.1,1677.63,283.31,0.3789,42.32,0.06878,0.06805
2022-08-01,23257.6,1629.45,283.12,0.3787,41.61,0.06979,0.06842
2022-08-02,22975.1,1629.97,283.66,0.3712,39.73,0.06823,0.06646
2022-08-03,22801.5,1617.37,297.53,0.3692,38.52,0.06773,0.06616
2022-08-04,22608.9,1607.2,311.71,0.3709,38.81,0.06884,0.06723
2022-08-05,23298.1,1737.13,315.7,0.3761,40.55,0.06983,0.0698
2022-08-06,22943.3,1689.85,315.14,0.3711,40.04,0.06939,0.06863
2022-08-07,23167.8,1699.25,322.77,0.3719,40.59,0.06955,0.0689
2022-08-08,23804.4,1776.09,324.55,0.3785,42.15,0.07004,0.07008
2022-08-09,23140.2,1702.04,324.3,0.3671,40.3,0.06832,0.06899
2022-08-10,23940.9,1853.24,328.66,0.3813,42.45,0.07032,0.07126
2022-08-11,23917.2,1879.35,323.29,0.38,42.75,0.0703,0.07082
2022-08-12,24387.5,1957.4,327.88,0.3794,45.46,0.07038,0.0723
2022-08-13,24429.0,1982.8,324.0,0.3776,46.57,0.0699,0.0729
2022-08-14,24294.1,1934.55,317.6,0.3754,44.86,0.07032,0.08163
2022-08-15,24085.2,1898.56,319.31,0.375,43.7,0.06881,0.0766
2022-08-16,23843.0,1875.78,315.94,0.3768,43.06,0.06968,0.08672
2022-08-17,23333.1,1833.55,306.75,0.3794,40.51,0.06825,0.08019
2022-08-18,23185.1,1845.86,297.96,0.37,39.48,0.06733,0.07469
2022-08-19,20824.9,1608.29,278.99,0.3341,35.79,0.06398,0.06771
2022-08-20,21127.8,1574.93,283.41,0.3364,35.25,0.06575,0.06929
2022-08-21,21505.6,1617.17,301.61,0.3445,36.45,0.06584,0.06926
2022-08-22,21387.0,1624.02,299.82,0.3436,35.39,0.0656,0.06838
2022-08-23,21518.2,1664.19,299.14,0.3471,35.66,0.0663,0.06881
2022-08-24,21354.9,1655.71,296.06,0.3454,34.85,0.06473,0.06786
2022-08-25,21548.3,1694.16,301.0,0.3486,35.22,0.06543,0.06892
2022-08-26,20228.7,1507.23,279.3,0.3391,31.68,0.06148,0.06346
2022-08-27,20023.9,1490.0,277.66,0.3344,31.5,0.06283,0.06347
2022-08-28,19547.5,1426.3,276.23,0.3223,30.38,0.06135,0.06172
2022-08-29,20275.5,1550.67,285.61,0.3335,32.39,0.06333,0.0638
2022-08-30,19803.1,1523.48,281.42,0.3266,31.47,0.06466,0.06149
2022-08-31,20041.5,1553.04,278.99,0.3273,31.46,0.06332,0.06129
2022-09-01,20122.5,1585.4,278.18,0.3329,31.59,0.06325,0.06236
2022-09-02,19941.0,1574.49,277.22,0.3311,31.21,0.06254,0.0616
2022-09-03,19820.7,1556.41,277.64,0.3294,31.1,0.06308,0.06268
2022-09-04,19992.7,1578.14,278.98,0.3315,32.15,0.06347,0.0632
2022-09-05,19784.9,1616.92,276.7,0.3327,32.15,0.0629,0.06272
2022-09-06,18781.5,1558.23,262.24,0.321,30.87,0.06062,0.05885
2022-09-07,19287.0,1629.35,278.95,0.3367,32.68,0.06175,0.06094
2022-09-08,19309.3,1634.22,280.41,0.3394,33.6,0.06121,0.06094
2022-09-09,21352.0,1717.48,293.14,0.3565,34.66,0.06338,0.06383
2022-09-10,21639.5,1773.05,296.47,0.3572,35.03,0.06474,0.06466
2022-09-11,21820.3,1765.01,295.07,0.3548,34.97,0.06416,0.06366
2022-09-12,22386.0,1715.14,293.81,0.3596,37.43,0.06382,0.06392
2022-09-13,20162.5,1571.9,277.23,0.3323,32.96,0.06057,0.0596
2022-09-14,20217.0,1635.39,279.14,0.3413,34.09,0.06158,0.06113
2022-09-15,19690.8,1471.93,270.95,0.326,33.05,0.06124,0.05856
2022-09-16,19792.5,1433.58,274.76,0.3551,32.24,0.06128,0.0604
2022-09-17,20102.0,1467.96,278.76,0.3761,33.66,0.06224,0.06215
2022-09-18,19404.5,1333.67,266.19,0.3576,31.07,0.06068,0.0574
2022-09-19,19528.6,1375.05,271.8,0.3844,32.62,0.06025,0.0585
2022-09-20,18866.8,1322.08,266.13,0.4135,31.4,0.05974,0.05835
2022-09-21,18447.5,1244.19,263.7,0.3932,30.63,0.05897,0.05711
2022-09-22,19392.5,1325.73,275.21,0.4857,32.41,0.06015,0.05956
2022-09-23,19280.7,1326.62,276.45,0.5063,33.66,0.06038,0.06334
2022-09-24,18911.0,1316.19,274.32,0.4877,33.36,0.05978,0.06304
2022-09-25,18799.7,1293.99,274.04,0.4912,32.31,0.05966,0.06113
2022-09-26,19216.3,1335.25,276.01,0.4679,33.86,0.05955,0.0611
2022-09-27,19070.1,1327.19,272.03,0.4454,32.66,0.05933,0.06044
2022-09-28,19407.3,1336.43,281.47,0.4488,33.22,0.05949,0.06047
2022-09-29,19582.5,1334.8,284.04,0.4874,33.92,0.06097,0.06085
2022-09-30,19411.7,1327.78,284.65,0.4797,33.22,0.06097,0.06165
2022-10-01,19304.0,1311.31,282.8,0.4751,32.42,0.06045,0.06056
2022-10-02,19049.4,1275.96,284.63,0.4482,32.04,0.06086,0.05923
2022-10-03,19622.0,1322.59,286.83,0.4617,32.89,0.06131,0.06028
2022-10-04,20333.0,1360.73,296.0,0.4792,34.08,0.06231,0.06581
2022-10-05,20150.0,1351.61,293.98,0.4885,34.02,0.0624,0.06473
2022-10-06,19954.0,1351.5,286.76,0.4931,33.33,0.06275,0.06343
2022-10-07,19520.9,1330.41,282.16,0.5173,32.96,0.06248,0.06233
2022-10-08,19406.2,1314.74,276.23,0.5168,32.56,0.06202,0.06159
2022-10-09,19430.0,1322.61,278.2,0.5324,32.9,0.06233,0.06209
2022-10-10,19124.0,1289.56,271.47,0.4938,31.93,0.06269,0.05934
2022-10-11,19055.0,1279.68,271.4,0.4858,30.78,0.06163,0.06021
2022-10-12,19148.0,1294.02,270.8,0.4879,31.14,0.06167,0.05978
2022-10-13,19365.5,1286.38,271.4,0.4788,30.47,0.06096,0.05958
2022-10-14,19164.6,1295.35,269.3,0.488,29.97,0.06389,0.0586
2022-10-15,19060.4,1274.13,267.96,0.4817,29.58,0.06172,0.05853
2022-10-16,19251.9,1305.51,272.31,0.4762,30.14,0.06181,0.05886
2022-10-17,19540.6,1330.62,275.54,0.48,31.18,0.06262,0.05994
2022-10-18,19320.9,1309.93,272.99,0.4656,30.13,0.06215,0.05973
2022-10-19,19116.7,1284.45,271.78,0.45,28.84,0.06168,0.05862
2022-10-20,19034.7,1282.2,268.8,0.4462,28.0,0.0621,0.05939
2022-10-21,19150.9,1299.08,269.88,0.4611,28.08,0.06162,0.05931
2022-10-22,19195.1,1313.19,270.27,0.4651,27.98,0.06155,0.05966
2022-10-23,19560.7,1363.44,275.73,0.4687,29.25,0.06182,0.06035
2022-10-24,19318.1,1342.72,274.02,0.4527,28.28,0.06127,0.0594
2022-10-25,20068.3,1459.2,284.04,0.4603,30.85,0.06229,0.06299
2022-10-26,20758.3,1565.45,290.06,0.4686,31.27,0.06338,0.07262
2022-10-27,20285.5,1513.7,286.67,0.4612,30.57,0.06292,0.07684
2022-10-28,20582.8,1553.79,297.85,0.4741,32.06,0.06351,0.08381
2022-10-29,20796.7,1618.82,304.42,0.4698,32.86,0.06423,0.12171
2022-10-30,20615.6,1589.89,313.42,0.4578,32.91,0.06307,0.11768
2022-10-31,20482.0,1572.01,325.59,0.4642,32.54,0.06321,0.12676
2022-11-01,20472.1,1577.88,323.67,0.4633,32.18,0.06272,0.142
2022-11-02,20140.1,1517.26,319.98,0.4494,30.79,0.06151,0.1276
2022-11-03,20199.7,1530.27,329.36,0.4546,30.83,0.06165,0.1225
2022-11-04,21137.6,1644.09,354.36,0.506,33.72,0.0638,0.12603
2022-11-05,21289.9,1626.11,348.97,0.4929,36.89,0.06358,0.12438
2022-11-06,20900.0,1567.42,337.69,0.4706,32.6,0.06263,0.11466
2022-11-07,20578.6,1567.52,336.81,0.4644,29.59,0.06222,0.11116
2022-11-08,18534.0,1333.4,326.95,0.4054,23.82,0.05869,0.08819
2022-11-09,15905.0,1101.49,266.52,0.3321,11.7,0.0534,0.07445
2022-11-10,17588.0,1298.21,303.84,0.3941,17.615,0.05774,0.08972
2022-11-11,17058.3,1288.64,290.08,0.3841,16.426,0.05597,0.08504
2022-11-12,16806.9,1256.82,282.67,0.3634,14.56,0.05497,0.08809
2022-11-13,16321.2,1220.78,276.41,0.3405,13.126,0.05078,0.08492
2022-11-14,16605.2,1242.89,278.85,0.3772,13.999,0.05007,0.08591
2022-11-15,16888.3,1252.81,276.83,0.3885,14.303,0.0507,0.08702
2022-11-16,16650.6,1215.78,271.7,0.3749,14.257,0.0501,0.08543
2022-11-17,16682.1,1199.7,267.82,0.3817,13.62,0.05002,0.08461
2022-11-18,16689.7,1212.04,273.89,0.3827,13.257,0.05065,0.08469
2022-11-19,16692.9,1216.91,272.33,0.3839,12.837,0.0521,0.08449
2022-11-20,16272.6,1141.57,264.11,0.3607,12.251,0.05004,0.07701
2022-11-21,15773.0,1106.95,253.92,0.3643,11.825,0.05151,0.07464
2022-11-22,16220.6,1139.11,266.62,0.3756,12.427,0.05067,0.07872
2022-11-23,16595.8,1183.83,298.49,0.3813,14.331,0.05177,0.08193
2022-11-24,16592.4,1202.92,299.86,0.4017,14.591,0.05278,0.08141
2022-11-25,16516.1,1198.55,300.43,0.4076,14.015,0.05293,0.08943
2022-11-26,16449.2,1204.84,310.95,0.3958,14.133,0.05274,0.08886
2022-11-27,16422.6,1193.26,307.36,0.3961,14.099,0.05324,0.09864
2022-11-28,16204.5,1167.21,293.16,0.3884,13.313,0.05293,0.09507
2022-11-29,16433.2,1215.74,295.13,0.3977,13.336,0.05323,0.10141
2022-11-30,17153.3,1294.02,300.11,0.4074,14.162,0.05456,0.10671
2022-12-01,16970.5,1275.7,292.3,0.3966,13.489,0.05413,0.10168
2022-12-02,17083.0,1295.0,293.49,0.3957,13.703,0.05441,0.10202
2022-12-03,16879.5,1239.76,290.35,0.3868,13.289,0.05353,0.09965
2022-12-04,17099.5,1278.82,291.95,0.3893,13.7,0.05303,0.10398
2022-12-05,16958.3,1258.66,288.39,0.389,13.81,0.0533,0.10143
2022-12-06,17078.6,1270.72,290.21,0.3911,14.281,0.05358,0.10012
2022-12-07,16828.0,1230.83,284.02,0.383,13.487,0.0531,0.0957
2022-12-08,17216.0,1279.73,290.34,0.3938,13.67,0.05446,0.09843
2022-12-09,17122.0,1262.31,285.91,0.3886,13.579,0.05462,0.09666
2022-12-10,17120.0,1265.88,288.03,0.3861,13.56,0.05478,0.09627
2022-12-11,17077.3,1262.43,284.38,0.3806,13.406,0.05393,0.09262
2022-12-12,17200.0,1274.88,276.14,0.387,13.304,0.05348,0.09022
2022-12-13,17777.1,1321.06,272.34,0.395,13.894,0.05445,0.091
2022-12-14,17803.9,1307.76,267.7,0.3849,14.12,0.05554,0.08821
2022-12-15,17351.8,1266.26,258.85,0.3776,14.044,0.05575,0.0848
2022-12-16,16624.1,1166.2,230.74,0.3508,12.239,0.0529,0.07565
2022-12-17,16768.0,1186.45,241.75,0.3542,12.489,0.05482,0.07913
2022-12-18,16730.3,1182.45,250.78,0.3495,12.369,0.05373,0.07843
2022-12-19,16429.2,1167.21,240.23,0.3385,11.93,0.05352,0.0713
2022-12-20,16887.2,1216.21,251.09,0.3482,12.247,0.05494,0.07478
2022-12-21,16819.6,1213.21,246.07,0.3445,12.127,0.05489,0.07366
2022-12-22,16815.5,1217.39,245.69,0.3489,11.814,0.05548,0.07682
2022-12-23,16776.4,1219.5,245.95,0.354,11.772,0.05418,0.07715
2022-12-24,16828.9,1219.96,244.31,0.3515,11.423,0.05468,0.07747
2022-12-25,16824.4,1217.96,243.11,0.3455,11.373,0.05477,0.07595
2022-12-26,16912.9,1227.57,244.26,0.3655,11.325,0.05456,0.07566
2022-12-27,16698.2,1211.29,246.52,0.3674,11.087,0.05412,0.07368
2022-12-28,16539.0,1189.93,244.42,0.3556,9.749,0.05412,0.07034
2022-12-29,16630.3,1200.35,246.12,0.342,9.614,0.05397,0.07089
2022-12-30,16601.2,1199.66,245.74,0.3447,9.877,0.05434,0.06837
2022-12-31,16537.6,1196.1,246.11,0.3388,9.968,0.05448,0.07021
2023-01-01,16610.3,1199.96,244.36,0.3385,9.977,0.05475,0.0702
2023-01-02,16666.0,1213.23,245.07,0.3479,11.259,0.05515,0.07135
2023-01-03,16667.2,1214.23,245.97,0.3434,13.326,0.05477,0.07046
2023-01-04,16842.1,1256.39,258.54,0.347,13.405,0.05472,0.07308
2023-01-05,16823.8,1251.08,256.44,0.3377,13.418,0.05366,0.07148
2023-01-06,16943.8,1268.54,259.69,0.344,13.483,0.05244,0.07238
2023-01-07,16936.5,1263.65,261.11,0.3441,13.087,0.05199,0.07218
2023-01-08,17124.7,1289.65,274.7,0.3451,14.465,0.05439,0.07361
2023-01-09,17169.7,1320.32,272.44,0.3486,16.253,0.05456,0.07566
2023-01-10,17428.8,1335.3,277.02,0.3507,16.191,0.05482,0.07785
2023-01-11,17935.7,1389.26,284.74,0.3727,16.355,0.05648,0.07814
2023-01-12,18838.0,1415.84,287.52,0.3746,16.584,0.05705,0.08026
2023-01-13,19924.2,1450.94,293.67,0.3856,18.289,0.06007,0.08453
2023-01-14,20962.8,1550.27,305.25,0.3952,24.283,0.06176,0.08732
2023-01-15,20882.7,1553.47,302.2,0.3845,22.903,0.06231,0.08615
2023-01-16,21188.3,1577.11,299.02,0.3854,23.601,0.06237,0.08372
2023-01-17,21130.9,1565.84,299.28,0.3868,22.855,0.0616,0.08284
2023-01-18,20680.0,1511.66,286.44,0.378,20.804,0.05882,0.07998
2023-01-19,21068.3,1551.11,294.4,0.3927,21.408,0.06006,0.0816
2023-01-20,22661.1,1659.01,305.24,0.4125,25.513,0.06272,0.08623
2023-01-21,22781.9,1627.63,299.12,0.4032,24.564,0.06167,0.08472
2023-01-22,22704.6,1628.14,303.19,0.4002,24.195,0.06164,0.08828
2023-01-23,22913.1,1626.9,305.36,0.4234,24.347,0.06274,0.0886
2023-01-24,22627.4,1555.99,300.32,0.4075,22.77,0.06014,0.0839
2023-01-25,23060.6,1611.41,306.84,0.4169,24.534,0.06178,0.08659
2023-01-26,23001.9,1600.69,304.68,0.409,24.345,0.06168,0.08638
2023-01-27,23068.0,1597.08,308.07,0.4128,24.441,0.06371,0.08729
2023-01-28,23015.9,1571.52,306.08,0.4075,24.002,0.06311,0.08774
2023-01-29,23740.3,1645.67,317.12,0.4133,26.09,0.06376,0.09017
2023-01-30,22819.9,1565.92,307.18,0.3932,23.957,0.06229,0.08831
2023-01-31,23119.4,1585.02,312.15,0.4056,23.913,0.06215,0.09617
2023-02-01,23730.0,1641.8,317.2,0.4132,25.011,0.06311,0.09412
2023-02-02,23493.1,1643.81,323.72,0.4099,24.315,0.06384,0.09102
2023-02-03,23424.7,1663.68,332.38,0.4117,24.683,0.06414,0.09301
2023-02-04,23322.6,1666.44,330.41,0.4106,24.318,0.06383,0.09574
2023-02-05,22929.2,1628.98,327.94,0.3983,23.464,0.06409,0.09204
2023-02-06,22757.7,1613.9,324.57,0.392,22.635,0.06313,0.08954
2023-02-07,23234.1,1670.51,333.15,0.4036,23.817,0.06576,0.09253
2023-02-08,22955.9,1650.26,328.28,0.3977,23.21,0.06695,0.09017
2023-02-09,21793.4,1544.68,305.91,0.3816,20.482,0.06259,0.08144
2023-02-10,21618.6,1512.26,305.52,0.3815,20.088,0.06323,0.0808
2023-02-11,21851.3,1537.65,310.22,0.383,20.782,0.06368,0.08222
2023-02-12,21771.1,1514.49,312.26,0.3744,21.483,0.06384,0.08211
2023-02-13,21766.2,1504.85,294.04,0.3704,20.748,0.06558,0.08202
2023-02-14,22187.4,1554.94,296.06,0.3818,21.836,0.06672,0.08358
2023-02-15,24332.6,1675.0,317.26,0.4012,23.862,0.07083,0.08925
2023-02-16,23526.6,1639.0,304.07,0.3839,22.257,0.0668,0.0849
2023-02-17,24581.5,1694.12,312.94,0.395,23.146,0.07032,0.08777
2023-02-18,24636.9,1691.66,316.21,0.394,23.464,0.07014,0.08888
2023-02-19,24265.9,1680.31,311.25,0.3859,24.853,0.07037,0.08704
2023-02-20,24849.9,1703.7,315.28,0.3986,26.291,0.07194,0.08835
2023-02-21,24443.4,1659.2,311.4,0.3918,24.983,0.06946,0.08546
2023-02-22,24171.3,1642.01,312.39,0.3953,24.145,0.06941,0.0855
2023-02-23,23928.8,1649.69,308.2,0.3881,23.909,0.0695,0.08423
2023-02-24,23175.6,1607.12,302.11,0.3781,23.06,0.06784,0.08088
2023-02-25,23146.2,1593.59,302.18,0.3775,22.359,0.06778,0.08071
2023-02-26,23545.3,1640.49,308.42,0.3776,23.238,0.06947,0.08213
2023-02-27,23480.0,1632.6,304.5,0.3783,22.665,0.0694,0.08134
2023-02-28,23129.6,1604.72,301.18,0.376,21.875,0.06901,0.08083
2023-03-01,23619.8,1664.46,302.48,0.3834,22.499,0.0698,0.0819
2023-03-02,23457.1,1647.29,299.79,0.3771,21.991,0.06966,0.08056
2023-03-03,22342.8,1568.86,290.34,0.377,21.404,0.06713,0.07682
2023-03-04,22335.7,1566.05,289.45,0.3733,20.977,0.06667,0.07458
2023-03-05,22419.4,1564.06,288.58,0.3666,20.96,0.06719,0.07471
2023-03-06,22397.1,1565.17,287.63,0.3694,20.622,0.06735,0.07476
2023-03-07,22187.1,1561.29,289.14,0.3799,20.233,0.06626,0.07404
2023-03-08,21695.4,1531.82,286.9,0.3888,18.413,0.06529,0.07108
2023-03-09,20348.3,1436.42,276.89,0.3705,17.318,0.05855,0.0659
2023-03-10,20140.3,1425.79,277.04,0.3697,18.15,0.05727,0.06567
2023-03-11,20447.3,1471.03,275.82,0.3635,18.061,0.05874,0.06601
2023-03-12,21986.2,1579.26,288.04,0.371,20.193,0.06461,0.0705
2023-03-13,24119.5,1673.9,307.93,0.3722,20.399,0.0669,0.07276
2023-03-14,24682.5,1699.93,308.67,0.3724,20.87,0.06694,0.07461
2023-03-15,24288.0,1649.81,306.43,0.3588,19.24,0.06515,0.0696
2023-03-16,24990.4,1672.56,329.05,0.3644,19.662,0.06506,0.07253
2023-03-17,27384.0,1789.21,338.63,0.3799,21.598,0.06761,0.07642
2023-03-18,26907.0,1758.52,330.82,0.3739,21.213,0.06571,0.07294
2023-03-19,27955.7,1779.99,335.81,0.386,21.864,0.06646,0.0745
2023-03-20,27704.1,1731.71,332.08,0.3733,22.121,0.06497,0.07133
2023-03-21,28091.1,1800.14,334.52,0.4694,22.526,0.06696,0.0766
2023-03-22,27233.8,1733.61,321.06,0.4212,21.404,0.05973,0.07382
2023-03-23,28284.1,1813.27,329.08,0.4435,22.157,0.06515,0.07733
2023-03-24,27438.9,1748.77,321.8,0.4256,20.649,0.0633,0.07448
2023-03-25,27447.3,1741.02,322.11,0.4427,20.394,0.06363,0.07398
2023-03-26,27954.3,1772.63,328.28,0.4477,20.931,0.06405,0.07431
2023-03-27,27112.0,1714.35,310.2,0.4786,19.887,0.06346,0.07284
2023-03-28,27249.7,1772.09,313.17,0.5145,20.439,0.06414,0.07378
2023-03-29,28338.5,1791.89,313.62,0.5421,21.086,0.06424,0.07553
2023-03-30,28015.0,1792.77,316.05,0.5316,20.543,0.06477,0.07417
2023-03-31,28454.9,1820.81,316.74,0.5374,21.161,0.06545,0.0769
2023-04-01,28443.8,1819.82,314.72,0.5092,21.079,0.0664,0.08183
2023-04-02,28161.2,1793.56,313.57,0.5177,20.509,0.06511,0.079
2023-04-03,27786.1,1809.68,308.47,0.4957,20.444,0.06571,0.09596
2023-04-04,28155.2,1869.11,310.73,0.5026,20.905,0.06571,0.09514
2023-04-05,28154.0,1907.48,313.85,0.5052,20.957,0.06611,0.09269
2023-04-06,28022.8,1871.33,312.04,0.5027,20.608,0.06605,0.08539
2023-04-07,27890.7,1862.87,310.27,0.5123,20.433,0.06599,0.08217
2023-04-08,27924.9,1848.02,310.37,0.5045,20.025,0.06606,0.0813
2023-04-09,28309.4,1857.84,312.6,0.505,20.278,0.06657,0.08313
2023-04-10,29623.1,1908.9,318.5,0.5173,20.893,0.06726,0.08471
2023-04-11,30185.1,1888.89,322.57,0.5163,22.999,0.06624,0.08406
2023-04-12,29875.0,1916.86,320.02,0.5046,23.798,0.06511,0.08343
2023-04-13,30362.7,2011.8,324.84,0.5121,24.424,0.06519,0.08731
2023-04-14,30453.1,2099.77,328.82,0.5227,24.721,0.0662,0.08869
2023-04-15,30280.4,2091.2,333.33,0.5195,24.057,0.06586,0.08891
2023-04-16,30286.6,2118.09,347.85,0.5207,25.352,0.06655,0.09045
2023-04-17,29420.0,2074.49,340.25,0.5108,24.59,0.06568,0.09141
2023-04-18,30365.8,2103.29,343.27,0.5327,24.829,0.0668,0.09415
2023-04-19,28795.1,1932.83,322.37,0.4908,22.655,0.06558,0.08782
2023-04-20,28229.9,1942.11,317.99,0.4747,22.184,0.06538,0.08386
2023-04-21,27252.5,1848.0,321.08,0.4485,21.247,0.06494,0.07837
2023-04-22,27807.2,1873.39,331.82,0.4717,21.782,0.0661,0.08025
2023-04-23,27576.0,1861.3,330.38,0.4642,21.461,0.06666,0.07873
2023-04-24,27497.5,1841.19,330.75,0.4606,21.373,0.06606,0.07869
2023-04-25,28286.7,1865.4,338.04,0.4694,21.924,0.06579,0.07974
2023-04-26,28395.9,1865.02,330.4,0.4611,21.256,0.06501,0.07853
2023-04-27,29459.0,1907.67,330.4,0.4662,22.326,0.06569,0.0801
2023-04-28,29300.0,1890.13,323.81,0.4794,23.331,0.06665,0.08029
2023-04-29,29212.7,1907.01,321.74,0.4777,23.175,0.06797,0.08153
2023-04-30,29223.0,1868.41,336.84,0.4703,22.729,0.06709,0.07947
2023-05-01,28054.4,1829.97,328.19,0.4647,21.939,0.06847,0.07875
2023-05-02,28656.5,1869.2,321.59,0.464,22.244,0.06919,0.07871
2023-05-03,29018.4,1904.74,325.74,0.463,22.227,0.06921,0.07958
2023-05-04,28826.0,1876.13,323.69,0.4606,21.726,0.06934,0.07833
2023-05-05,29491.5,1992.56,326.33,0.4668,22.813,0.07091,0.08016
2023-05-06,28837.8,1895.29,321.75,0.4579,21.908,0.0702,0.07668
2023-05-07,28419.4,1869.5,320.97,0.4487,21.659,0.06918,0.07648
2023-05-08,27659.8,1846.54,313.55,0.4279,20.615,0.06848,0.07234
2023-05-09,27610.2,1845.8,311.91,0.4284,20.648,0.06901,0.07304
2023-05-10,27582.9,1839.86,314.16,0.4298,20.909,0.06931,0.07308
2023-05-11,26956.4,1793.24,307.27,0.4204,20.163,0.06765,0.0719
2023-05-12,26785.1,1806.53,308.32,0.4303,20.898,0.06905,0.07229
2023-05-13,26762.7,1794.44,310.62,0.4238,20.832,0.0693,0.07164
2023-05-14,26901.9,1798.25,311.92,0.425,20.917,0.06936,0.07191
2023-05-15,27152.5,1815.56,313.25,0.427,20.971,0.07023,0.07186
2023-05-16,27024.8,1823.53,311.23,0.4424,20.669,0.07052,0.07271
2023-05-17,27395.8,1821.65,314.29,0.4482,21.047,0.07117,0.07479
2023-05-18,26809.3,1799.69,309.14,0.4595,20.329,0.07013,0.07339
2023-05-19,26870.1,1811.38,308.74,0.4671,20.343,0.07062,0.07346
2023-05-20,27089.5,1818.59,310.7,0.4684,20.264,0.07253,0.07357
2023-05-21,26732.8,1803.89,306.36,0.4572,19.605,0.07494,0.07207
2023-05-22,26840.2,1816.67,309.17,0.4614,19.514,0.07792,0.07287
2023-05-23,27209.9,1853.36,313.5,0.4649,20.024,0.07842,0.07284
2023-05-24,26313.8,1798.84,305.9,0.4528,19.201,0.07681,0.07059
2023-05-25,26461.8,1804.65,304.71,0.4535,19.243,0.07669,0.07085
2023-05-26,26689.9,1826.81,306.81,0.4681,19.349,0.07536,0.07092
2023-05-27,26841.6,1828.85,307.55,0.4712,20.415,0.0771,0.07254
2023-05-28,28055.7,1908.36,314.36,0.482,20.797,0.07737,0.07351
2023-05-29,27722.0,1891.5,311.98,0.4942,20.575,0.07606,0.0731
2023-05-30,27680.1,1899.81,311.54,0.5202,21.244,0.07626,0.07227
2023-05-31,27201.1,1872.84,306.9,0.5166,20.809,0.07516,0.07161
2023-06-01,26805.3,1860.59,305.12,0.5061,20.486,0.07474,0.07139
2023-06-02,27227.8,1905.58,307.39,0.5241,21.247,0.08254,0.07257
2023-06-03,27054.9,1890.91,306.73,0.5186,21.183,0.08169,0.07268
2023-06-04,27102.4,1888.54,305.23,0.5354,21.814,0.08132,0.07246
2023-06-05,25714.7,1810.03,277.0,0.5085,19.997,0.07829,0.06635
2023-06-06,27221.5,1883.26,281.18,0.5297,20.379,0.07818,0.07021
2023-06-07,26325.9,1831.31,259.22,0.5179,18.627,0.07671,0.06723
2023-06-08,26485.9,1844.94,261.96,0.5233,18.873,0.07734,0.06791
2023-06-09,26468.1,1839.61,260.78,0.5375,17.384,0.07198,0.06943
2023-06-10,25826.6,1750.64,238.74,0.5065,15.605,0.06951,0.06168
2023-06-11,25909.9,1751.8,235.19,0.5207,15.534,0.07018,0.06147
2023-06-12,25894.8,1741.61,231.23,0.5247,15.183,0.07112,0.06139
2023-06-13,25918.0,1739.24,243.92,0.5189,15.025,0.07186,0.0617
2023-06-14,25115.9,1650.18,237.78,0.4797,14.476,0.07097,0.06032
2023-06-15,25586.1,1665.64,236.33,0.4798,14.766,0.07094,0.0615
2023-06-16,26336.0,1717.31,239.17,0.4752,15.306,0.07048,0.06215
2023-06-17,26508.9,1727.2,244.44,0.479,15.633,0.07159,0.06214
2023-06-18,26329.7,1719.99,244.01,0.4865,15.43,0.07008,0.06205
2023-06-19,26828.5,1736.21,243.02,0.4934,16.1,0.06996,0.0624
2023-06-20,28290.6,1791.37,247.93,0.4925,16.632,0.07053,0.0631
2023-06-21,29988.5,1888.31,248.94,0.4999,17.22,0.07226,0.06555
2023-06-22,29875.0,1871.36,240.91,0.4936,16.62,0.07219,0.06553
2023-06-23,30673.4,1892.2,244.53,0.4959,17.129,0.0731,0.06822
2023-06-24,30524.2,1874.48,236.33,0.4862,16.634,0.07215,0.06665
2023-06-25,30458.0,1898.27,238.97,0.4899,16.947,0.0731,0.06669
2023-06-26,30260.1,1858.14,236.15,0.4788,16.264,0.07378,0.06467
2023-06-27,30683.2,1889.05,237.45,0.4836,16.621,0.07429,0.06553
2023-06-28,30066.3,1827.26,230.52,0.4645,15.967,0.0737,0.06251
2023-06-29,30439.9,1851.19,233.12,0.4743,17.988,0.07441,0.06338
2023-06-30,30460.2,1933.41,240.45,0.4729,18.858,0.07614,0.06642
2023-07-01,30573.6,1924.08,247.99,0.4732,18.677,0.0772,0.0685
2023-07-02,30612.7,1937.69,246.77,0.4843,19.453,0.07597,0.06802
2023-07-03,31149.0,1955.0,246.62,0.4888,19.251,0.07731,0.06843
2023-07-04,30756.1,1935.72,242.53,0.487,19.13,0.07698,0.06888
2023-07-05,30488.4,1909.88,238.85,0.4773,18.981,0.07704,0.06695
2023-07-06,29874.4,1844.82,231.92,0.4618,19.592,0.07702,0.06479
2023-07-07,30327.9,1870.0,235.43,0.4683,21.484,0.07878,0.06534
2023-07-08,30269.3,1864.45,236.13,0.4702,21.807,0.08004,0.06568
2023-07-09,30147.8,1861.81,233.91,0.4677,21.314,0.07744,0.06531
2023-07-10,30396.9,1879.34,245.97,0.4775,21.286,0.07747,0.0652
2023-07-11,30608.4,1877.66,248.34,0.4749,22.05,0.0773,0.06524
2023-07-12,30368.9,1870.81,243.7,0.4707,21.928,0.07778,0.06498
2023-07-13,31441.7,2004.78,255.99,0.8154,26.018,0.08172,0.07042
2023-07-14,30293.3,1936.74,247.89,0.7177,26.671,0.07984,0.06845
2023-07-15,30276.4,1930.4,250.79,0.7144,27.459,0.0808,0.07193
2023-07-16,30216.8,1920.97,241.91,0.7463,27.404,0.07975,0.06948
2023-07-17,30126.1,1910.37,244.03,0.737,26.79,0.07993,0.0698
2023-07-18,29845.6,1896.46,240.48,0.7776,25.544,0.07974,0.06862
2023-07-19,29895.5,1887.55,241.05,0.8193,26.298,0.08025,0.07
2023-07-20,29791.0,1890.56,242.93,0.794,25.365,0.08068,0.07056
2023-07-21,29891.4,1890.84,243.88,0.7709,25.493,0.08036,0.07318
2023-07-22,29783.5,1865.6,241.23,0.7326,24.512,0.08384,0.07044
2023-07-23,30070.8,1887.86,242.54,0.7379,24.752,0.08332,0.07176
2023-07-24,29163.8,1849.04,239.02,0.7017,23.354,0.08142,0.07417
2023-07-25,29216.3,1856.91,237.86,0.7084,23.264,0.08186,0.08183
2023-07-26,29336.0,1870.98,239.05,0.7156,25.163,0.08237,0.0779
2023-07-27,29209.7,1860.28,240.88,0.7136,25.08,0.08261,0.07758
2023-07-28,29299.9,1873.39,241.93,0.7116,24.798,0.08503,0.07714
2023-07-29,29339.1,1879.85,242.64,0.712,25.159,0.0832,0.0802
2023-07-30,29271.1,1860.76,242.72,0.7045,24.236,0.07995,0.07798
2023-07-31,29220.8,1855.39,241.04,0.6973,23.716,0.07787,0.0778
2023-08-01,29701.2,1873.05,247.87,0.7066,24.045,0.07863,0.07811
2023-08-02,29170.1,1839.07,240.64,0.6846,23.135,0.0763,0.07418
2023-08-03,29180.2,1834.69,241.01,0.6627,22.634,0.07708,0.07355
2023-08-04,29101.1,1829.4,241.73,0.6353,22.792,0.07674,0.07342
2023-08-05,29057.7,1835.5,243.34,0.6285,22.641,0.0775,0.07569
2023-08-06,29075.9,1829.38,243.26,0.6239,23.182,0.0769,0.07425
2023-08-07,29202.7,1828.18,241.96,0.6232,23.108,0.07682,0.07352
2023-08-08,29759.0,1855.36,245.24,0.6415,24.205,0.07672,0.07494
2023-08-09,29572.8,1854.7,243.9,0.6431,24.375,0.0767,0.07539
2023-08-10,29443.7,1851.42,241.33,0.6329,24.614,0.07729,0.07584
2023-08-11,29415.5,1848.04,239.76,0.6314,24.613,0.0772,0.07569
2023-08-12,29420.7,1849.14,240.18,0.6274,24.902,0.07749,0.07667
2023-08-13,29293.3,1840.09,239.92,0.6252,24.216,0.07705,0.07473
2023-08-14,29419.5,1844.81,240.35,0.6339,25.175,0.07744,0.07466
2023-08-15,29188.8,1828.28,236.73,0.6099,23.889,0.0763,0.07085
2023-08-16,28714.4,1807.19,231.96,0.5887,22.811,0.07464,0.06715
2023-08-17,26609.7,1681.0,217.89,0.5057,21.661,0.0726,0.06098
2023-08-18,26042.1,1660.76,215.97,0.5058,21.336,0.07292,0.0632
2023-08-19,26088.3,1668.69,216.8,0.5198,21.88,0.07406,0.06375
2023-08-20,26175.9,1684.16,216.41,0.5383,21.76,0.07587,0.06379
2023-08-21,26115.4,1666.79,210.22,0.5239,21.187,0.07505,0.06248
2023-08-22,26044.4,1634.5,210.84,0.5206,20.572,0.07544,0.06255
2023-08-23,26419.2,1678.8,216.53,0.5298,21.717,0.07755,0.06373
2023-08-24,26164.6,1660.22,219.06,0.5184,21.039,0.07659,0.06303
2023-08-25,26051.7,1653.24,218.36,0.5255,20.409,0.07719,0.06308
2023-08-26,26004.3,1646.28,216.34,0.5227,20.272,0.07741,0.06284
2023-08-27,26087.7,1657.59,218.35,0.5232,20.779,0.07752,0.06313
2023-08-28,26106.5,1652.51,218.75,0.5227,20.549,0.0763,0.06342
2023-08-29,27700.1,1728.51,226.87,0.5395,21.772,0.07729,0.06636
2023-08-30,27290.4,1704.39,223.83,0.5279,20.807,0.07557,0.06583
2023-08-31,25928.0,1645.27,216.58,0.5106,19.72,0.07668,0.06376
2023-09-01,25795.6,1628.19,213.65,0.4975,19.315,0.07605,0.06384
2023-09-02,25855.8,1636.24,214.33,0.4985,19.48,0.07698,0.06345
2023-09-03,25962.1,1635.02,214.35,0.5044,19.555,0.07698,0.06313
2023-09-04,25814.0,1630.09,215.19,0.5083,19.514,0.07748,0.06323
2023-09-05,25779.7,1633.63,214.51,0.5051,20.257,0.07742,0.064
2023-09-06,25747.4,1632.33,215.22,0.503,19.62,0.07889,0.0636
2023-09-07,26240.7,1647.27,217.11,0.5046,19.9,0.07913,0.06363
2023-09-08,25899.8,1635.78,214.62,0.5046,19.596,0.07912,0.06369
2023-09-09,25892.6,1634.8,214.2,0.5035,19.425,0.07912,0.06335
2023-09-10,25828.4,1616.47,212.28,0.4967,18.219,0.07827,0.06126
2023-09-11,25150.4,1551.03,206.08,0.474,17.715,0.07752,0.06044
2023-09-12,25825.8,1592.29,210.73,0.4799,17.904,0.08069,0.06086
2023-09-13,26209.9,1606.68,212.63,0.4829,18.389,0.08115,0.06121
2023-09-14,26510.3,1625.65,212.04,0.4888,18.835,0.08371,0.06203
2023-09-15,26591.1,1640.67,214.0,0.5001,19.136,0.08399,0.06246
2023-09-16,26546.9,1633.68,214.74,0.4995,19.112,0.08347,0.06209
2023-09-17,26514.2,1621.62,216.31,0.4922,18.798,0.08327,0.06141
2023-09-18,26749.9,1635.63,215.99,0.5027,19.628,0.08379,0.06195
2023-09-19,27196.0,1642.49,217.22,0.5134,20.019,0.08448,0.06264
2023-09-20,27107.7,1621.6,214.39,0.5209,20.278,0.08437,0.06259
2023-09-21,26552.6,1583.0,210.91,0.5068,19.442,0.08294,0.06125
2023-09-22,26566.7,1592.28,211.15,0.512,19.417,0.08328,0.06148
2023-09-23,26563.1,1592.97,210.52,0.5073,19.472,0.08358,0.06147
2023-09-24,26232.4,1579.99,208.34,0.5017,19.351,0.08354,0.06064
2023-09-25,26290.5,1587.69,210.06,0.5051,19.381,0.08461,0.0609
2023-09-26,26208.8,1593.3,212.68,0.5015,19.016,0.08467,0.06059
2023-09-27,26359.6,1597.89,212.15,0.4992,19.12,0.08545,0.06048
2023-09-28,27011.8,1652.13,215.06,0.5093,19.948,0.08671,0.06148
2023-09-29,26890.9,1666.61,215.21,0.5211,20.26,0.08903,0.06208
2023-09-30,26950.9,1670.18,214.69,0.5146,21.348,0.08851,0.06203
2023-10-01,27981.4,1733.39,218.29,0.524,23.873,0.09006,0.06317
2023-10-02,27477.6,1661.49,214.7,0.5119,23.366,0.08738,0.06196
2023-10-03,27412.0,1656.18,213.46,0.5386,23.594,0.09057,0.06132
2023-10-04,27759.8,1645.75,213.45,0.5323,23.106,0.08883,0.06141
2023-10-05,27398.4,1611.23,210.8,0.5223,22.682,0.08814,0.06083
2023-10-06,27916.3,1644.33,213.42,0.5251,23.391,0.08714,0.06132
2023-10-07,27943.0,1633.18,212.33,0.5212,23.279,0.08801,0.0614
2023-10-08,27901.2,1632.02,211.42,0.5172,23.204,0.08797,0.0609
2023-10-09,27578.3,1579.4,205.83,0.5023,22.077,0.08609,0.05869
2023-10-10,27381.2,1566.89,208.59,0.4962,22.107,0.08615,0.05907
2023-10-11,26864.5,1566.07,206.61,0.4884,21.998,0.08599,0.05847
2023-10-12,26744.0,1538.81,205.29,0.4828,21.274,0.08476,0.05785
2023-10-13,26849.8,1551.55,206.05,0.4849,21.829,0.08547,0.05836
2023-10-14,26836.3,1554.15,206.6,0.4862,21.983,0.08496,0.05983
2023-10-15,27139.8,1557.25,209.87,0.4871,21.918,0.08661,0.05929
2023-10-16,28486.3,1598.61,214.75,0.4973,23.939,0.0888,0.05995
2023-10-17,28381.9,1563.99,211.55,0.4908,23.93,0.08848,0.05899
2023-10-18,28307.1,1562.65,210.37,0.4874,23.408,0.08912,0.05854
2023-10-19,28696.9,1565.89,211.32,0.5193,24.91,0.08997,0.05881
2023-10-20,29653.0,1603.14,212.17,0.5146,27.01,0.09067,0.05987
2023-10-21,29895.4,1628.29,214.32,0.5205,29.312,0.09155,0.06117
2023-10-22,29981.5,1662.83,217.95,0.5225,29.031,0.09028,0.06167
2023-10-23,33074.0,1766.35,228.8,0.5476,31.902,0.09217,0.06745
2023-10-24,33917.0,1784.31,225.32,0.5586,30.157,0.09235,0.06661
2023-10-25,34487.7,1786.71,222.29,0.5551,32.446,0.0935,0.06836
2023-10-26,34154.0,1803.3,223.32,0.5535,32.77,0.0928,0.07189
2023-10-27,33893.1,1780.02,224.18,0.5432,31.739,0.0935,0.06779
2023-10-28,34086.6,1776.76,225.8,0.5447,31.614,0.09428,0.06903
2023-10-29,34528.6,1795.49,227.2,0.5564,32.826,0.09482,0.06939
2023-10-30,34483.8,1809.81,228.1,0.5786,34.958,0.09558,0.06963
2023-10-31,34651.4,1815.67,226.35,0.5997,38.372,0.09715,0.06826
2023-11-01,35437.4,1848.2,228.15,0.6091,41.204,0.10016,0.06897
2023-11-02,34940.1,1800.68,232.03,0.6057,40.251,0.0992,0.06793
2023-11-03,34700.4,1832.49,230.4,0.6124,39.497,0.09718,0.06813
2023-11-04,35069.7,1856.08,237.36,0.6156,42.422,0.09763,0.06914
2023-11-05,35025.5,1892.49,244.0,0.661,41.167,0.09804,0.07111
2023-11-06,35057.4,1901.71,255.27,0.7153,42.181,0.09762,0.07643
2023-11-07,35406.5,1885.79,246.39,0.6852,42.976,0.09655,0.07341
2023-11-08,35626.7,1888.42,246.78,0.6876,43.142,0.09836,0.0754
2023-11-09,36719.5,2122.92,251.84,0.667,45.305,0.09891,0.07358
2023-11-10,37330.4,2079.1,251.14,0.6599,56.679,0.10623,0.07547
2023-11-11,37162.1,2054.52,251.66,0.6634,56.409,0.10808,0.0785
2023-11-12,37085.5,2046.08,247.68,0.6618,56.315,0.10852,0.07801
2023-11-13,36486.2,2055.18,241.16,0.6706,51.662,0.10687,0.07455
2023-11-14,35559.0,1980.11,242.4,0.6294,56.849,0.10226,0.07247
2023-11-15,37885.6,2059.29,254.02,0.6482,65.506,0.10414,0.07629
2023-11-16,36176.0,1962.13,242.82,0.612,57.842,0.10233,0.07949
2023-11-17,36621.9,1961.21,244.97,0.6133,58.49,0.10377,0.08645
2023-11-18,36580.9,1963.19,244.91,0.611,58.581,0.10293,0.08032
2023-11-19,37375.9,2012.46,246.55,0.626,61.099,0.10354,0.0805
2023-11-20,37462.5,2022.41,253.27,0.6122,56.603,0.10089,0.07774
2023-11-21,35737.0,1933.44,225.66,0.5786,51.682,0.09605,0.07176
2023-11-22,37413.4,2063.91,236.38,0.6113,57.579,0.10114,0.07574
2023-11-23,37294.3,2062.68,233.89,0.6211,56.537,0.10206,0.0762
2023-11-24,37706.3,2081.16,232.86,0.6212,56.869,0.10451,0.07816
2023-11-25,37766.6,2082.87,234.45,0.6227,58.83,0.1089,0.07895
2023-11-26,37437.9,2061.97,231.92,0.6159,57.593,0.10779,0.07865
2023-11-27,37234.3,2027.57,227.42,0.6038,55.03,0.10177,0.07883
2023-11-28,37812.1,2048.2,229.69,0.6105,58.183,0.10291,0.08087
2023-11-29,37837.1,2028.41,227.43,0.6091,59.324,0.10345,0.08047
2023-11-30,37716.8,2051.76,227.67,0.6065,59.309,0.1035,0.08347
2023-12-01,38660.0,2086.99,228.64,0.6129,59.75,0.10306,0.08385
2023-12-02,39435.0,2165.28,229.24,0.6213,63.684,0.10319,0.08623
2023-12-03,39979.7,2193.24,228.23,0.6236,63.015,0.10313,0.08574
2023-12-04,41993.1,2243.66,233.66,0.625,61.671,0.10396,0.09197
2023-12-05,44081.7,2293.97,231.43,0.6216,61.061,0.10358,0.09439
2023-12-06,43774.8,2233.29,229.6,0.6405,61.878,0.10475,0.095
2023-12-07,43296.0,2357.04,232.81,0.6438,67.806,0.1042,0.09595
2023-12-08,44209.5,2360.82,239.1,0.6729,74.98,0.10671,0.10174
2023-12-09,43734.3,2342.4,237.87,0.6587,72.368,0.10666,0.09856
2023-12-10,43810.0,2353.97,239.96,0.6622,74.907,0.10791,0.10197
2023-12-11,41271.0,2225.56,246.63,0.6189,70.286,0.10379,0.09413
2023-12-12,41515.0,2204.7,253.64,0.6197,68.644,0.10356,0.09385
2023-12-13,42875.0,2261.44,251.86,0.6277,70.668,0.10428,0.09647
2023-12-14,43032.4,2316.54,253.07,0.6321,75.751,0.10604,0.09837
2023-12-15,41968.0,2221.71,244.55,0.6158,72.552,0.10145,0.09305
2023-12-16,42287.4,2229.64,244.16,0.6207,73.737,0.10273,0.09715
2023-12-17,41396.5,2197.93,238.97,0.6107,70.902,0.10193,0.09299
2023-12-18,42671.7,2220.48,241.86,0.6127,74.429,0.10088,0.09215
2023-12-19,42298.3,2179.02,252.35,0.6048,73.04,0.10055,0.09025
2023-12-20,43708.9,2203.95,259.97,0.6174,82.243,0.10273,0.09158
2023-12-21,43896.3,2241.35,271.91,0.6246,93.927,0.10469,0.09509
2023-12-22,43999.2,2326.53,271.07,0.6251,97.962,0.10522,0.09505
2023-12-23,43725.2,2309.86,270.75,0.62,107.965,0.10687,0.09353
2023-12-24,43008.4,2265.43,264.02,0.6129,112.571,0.10628,0.09176
2023-12-25,43611.9,2273.07,266.56,0.6467,120.942,0.10595,0.09445
2023-12-26,42538.5,2232.44,297.51,0.6225,112.543,0.10308,0.09143
2023-12-27,43453.8,2380.31,323.76,0.6349,107.095,0.10542,0.09378
2023-12-28,42600.1,2345.96,322.21,0.6352,101.913,0.10549,0.0918
2023-12-29,42095.1,2300.6,313.29,0.6232,106.225,0.10569,0.09103
2023-12-30,42174.2,2293.26,316.71,0.6212,101.971,0.10598,0.09007
2023-12-31,42314.0,2283.85,311.33,0.6157,101.778,0.10769,0.08957
2024-01-01,44230.2,2354.62,313.53,0.6303,110.047,0.10779,0.09209
2024-01-02,44979.8,2356.93,311.88,0.625,106.83,0.10841,0.09115
2024-01-03,42849.5,2210.39,315.6,0.5822,98.519,0.10683,0.08197
2024-01-04,44143.8,2267.85,323.02,0.5868,104.975,0.10696,0.084
2024-01-05,44145.4,2268.93,317.14,0.5756,99.874,0.10437,0.08266
2024-01-06,43956.7,2240.36,307.2,0.5679,93.799,0.10385,0.08058
2024-01-07,43916.9,2220.87,302.06,0.5511,89.414,0.1027,0.07821
2024-01-08,46972.7,2331.11,303.84,0.5776,97.901,0.10415,0.08134
2024-01-09,46114.0,2344.44,301.37,0.5669,99.347,0.10273,0.07923
2024-01-10,46662.9,2585.82,305.99,0.6011,102.063,0.10517,0.08309
2024-01-11,46337.8,2618.59,308.51,0.602,99.928,0.10617,0.08457
2024-01-12,42788.9,2523.3,296.81,0.5698,92.153,0.10684,0.08008
2024-01-13,42846.4,2578.5,302.35,0.5748,95.836,0.11422,0.08093
2024-01-14,41734.9,2474.36,299.67,0.5765,93.83,0.11118,0.08003
2024-01-15,42515.0,2512.21,317.14,0.5757,94.359,0.10867,0.08108
2024-01-16,43133.0,2587.4,315.05,0.5758,97.637,0.10802,0.08136
2024-01-17,42783.4,2530.62,309.25,0.5688,102.155,0.10837,0.0806
2024-01-18,41323.1,2471.29,312.73,0.5521,94.389,0.1081,0.07809
2024-01-19,41662.2,2492.46,314.39,0.5443,93.596,0.11047,0.07858
2024-01-20,41691.8,2472.27,317.03,0.5535,92.9,0.10999,0.08776
2024-01-21,41580.0,2457.02,318.41,0.5465,91.105,0.10883,0.08547
2024-01-22,39567.0,2314.33,305.8,0.5276,83.883,0.10927,0.08055
2024-01-23,39890.0,2241.67,298.52,0.518,84.325,0.10719,0.07817
2024-01-24,40078.7,2234.62,292.91,0.5181,88.744,0.10882,0.07904
2024-01-25,39953.3,2218.02,292.08,0.5138,86.886,0.11212,0.07793
2024-01-26,41806.4,2266.72,302.07,0.532,92.261,0.11442,0.07984
2024-01-27,42102.2,2266.99,305.68,0.5301,94.238,0.11237,0.0801
2024-01-28,42021.2,2256.0,305.24,0.5239,95.948,0.11218,0.07879
2024-01-29,43287.7,2316.52,310.67,0.5348,101.623,0.11296,0.08135
2024-01-30,42918.3,2341.95,307.59,0.5106,101.371,0.11195,0.0797
2024-01-31,42560.5,2282.0,300.53,0.5031,96.912,0.11218,0.0787
2024-02-01,43072.6,2303.33,300.14,0.5056,97.775,0.1156,0.07933
2024-02-02,43182.0,2307.99,301.27,0.5102,100.559,0.11618,0.07925
2024-02-03,42992.4,2295.42,299.66,0.5186,97.915,0.11719,0.07872
2024-02-04,42570.3,2288.66,304.72,0.5029,95.451,0.1184,0.07828
2024-02-05,42692.9,2300.83,301.13,0.5065,95.605,0.11892,0.07831
2024-02-06,43079.1,2371.74,302.77,0.5048,96.856,0.12097,0.07849
2024-02-07,44326.2,2424.22,307.41,0.5136,101.135,0.12356,0.08013
2024-02-08,45269.1,2418.76,318.54,0.5144,102.742,0.12183,0.07986
2024-02-09,47116.1,2485.24,323.78,0.526,106.921,0.12367,0.08157
2024-02-10,47732.6,2499.2,322.59,0.5239,108.976,0.12437,0.08141
2024-02-11,48303.4,2506.1,320.43,0.526,107.471,0.12418,0.08123
2024-02-12,49943.6,2660.91,327.66,0.5317,111.737,0.12497,0.08229
2024-02-13,49696.4,2640.83,324.3,0.525,112.539,0.12696,0.0811
2024-02-14,51823.2,2776.14,333.47,0.538,117.092,0.12967,0.08558
2024-02-15,51898.5,2824.54,353.89,0.5625,113.598,0.13112,0.08534
2024-02-16,52148.6,2803.69,360.25,0.5646,110.392,0.13298,0.08595
2024-02-17,51679.4,2787.43,352.41,0.55,109.008,0.136,0.08361
2024-02-18,52175.9,2883.58,349.87,0.5577,112.345,0.13531,0.08523
2024-02-19,51813.8,2946.55,351.83,0.563,111.658,0.13645,0.08949
2024-02-20,52297.4,3017.21,354.86,0.5628,108.418,0.13935,0.08618
2024-02-21,51877.8,2969.65,378.69,0.5495,105.113,0.13984,0.08462
2024-02-22,51316.9,2972.8,382.33,0.5413,101.805,0.13902,0.08417
2024-02-23,50771.9,2923.35,375.29,0.5345,99.973,0.13823,0.08457
2024-02-24,51602.1,2994.39,381.27,0.5453,104.114,0.13753,0.08622
2024-02-25,51764.9,3115.24,388.28,0.5431,103.569,0.13777,0.08618
2024-02-26,54511.6,3178.6,401.46,0.5512,110.034,0.13998,0.08933
2024-02-27,57074.5,3244.98,394.27,0.5869,108.45,0.14304,0.09768
2024-02-28,62487.9,3387.07,414.58,0.5755,119.425,0.14226,0.11596
2024-02-29,61203.3,3343.15,399.62,0.5872,125.769,0.14044,0.11743
2024-03-01,62430.6,3435.82,407.65,0.6019,129.456,0.14162,0.13953
2024-03-02,62039.9,3424.43,411.17,0.6449,130.184,0.1414,0.14219
2024-03-03,63178.5,3491.77,414.73,0.6272,130.304,0.14074,0.15365
2024-03-04,68296.4,3629.72,418.87,0.6484,133.45,0.14039,0.18218
2024-03-05,63747.4,3555.43,394.19,0.5915,125.358,0.1359,0.15302
2024-03-06,66128.1,3822.36,429.64,0.6128,130.916,0.13783,0.15797
2024-03-07,66870.0,3871.69,474.55,0.628,143.997,0.13717,0.15781
2024-03-08,68180.2,3886.04,485.29,0.6204,144.879,0.13655,0.16467
2024-03-09,68360.1,3908.15,488.05,0.6206,144.424,0.13583,0.17901
2024-03-10,69001.8,3881.22,529.09,0.6086,144.497,0.13377,0.17007
2024-03-11,72153.8,4070.52,523.06,0.7243,149.062,0.13383,0.18236
2024-03-12,71503.2,3984.18,537.69,0.6886,151.201,0.13146,0.16827
2024-03-13,73127.6,4008.76,631.02,0.6898,164.055,0.13211,0.16911
2024-03-14,71455.5,3884.99,603.75,0.6698,176.851,0.12928,0.17742
2024-03-15,69552.2,3745.0,633.01,0.6348,184.155,0.1264,0.1637
2024-03-16,65351.0,3525.58,576.84,0.6036,182.184,0.1253,0.14261
2024-03-17,68447.9,3646.99,571.5,0.6198,201.962,0.12634,0.15439
2024-03-18,67660.0,3523.43,555.66,0.6457,196.143,0.12417,0.14362
2024-03-19,61974.1,3161.0,507.96,0.585,169.917,0.11233,0.12887
2024-03-20,67876.4,3517.8,556.99,0.6112,191.916,0.12081,0.15223
2024-03-21,65539.9,3495.16,554.13,0.6412,179.535,0.12122,0.15549
2024-03-22,63826.0,3339.0,554.31,0.6119,175.257,0.11741,0.15304
2024-03-23,64020.3,3330.96,552.15,0.6172,172.725,0.11822,0.16202
2024-03-24,67260.9,3457.16,568.36,0.6333,184.019,0.12023,0.1766
2024-03-25,69920.5,3592.94,587.48,0.6408,189.181,0.12049,0.17539
2024-03-26,70044.1,3589.64,580.56,0.6323,190.623,0.1209,0.18245
2024-03-27,69532.6,3504.99,574.8,0.6123,186.448,0.1195,0.1907
2024-03-28,70838.7,3563.99,583.83,0.6252,189.852,0.12059,0.22022
2024-03-29,69903.6,3512.46,612.35,0.6308,192.2,0.12005,0.21319
2024-03-30,69642.1,3508.66,600.25,0.6217,194.351,0.12268,0.19929
2024-03-31,71363.0,3648.79,606.03,0.6297,202.678,0.12313,0.22024
2024-04-01,69700.0,3506.52,576.42,0.6115,192.355,0.12062,0.20513
2024-04-02,65505.3,3280.76,551.83,0.5858,181.679,0.11667,0.1826
2024-04-03,65971.9,3313.29,562.13,0.5746,185.173,0.1172,0.17535
2024-04-04,68489.9,3329.65,584.34,0.5937,184.123,0.11928,0.18006
2024-04-05,67825.7,3319.66,577.66,0.5872,174.45,0.11794,0.17733
2024-04-06,68901.6,3353.15,585.01,0.5932,178.768,0.11969,0.18585
2024-04-07,69362.7,3455.99,583.45,0.5948,179.615,0.12066,0.19902
2024-04-08,71678.4,3697.6,586.72,0.6152,180.822,0.12315,0.20277
2024-04-09,69189.3,3508.45,580.82,0.6145,172.558,0.12118,0.18927
2024-04-10,70681.7,3547.64,610.03,0.6176,173.438,0.11924,0.1999
2024-04-11,70055.7,3504.43,604.85,0.6089,172.497,0.12042,0.19393
2024-04-12,67136.4,3238.3,595.2,0.5469,153.162,0.11484,0.17406
2024-04-13,63939.7,3005.46,553.33,0.4786,138.467,0.11011,0.15256
2024-04-14,65615.9,3153.16,566.0,0.5029,151.187,0.11241,0.16197
2024-04-15,63392.7,3100.75,552.18,0.4973,138.442,0.11141,0.16115
2024-04-16,63765.0,3082.85,537.52,0.496,136.183,0.11177,0.15594
2024-04-17,61254.5,2983.25,533.94,0.4947,131.781,0.10956,0.14747
2024-04-18,63445.0,3062.85,551.95,0.5022,141.957,0.10923,0.15215
2024-04-19,63787.4,3054.91,553.77,0.5027,142.444,0.10981,0.15627
2024-04-20,64897.2,3154.31,570.37,0.5285,151.155,0.11102,0.16251
2024-04-21,64912.6,3145.73,579.31,0.5243,148.734,0.11127,0.15815
2024-04-22,66778.0,3198.66,604.37,0.5558,156.881,0.11214,0.16115
2024-04-23,66386.3,3218.04,605.74,0.5443,154.723,0.11319,0.15972
2024-04-24,64250.0,3138.84,608.47,0.5271,147.701,0.11324,0.1513
2024-04-25,64478.8,3154.44,612.55,0.5251,144.786,0.11722,0.15123
2024-04-26,63748.8,3129.98,597.47,0.5257,139.202,0.12012,0.14792
2024-04-27,63421.0,3253.97,595.74,0.5176,141.242,0.11966,0.14767
2024-04-28,63088.3,3262.28,599.64,0.5099,137.922,0.12118,0.14659
2024-04-29,63842.4,3215.27,592.62,0.5147,137.725,0.11895,0.14334
2024-04-30,60651.2,3012.58,577.72,0.5004,126.685,0.11955,0.13329
2024-05-01,58307.6,2970.61,561.45,0.5173,134.541,0.12042,0.13014
2024-05-02,59036.7,2984.8,560.21,0.5178,137.538,0.1222,0.13188
2024-05-03,62853.7,3100.83,586.65,0.5312,143.607,0.12264,0.14597
2024-05-04,63864.2,3115.46,584.78,0.5299,146.007,0.1222,0.16005
2024-05-05,63988.0,3135.24,591.56,0.5292,145.673,0.12108,0.16089
2024-05-06,63142.8,3061.5,587.81,0.5398,152.784,0.11853,0.15642
2024-05-07,62296.0,3004.55,575.86,0.5242,148.011,0.12047,0.14997
2024-05-08,61157.9,2972.93,588.22,0.5168,142.118,0.1229,0.14311
2024-05-09,63050.1,3034.75,596.42,0.5206,152.459,0.12616,0.15211
2024-05-10,60778.1,2908.85,585.26,0.5019,145.966,0.12744,0.14381
2024-05-11,60809.2,2911.27,592.03,0.5057,145.355,0.12631,0.143
2024-05-12,61455.8,2927.73,594.25,0.4989,143.364,0.12734,0.14111
2024-05-13,62912.1,2949.71,591.29,0.505,147.496,0.12548,0.14856
2024-05-14,61550.5,2880.87,566.59,0.4999,141.963,0.12542,0.14543
2024-05-15,66175.4,3030.66,580.81,0.5186,158.423,0.12628,0.15527
2024-05-16,65217.7,2943.22,568.48,0.5155,159.303,0.12492,0.14963
2024-05-17,66980.0,3090.48,580.52,0.5231,169.351,0.12423,0.15549
2024-05-18,66884.9,3121.59,580.27,0.521,172.299,0.12292,0.15295
2024-05-19,66239.4,3069.98,574.31,0.5091,169.853,0.12113,0.14899
2024-05-20,71466.5,3664.39,599.71,0.5379,186.701,0.12445,0.16572
2024-05-21,70168.8,3792.32,619.02,0.5372,178.15,0.1236,0.17035
2024-05-22,69219.1,3740.25,615.24,0.5272,177.03,0.11999,0.16637
2024-05-23,67999.9,3784.8,599.66,0.529,176.182,0.11536,0.15973
2024-05-24,68584.1,3729.61,600.55,0.5364,167.657,0.1155,0.16388
2024-05-25,69314.4,3751.15,602.48,0.542,168.356,0.11375,0.1741
2024-05-26,68524.3,3827.53,600.65,0.5285,163.505,0.1131,0.16625
2024-05-27,69461.6,3896.09,604.13,0.5343,170.249,0.1125,0.16919
2024-05-28,68440.5,3847.0,601.91,0.5291,168.807,0.1112,0.16511
2024-05-29,67686.7,3770.0,595.77,0.5239,168.418,0.1121,0.16397
2024-05-30,68402.5,3750.39,595.34,0.519,166.986,0.11203,0.15954
2024-05-31,67577.9,3764.35,594.03,0.5179,165.762,0.11211,0.15909
2024-06-01,67799.2,3817.49,602.39,0.5189,166.281,0.11265,0.16043
2024-06-02,67805.9,3783.98,603.4,0.5137,163.251,0.11479,0.15718
2024-06-03,68851.4,3769.15,626.86,0.5203,164.995,0.11335,0.15841
2024-06-04,70580.0,3813.12,686.16,0.526,171.888,0.11446,0.16148
2024-06-05,71133.3,3868.61,699.32,0.5263,173.668,0.11464,0.16341
2024-06-06,70830.0,3815.76,711.29,0.5218,170.271,0.11483,0.16026
2024-06-07,69377.0,3679.82,684.0,0.4989,162.524,0.1126,0.14821
2024-06-08,69346.5,3682.11,682.61,0.4926,157.838,0.11477,0.14589
2024-06-09,69667.1,3707.67,673.16,0.4985,162.116,0.11689,0.14676
2024-06-10,69558.7,3669.66,625.0,0.497,159.096,0.11771,0.14476
2024-06-11,67320.7,3498.16,602.18,0.4803,149.245,0.11657,0.13801
2024-06-12,68270.3,3560.45,619.28,0.4915,155.173,0.11648,0.14624
2024-06-13,66786.9,3469.18,599.7,0.4768,147.209,0.11697,0.14111
2024-06-14,66039.7,3480.51,603.11,0.4745,142.974,0.11649,0.13488
2024-06-15,66213.7,3567.87,607.99,0.4906,145.45,0.11525,0.1367
2024-06-16,66653.6,3622.96,610.65,0.4889,151.245,0.11731,0.13705
2024-06-17,66472.1,3509.56,603.96,0.5044,143.197,0.11671,0.12869
2024-06-18,65150.0,3482.34,588.5,0.4907,137.359,0.11541,0.12216
2024-06-19,64933.6,3558.85,598.92,0.493,135.557,0.11574,0.12242
2024-06-20,64854.0,3511.26,587.32,0.4885,133.5,0.11675,0.12447
2024-06-21,64124.0,3517.18,586.11,0.4888,134.534,0.1183,0.12411
2024-06-22,64240.0,3494.26,590.98,0.4864,133.627,0.11964,0.12368
2024-06-23,63194.9,3419.38,577.4,0.4796,128.661,0.11917,0.12214
2024-06-24,60273.6,3352.0,567.95,0.4738,132.237,0.11901,0.11894
2024-06-25,61777.8,3393.06,577.94,0.4755,136.544,0.12184,0.12611
2024-06-26,60860.1,3370.76,573.09,0.4696,136.808,0.12262,0.12274
2024-06-27,61682.0,3450.34,581.75,0.4752,149.651,0.12191,0.12707
2024-06-28,60429.8,3379.51,567.7,0.4715,139.98,0.12312,0.12301
2024-06-29,60982.4,3377.62,570.4,0.4724,140.234,0.12549,0.1218
2024-06-30,62766.0,3436.73,582.63,0.476,146.582,0.1246,0.12445
2024-07-01,62883.6,3440.46,577.17,0.4768,146.625,0.1277,0.12345
2024-07-02,62123.6,3420.43,580.3,0.4853,153.97,0.12923,0.12529
2024-07-03,60208.0,3294.75,556.91,0.4668,140.737,0.12865,0.11842
2024-07-04,57045.9,3059.31,513.22,0.4326,127.76,0.1271,0.10497
2024-07-05,56604.9,2980.43,497.54,0.4249,134.23,0.12676,0.10537
2024-07-06,58216.0,3065.5,526.15,0.4487,142.996,0.12991,0.11337
2024-07-07,55830.9,2930.24,490.64,0.4194,131.599,0.12452,0.10409
2024-07-08,56686.4,3017.51,510.28,0.4314,139.74,0.12608,0.10752
2024-07-09,58023.2,3065.06,516.67,0.4355,141.391,0.12993,0.10751
2024-07-10,57707.0,3099.12,524.68,0.4385,141.927,0.13145,0.10794
2024-07-11,57315.5,3098.25,524.87,0.4488,135.702,0.13423,0.10656
2024-07-12,57870.0,3133.24,534.09,0.4742,139.379,0.13726,0.10759
2024-07-13,59174.0,3174.01,532.46,0.5255,141.811,0.13936,0.11227
2024-07-14,60766.0,3243.56,544.76,0.5202,147.575,0.13746,0.11526
2024-07-15,64680.6,3481.62,585.1,0.5368,159.294,0.13728,0.12482
2024-07-16,65010.0,3442.83,576.05,0.5791,160.592,0.13393,0.12474
2024-07-17,64055.7,3386.0,568.79,0.6257,155.467,0.1334,0.12172
2024-07-18,63959.9,3424.99,571.96,0.5693,159.146,0.13443,0.11948
2024-07-19,66627.9,3502.18,593.59,0.5729,169.064,0.13453,0.12541
2024-07-20,67095.6,3516.03,593.2,0.5936,173.532,0.13458,0.1342
2024-07-21,68138.0,3534.29,602.47,0.5984,184.473,0.13414,0.14025
2024-07-22,67499.2,3438.08,587.31,0.6076,178.823,0.13227,0.1377
2024-07-23,65916.4,3481.01,582.19,0.5972,172.912,0.13412,0.13024
2024-07-24,65350.8,3334.24,574.78,0.6175,177.983,0.13428,0.12786
2024-07-25,65773.0,3173.67,570.94,0.5993,171.759,0.13548,0.12516
2024-07-26,67882.5,3272.82,581.04,0.6032,182.991,0.13741,0.13416
2024-07-27,67873.8,3248.17,581.91,0.5954,183.903,0.13717,0.13141
2024-07-28,68215.5,3268.03,584.21,0.601,184.808,0.13845,0.12996
2024-07-29,66750.0,3316.87,574.46,0.6016,182.509,0.13738,0.12837
2024-07-30,66159.3,3278.17,588.34,0.6274,179.072,0.13299,0.12542
2024-07-31,64601.8,3231.48,576.79,0.623,171.632,0.12853,0.12187
2024-08-01,65328.9,3201.67,575.37,0.5962,167.294,0.12816,0.11895
2024-08-02,61483.7,2988.11,543.15,0.5605,152.711,0.12357,0.11149
2024-08-03,60684.6,2901.94,529.64,0.5556,142.456,0.12539,0.10807
2024-08-04,58144.5,2687.6,496.92,0.5227,138.291,0.12631,0.10371
2024-08-05,54003.1,2418.6,464.2,0.4887,129.768,0.12143,0.0943
2024-08-06,55991.2,2459.87,484.78,0.5057,144.328,0.12332,0.09638
2024-08-07,55102.9,2341.41,474.99,0.6001,144.736,0.12468,0.09555
2024-08-08,61659.8,2681.59,517.05,0.6164,163.069,0.12696,0.10741
2024-08-09,60808.6,2597.9,508.87,0.5801,156.188,0.12829,0.10378
2024-08-10,60889.9,2608.76,523.29,0.5837,153.932,0.12896,0.10511
2024-08-11,58693.1,2554.65,503.68,0.5525,141.492,0.12762,0.10053
2024-08-12,59323.6,2721.15,518.48,0.568,146.241,0.12664,0.10784
2024-08-13,60550.5,2701.01,524.24,0.5765,146.565,0.12872,0.1063
2024-08-14,58648.1,2659.82,523.18,0.5684,143.644,0.13039,0.10235
2024-08-15,57511.0,2568.73,518.87,0.5605,142.538,0.13011,0.10013
2024-08-16,58854.9,2591.52,519.47,0.5634,138.986,0.13415,0.10028
2024-08-17,59468.5,2613.18,541.81,0.5661,141.83,0.13476,0.10271
2024-08-18,58390.0,2610.67,531.28,0.5628,142.354,0.13508,0.09998
2024-08-19,59398.5,2635.15,558.77,0.598,144.201,0.14312,0.10127
2024-08-20,58982.9,2571.51,569.37,0.5933,142.21,0.1615,0.10286
2024-08-21,61120.0,2629.38,569.79,0.5997,142.726,0.15379,0.10612
2024-08-22,60349.9,2622.0,582.8,0.5974,143.159,0.15542,0.10522
2024-08-23,64019.9,2761.58,591.29,0.6105,153.228,0.15827,0.11288
2024-08-24,64116.5,2766.4,580.43,0.6121,160.558,0.1588,0.1125
2024-08-25,64190.2,2744.47,573.48,0.5996,158.88,0.16629,0.10954
2024-08-26,62807.6,2679.25,548.03,0.5871,157.052,0.16144,0.10513
2024-08-27,59384.5,2455.98,533.17,0.5662,146.727,0.1579,0.09884
2024-08-28,59010.0,2527.31,537.05,0.569,143.892,0.15822,0.09956
2024-08-29,59323.2,2526.28,536.31,0.5615,139.948,0.15988,0.10031
2024-08-30,59096.3,2524.99,535.01,0.5665,137.921,0.15998,0.10175
2024-08-31,58941.9,2511.91,532.83,0.5661,135.266,0.15758,0.10124
2024-09-01,57268.1,2424.55,512.05,0.5467,128.411,0.15555,0.09502
2024-09-02,59112.1,2536.74,526.41,0.5674,134.865,0.1542,0.09907
2024-09-03,57451.9,2424.05,518.85,0.5569,127.506,0.15017,0.09674
2024-09-04,57944.8,2449.67,507.71,0.5576,133.564,0.14993,0.09797
2024-09-05,56145.7,2367.37,502.48,0.5441,129.337,0.1497,0.09837
2024-09-06,53927.7,2223.7,487.04,0.5206,124.959,0.14786,0.09244
2024-09-07,54134.9,2272.21,493.37,0.5246,127.656,0.15157,0.09534
2024-09-08,54839.6,2295.89,503.03,0.5292,130.073,0.15314,0.09609
2024-09-09,57010.0,2358.19,518.91,0.5392,135.014,0.15452,0.10375
2024-09-10,57609.1,2387.63,517.22,0.5405,135.563,0.15291,0.10274
2024-09-11,57306.0,2339.22,530.37,0.5346,132.346,0.15333,0.10125
2024-09-12,58097.0,2360.79,544.58,0.5624,135.997,0.15186,0.10267
2024-09-13,60456.2,2438.15,556.02,0.5722,138.916,0.14876,0.1069
2024-09-14,59964.0,2416.65,553.21,0.5953,137.068,0.14741,0.10534
2024-09-15,59100.5,2314.85,553.12,0.5703,131.319,0.14887,0.10275
2024-09-16,58187.0,2294.61,533.37,0.5861,131.412,0.1489,0.0996
2024-09-17,60281.0,2340.59,546.02,0.5836,131.467,0.14993,0.10105
2024-09-18,61735.3,2373.93,559.32,0.5851,134.299,0.14941,0.10381
2024-09-19,62926.9,2464.56,566.85,0.5867,142.82,0.15148,0.10497
2024-09-20,63175.7,2560.29,568.83,0.5847,146.627,0.15198,0.10548
2024-09-21,63320.6,2611.4,588.98,0.5973,149.372,0.15188,0.1099
2024-09-22,63558.4,2579.94,588.65,0.5869,144.587,0.15167,0.10627
2024-09-23,63302.0,2645.84,604.97,0.5845,144.691,0.15225,0.108
2024-09-24,64243.1,2652.0,606.07,0.5909,152.712,0.15112,0.10973
2024-09-25,63118.4,2578.9,587.49,0.5827,147.88,0.1499,0.10843
2024-09-26,65139.2,2631.11,596.47,0.5903,155.48,0.15303,0.11813
2024-09-27,65749.6,2693.53,607.33,0.5885,157.591,0.15511,0.12348
2024-09-28,65822.6,2673.9,601.12,0.6136,156.682,0.15506,0.12805
2024-09-29,65568.1,2656.3,595.76,0.6412,158.385,0.15635,0.12435
2024-09-30,63309.1,2601.49,567.65,0.6113,152.428,0.15589,0.11415
2024-10-01,60776.8,2446.85,546.98,0.5966,145.071,0.15348,0.10679
2024-10-02,60622.6,2363.0,542.38,0.5379,140.082,0.15449,0.10459
2024-10-03,60727.2,2348.74,544.64,0.5214,136.733,0.15773,0.10502
2024-10-04,62054.4,2413.38,555.27,0.5338,143.159,0.1564,0.10918
2024-10-05,62023.1,2413.42,563.13,0.5291,142.538,0.15339,0.10937
2024-10-06,62789.3,2438.77,570.26,0.5334,146.412,0.15424,0.11153
2024-10-07,62190.7,2421.75,564.33,0.5282,143.909,0.15582,0.10837
2024-10-08,62131.7,2439.84,579.92,0.5308,143.417,0.16002,0.10704
2024-10-09,60606.4,2369.6,570.35,0.5241,139.266,0.16052,0.10788
2024-10-10,60293.2,2385.24,563.63,0.5303,138.963,0.15873,0.10596
2024-10-11,62509.0,2438.46,573.77,0.5386,145.47,0.15973,0.11075
2024-10-12,63176.0,2475.09,576.51,0.539,146.318,0.16243,0.11132
2024-10-13,62839.8,2467.79,572.21,0.5316,147.645,0.16254,0.11136
2024-10-14,66064.9,2628.88,589.31,0.5484,157.52,0.16046,0.11664
2024-10-15,67044.1,2606.53,594.89,0.5415,154.69,0.15869,0.11747
2024-10-16,67592.0,2610.39,601.13,0.5481,154.19,0.16004,0.12571
2024-10-17,67401.5,2605.01,592.83,0.5439,150.45,0.15935,0.1296
2024-10-18,68407.8,2641.11,599.03,0.5465,154.86,0.15831,0.13717
2024-10-19,68357.1,2647.45,597.94,0.5438,159.7,0.15666,0.14402
2024-10-20,69020.1,2746.98,606.28,0.5483,167.42,0.15664,0.1421
2024-10-21,67368.8,2666.63,598.74,0.5448,166.13,0.15829,0.14363
2024-10-22,67406.4,2621.78,593.81,0.5336,167.56,0.16032,0.13964
2024-10-23,66647.2,2523.84,584.95,0.5257,170.81,0.16033,0.13998
2024-10-24,68173.8,2535.39,594.65,0.5322,177.1,0.16465,0.14188
2024-10-25,66662.8,2440.1,574.64,0.5017,164.8,0.16255,0.13154
2024-10-26,67071.8,2482.04,583.4,0.5133,170.81,0.16515,0.13739
2024-10-27,67992.6,2507.22,589.34,0.5167,176.58,0.16392,0.14425
2024-10-28,69940.0,2566.49,601.37,0.5192,178.2,0.16414,0.1614
2024-10-29,72739.5,2639.28,606.71,0.5286,179.4,0.16637,0.17587
2024-10-30,72349.0,2659.36,595.9,0.5231,174.83,0.16936,0.16829
2024-10-31,70321.9,2518.37,576.71,0.5095,168.62,0.16854,0.16162
2024-11-01,69495.5,2511.57,572.93,0.513,166.01,0.16737,0.15913
2024-11-02,69366.6,2493.61,568.58,0.5103,166.09,0.16607,0.15952
2024-11-03,68762.5,2457.29,557.78,0.5029,162.44,0.16515,0.15129
2024-11-04,67834.3,2397.37,552.51,0.5032,157.87,0.16279,0.15817
2024-11-05,69353.1,2421.42,563.3,0.514,166.55,0.15996,0.16991
2024-11-06,75579.9,2722.49,592.61,0.5421,186.61,0.16239,0.19646
2024-11-07,75859.4,2895.76,598.74,0.5559,196.47,0.16001,0.19334
2024-11-08,76482.2,2962.12,598.17,0.5541,199.92,0.16089,0.20203
2024-11-09,76675.1,3127.03,625.06,0.5596,199.94,0.16204,0.219
2024-11-10,80410.0,3185.19,627.84,0.5888,210.29,0.16399,0.27794
2024-11-11,88728.9,3375.02,660.53,0.6216,222.33,0.16794,0.35184
2024-11-12,87972.0,3245.98,625.78,0.7048,211.77,0.18753,0.3802
2024-11-13,90413.3,3188.9,621.19,0.6901,215.28,0.17716,0.39903
2024-11-14,87382.7,3061.03,622.64,0.7741,209.65,0.17646,0.36261
2024-11-15,91074.6,3091.75,619.73,0.8924,218.68,0.19141,0.38203
2024-11-16,90643.3,3134.72,623.19,1.122,215.87,0.20032,0.36435
2024-11-17,89899.9,3078.09,618.99,1.055,237.61,0.19963,0.36737
2024-11-18,90507.4,3210.48,619.46,1.1151,239.96,0.2022,0.37144
2024-11-19,92335.9,3109.34,615.93,1.1012,237.69,0.19966,0.3908
2024-11-20,94288.0,3071.05,605.78,1.1045,235.47,0.19471,0.37791
2024-11-21,98366.8,3358.42,622.33,1.2477,256.59,0.19874,0.387
2024-11-22,98921.4,3330.05,633.51,1.4739,257.1,0.20504,0.41301
2024-11-23,97725.5,3396.33,651.13,1.4697,255.07,0.21218,0.43049
2024-11-24,97960.4,3362.98,660.22,1.4334,252.94,0.2088,0.43046
2024-11-25,93064.0,3416.92,636.59,1.4151,234.29,0.19589,0.39284
2024-11-26,92021.4,3327.17,613.94,1.3993,230.73,0.19451,0.38733
2024-11-27,95905.2,3655.88,644.69,1.4709,242.05,0.2011,0.4013
2024-11-28,95694.4,3581.58,654.33,1.5431,237.6,0.20345,0.40192
2024-11-29,97516.3,3594.5,655.13,1.8019,243.44,0.20446,0.42664
2024-11-30,96475.1,3705.73,653.88,1.953,237.73,0.20491,0.42179
2024-12-01,97265.1,3711.24,656.63,2.2942,237.06,0.20737,0.44092
2024-12-02,95890.5,3646.26,648.28,2.7243,225.88,0.22136,0.42497
2024-12-03,95913.3,3616.82,735.67,2.5127,234.1,0.43347,0.4067
2024-12-04,98669.8,3840.75,740.46,2.36,229.32,0.33084,0.43318
2024-12-05,97001.5,3787.31,717.76,2.2455,236.05,0.32269,0.42718
2024-12-06,99802.5,4001.75,730.75,2.4266,237.08,0.32585,0.43505
2024-12-07,99899.2,3999.79,750.33,2.612,238.3,0.31908,0.45332
2024-12-08,101200.0,4007.3,742.51,2.6031,237.24,0.31866,0.46673
2024-12-09,97349.1,3712.55,689.54,2.2122,216.65,0.26273,0.41393
2024-12-10,96602.4,3628.4,677.22,2.3688,213.58,0.26934,0.39372
2024-12-11,101115.3,3830.44,711.69,2.3939,227.29,0.28205,0.41404
2024-12-12,99982.4,3880.52,706.18,2.3377,226.88,0.29672,0.406
2024-12-13,101371.9,3905.6,725.73,2.422,224.71,0.29061,0.40901
2024-12-14,101381.0,3868.6,715.57,2.3997,219.84,0.28224,0.39805
2024-12-15,104460.4,3958.5,719.53,2.4473,224.21,0.28556,0.40642
2024-12-16,106023.2,3984.76,721.09,2.4847,216.08,0.29668,0.40185
2024-12-17,106074.6,3890.81,717.85,2.5655,223.16,0.27949,0.39393
2024-12-18,100181.1,3625.4,686.45,2.309,206.46,0.25776,0.35808
2024-12-19,97434.4,3416.7,665.48,2.2386,193.71,0.25091,0.31416
2024-12-20,97764.4,3470.88,678.32,2.2786,194.28,0.24855,0.31779
2024-12-21,97261.8,3337.6,663.73,2.2374,181.37,0.24484,0.32027
2024-12-22,95153.5,3280.8,649.77,2.2025,180.44,0.24409,0.31246
2024-12-23,94861.1,3420.74,693.9,2.2611,190.06,0.25239,0.32481
2024-12-24,98627.2,3491.97,696.63,2.3224,196.99,0.25626,0.33696
2024-12-25,99379.7,3495.72,702.13,2.2968,197.35,0.25797,0.3342
2024-12-26,95751.0,3333.15,688.75,2.1549,188.37,0.25373,0.31252
2024-12-27,94258.9,3332.09,691.49,2.1454,184.18,0.25923,0.31176
2024-12-28,95259.1,3402.54,722.14,2.1836,195.39,0.25821,0.32429
2024-12-29,93700.0,3355.46,694.48,2.0926,189.85,0.25776,0.31419
2024-12-30,92759.3,3360.11,704.76,2.0579,191.26,0.25339,0.31382
2024-12-31,93548.9,3336.57,702.12,2.0836,189.22,0.25456,0.31582
2025-01-01,94580.9,3359.36,707.43,2.3321,194.22,0.25588,0.32504
2025-01-02,96967.5,3454.83,706.11,2.4025,208.17,0.26531,0.33879
2025-01-03,98145.7,3607.89,715.22,2.4544,217.91,0.2702,0.37981
2025-01-04,98173.2,3655.99,713.38,2.4202,216.56,0.26963,0.39467
2025-01-05,98340.2,3634.96,709.28,2.3988,213.3,0.26254,0.38219
2025-01-06,102180.4,3685.72,729.81,2.4194,218.11,0.26843,0.38767
2025-01-07,96920.3,3379.38,697.16,2.2698,202.07,0.25236,0.3478
2025-01-08,95014.1,3325.38,695.49,2.3722,197.37,0.25045,0.34206
2025-01-09,92505.9,3218.24,684.89,2.271,184.88,0.24005,0.32071
2025-01-10,94675.5,3265.52,693.04,2.3411,187.59,0.24442,0.33364
2025-01-11,94562.5,3281.84,696.42,2.5761,187.99,0.2408,0.341
2025-01-12,94499.9,3265.7,692.96,2.5031,188.43,0.23342,0.33573
2025-01-13,94485.3,3136.14,688.41,2.5225,182.78,0.22276,0.33791
2025-01-14,96514.9,3223.99,698.84,2.6668,187.46,0.22073,0.35579
2025-01-15,100460.0,3449.8,714.38,3.1411,205.76,0.23795,0.38509
2025-01-16,99937.4,3306.94,708.05,3.2433,211.02,0.23702,0.37632
2025-01-17,104042.5,3472.38,722.09,3.2911,219.46,0.24875,0.41512
2025-01-18,104524.3,3306.7,709.91,3.2695,261.9,0.24223,0.39625
2025-01-19,101311.5,3214.15,683.39,2.9555,252.52,0.22858,0.35822
2025-01-20,102247.6,3283.2,682.84,3.1042,241.89,0.23809,0.3544
2025-01-21,106114.5,3326.72,692.54,3.1735,250.26,0.2448,0.37166
2025-01-22,103664.9,3242.0,695.95,3.1788,257.3,0.25374,0.36272
2025-01-23,103864.1,3337.88,690.12,3.1186,253.01,0.25263,0.35193
2025-01-24,104808.1,3308.62,680.46,3.0985,253.22,0.25422,0.35065
2025-01-25,104702.0,3317.91,686.74,3.1069,256.32,0.25327,0.35335
2025-01-26,102560.1,3230.5,666.64,3.0198,240.32,0.24598,0.33579
2025-01-27,102021.3,3180.99,680.16,3.0533,234.77,0.24647,0.33377
2025-01-28,101279.6,3075.96,661.08,3.0553,226.91,0.23975,0.31853
2025-01-29,103698.2,3112.55,667.94,3.0671,228.04,0.23996,0.32388
2025-01-30,104676.9,3245.86,677.87,3.127,238.15,0.25186,0.33137
2025-01-31,102379.7,3299.5,677.79,3.0347,231.59,0.25361,0.32872
2025-02-01,100603.6,3116.22,652.83,2.8768,212.89,0.24406,0.30771
2025-02-02,97664.5,2868.05,617.69,2.5784,203.42,0.22547,0.26793
2025-02-03,101293.7,2878.69,616.76,2.6989,216.2,0.22854,0.28469
2025-02-04,97709.9,2730.03,572.81,2.5253,206.48,0.22436,0.26331
2025-02-05,96553.2,2787.0,569.42,2.3799,196.03,0.2223,0.25604
2025-02-06,96515.1,2685.25,571.47,2.3238,189.45,0.23148,0.24773
2025-02-07,96454.5,2620.66,577.42,2.3951,191.84,0.22992,0.24637
2025-02-08,96411.9,2630.99,612.27,2.4179,199.21,0.2311,0.25274
2025-02-09,96423.6,2626.07,615.36,2.3909,200.32,0.2321,0.24873
2025-02-10,97379.2,2659.99,618.38,2.4226,200.32,0.24616,0.25528
2025-02-11,95731.4,2601.03,641.58,2.4117,197.87,0.24078,0.25292
2025-02-12,97816.3,2737.14,696.76,2.4723,196.71,0.24319,0.26411
2025-02-13,96560.6,2674.52,664.35,2.558,194.12,0.23395,0.2623
2025-02-14,97445.1,2724.74,659.42,2.7372,199.31,0.23138,0.27164
2025-02-15,97538.0,2691.73,661.76,2.7601,194.35,0.2374,0.27161
2025-02-16,96067.0,2660.0,672.65,2.7272,188.14,0.24223,0.26545
2025-02-17,95743.2,2743.0,667.12,2.6586,177.47,0.23861,0.25807
2025-02-18,95622.0,2670.57,648.04,2.5615,169.21,0.23911,0.25119
2025-02-19,96598.0,2714.06,653.11,2.7356,168.85,0.24218,0.25467
2025-02-20,98252.9,2736.87,655.94,2.6867,175.9,0.24618,0.25458
2025-02-21,96127.9,2660.85,647.11,2.5698,168.83,0.23775,0.23941
2025-02-22,96503.3,2762.01,668.13,2.5726,171.98,0.23923,0.24643
2025-02-23,96218.4,2818.54,657.65,2.5744,167.84,0.24594,0.24269
2025-02-24,91514.5,2512.27,614.06,2.2769,141.73,0.23987,0.21037
2025-02-25,88639.1,2494.45,622.87,2.3211,144.24,0.2306,0.21147
2025-02-26,84208.5,2335.33,611.5,2.1971,135.27,0.22704,0.20347
2025-02-27,84668.1,2306.66,605.19,2.1973,137.6,0.22841,0.20678
2025-02-28,84299.6,2236.59,587.82,2.1443,148.1,0.23325,0.20176
2025-03-01,86007.7,2216.6,607.28,2.1904,143.58,0.23395,0.20663
2025-03-02,94222.8,2517.12,623.53,2.9384,178.64,0.24401,0.23918
2025-03-03,86192.7,2148.22,575.72,2.386,142.05,0.23103,0.19903
2025-03-04,87245.9,2170.51,583.8,2.4532,144.7,0.24252,0.19898
2025-03-05,90566.1,2240.45,597.93,2.498,146.16,0.24347,0.20463
2025-03-06,89887.8,2201.34,596.27,2.5981,143.22,0.23993,0.2014
2025-03-07,86753.8,2140.72,594.53,2.3836,139.31,0.24348,0.19829
2025-03-08,86184.7,2202.84,592.8,2.3245,136.92,0.24366,0.1922
2025-03-09,80688.8,2019.2,554.4,2.1376,126.42,0.23192,0.16799
2025-03-10,78567.8,1864.51,531.25,2.0202,118.26,0.22894,0.15401
2025-03-11,82896.0,1922.61,551.47,2.17,125.28,0.22407,0.1645
2025-03-12,83640.7,1907.24,569.75,2.2382,126.55,0.22273,0.17231
2025-03-13,81085.4,1863.76,579.45,2.2512,123.32,0.225,0.16513
2025-03-14,83939.8,1910.79,587.56,2.3555,133.49,0.22231,0.17185
2025-03-15,84302.9,1936.27,619.62,2.3899,135.79,0.22136,0.17586
2025-03-16,82541.6,1885.97,602.14,2.2928,126.05,0.21172,0.1681
2025-03-17,83962.9,1925.37,631.39,2.3366,127.93,0.22055,0.17325
2025-03-18,82666.1,1930.64,627.42,2.2836,125.25,0.23704,0.16794
2025-03-19,86809.8,2055.21,618.02,2.5457,135.3,0.23075,0.1779
2025-03-20,84183.6,1982.72,629.92,2.4346,127.53,0.23369,0.16938
2025-03-21,84050.3,1964.81,634.64,2.3793,128.38,0.23343,0.16718
2025-03-22,83804.9,1979.56,626.5,2.3698,128.44,0.23697,0.16729
2025-03-23,86044.2,2005.0,623.25,2.4378,132.77,0.2299,0.17255
2025-03-24,87463.4,2080.41,636.58,2.4485,140.95,0.22796,0.1829
2025-03-25,87369.8,2065.22,629.53,2.4481,143.59,0.22709,0.19056
2025-03-26,86873.8,2008.69,617.72,2.3473,137.26,0.23131,0.19481
2025-03-27,87191.2,2002.8,636.66,2.34,138.37,0.23499,0.19039
2025-03-28,84380.8,1896.02,619.24,2.2055,129.39,0.23227,0.18013
2025-03-29,82604.7,1827.32,602.59,2.1335,124.5,0.23152,0.16946
2025-03-30,82352.8,1806.99,601.95,2.1352,124.73,0.23174,0.16645
2025-03-31,82517.5,1821.59,604.63,2.0889,124.48,0.23868,0.16658
2025-04-01,85120.9,1904.21,610.93,2.1378,126.6,0.23773,0.17391
2025-04-02,82485.1,1794.1,590.08,2.021,117.34,0.23392,0.16376
2025-04-03,83181.5,1816.48,592.43,2.063,117.08,0.23815,0.16222
2025-04-04,83861.3,1815.97,597.84,2.1294,122.72,0.239,0.1712
2025-04-05,83506.1,1805.15,593.11,2.1436,120.24,0.23724,0.16887
2025-04-06,78390.0,1579.98,555.35,1.9204,105.84,0.22996,0.14915
2025-04-07,79140.0,1552.44,554.63,1.8974,106.91,0.22854,0.14951
2025-04-08,76297.9,1472.67,553.72,1.7956,105.32,0.23044,0.1422
2025-04-09,82588.0,1668.69,582.12,2.0523,119.01,0.23846,0.16028
2025-04-10,79560.2,1521.57,577.79,1.9645,112.73,0.23617,0.15349
2025-04-11,83378.3,1565.96,585.84,2.0213,121.33,0.24285,0.15996
2025-04-12,85237.8,1643.6,597.11,2.1588,132.17,0.24585,0.16757
2025-04-13,83713.7,1596.92,584.06,2.1181,128.3,0.25462,0.16252
2025-04-14,84553.9,1623.02,584.09,2.1262,129.34,0.25199,0.15845
2025-04-15,83608.7,1588.0,579.11,2.083,126.05,0.25037,0.15349
2025-04-16,83990.0,1576.58,582.68,2.0822,131.3,0.24736,0.15464
2025-04-17,84915.0,1582.84,590.36,2.066,134.76,0.24763,0.15579
2025-04-18,84421.0,1587.91,591.53,2.0607,133.97,0.23963,0.15753
2025-04-19,85046.9,1612.44,591.56,2.0865,139.77,0.24392,0.15726
2025-04-20,85138.8,1586.56,592.42,2.0777,137.76,0.24356,0.15519
2025-04-21,87466.0,1578.64,596.88,2.084,136.44,0.24631,0.15931
2025-04-22,93404.9,1755.57,618.27,2.2138,148.71,0.24823,0.17857
2025-04-23,93632.1,1794.46,605.45,2.2175,151.05,0.24614,0.17858
2025-04-24,93931.6,1768.8,601.26,2.2038,152.48,0.2453,0.18246
2025-04-25,94591.8,1783.77,599.57,2.1801,150.76,0.24171,0.18154
2025-04-26,94575.7,1820.0,607.18,2.1898,149.14,0.25201,0.18182
2025-04-27,93697.1,1790.21,603.63,2.2512,147.91,0.24513,0.17924
2025-04-28,94969.0,1799.22,605.99,2.2941,147.76,0.24824,0.17898
2025-04-29,94200.1,1796.57,600.67,2.2364,146.18,0.24371,0.17453
2025-04-30,94125.1,1792.71,599.21,2.1898,147.47,0.24639,0.17217
2025-05-01,96423.3,1837.19,599.14,2.2114,150.73,0.24451,0.18057
2025-05-02,96831.2,1841.22,600.6,2.2083,147.93,0.24778,0.18142
2025-05-03,95803.3,1832.55,599.07,2.186,146.62,0.24536,0.17555
2025-05-04,94230.2,1807.87,585.65,2.1548,143.87,0.24703,0.1704
2025-05-05,94696.7,1819.43,597.19,2.1298,146.66,0.24811,0.1705
2025-05-06,96798.9,1816.22,602.56,2.154,146.83,0.24577,0.17211
2025-05-07,96988.4,1810.14,602.51,2.1255,147.27,0.24865,0.17193
2025-05-08,103228.1,2206.54,629.29,2.3266,164.42,0.25708,0.19807
2025-05-09,102941.9,2344.3,666.72,2.3435,172.74,0.26013,0.20521
2025-05-10,104788.8,2581.91,664.1,2.4711,177.86,0.26618,0.25057
2025-05-11,104072.7,2513.48,651.36,2.3661,173.11,0.26521,0.23172
2025-05-12,102739.3,2494.16,660.5,2.5431,174.14,0.27175,0.2309
2025-05-13,104082.0,2678.59,664.62,2.582,183.7,0.27077,0.24068
2025-05-14,103458.1,2608.74,652.8,2.5492,176.51,0.27458,0.23267
2025-05-15,103714.5,2547.75,652.17,2.3841,169.06,0.27323,0.21926
2025-05-16,103412.2,2535.72,646.39,2.3785,167.33,0.27147,0.221
2025-05-17,103079.6,2474.09,639.42,2.352,165.87,0.26946,0.21449
2025-05-18,106407.6,2496.98,651.32,2.427,173.24,0.26784,0.23296
2025-05-19,105531.6,2526.87,649.96,2.3796,166.76,0.26656,0.22437
2025-05-20,106800.1,2523.09,650.37,2.355,168.51,0.26902,0.22617
2025-05-21,109609.5,2550.26,673.58,2.3947,173.5,0.26808,0.23398
2025-05-22,111662.7,2663.72,686.49,2.43,179.6,0.27581,0.24547
2025-05-23,107271.5,2525.39,656.85,2.2953,173.92,0.26863,0.22505
2025-05-24,107698.9,2529.27,667.89,2.3291,175.81,0.27008,0.22501
2025-05-25,108955.9,2550.03,669.13,2.3405,175.65,0.27203,0.22478
2025-05-26,109386.8,2562.43,673.91,2.3089,174.8,0.27374,0.22585
2025-05-27,108889.3,2659.84,687.14,2.3158,176.64,0.27784,0.22589
2025-05-28,107723.1,2680.4,686.8,2.2732,172.11,0.27355,0.22086
2025-05-29,105539.9,2630.3,674.7,2.2426,166.62,0.2745,0.21477
2025-05-30,103950.0,2529.63,655.0,2.1383,156.12,0.26684,0.19348
2025-05-31,104544.7,2527.08,657.92,2.1732,156.35,0.26546,0.19241
2025-06-01,105583.3,2537.89,660.66,2.178,157.62,0.27068,0.19353
2025-06-02,105814.3,2606.48,665.93,2.1956,156.74,0.26863,0.19498
2025-06-03,105330.1,2592.16,661.33,2.2438,155.08,0.27013,0.19302
2025-06-04,104641.8,2606.62,662.93,2.1998,153.18,0.27423,0.188
2025-06-05,101458.6,2412.9,632.9,2.0922,144.21,0.28175,0.17095
2025-06-06,104240.0,2475.38,642.25,2.159,147.76,0.27786,0.17869
2025-06-07,105507.5,2523.4,650.41,2.1756,149.98,0.28674,0.18502
2025-06-08,105676.5,2508.32,651.64,2.2659,152.37,0.28159,0.18409
2025-06-09,110227.9,2679.12,665.61,2.3202,161.09,0.28676,0.19482
2025-06-10,110235.4,2815.74,673.66,2.3066,165.06,0.29264,0.19838
2025-06-11,108600.0,2770.34,667.58,2.2691,160.88,0.2794,0.19284
2025-06-12,105609.5,2641.38,654.41,2.1889,152.23,0.27172,0.18103
2025-06-13,106027.3,2578.09,655.04,2.1463,148.54,0.2695,0.18032
2025-06-14,105359.9,2529.66,645.23,2.1381,144.55,0.27091,0.17817
2025-06-15,105534.6,2546.32,647.92,2.1644,152.89,0.27373,0.17543
2025-06-16,106750.1,2543.12,650.74,2.2372,150.67,0.27386,0.17261
2025-06-17,104508.0,2508.99,648.04,2.1581,147.49,0.27122,0.16926
2025-06-18,104832.8,2523.49,644.33,2.1695,146.28,0.27284,0.17057
2025-06-19,104607.1,2520.18,644.51,2.1639,146.96,0.2746,0.17085
2025-06-20,103246.1,2405.42,641.68,2.1185,140.02,0.27203,0.16227
2025-06-21,102079.8,2294.63,628.75,2.0618,135.32,0.27087,0.1544
2025-06-22,100904.7,2226.33,615.72,2.0159,131.64,0.26323,0.15118
2025-06-23,105290.9,2410.39,640.02,2.1575,144.41,0.27248,0.16371
2025-06-24,106034.9,2447.58,643.3,2.1888,145.83,0.2736,0.16564
2025-06-25,107280.0,2417.28,646.1,2.1848,143.48,0.273,0.16451
2025-06-26,106913.7,2414.54,642.05,2.1047,138.98,0.2708,0.15993
2025-06-27,107010.7,2422.06,645.56,2.1408,142.05,0.27307,0.16097
2025-06-28,107241.0,2434.8,648.38,2.1843,150.67,0.27461,0.16357
2025-06-29,108309.8,2499.25,654.96,2.2052,153.21,0.27682,0.16938
2025-06-30,107087.4,2484.3,656.99,2.2358,154.73,0.27963,0.16509
2025-07-01,105637.9,2403.65,646.11,2.1706,146.79,0.2787,0.15769
2025-07-02,108800.0,2569.37,659.97,2.2328,152.21,0.2844,0.16866
2025-07-03,109545.2,2590.17,663.9,2.256,152.29,0.2868,0.17194
2025-07-04,107935.4,2506.86,653.39,2.2194,147.6,0.28254,0.16279
2025-07-05,108153.4,2515.25,655.99,2.2163,147.5,0.28293,0.16413
2025-07-06,109145.8,2569.14,663.12,2.2701,151.8,0.28687,0.17188
2025-07-07,108203.9,2541.37,661.04,2.2694,148.82,0.28654,0.16782
2025-07-08,108873.1,2613.97,660.52,2.3096,151.59,0.28721,0.17085
2025-07-09,111199.9,2767.7,668.88,2.4033,156.99,0.28957,0.18051
2025-07-10,115979.2,2950.62,686.3,2.5463,164.29,0.29385,0.195
2025-07-11,117500.0,2956.93,690.4,2.7335,162.87,0.30128,0.20103
2025-07-12,117389.3,2941.87,686.1,2.7395,160.63,0.30228,0.19732
2025-07-13,119038.3,2970.37,692.33,2.8355,161.04,0.30269,0.19843
2025-07-14,119816.5,3012.26,689.11,2.9582,162.13,0.30247,0.19736
2025-07-15,117738.5,3137.62,690.37,2.9203,163.99,0.30038,0.19916
2025-07-16,118590.7,3370.55,709.13,3.0398,173.64,0.30983,0.2127
2025-07-17,119176.6,3476.65,721.11,3.484,175.82,0.31557,0.21826
2025-07-18,117896.4,3546.36,730.39,3.414,177.21,0.32612,0.23576
2025-07-19,117814.4,3591.31,733.43,3.425,176.93,0.31776,0.24136
2025-07-20,117216.0,3755.67,757.31,3.4542,181.42,0.31397,0.27379
2025-07-21,117330.2,3760.96,766.51,3.5497,195.75,0.31436,0.2714
2025-07-22,119993.7,3746.01,787.6,3.5533,205.78,0.31603,0.27107
2025-07-23,118713.5,3627.49,776.92,3.1845,189.4,0.30945,0.24072
2025-07-24,118294.3,3706.2,771.15,3.1442,182.8,0.31375,0.23208
2025-07-25,117583.5,3724.17,785.98,3.141,186.69,0.31701,0.23662
2025-07-26,117889.2,3740.0,793.61,3.165,184.82,0.32002,0.23537
2025-07-27,119423.4,3871.47,844.8,3.2376,188.55,0.3199,0.24059
2025-07-28,118041.4,3796.0,824.48,3.1218,183.03,0.3224,0.22606
2025-07-29,117897.0,3791.55,805.82,3.1269,181.39,0.33845,0.22381
2025-07-30,117771.0,3808.67,794.07,3.0957,177.68,0.32734,0.21988
2025-07-31,115697.3,3696.58,783.68,3.0203,172.15,0.32478,0.20966
2025-08-01,113244.8,3486.42,757.64,2.9602,162.61,0.32333,0.20085
2025-08-02,112508.8,3392.42,736.97,2.7684,158.4,0.32191,0.19093
2025-08-03,114150.8,3495.0,751.41,2.9463,161.84,0.32741,0.19866
2025-08-04,115002.1,3719.42,768.89,3.0701,169.46,0.33271,0.21031
2025-08-05,114069.6,3610.19,755.57,2.9607,163.99,0.33371,0.19971
2025-08-06,114941.0,3681.21,769.94,2.9896,168.03,0.33715,0.20519
2025-08-07,117419.9,3908.4,788.99,3.3181,175.26,0.33831,0.22216
2025-08-08,116628.2,4009.05,793.71,3.2848,176.7,0.33764,0.23032
2025-08-09,116422.1,4259.1,799.16,3.2245,179.85,0.33492,0.23989
2025-08-10,119255.3,4248.77,807.65,3.1856,182.59,0.33807,0.23377
2025-08-11,118641.9,4221.31,805.26,3.1281,174.75,0.34498,0.22198
2025-08-12,120081.0,4589.31,833.05,3.2665,191.76,0.35238,0.23571
2025-08-13,123323.9,4748.37,848.3,3.2752,201.58,0.3621,0.24478
2025-08-14,118242.2,4545.26,840.8,3.0774,192.39,0.35757,0.22368
2025-08-15,117279.2,4437.16,828.0,3.0763,185.62,0.35242,0.22875
2025-08-16,117329.7,4420.22,838.97,3.1039,189.52,0.34771,0.23103
2025-08-17,117353.8,4470.66,855.96,3.0856,190.92,0.35325,0.23447
2025-08-18,116183.6,4311.73,847.56,3.0605,182.84,0.35019,0.22253
2025-08-19,112824.2,4073.94,824.44,2.8593,176.13,0.34731,0.20933
2025-08-20,114220.5,4334.5,869.71,2.9503,187.9,0.35435,0.2216
2025-08-21,112462.2,4223.7,839.78,2.8505,180.25,0.3535,0.21465
2025-08-22,116897.5,4830.37,901.0,3.0738,200.68,0.36665,0.2405
2025-08-23,115377.1,4777.26,880.86,3.0478,204.21,0.36226,0.23625
2025-08-24,113446.3,4778.32,876.9,3.025,206.09,0.36123,0.23175
2025-08-25,110064.0,4374.25,839.63,2.8567,187.09,0.34141,0.20953
2025-08-26,111709.9,4598.49,864.16,3.0112,195.77,0.35169,0.21833
2025-08-27,111194.9,4504.84,855.74,2.9676,202.94,0.34487,0.21883
2025-08-28,112507.3,4509.1,873.92,2.9647,214.29,0.34493,0.2243
2025-08-29,108332.4,4358.65,862.84,2.8179,204.98,0.33842,0.2138
2025-08-30,108757.9,4372.0,862.6,2.8167,202.59,0.33894,0.21585
2025-08-31,108208.4,4389.58,858.08,2.7745,200.57,0.34076,0.21359
2025-09-01,109187.9,4313.0,846.19,2.7576,197.22,0.33706,0.21063
2025-09-02,111188.0,4324.59,852.22,2.8605,209.54,0.33785,0.21481
2025-09-03,111659.8,4448.22,855.21,2.843,210.65,0.34035,0.22022
2025-09-04,110679.4,4295.68,843.8,2.7933,202.23,0.33428,0.2123
2025-09-05,110614.9,4305.71,850.28,2.8132,203.3,0.33108,0.21778
2025-09-06,110135.3,4271.69,861.47,2.8083,200.06,0.31384,0.21583
2025-09-07,111076.0,4303.84,880.67,2.876,206.29,0.33104,0.22868
2025-09-08,112012.6,4303.98,878.55,2.9687,214.02,0.33103,0.24157
2025-09-09,111499.9,4308.4,880.3,2.9456,217.11,0.33492,0.24051
2025-09-10,113896.8,4347.83,894.14,2.9822,223.94,0.33815,0.24525
2025-09-11,115427.0,4456.86,903.13,3.0388,228.62,0.34607,0.25591
2025-09-12,115978.4,4710.83,925.5,3.1046,242.07,0.35251,0.27545
2025-09-13,115862.7,4664.74,934.21,3.1181,242.25,0.34962,0.28933
2025-09-14,115210.0,4602.0,926.82,3.0266,239.63,0.3482,0.27785
2025-09-15,115300.6,4521.54,920.12,2.9957,234.18,0.34464,0.26818
2025-09-16,116747.3,4499.41,956.26,3.0364,236.86,0.34213,0.26984
2025-09-17,116402.5,4588.3,990.81,3.083,244.75,0.34293,0.28241
2025-09-18,117017.1,4585.31,981.78,3.0721,247.34,0.35047,0.27838
2025-09-19,115569.5,4466.49,984.48,2.9885,238.4,0.34358,0.26513
2025-09-20,115624.9,4478.27,1044.27,2.9735,239.38,0.34648,0.26747
2025-09-21,115183.9,4443.01,1048.25,2.9686,236.05,0.34223,0.2606
2025-09-22,112604.7,4196.86,993.51,2.8512,220.28,0.33981,0.24109
2025-09-23,111947.0,4162.25,1016.87,2.8234,213.18,0.33569,0.23698
2025-09-24,113254.0,4150.51,1018.81,2.9246,211.45,0.33796,0.24097
2025-09-25,108934.5,3873.1,946.49,2.742,192.6,0.33178,0.22281
2025-09-26,109588.5,4030.17,961.28,2.7823,205.01,0.33825,0.23232
2025-09-27,109577.3,4017.01,968.71,2.8032,203.32,0.33634,0.23067
2025-09-28,112119.6,4139.55,993.09,2.8662,210.7,0.33552,0.23722
2025-09-29,114257.1,4212.98,1030.43,2.8788,212.59,0.33672,0.23469
2025-09-30,113988.8,4142.75,1008.77,2.8454,208.6,0.33345,0.23282
2025-10-01,118552.4,4345.85,1026.85,2.9473,221.91,0.34148,0.24894
2025-10-02,120481.3,4481.7,1090.91,3.0375,234.6,0.34248,0.26191
2025-10-03,122182.7,4511.11,1190.39,3.0395,232.74,0.34176,0.25811
2025-10-04,122343.2,4484.79,1151.46,2.9675,227.72,0.34026,0.2507
2025-10-05,123426.7,4512.34,1167.98,2.9679,228.45,0.34128,0.25268
2025-10-06,124628.5,4682.43,1223.97,2.9878,232.27,0.34612,0.26601
2025-10-07,121286.5,4445.76,1305.33,2.8509,219.84,0.33758,0.24671
2025-10-08,123237.5,4523.67,1306.84,2.8786,228.95,0.34195,0.25557
2025-10-09,121579.3,4365.83,1256.16,2.8011,220.8,0.33685,0.24843
2025-10-10,112714.9,3819.99,1102.85,2.3666,187.65,0.3205,0.19312
2025-10-11,110579.1,3744.99,1134.93,2.3806,177.22,0.31412,0.18516
2025-10-12,114894.4,4149.99,1302.92,2.5271,196.88,0.32263,0.20704
2025-10-13,115111.9,4239.7,1293.71,2.6042,208.57,0.32234,0.2137
2025-10-14,112983.8,4123.05,1208.03,2.502,202.34,0.31655,0.20426
2025-10-15,110699.0,3983.81,1163.09,2.4097,193.73,0.31912,0.19611
2025-10-16,108129.4,3892.02,1144.65,2.3268,184.76,0.3159,0.18838
