open_time,Open,High,Low,Close,volume,close_time,quote_asset_volume,number_of_trades,taker_buy_base_asset_volume,taker_buy_quote_asset_volume,ignore
2020-10-18,30.202,30.950,30.132,30.599,1838350.02,2020-10-18 23:59:59.999,56278918.93380,187100,926645.07,28374608.36817,0
2020-10-19,30.600,30.672,29.700,29.899,2176988.84,2020-10-19 23:59:59.999,65566585.07564,188301,994475.49,29959517.18893,0
2020-10-20,29.899,30.089,28.500,28.831,2639829.66,2020-10-20 23:59:59.999,77200628.40542,233487,1184608.93,34643270.74597,0
2020-10-21,28.832,30.420,28.651,29.734,3038475.70,2020-10-21 23:59:59.999,90105737.91095,248968,1452831.66,43081419.91633,0
2020-10-22,29.732,31.280,29.682,30.663,2969500.15,2020-10-22 23:59:59.999,91236980.68623,240025,1457448.76,44777446.43193,0
2020-10-23,30.658,31.186,30.065,30.630,1900619.78,2020-10-23 23:59:59.999,58321199.15919,210472,899744.85,27622019.36020,0
2020-10-24,30.630,30.850,30.407,30.629,927606.27,2020-10-24 23:59:59.999,28407425.21260,182746,452227.28,13851520.25573,0
2020-10-25,30.629,30.990,29.850,30.107,1470943.00,2020-10-25 23:59:59.999,44621956.39088,188414,681082.22,20678270.21083,0
2020-10-26,30.104,31.370,29.925,31.022,3277614.79,2020-10-26 23:59:59.999,100829281.59629,269375,1663897.29,51202973.77949,0
2020-10-27,31.021,32.448,30.821,31.423,4314842.52,2020-10-27 23:59:59.999,136505610.77661,299644,2097044.85,66384042.91618,0
2020-10-28,31.415,31.930,29.750,30.322,2931609.08,2020-10-28 23:59:59.999,90172790.57847,229224,1336088.38,41089619.19371,0
2020-10-29,30.322,30.423,29.460,29.845,2307279.52,2020-10-29 23:59:59.999,69274701.79915,193915,1060506.51,31866641.53691,0
2020-10-30,29.847,30.190,27.451,28.509,3609401.75,2020-10-30 23:59:59.999,103053427.81800,261142,1665856.39,47532762.67815,0
2020-10-31,28.510,28.910,28.120,28.504,1636871.66,2020-10-31 23:59:59.999,46758164.52414,195216,789894.59,22568888.75912,0
2020-11-01,28.509,28.685,28.105,28.568,1166370.60,2020-11-01 23:59:59.999,33014941.39253,192137,563133.81,15943710.54753,0
2020-11-02,28.564,29.271,27.773,27.807,2698951.61,2020-11-02 23:59:59.999,77181697.86428,225952,1254084.40,35895929.16731,0
2020-11-03,27.806,27.806,25.727,26.878,3416204.58,2020-11-03 23:59:59.999,91018601.64260,261717,1604651.05,42757623.11714,0
2020-11-04,26.879,26.979,25.937,26.960,2674949.35,2020-11-04 23:59:59.999,70873540.01038,223127,1232417.64,32672910.14515,0
2020-11-05,26.962,27.947,26.674,27.721,3049246.30,2020-11-05 23:59:59.999,83560630.13618,236810,1476729.19,40480852.18794,0
2020-11-06,27.723,29.555,27.721,29.052,3610757.42,2020-11-06 23:59:59.999,103885708.91947,269813,1773810.76,51045936.81075,0
2020-11-07,29.054,29.914,26.851,27.788,4232157.28,2020-11-07 23:59:59.999,121480847.56771,311327,1910176.56,54900767.45653,0
2020-11-08,27.784,28.740,27.485,28.427,1910190.58,2020-11-08 23:59:59.999,53939729.11646,195733,961331.05,27158472.79302,0
2020-11-09,28.421,28.978,27.375,28.100,2500157.58,2020-11-09 23:59:59.999,70566408.43938,216748,1229837.02,34733450.09751,0
2020-11-10,28.100,28.539,27.717,28.237,2011956.56,2020-11-10 23:59:59.999,56653622.03376,184975,990102.50,27889154.72553,0
2020-11-11,28.238,28.600,27.811,28.010,1570625.19,2020-11-11 23:59:59.999,44277853.14999,176239,733752.71,20690301.04904,0
2020-11-12,28.012,28.188,27.302,27.712,1509464.91,2020-11-12 23:59:59.999,41929883.89830,180941,666570.97,18519789.52913,0
2020-11-13,27.712,28.488,27.550,28.227,2001986.93,2020-11-13 23:59:59.999,56150124.08873,203657,977734.77,27429525.41309,0
2020-11-14,28.227,28.233,27.408,27.964,1213580.95,2020-11-14 23:59:59.999,33670851.95792,190204,558264.64,15489665.36494,0
2020-11-15,27.959,28.240,27.069,27.681,1611727.73,2020-11-15 23:59:59.999,44855583.79333,207782,736560.52,20520758.48620,0
2020-11-16,27.681,28.231,27.480,27.997,1523268.24,2020-11-16 23:59:59.999,42511092.30144,167269,754302.93,21050600.54260,0
2020-11-17,27.990,28.830,27.958,28.554,2544418.50,2020-11-17 23:59:59.999,72512580.62212,200984,1168725.69,33299706.97647,0
2020-11-18,28.561,28.840,27.203,28.120,2854413.67,2020-11-18 23:59:59.999,80227340.82021,225592,1252065.97,35193663.76274,0
2020-11-19,28.123,28.388,27.650,28.123,1769669.98,2020-11-19 23:59:59.999,49672010.05929,181782,841875.24,23631641.34424,0
2020-11-20,28.123,29.339,28.074,28.986,2819396.37,2020-11-20 23:59:59.999,81176230.81665,219031,1351814.66,38911833.78170,0
2020-11-21,28.986,30.838,28.339,30.581,4992749.70,2020-11-21 23:59:59.999,148218419.12064,308668,2277614.43,67637988.07190,0
2020-11-22,30.587,31.362,28.878,30.045,4664400.13,2020-11-22 23:59:59.999,140573398.75155,315496,2086026.96,62901026.46889,0
2020-11-23,30.041,31.179,29.821,31.063,4520129.80,2020-11-23 23:59:59.999,137955951.61050,309535,2020565.20,61697036.94658,0
2020-11-24,31.057,35.328,30.852,33.919,11036062.96,2020-11-24 23:59:59.999,365280262.16111,564216,5027457.10,166410412.80463,0
2020-11-25,33.927,35.423,30.300,31.285,6090274.80,2020-11-25 23:59:59.999,201330449.81090,396133,2692872.66,89175675.97668,0
2020-11-26,31.284,31.793,26.409,28.258,9344593.80,2020-11-26 23:59:59.999,268723165.35109,567457,4375769.94,125956557.43259,0
2020-11-27,28.263,28.750,27.263,28.500,3319292.13,2020-11-27 23:59:59.999,93249138.99602,251236,1600176.35,44958343.54908,0
2020-11-28,28.500,29.722,27.927,29.168,2567869.23,2020-11-28 23:59:59.999,74245584.99100,199945,1276784.75,36920277.74832,0
2020-11-29,29.165,30.479,28.910,30.138,2572348.98,2020-11-29 23:59:59.999,76134371.95894,206100,1231285.97,36450342.30542,0
2020-11-30,30.138,31.696,29.759,31.535,3329955.45,2020-11-30 23:59:59.999,102498110.64329,248562,1532941.38,47171223.18341,0
2020-12-01,31.540,32.000,29.164,30.206,4032903.50,2020-12-01 23:59:59.999,123938360.14332,312754,1864225.74,57278492.18828,0
2020-12-02,30.205,30.993,29.504,30.278,2308003.41,2020-12-02 23:59:59.999,69942956.70488,208419,1118245.73,33899037.97441,0
2020-12-03,30.286,30.859,29.884,30.721,1656800.75,2020-12-03 23:59:59.999,50405361.39047,168047,773997.83,23550435.74028,0
2020-12-04,30.720,31.160,28.757,29.039,2403792.70,2020-12-04 23:59:59.999,71929179.54771,222357,1110954.83,33256298.44015,0
2020-12-05,29.040,30.041,28.682,29.740,1626331.61,2020-12-05 23:59:59.999,47793114.56812,185907,795355.09,23373139.11555,0
2020-12-06,29.730,30.162,29.057,29.499,1398524.30,2020-12-06 23:59:59.999,41305996.87542,162364,696794.06,20587611.06736,0
2020-12-07,29.508,29.668,29.090,29.380,1053377.07,2020-12-07 23:59:59.999,30935718.73322,162035,505910.51,14860278.99539,0
2020-12-08,29.384,29.488,27.453,27.687,1961246.58,2020-12-08 23:59:59.999,55669703.74606,207779,861754.07,24465230.43566,0
2020-12-09,27.682,28.398,26.932,28.152,1476065.49,2020-12-09 23:59:59.999,40946511.95294,165855,706729.42,19623018.82287,0
2020-12-10,28.145,28.243,27.422,27.700,1036482.54,2020-12-10 23:59:59.999,28796222.02568,151821,529019.47,14694881.48848,0
2020-12-11,27.699,27.784,26.747,27.356,1219804.25,2020-12-11 23:59:59.999,33171119.06108,171035,598518.95,16276425.80971,0
2020-12-12,27.359,28.235,27.283,28.162,1029509.45,2020-12-12 23:59:59.999,28686112.86665,154054,512432.18,14283943.18395,0
2020-12-13,28.163,29.323,28.023,29.182,1386617.61,2020-12-13 23:59:59.999,39963156.70825,162397,684902.55,19731238.74604,0
2020-12-14,29.185,30.194,28.690,30.031,2027509.43,2020-12-14 23:59:59.999,59619234.31363,175177,988133.67,29075990.71540,0
2020-12-15,30.040,30.335,29.305,29.470,1372204.44,2020-12-15 23:59:59.999,40853888.07639,141562,644307.90,19184296.48015,0
2020-12-16,29.471,30.670,29.035,30.563,2173014.46,2020-12-16 23:59:59.999,64975816.57149,175364,1030672.83,30795799.42415,0
2020-12-17,30.564,31.634,29.746,30.237,3996558.39,2020-12-17 23:59:59.999,123043407.10300,266832,1806972.53,55653577.57322,0
2020-12-18,30.238,31.260,29.638,31.000,1958227.68,2020-12-18 23:59:59.999,59862269.90047,173779,948169.62,28987518.03402,0
2020-12-19,31.000,34.356,30.931,33.337,5468744.51,2020-12-19 23:59:59.999,180458344.67921,342101,2566284.70,84545910.20877,0
2020-12-20,33.346,35.700,32.600,34.290,6599639.99,2020-12-20 23:59:59.999,226687301.56077,400341,3087517.62,106088259.57008,0
2020-12-21,34.297,35.695,31.500,32.130,7192550.36,2020-12-21 23:59:59.999,240192067.07971,457065,3364067.87,112441433.21239,0
2020-12-22,32.130,33.858,30.500,33.527,4476925.13,2020-12-22 23:59:59.999,144947357.09639,338242,2193860.50,71064810.33953,0
2020-12-23,33.527,34.500,29.800,31.159,5435106.02,2020-12-23 23:59:59.999,177304618.17446,383750,2536525.90,82827451.23857,0
2020-12-24,31.161,32.776,30.354,32.504,3172919.14,2020-12-24 23:59:59.999,100175786.85975,265662,1556346.92,49134318.82231,0
2020-12-25,32.525,33.532,31.745,33.231,2648964.10,2020-12-25 23:59:59.999,86602796.28391,235493,1249742.99,40866396.24062,0
2020-12-26,33.235,34.106,32.578,33.638,2918075.41,2020-12-26 23:59:59.999,97474881.46584,243380,1379610.19,46103708.50842,0
2020-12-27,33.641,35.132,31.792,33.676,4249254.43,2020-12-27 23:59:59.999,143677272.94804,348546,1914067.24,64773069.48202,0
2020-12-28,33.680,36.268,33.352,36.026,4737639.14,2020-12-28 23:59:59.999,167494762.90028,345373,2143080.77,75786131.21158,0
2020-12-29,36.023,39.500,35.372,39.122,7250595.49,2020-12-29 23:59:59.999,275087307.71419,515664,3626998.38,137698646.90579,0
2020-12-30,39.127,39.355,36.852,38.224,2447370.68,2020-12-30 23:59:59.999,92516921.15966,245472,1116871.08,42248257.47040,0
2020-12-31,38.209,38.280,36.670,37.386,1803543.66,2020-12-31 23:59:59.999,67479827.55992,197958,795634.07,29772069.16551,0
2021-01-01,37.400,39.082,37.000,37.795,2613623.24,2021-01-01 23:59:59.999,99344291.78495,264595,1190776.25,45260332.45087,0
2021-01-02,37.795,39.060,36.790,38.271,2789507.96,2021-01-02 23:59:59.999,105559011.11676,275277,1277245.43,48336493.99729,0
2021-01-03,38.271,41.906,37.838,41.300,5731756.14,2021-01-03 23:59:59.999,230122378.41895,457600,2615539.56,105040872.29335,0
2021-01-04,41.301,43.646,38.011,41.142,6603696.97,2021-01-04 23:59:59.999,268002846.34759,530059,3015265.84,122416457.74082,0
2021-01-05,41.126,41.807,38.844,41.799,4157283.50,2021-01-05 23:59:59.999,167800582.98486,342304,1848682.80,74643313.13730,0
2021-01-06,41.806,42.328,40.530,42.288,3385263.29,2021-01-06 23:59:59.999,140351595.41443,319961,1478139.17,61308880.27595,0
2021-01-07,42.286,44.928,41.300,43.570,4664178.86,2021-01-07 23:59:59.999,201493806.87513,424033,2128339.86,91981145.54939,0
2021-01-08,43.566,43.690,40.054,42.394,4283914.41,2021-01-08 23:59:59.999,180737744.04054,377962,2012381.44,84889828.72207,0
2021-01-09,42.403,44.301,41.520,43.907,3048897.77,2021-01-09 23:59:59.999,130567492.02824,297436,1442074.11,61734508.31043,0
2021-01-10,43.911,45.200,39.786,42.399,4438160.76,2021-01-10 23:59:59.999,191480239.10162,430353,1994900.66,86106694.30409,0
2021-01-11,42.394,42.464,35.130,38.104,7471566.19,2021-01-11 23:59:59.999,286696120.40170,619602,3485925.15,133651754.59216,0
2021-01-12,38.114,39.998,37.135,38.275,3873565.39,2021-01-12 23:59:59.999,149031276.43131,354179,1915952.79,73749393.21961,0
2021-01-13,38.274,40.512,37.000,40.192,3655018.80,2021-01-13 23:59:59.999,140899630.97661,331381,1841511.71,71053798.90891,0
2021-01-14,40.208,42.039,39.680,41.911,3023256.98,2021-01-14 23:59:59.999,123844764.44994,303629,1386457.57,56791494.16911,0
2021-01-15,41.912,42.690,38.696,40.880,3622510.35,2021-01-15 23:59:59.999,148351367.44652,338991,1665401.23,68205956.29008,0
2021-01-16,40.882,44.226,40.689,43.171,4005216.95,2021-01-16 23:59:59.999,170702878.35315,364852,1909949.86,81370679.84620,0
2021-01-17,43.169,46.784,41.000,45.857,5321151.21,2021-01-17 23:59:59.999,234148839.87087,447884,2517004.47,110856888.93052,0
2021-01-18,45.861,46.967,44.145,45.442,3761963.01,2021-01-18 23:59:59.999,170845051.60955,325137,1719552.55,78131109.08507,0
2021-01-19,45.447,47.400,41.686,42.492,5885999.28,2021-01-19 23:59:59.999,261881385.10176,483938,2759624.64,122637237.02250,0
2021-01-20,42.477,42.802,40.195,42.607,4038131.83,2021-01-20 23:59:59.999,168146125.47692,386922,1883996.55,78500175.75955,0
2021-01-21,42.620,42.714,38.116,38.647,4457043.10,2021-01-21 23:59:59.999,179805196.92555,400757,2091731.69,84417076.85078,0
2021-01-22,38.648,41.426,36.810,40.863,4101010.61,2021-01-22 23:59:59.999,162589322.82931,369381,1967015.71,78054022.38530,0
2021-01-23,40.855,41.799,39.504,40.925,2586537.96,2021-01-23 23:59:59.999,105153492.32686,278699,1279201.76,52027957.16387,0
2021-01-24,40.927,42.273,40.280,41.850,1854955.87,2021-01-24 23:59:59.999,76799122.45614,244016,845082.71,34995202.40734,0
2021-01-25,41.850,43.435,40.500,41.826,2542580.91,2021-01-25 23:59:59.999,107571862.48905,292131,1132151.66,47898390.97463,0
2021-01-26,41.835,42.556,39.876,41.873,2217988.98,2021-01-26 23:59:59.999,90990712.26302,270774,1092392.25,44814491.75349,0
2021-01-27,41.860,42.131,39.710,40.902,2497721.46,2021-01-27 23:59:59.999,102243269.16948,291300,1147205.70,46974249.12763,0
2021-01-28,40.907,42.999,40.360,42.452,2241362.92,2021-01-28 23:59:59.999,94475743.39705,267520,1038307.49,43787216.78688,0
2021-01-29,42.452,44.100,41.837,42.863,2967302.44,2021-01-29 23:59:59.999,127497250.36969,322487,1425946.46,61258497.69214,0
2021-01-30,42.869,45.156,42.600,44.744,1953602.31,2021-01-30 23:59:59.999,86077046.95623,243602,1016480.73,44779746.35531,0
2021-01-31,44.740,45.707,43.374,44.353,1771975.33,2021-01-31 23:59:59.999,78544090.37274,237810,892715.12,39577892.87679,0
2021-02-01,44.345,52.578,43.418,51.483,5792782.90,2021-02-01 23:59:59.999,280811230.96805,619431,2942071.11,142639401.28733,0
2021-02-02,51.461,52.888,49.315,50.914,4571265.54,2021-02-02 23:59:59.999,232664923.88246,463195,2252252.95,114651417.61820,0
2021-02-03,50.906,52.694,49.751,52.096,2182777.61,2021-02-03 23:59:59.999,111438021.18047,263064,1087924.76,55566875.29063,0
2021-02-04,52.095,56.948,51.008,55.968,3742663.91,2021-02-04 23:59:59.999,201246849.48788,434329,1906856.31,102551243.55170,0
2021-02-05,55.960,68.800,55.925,67.736,5761391.94,2021-02-05 23:59:59.999,354892927.06439,688401,2888234.65,178107013.09749,0
2021-02-06,67.690,75.538,61.520,72.555,12358167.87,2021-02-06 23:59:59.999,874732752.19150,1134997,5987404.18,424178897.37162,0
2021-02-07,72.548,74.500,64.034,68.269,6571573.68,2021-02-07 23:59:59.999,453573888.24923,680336,3171623.90,219055983.94277,0
2021-02-08,68.259,80.386,67.400,80.146,7926793.81,2021-02-08 23:59:59.999,581712183.32185,866782,3913895.00,287244240.37722,0
2021-02-09,80.146,116.592,78.785,107.249,17338691.09,2021-02-09 23:59:59.999,1715925644.63717,1799021,8380363.45,829457208.62429,0
2021-02-10,107.254,148.900,107.250,128.901,27321335.80,2021-02-10 23:59:59.999,3537757054.75824,3423412,13142383.33,1701531105.67539,0
2021-02-11,128.900,133.605,118.000,124.110,7898640.86,2021-02-11 23:59:59.999,988435909.81586,1068228,3744384.56,468825703.39803,0
2021-02-12,124.148,141.850,121.000,136.745,7979486.20,2021-02-12 23:59:59.999,1055142000.47924,1037487,3760157.68,497461227.86729,0
2021-02-13,136.728,139.000,124.951,133.500,4435209.64,2021-02-13 23:59:59.999,583667753.63512,666842,2027319.61,266920922.12219,0
2021-02-14,133.500,140.417,128.541,135.844,5327989.90,2021-02-14 23:59:59.999,713957618.34866,716754,2498091.08,334896334.60391,0
2021-02-15,135.890,140.187,117.189,130.037,5327626.06,2021-02-15 23:59:59.999,688852449.81752,754033,2418462.06,313072897.84458,0
2021-02-16,130.036,134.000,126.200,130.334,3003950.45,2021-02-16 23:59:59.999,390849638.86074,480056,1378784.54,179496676.63952,0
2021-02-17,130.327,176.920,127.000,165.556,11845430.36,2021-02-17 23:59:59.999,1813734286.07048,1595247,5764874.36,883296501.32347,0
2021-02-18,165.638,201.690,163.257,195.549,15260592.33,2021-02-18 23:59:59.999,2864510514.33314,2082367,7299638.58,1370221799.23143,0
2021-02-19,195.571,350.000,195.000,334.094,35904371.35,2021-02-19 23:59:59.999,10019885962.46741,7148391,17313234.68,4829117853.36741,0
2021-02-20,334.111,337.000,223.342,252.807,20932443.53,2021-02-20 23:59:59.999,5912072901.33963,5183793,9731045.31,2750022094.45709,0
2021-02-21,253.053,309.086,249.001,294.864,14676450.99,2021-02-21 23:59:59.999,4155862705.69895,3394379,7041046.55,1993071836.93636,0
2021-02-22,294.945,295.986,219.000,267.467,15428019.61,2021-02-22 23:59:59.999,4042822266.78488,3666793,7316029.84,1919397855.31843,0
2021-02-23,267.444,270.081,183.500,230.982,19576669.04,2021-02-23 23:59:59.999,4334130731.88721,4528646,9418630.97,2086966690.00844,0
2021-02-24,230.990,280.811,213.200,254.183,14890210.61,2021-02-24 23:59:59.999,3754142486.00136,3229809,7197895.46,1814904044.87115,0
2021-02-25,254.194,265.820,231.000,234.376,9071200.41,2021-02-25 23:59:59.999,2266374310.55284,2084220,4360912.74,1090200697.15883,0
2021-02-26,234.409,239.772,208.872,221.600,10146456.87,2021-02-26 23:59:59.999,2289352972.85643,2335477,4946492.57,1116894642.87443,0
2021-02-27,221.594,238.000,218.991,225.360,5396399.16,2021-02-27 23:59:59.999,1230194961.35626,1352282,2630694.53,599933966.34134,0
2021-02-28,225.330,229.294,195.000,210.110,7904773.17,2021-02-28 23:59:59.999,1653869877.94446,1702913,3830519.52,801470409.99261,0
2021-03-01,210.196,260.000,209.052,255.033,11445294.27,2021-03-01 23:59:59.999,2765386971.87072,2331009,5633694.37,1360424487.16647,0
2021-03-02,255.069,265.584,227.121,239.713,7830293.28,2021-03-02 23:59:59.999,1915270144.56256,1501657,3792603.24,927658778.89129,0
2021-03-03,239.673,255.387,236.054,240.499,6569331.17,2021-03-03 23:59:59.999,1621177389.75132,1240085,3137903.79,774655600.46279,0
2021-03-04,240.427,250.311,225.577,229.743,5592589.83,2021-03-04 23:59:59.999,1331429561.70798,1126102,2664887.85,634908273.07196,0
2021-03-05,229.698,231.637,215.700,225.407,5124643.74,2021-03-05 23:59:59.999,1144093957.55844,1072202,2479352.16,553645873.73778,0
2021-03-06,225.409,232.386,219.424,226.349,3351778.24,2021-03-06 23:59:59.999,755801055.06652,737608,1633982.55,368539749.85488,0
2021-03-07,226.382,244.389,224.770,240.269,4499987.45,2021-03-07 23:59:59.999,1058652887.22604,949087,2184949.81,513959578.50826,0
2021-03-08,240.283,243.394,229.000,240.555,3799282.72,2021-03-08 23:59:59.999,895057867.60379,849480,1824406.65,429870846.52357,0
2021-03-09,240.553,298.292,235.820,293.464,12635026.59,2021-03-09 23:59:59.999,3401097400.37638,2587233,6034475.64,1624313838.46186,0
2021-03-10,293.424,296.500,264.000,278.397,10156146.59,2021-03-10 23:59:59.999,2860535754.97144,2162050,4779256.87,1346814258.57018,0
2021-03-11,278.397,316.491,272.434,290.040,12275392.55,2021-03-11 23:59:59.999,3595737902.70377,2614437,5897672.96,1727665867.46572,0
2021-03-12,290.040,290.954,246.336,263.372,9784609.14,2021-03-12 23:59:59.999,2640348829.36901,2153486,4609454.77,1243715182.85514,0
2021-03-13,263.404,284.933,255.550,276.980,5299618.99,2021-03-13 23:59:59.999,1448083021.93244,1266424,2561675.87,699805108.40937,0
2021-03-14,276.994,277.710,263.114,263.278,3400635.57,2021-03-14 23:59:59.999,919002613.54001,870552,1604588.95,433766674.72422,0
2021-03-15,263.431,268.158,249.649,254.523,4745146.30,2021-03-15 23:59:59.999,1220857944.82322,1114058,2240412.53,576585884.78432,0
2021-03-16,254.530,259.902,240.000,258.957,4021206.86,2021-03-16 23:59:59.999,1013265927.78932,1021004,1916805.28,483212760.62913,0
2021-03-17,258.964,272.598,248.624,270.149,3325521.09,2021-03-17 23:59:59.999,857917831.23671,828151,1580633.38,407691517.26424,0
2021-03-18,270.187,278.239,257.461,261.699,4023547.21,2021-03-18 23:59:59.999,1083023933.05355,1007408,1847532.08,497354780.96139,0
2021-03-19,261.699,269.486,255.001,262.924,2412866.29,2021-03-19 23:59:59.999,638127797.27726,659813,1136434.87,300617252.75822,0
2021-03-20,262.933,274.848,261.585,264.332,2695399.68,2021-03-20 23:59:59.999,724691118.54619,704035,1262938.08,339655782.97225,0
2021-03-21,264.305,268.121,257.232,264.852,2342979.86,2021-03-21 23:59:59.999,617711659.78517,623703,1087556.25,286860354.56150,0
2021-03-22,264.852,277.607,253.000,254.967,4184146.94,2021-03-22 23:59:59.999,1113058065.16685,1010608,1930566.87,514161734.93622,0
2021-03-23,254.990,263.031,252.000,255.654,3094054.40,2021-03-23 23:59:59.999,798087982.96707,805333,1495446.64,385763626.84060,0
2021-03-24,255.605,268.807,240.000,248.468,3981391.25,2021-03-24 23:59:59.999,1024271347.75635,965683,1825119.64,469903594.32431,0
2021-03-25,248.520,250.084,222.902,233.852,5051270.59,2021-03-25 23:59:59.999,1195801079.20644,1206240,2364696.23,559730527.04033,0
2021-03-26,233.849,255.192,233.744,255.072,3135255.75,2021-03-26 23:59:59.999,773587100.15819,774600,1453470.84,358600345.04096,0
2021-03-27,255.046,276.338,248.788,269.619,3929000.15,2021-03-27 23:59:59.999,1023220527.38542,991526,1805421.68,470790415.79875,0
2021-03-28,269.605,281.670,261.100,268.799,3872203.57,2021-03-28 23:59:59.999,1050984177.08010,1052281,1824542.66,495456259.47163,0
2021-03-29,268.788,278.500,264.520,275.426,2623334.32,2021-03-29 23:59:59.999,716337983.67931,747303,1240152.66,338725932.38460,0
2021-03-30,275.421,312.811,271.507,312.347,7941174.14,2021-03-30 23:59:59.999,2358752333.65585,1917154,3838904.72,1140459037.55547,0
2021-03-31,312.322,317.890,283.000,302.700,7969896.60,2021-03-31 23:59:59.999,2415262142.06915,1868201,3730788.25,1130994952.28641,0
2021-04-01,302.702,340.000,301.000,335.334,6517964.68,2021-04-01 23:59:59.999,2093682423.10748,1636935,3157740.25,1014922666.65700,0
2021-04-02,335.374,358.418,325.000,338.821,6764633.33,2021-04-02 23:59:59.999,2338213755.15838,1844569,3186542.82,1101972838.12591,0
2021-04-03,338.721,349.800,315.200,322.235,4675679.12,2021-04-03 23:59:59.999,1571363019.52245,1414139,2204836.75,741184127.60871,0
2021-04-04,322.244,352.867,316.116,349.304,4016471.30,2021-04-04 23:59:59.999,1366193753.50748,1205901,1948627.34,662981263.76520,0
2021-04-05,349.277,381.240,335.532,368.763,5689326.56,2021-04-05 23:59:59.999,2061267862.76967,1581988,2764542.86,1001995642.99641,0
2021-04-06,368.754,413.068,364.500,403.484,7737755.90,2021-04-06 23:59:59.999,3014535196.14841,2136941,3750926.34,1461956890.04883,0
2021-04-07,403.499,414.784,356.777,375.947,11124864.67,2021-04-07 23:59:59.999,4274347011.93321,2951432,5352006.08,2056519968.94112,0
2021-04-08,375.947,423.468,372.146,418.755,6253328.86,2021-04-08 23:59:59.999,2537454715.69412,1927288,3086404.99,1252900726.17705,0
2021-04-09,418.770,454.842,405.050,454.840,6426818.58,2021-04-09 23:59:59.999,2786192439.36973,1905145,3157248.67,1369662726.03354,0
2021-04-10,454.801,489.500,449.895,472.789,8798239.92,2021-04-10 23:59:59.999,4164539354.42506,2840385,4207492.25,1992055209.61538,0
2021-04-11,472.860,529.909,460.800,526.179,6886715.60,2021-04-11 23:59:59.999,3387721672.22694,2306332,3333496.28,1641299344.36137,0
2021-04-12,526.188,640.500,517.200,598.229,23039501.26,2021-04-12 23:59:59.999,13362139662.66084,7025555,11124865.02,6452226450.15066,0
2021-04-13,598.212,605.145,533.500,553.269,10826674.04,2021-04-13 23:59:59.999,6097883444.05825,3748471,5091598.64,2867740853.78611,0
2021-04-14,553.352,593.414,519.061,549.788,9289659.77,2021-04-14 23:59:59.999,5206864683.76420,3164916,4371239.41,2450728551.57076,0
2021-04-15,549.788,558.324,534.205,542.723,3947360.25,2021-04-15 23:59:59.999,2165924618.48792,1520498,1829025.43,1003855679.30599,0
2021-04-16,542.745,549.959,487.556,508.924,9544356.51,2021-04-16 23:59:59.999,4975202491.26112,3389373,4462379.46,2327380898.87052,0
2021-04-17,508.919,548.545,506.000,515.342,5197888.39,2021-04-17 23:59:59.999,2733959524.57189,2069605,2434949.38,1280771136.73416,0
2021-04-18,515.432,520.684,416.364,482.127,9714866.04,2021-04-18 23:59:59.999,4551574836.63867,3215779,4556958.47,2134616267.54528,0
2021-04-19,482.126,540.909,467.235,504.668,9465769.29,2021-04-19 23:59:59.999,4833438226.52617,3352897,4564452.40,2330723794.64714,0
2021-04-20,504.642,590.656,472.468,587.206,9366053.79,2021-04-20 23:59:59.999,4957928258.63442,3582012,4583021.50,2428194141.70092,0
2021-04-21,586.959,614.800,535.955,544.359,11208729.53,2021-04-21 23:59:59.999,6502790137.57968,3988429,5441142.51,3158383377.82480,0
2021-04-22,544.404,584.209,480.000,505.650,11147827.55,2021-04-22 23:59:59.999,6048588272.16200,4226405,5378822.50,2920548509.16524,0
2021-04-23,505.674,530.486,447.597,526.227,11796134.67,2021-04-23 23:59:59.999,5812742489.11263,4429474,5717556.19,2819447590.86359,0
2021-04-24,526.228,529.158,483.000,497.130,5350238.99,2021-04-24 23:59:59.999,2708628223.24489,2552114,2600751.51,1316921968.51025,0
2021-04-25,497.187,518.144,478.548,505.538,3966924.05,2021-04-25 23:59:59.999,1980701482.64678,1928941,1923054.08,960417088.66060,0
2021-04-26,505.543,550.595,502.010,535.358,4855443.57,2021-04-26 23:59:59.999,2583407899.69884,2261964,2326333.23,1238206453.57618,0
2021-04-27,535.358,579.885,525.797,569.126,4630435.47,2021-04-27 23:59:59.999,2586037846.84077,2083746,2239081.58,1250436728.80252,0
2021-04-28,569.126,580.000,540.000,563.063,3806369.44,2021-04-28 23:59:59.999,2128415418.97699,1714636,1794123.52,1003352451.52615,0
2021-04-29,563.053,616.653,554.066,600.325,7353626.11,2021-04-29 23:59:59.999,4310661450.51723,2953214,3562401.27,2088907811.25442,0
2021-04-30,600.325,628.950,586.328,623.585,5820798.56,2021-04-30 23:59:59.999,3559168414.64988,2421769,2796717.70,1710351929.88026,0
2021-05-01,623.585,645.500,609.459,620.810,3612502.76,2021-05-01 23:59:59.999,2259984012.19290,1771933,1679641.45,1051178873.71298,0
2021-05-02,620.813,629.670,596.000,622.071,3226654.83,2021-05-02 23:59:59.999,1988875768.89767,1655023,1524127.56,939986725.37393,0
2021-05-03,622.072,681.576,622.000,676.967,4826440.19,2021-05-03 23:59:59.999,3157870538.35078,2285486,2299152.98,1504375569.16219,0
2021-05-04,676.991,679.530,605.000,610.058,6042418.33,2021-05-04 23:59:59.999,3859026403.25555,2790458,2803468.03,1791196429.29338,0
2021-05-05,610.058,657.523,605.000,651.969,3253407.15,2021-05-05 23:59:59.999,2088866292.46737,1714883,1527151.90,980641355.89867,0
2021-05-06,652.000,655.347,621.000,634.224,2558175.16,2021-05-06 23:59:59.999,1635721032.98309,1526688,1160075.98,742052034.82449,0
2021-05-07,634.220,645.000,612.348,624.628,2400710.68,2021-05-07 23:59:59.999,1506655543.55009,1547943,1111226.54,697644420.34856,0
2021-05-08,624.617,659.182,619.111,646.270,2655923.32,2021-05-08 23:59:59.999,1703524578.63927,1611121,1253061.20,803931130.45906,0
2021-05-09,646.270,680.000,630.000,662.398,3424033.96,2021-05-09 23:59:59.999,2261320872.62863,1863735,1606953.99,1061853634.88795,0
2021-05-10,662.375,692.900,585.059,631.543,4579766.04,2021-05-10 23:59:59.999,3013336689.87588,2335910,2105128.92,1386683332.07493,0
2021-05-11,631.525,673.000,621.753,671.200,2466913.90,2021-05-11 23:59:59.999,1608585740.28546,1682451,1154292.27,752837893.09983,0
2021-05-12,671.190,685.000,580.000,594.100,2988758.56,2021-05-12 23:59:59.999,1936293778.00073,1752479,1355604.74,879842514.51789,0
2021-05-13,594.110,633.450,527.000,571.210,6731897.16,2021-05-13 23:59:59.999,3917493276.30910,3468565,3174433.67,1847607791.51970,0
2021-05-14,571.140,616.290,565.980,603.470,2583123.40,2021-05-14 23:59:59.999,1538673875.23383,1607597,1229843.03,732694399.78462,0
2021-05-15,603.530,611.540,560.000,563.850,2361014.79,2021-05-15 23:59:59.999,1381755945.65264,1573706,1101025.65,644428739.72911,0
2021-05-16,563.870,607.330,535.010,564.410,2956627.92,2021-05-16 23:59:59.999,1690630158.79039,1823175,1406982.99,804702892.22233,0
2021-05-17,564.410,564.410,483.930,512.440,4903573.52,2021-05-17 23:59:59.999,2542276498.33600,2558582,2312793.12,1199104105.96066,0
2021-05-18,512.460,535.000,496.000,508.310,3063472.58,2021-05-18 23:59:59.999,1581393751.00956,1867718,1463897.40,755992134.75689,0
2021-05-19,508.330,516.680,250.000,334.470,12232300.44,2021-05-19 23:59:59.999,4860680772.20380,5287533,5717835.07,2276044011.61559,0
2021-05-20,334.460,423.000,284.330,391.380,9016040.46,2021-05-20 23:59:59.999,3297036424.07439,3815160,4438820.98,1623187463.20462,0
2021-05-21,391.330,415.790,273.890,325.750,8510825.11,2021-05-21 23:59:59.999,2930822281.85531,3670938,4171146.26,1437099579.05316,0
2021-05-22,325.700,335.510,284.740,299.680,6478250.16,2021-05-22 23:59:59.999,2017003029.00531,2840985,3189759.90,993365654.37573,0
2021-05-23,299.630,313.620,211.140,260.610,13121033.09,2021-05-23 23:59:59.999,3299759533.40301,4212459,6480489.63,1628105589.82953,0
2021-05-24,260.700,350.340,257.430,345.330,9630202.59,2021-05-24 23:59:59.999,2929791445.02020,3386476,4792568.41,1457984568.83043,0
2021-05-25,345.280,376.080,307.000,343.430,8856765.25,2021-05-25 23:59:59.999,2977495160.24361,3525048,4393220.70,1477343026.38740,0
2021-05-26,343.440,388.550,336.370,379.180,6414379.53,2021-05-26 23:59:59.999,2362173490.37126,2902919,3134644.80,1154669153.00026,0
2021-05-27,379.150,387.600,340.030,369.710,5718913.42,2021-05-27 23:59:59.999,2089840766.99223,2625852,2793411.95,1020801486.90809,0
2021-05-28,369.720,373.720,312.460,329.110,7554255.27,2021-05-28 23:59:59.999,2536423803.79676,3260665,3749884.97,1259235289.40157,0
2021-05-29,329.120,347.540,295.640,304.170,6285913.68,2021-05-29 23:59:59.999,2005398200.09081,2658465,3128984.27,997926049.00361,0
2021-05-30,304.150,338.310,291.010,325.520,5630651.68,2021-05-30 23:59:59.999,1810503751.54083,2535067,2797405.58,899330974.77652,0
2021-05-31,325.520,356.160,307.060,353.120,5617361.52,2021-05-31 23:59:59.999,1878130586.66049,2430665,2786202.83,931202622.27895,0
2021-06-01,353.140,364.500,339.100,362.130,4956677.01,2021-06-01 23:59:59.999,1741564228.86819,2313291,2424449.49,852078221.75559,0
2021-06-02,362.100,418.450,350.380,401.340,6888672.89,2021-06-02 23:59:59.999,2712098414.53735,2778915,3388899.90,1333842250.17534,0
2021-06-03,401.330,432.180,391.140,428.420,5981632.04,2021-06-03 23:59:59.999,2486658573.46490,2592971,2898725.89,1205171608.10427,0
2021-06-04,428.520,429.710,365.330,390.830,8155115.32,2021-06-04 23:59:59.999,3169638670.54846,3291558,3954362.51,1536329140.09215,0
2021-06-05,390.860,426.550,373.480,389.700,7016327.34,2021-06-05 23:59:59.999,2814308174.91223,2980470,3427576.85,1375135767.77923,0
2021-06-06,389.680,400.220,381.390,393.520,3819571.31,2021-06-06 23:59:59.999,1494629391.00469,1834126,1884212.03,737446316.51449,0
2021-06-07,393.550,407.230,352.090,358.000,5888482.30,2021-06-07 23:59:59.999,2278544149.51350,2425769,2824910.58,1093673424.85363,0
2021-06-08,358.030,366.440,319.130,352.340,9851325.42,2021-06-08 23:59:59.999,3395242741.92649,3209874,4943781.82,1704152943.49407,0
2021-06-09,352.320,378.180,333.340,375.390,7029124.72,2021-06-09 23:59:59.999,2508616410.66797,2544150,3536850.80,1262346064.73245,0
2021-06-10,375.420,377.470,344.000,351.880,4950899.63,2021-06-10 23:59:59.999,1786512957.08916,2112125,2427618.23,876111742.72312,0
2021-06-11,351.870,366.500,340.510,345.490,4323389.94,2021-06-11 23:59:59.999,1534048436.78760,2148117,2163393.18,767890646.66928,0
2021-06-12,345.490,348.760,325.180,343.600,4410296.28,2021-06-12 23:59:59.999,1487364517.01043,2217409,2166788.32,730897965.20647,0
2021-06-13,343.600,369.240,330.200,365.830,4089294.14,2021-06-13 23:59:59.999,1415928304.16510,2077215,2030568.98,703256452.72969,0
2021-06-14,365.860,377.360,355.000,369.900,3724321.99,2021-06-14 23:59:59.999,1362050463.06219,2060228,1804585.65,660020057.48988,0
2021-06-15,369.900,379.720,363.000,366.300,3373483.39,2021-06-15 23:59:59.999,1251491779.70179,1869929,1617910.64,600408505.82256,0
2021-06-16,366.360,366.730,343.000,347.240,3353463.43,2021-06-16 23:59:59.999,1190135951.74576,1854942,1611234.05,571905124.95840,0
2021-06-17,347.240,362.340,345.760,352.450,2604926.77,2021-06-17 23:59:59.999,922563341.94761,1643264,1277634.01,452661045.32525,0
2021-06-18,352.450,356.850,327.000,336.790,3633095.61,2021-06-18 23:59:59.999,1246471325.90480,1902133,1764506.10,605598440.49608,0
2021-06-19,336.790,345.120,331.020,333.770,2454096.95,2021-06-19 23:59:59.999,830131241.42858,1560940,1228189.65,415474986.89604,0
2021-06-20,333.770,340.460,310.000,338.980,4070183.08,2021-06-20 23:59:59.999,1330212756.99949,1910329,2027435.47,662546402.54812,0
2021-06-21,338.980,342.360,268.000,270.330,8257621.62,2021-06-21 23:59:59.999,2521419739.47302,2925574,4004632.67,1223952622.66829,0
2021-06-22,270.310,291.020,225.000,261.920,12127953.13,2021-06-22 23:59:59.999,3142263426.53845,3567501,6045244.91,1566466720.22931,0
2021-06-23,261.920,310.830,250.550,295.690,6846050.95,2021-06-23 23:59:59.999,1975489737.81532,2422616,3437134.49,991946070.67277,0
2021-06-24,295.680,316.650,281.120,308.530,5626601.08,2021-06-24 23:59:59.999,1693998691.85864,2113094,2781053.82,837560123.52702,0
2021-06-25,308.520,314.800,275.160,280.750,5858593.97,2021-06-25 23:59:59.999,1708188711.84070,2244043,2868345.77,836380678.06573,0
2021-06-26,280.740,290.490,263.840,279.380,5221781.82,2021-06-26 23:59:59.999,1434197358.38274,2109102,2599326.75,713988032.81460,0
2021-06-27,279.400,291.590,269.240,290.700,4111881.49,2021-06-27 23:59:59.999,1147991052.97633,1796351,2064813.29,576651831.72691,0
2021-06-28,290.700,299.450,283.400,289.820,4282419.76,2021-06-28 23:59:59.999,1245040196.30729,1772448,2107713.24,612922837.85880,0
2021-06-29,289.820,315.640,289.080,300.760,4930215.22,2021-06-29 23:59:59.999,1497846093.92412,1880732,2405732.15,730830861.85865,0
2021-06-30,300.760,304.760,281.300,303.440,4613417.99,2021-06-30 23:59:59.999,1355749221.01806,1860641,2271262.59,667615849.41152,0
2021-07-01,303.500,303.840,280.100,287.380,3582374.05,2021-07-01 23:59:59.999,1035944744.30856,1662429,1741480.99,503627179.35802,0
2021-07-02,287.380,290.570,275.930,286.830,3013603.58,2021-07-02 23:59:59.999,848109313.11239,1493853,1521261.51,428270178.11430,0
2021-07-03,286.840,303.330,282.500,298.070,2700344.69,2021-07-03 23:59:59.999,795207627.20881,1304584,1337558.84,393814153.32835,0
2021-07-04,298.100,314.880,292.500,307.580,3191271.10,2021-07-04 23:59:59.999,976582649.91378,1311798,1572446.55,481245032.49863,0
2021-07-05,307.590,307.600,292.110,301.980,3705270.99,2021-07-05 23:59:59.999,1111235822.62551,1485920,1806670.94,541922750.14210,0
2021-07-06,302.000,322.390,301.680,319.500,4857453.02,2021-07-06 23:59:59.999,1526229265.45250,1902452,2378777.42,747495346.53765,0
2021-07-07,319.500,339.440,318.040,327.410,4382399.91,2021-07-07 23:59:59.999,1453222436.24197,1815934,2157951.24,715631081.14636,0
2021-07-08,327.430,328.270,304.100,309.780,4493527.52,2021-07-08 23:59:59.999,1420569018.70639,1849287,2175118.23,687861345.05123,0
2021-07-09,309.770,319.360,301.520,316.860,2912055.37,2021-07-09 23:59:59.999,903705946.50515,1457685,1454499.24,451458999.60432,0
2021-07-10,316.860,321.000,310.300,316.110,2271201.24,2021-07-10 23:59:59.999,714538084.66810,1268993,1109515.07,349157820.72574,0
2021-07-11,316.100,326.720,312.000,321.800,2329832.32,2021-07-11 23:59:59.999,745841388.37634,1274732,1165013.73,372969856.09083,0
2021-07-12,321.810,334.000,308.210,315.560,3721832.81,2021-07-12 23:59:59.999,1197083645.66034,1650430,1771609.54,569966866.03392,0
2021-07-13,315.530,318.000,305.110,308.820,2943422.65,2021-07-13 23:59:59.999,915468111.48083,1378184,1418526.63,441261839.10647,0
2021-07-14,308.820,313.260,290.000,309.230,3895142.52,2021-07-14 23:59:59.999,1177795370.09190,1618031,1883081.28,569487452.04284,0
2021-07-15,309.230,323.980,301.110,315.780,5683751.77,2021-07-15 23:59:59.999,1775156093.45912,1988612,2770433.06,865589563.25452,0
2021-07-16,315.780,323.310,301.680,302.710,3981862.91,2021-07-16 23:59:59.999,1233410183.42814,1636954,1923727.23,596109154.29075,0
2021-07-17,302.700,306.400,293.700,300.080,3257255.43,2021-07-17 23:59:59.999,977414783.58729,1440828,1604449.47,481669719.95814,0
2021-07-18,300.110,308.880,298.320,301.770,2491017.48,2021-07-18 23:59:59.999,757414019.01751,1225313,1225856.95,372853896.88895,0
2021-07-19,301.780,303.460,278.000,280.270,3841360.33,2021-07-19 23:59:59.999,1108678460.27639,1602255,1795129.69,518033991.33349,0
2021-07-20,280.250,283.320,253.640,264.190,5353473.10,2021-07-20 23:59:59.999,1420242675.25746,1901774,2649684.88,702928494.18973,0
2021-07-21,264.190,299.000,260.600,293.070,4954440.85,2021-07-21 23:59:59.999,1404509136.95459,1868423,2500986.09,708588053.56496,0
2021-07-22,293.100,298.450,287.250,293.000,2856903.00,2021-07-22 23:59:59.999,837626238.30670,1343201,1391284.45,408035270.64533,0
2021-07-23,293.010,301.340,281.050,299.270,3498940.29,2021-07-23 23:59:59.999,1020073951.64936,1389938,1751967.59,510996518.76457,0
2021-07-24,299.320,307.920,295.400,301.470,2610939.96,2021-07-24 23:59:59.999,786991599.77163,1201433,1266582.10,381860990.43707,0
2021-07-25,301.460,303.920,292.200,302.170,2095153.03,2021-07-25 23:59:59.999,626122954.28011,1104892,1007373.18,301132389.57319,0
2021-07-26,302.170,329.050,300.620,303.800,5072279.52,2021-07-26 23:59:59.999,1603715456.89179,1895832,2454733.72,776315056.61285,0
2021-07-27,303.790,318.280,297.320,313.240,3421048.69,2021-07-27 23:59:59.999,1054064422.44286,1455417,1660856.46,511810397.15231,0
2021-07-28,313.210,318.730,307.310,313.670,2805883.55,2021-07-28 23:59:59.999,879596028.28400,1290106,1334286.40,418464546.46070,0
2021-07-29,313.660,320.530,308.050,317.150,2207945.46,2021-07-29 23:59:59.999,692772852.01239,1049028,1083072.44,340030462.17849,0
2021-07-30,317.120,326.000,306.000,322.780,2709294.99,2021-07-30 23:59:59.999,854499039.68885,1190253,1320234.61,416670250.23905,0
2021-07-31,322.810,338.810,317.340,332.500,2763201.74,2021-07-31 23:59:59.999,907945495.55414,1213121,1403318.80,461143444.77252,0
2021-08-01,332.500,348.150,328.680,332.570,3004681.91,2021-08-01 23:59:59.999,1020012023.75045,1261978,1475852.52,501161651.14137,0
2021-08-02,332.580,338.220,326.360,330.530,2095323.08,2021-08-02 23:59:59.999,695702471.62357,1044816,1023066.02,339736979.88945,0
2021-08-03,330.560,334.700,317.080,323.460,1931080.62,2021-08-03 23:59:59.999,624222550.81931,1018202,923269.30,298441024.38410,0
2021-08-04,323.460,337.190,319.670,334.880,1731136.84,2021-08-04 23:59:59.999,567879298.28547,921928,862066.37,282836704.20187,0
2021-08-05,334.870,340.260,323.550,338.110,2361094.05,2021-08-05 23:59:59.999,783124698.53877,1067063,1163135.77,385876544.13435,0
2021-08-06,338.080,347.460,330.950,342.280,2191512.01,2021-08-06 23:59:59.999,743134430.52687,1070327,1068429.40,362390637.37849,0
2021-08-07,342.270,359.990,340.310,356.250,2630137.34,2021-08-07 23:59:59.999,924167277.20465,1217115,1272630.92,447209166.40143,0
2021-08-08,356.250,360.000,337.030,341.990,2301382.72,2021-08-08 23:59:59.999,804202946.42319,1222763,1083939.13,378933305.83480,0
2021-08-09,342.000,357.820,333.350,354.460,2406936.13,2021-08-09 23:59:59.999,840693384.16098,1286848,1159205.33,404872275.24133,0
2021-08-10,354.460,377.340,348.700,372.030,3493320.60,2021-08-10 23:59:59.999,1274046721.87546,1483585,1697535.97,619254963.05596,0
2021-08-11,372.030,409.500,371.170,391.240,3365353.41,2021-08-11 23:59:59.999,1316900222.74977,1508065,1621696.96,634555076.64290,0
2021-08-12,391.230,406.950,371.770,385.800,3557165.77,2021-08-12 23:59:59.999,1373495245.21786,1551950,1655110.48,639157664.92698,0
2021-08-13,385.820,411.720,383.000,411.210,2659844.38,2021-08-13 23:59:59.999,1061882549.95651,1248199,1273733.56,508598374.31619,0
2021-08-14,411.260,419.540,400.000,408.900,2675312.05,2021-08-14 23:59:59.999,1092505500.36647,1277638,1222385.38,499316572.08729,0
2021-08-15,408.900,415.420,396.440,414.400,2007683.55,2021-08-15 23:59:59.999,813110866.27134,1089362,935501.47,379038379.90939,0
2021-08-16,414.400,437.920,411.350,415.830,3266173.81,2021-08-16 23:59:59.999,1384504597.30145,1444625,1542848.91,654155514.98745,0
2021-08-17,415.840,436.370,398.660,402.070,3547052.11,2021-08-17 23:59:59.999,1491592090.12571,1581961,1673840.32,704608794.74214,0
2021-08-18,402.120,412.480,384.920,396.210,3075110.14,2021-08-18 23:59:59.999,1227379299.14045,1471720,1452560.94,580011441.81105,0
2021-08-19,396.310,432.300,391.000,431.510,3046364.58,2021-08-19 23:59:59.999,1252913561.62689,1418834,1499627.57,617158043.72296,0
2021-08-20,431.510,458.830,422.030,455.290,2787681.35,2021-08-20 23:59:59.999,1226095577.45798,1388274,1373550.22,604524154.94103,0
2021-08-21,455.300,460.890,445.000,449.250,2472011.57,2021-08-21 23:59:59.999,1120445453.07305,1287997,1155751.20,523954666.73277,0
2021-08-22,449.260,459.000,438.100,449.220,1886759.17,2021-08-22 23:59:59.999,847161971.92542,1046282,884810.83,397380585.29053,0
2021-08-23,449.210,510.750,447.230,499.180,5487836.43,2021-08-23 23:59:59.999,2697018873.40144,2157581,2647630.31,1301054067.49490,0
2021-08-24,499.190,505.230,461.000,472.230,3726404.71,2021-08-24 23:59:59.999,1805189097.61120,1657768,1750532.93,848197580.24904,0
2021-08-25,472.220,507.760,470.020,503.490,3995276.27,2021-08-25 23:59:59.999,1957951630.24666,1858770,1908702.81,935891133.08556,0
2021-08-26,503.490,519.820,471.000,478.140,4464562.60,2021-08-26 23:59:59.999,2184940877.80070,2002871,2078465.80,1017769166.97922,0
2021-08-27,478.240,496.970,467.200,494.950,3079406.89,2021-08-27 23:59:59.999,1488353017.33801,1512003,1462128.36,706969569.71418,0
2021-08-28,495.040,497.560,482.790,486.610,1514514.80,2021-08-28 23:59:59.999,739006873.08430,975384,691010.25,337250107.70938,0
2021-08-29,486.610,496.400,476.110,480.060,1795835.56,2021-08-29 23:59:59.999,871469638.84751,1068833,809023.78,392687518.23483,0
2021-08-30,480.040,481.600,457.160,460.290,2117647.15,2021-08-30 23:59:59.999,1001075441.28393,1204868,951554.57,450082253.12389,0
2021-08-31,460.280,477.850,451.840,464.440,2649162.43,2021-08-31 23:59:59.999,1233219943.40468,1348971,1232060.97,573653256.01312,0
2021-09-01,464.480,490.730,455.640,489.500,2595281.26,2021-09-01 23:59:59.999,1237587901.11016,1316319,1216756.97,580165064.18492,0
2021-09-02,489.500,505.440,478.000,484.080,2643356.52,2021-09-02 23:59:59.999,1299090124.24992,1267619,1203172.45,591493681.07290,0
2021-09-03,484.070,495.050,473.000,488.780,2116484.05,2021-09-03 23:59:59.999,1032614670.72067,1137841,980633.06,478636402.35302,0
2021-09-04,488.820,511.040,485.550,498.420,2877936.65,2021-09-04 23:59:59.999,1432676576.90140,1387415,1353427.72,673959489.98203,0
2021-09-05,498.470,506.530,488.870,505.710,2014374.36,2021-09-05 23:59:59.999,1002442721.40910,1108168,940308.27,468135763.67866,0
2021-09-06,505.700,510.550,487.000,496.290,2232675.48,2021-09-06 23:59:59.999,1115427375.02833,1204506,1005483.07,502541183.45970,0
2021-09-07,496.300,505.880,332.950,418.700,6374268.49,2021-09-07 23:59:59.999,2803786486.46861,2579337,2854129.08,1255039218.50551,0
2021-09-08,418.680,425.320,381.800,414.840,3459886.66,2021-09-08 23:59:59.999,1413375175.75185,1656226,1667600.24,681623824.45275,0
2021-09-09,414.830,436.640,403.730,421.410,2468629.84,2021-09-09 23:59:59.999,1031981045.16054,1407946,1196274.48,500202176.52265,0
2021-09-10,421.410,439.860,393.240,401.380,2411688.31,2021-09-10 23:59:59.999,995586071.66332,1405299,1139917.66,470746215.87206,0
2021-09-11,401.380,415.250,399.550,404.810,1338390.91,2021-09-11 23:59:59.999,546362090.38253,979027,641143.16,261776437.32885,0
2021-09-12,404.900,421.670,397.490,416.430,1441281.72,2021-09-12 23:59:59.999,594253819.00894,1015431,699618.48,288466545.79020,0
2021-09-13,416.540,419.750,381.360,399.100,2345691.41,2021-09-13 23:59:59.999,934143190.11191,1308404,1112202.14,443116723.02630,0
2021-09-14,399.050,414.560,395.840,414.280,1429584.31,2021-09-14 23:59:59.999,578172011.16089,989904,690854.25,279436310.52079,0
2021-09-15,414.300,436.690,410.140,431.280,1874783.24,2021-09-15 23:59:59.999,797733346.19020,1104368,916010.74,389836167.17135,0
2021-09-16,431.280,433.410,416.000,424.490,1659943.17,2021-09-16 23:59:59.999,707294454.01665,1034414,795661.42,339054642.95399,0
2021-09-17,424.480,426.250,400.000,407.140,1448756.71,2021-09-17 23:59:59.999,598246786.79550,1030180,669811.43,276660085.17922,0
2021-09-18,407.150,420.390,401.800,410.750,1022237.11,2021-09-18 23:59:59.999,422895171.10393,828861,504068.59,208555805.26083,0
2021-09-19,410.750,419.300,403.170,408.740,1237688.25,2021-09-19 23:59:59.999,509034566.43809,908659,585318.99,240774489.74433,0
2021-09-20,408.770,409.990,353.420,364.150,3409293.39,2021-09-20 23:59:59.999,1285139447.95378,1660488,1594929.19,600983617.54777,0
2021-09-21,364.200,375.520,335.720,344.260,2808203.99,2021-09-21 23:59:59.999,1008145433.03332,1458881,1354693.45,486679722.53239,0
2021-09-22,344.330,379.660,341.890,378.820,1733951.30,2021-09-22 23:59:59.999,629500208.96604,1081453,855780.66,310684821.28084,0
2021-09-23,378.830,384.450,369.000,383.360,1424982.96,2021-09-23 23:59:59.999,537898068.18025,852808,682215.45,257574708.93032,0
2021-09-24,383.310,385.000,333.300,354.980,2616311.23,2021-09-24 23:59:59.999,929185260.24875,1230043,1269414.37,451010123.39123,0
2021-09-25,354.940,360.730,343.350,349.390,1471344.26,2021-09-25 23:59:59.999,517025134.04237,770477,713050.20,250595129.54041,0
2021-09-26,349.380,352.540,319.050,343.930,2648997.24,2021-09-26 23:59:59.999,895108547.66277,1083251,1308748.95,442343331.61737,0
2021-09-27,343.910,357.690,334.630,335.030,1573105.43,2021-09-27 23:59:59.999,546136926.81844,761085,755312.93,262274413.90615,0
2021-09-28,334.990,344.460,329.490,332.870,1480506.68,2021-09-28 23:59:59.999,498668828.01201,780006,733044.51,246990844.89226,0
2021-09-29,332.860,374.980,331.160,366.680,3193601.65,2021-09-29 23:59:59.999,1155275653.98903,1304192,1596431.93,577429888.76856,0
2021-09-30,366.680,388.530,365.200,386.870,2342233.68,2021-09-30 23:59:59.999,883863371.83277,1060595,1169373.40,441157815.79684,0
2021-10-01,386.900,422.990,380.880,421.190,2740779.91,2021-10-01 23:59:59.999,1111445765.94647,1200586,1345870.05,545531267.73210,0
2021-10-02,421.250,438.140,410.530,426.630,1849131.26,2021-10-02 23:59:59.999,786504065.27555,953088,872367.00,371101878.53999,0
2021-10-03,426.640,436.990,421.260,430.100,1496837.32,2021-10-03 23:59:59.999,641907191.78407,868423,715198.60,306750199.18816,0
2021-10-04,430.110,430.380,410.310,426.220,1752180.91,2021-10-04 23:59:59.999,736840252.02886,977631,823826.22,346479202.07985,0
2021-10-05,426.190,444.160,423.630,441.860,1693731.82,2021-10-05 23:59:59.999,738030816.60336,937112,826744.04,360290916.76246,0
2021-10-06,441.870,442.460,414.500,434.590,2148062.10,2021-10-06 23:59:59.999,926982883.57179,1088848,1010893.86,436335346.69740,0
2021-10-07,434.600,450.670,422.840,438.260,1996101.31,2021-10-07 23:59:59.999,878429641.71949,1028867,951623.15,418888124.91507,0
2021-10-08,438.260,441.630,416.010,419.380,2130795.20,2021-10-08 23:59:59.999,911875641.38033,1098976,992428.45,424928406.79934,0
2021-10-09,419.380,426.150,416.170,422.310,961338.35,2021-10-09 23:59:59.999,406005254.09972,633534,452435.71,191099765.93388,0
2021-10-10,422.310,422.580,401.330,404.100,1370097.95,2021-10-10 23:59:59.999,568834845.11968,781494,623336.14,258798561.31758,0
2021-10-11,404.110,424.460,399.740,413.360,1406226.85,2021-10-11 23:59:59.999,582833751.66687,803895,676431.81,280410520.06061,0
2021-10-12,413.360,445.000,392.140,444.720,4640823.04,2021-10-12 23:59:59.999,1964065617.21748,1712761,2232671.55,945282238.83773,0
2021-10-13,444.730,471.770,433.000,470.180,7057279.47,2021-10-13 23:59:59.999,3214234566.04597,2647639,3441835.08,1568114845.93629,0
2021-10-14,470.170,482.270,460.110,472.050,2477903.86,2021-10-14 23:59:59.999,1171119424.07960,1193870,1179729.92,557753415.01618,0
2021-10-15,472.040,477.400,451.480,474.190,2472831.89,2021-10-15 23:59:59.999,1152086774.74280,1189131,1157737.30,539593884.98542,0
2021-10-16,474.180,485.000,455.000,465.010,1725462.12,2021-10-16 23:59:59.999,815090711.86666,965587,797032.54,376722094.92572,0
2021-10-17,465.020,471.230,451.840,470.820,1335988.84,2021-10-17 23:59:59.999,620943063.82237,818144,634651.90,295085828.59746,0
2021-10-18,470.740,487.670,465.550,484.640,2036957.10,2021-10-18 23:59:59.999,969124188.62335,1097997,972202.40,462704015.23303,0
2021-10-19,484.600,497.500,478.210,487.010,1697627.88,2021-10-19 23:59:59.999,828320571.68599,970291,801932.51,391310198.20009,0
2021-10-20,486.990,506.660,480.000,500.760,1581775.06,2021-10-20 23:59:59.999,783096885.85075,911246,748147.66,370459934.09839,0
2021-10-21,500.770,505.460,464.620,471.350,3216610.62,2021-10-21 23:59:59.999,1565062775.76099,1577975,1525843.52,742857628.65689,0
2021-10-22,471.310,498.510,471.240,479.790,2057825.78,2021-10-22 23:59:59.999,998464854.41456,1132916,974038.83,472583425.17651,0
2021-10-23,479.770,486.270,473.140,486.170,870750.58,2021-10-23 23:59:59.999,418885462.84393,616902,414384.73,199390497.52503,0
2021-10-24,486.200,487.000,468.190,476.290,862521.13,2021-10-24 23:59:59.999,411646222.22048,625620,402368.31,192058190.22550,0
2021-10-25,476.290,489.030,475.320,485.400,833991.56,2021-10-25 23:59:59.999,403735337.84395,598632,387905.45,187786649.30675,0
2021-10-26,485.410,490.700,473.570,478.480,977459.18,2021-10-26 23:59:59.999,473312299.81459,655584,444209.77,215173235.59540,0
2021-10-27,478.500,486.890,429.900,448.650,2213199.66,2021-10-27 23:59:59.999,1015080174.23197,1144979,1023942.04,469516289.33704,0
2021-10-28,448.650,495.050,446.500,492.080,2095795.42,2021-10-28 23:59:59.999,999405759.57091,1123237,1031588.65,491856504.63840,0
2021-10-29,492.090,534.300,487.320,530.720,2235759.06,2021-10-29 23:59:59.999,1141866446.37453,1320361,1104320.84,564362246.63393,0
2021-10-30,530.730,541.610,510.450,528.950,1516125.34,2021-10-30 23:59:59.999,797657532.49224,1042129,724867.64,381580248.85111,0
2021-10-31,528.960,535.390,508.070,524.420,1276264.15,2021-10-31 23:59:59.999,666142963.35148,896097,593462.42,309791462.78839,0
2021-11-01,524.440,551.800,511.000,551.120,1733053.90,2021-11-01 23:59:59.999,923536484.13535,1115886,863633.31,460516552.38075,0
2021-11-02,551.110,564.280,537.200,554.590,1246273.32,2021-11-02 23:59:59.999,687216073.79464,892337,608382.26,335615200.33962,0
2021-11-03,554.630,570.000,537.620,568.480,1446943.70,2021-11-03 23:59:59.999,799768280.05351,952345,684130.83,378246982.75120,0
2021-11-04,568.480,568.820,543.970,558.860,1128249.32,2021-11-04 23:59:59.999,626348271.28676,809651,547975.01,304229173.75734,0
2021-11-05,558.870,618.320,554.510,606.430,2855138.92,2021-11-05 23:59:59.999,1707542583.16822,1689848,1423619.39,851337122.65188,0
2021-11-06,606.430,638.000,595.220,637.560,2076726.48,2021-11-06 23:59:59.999,1274224430.74043,1357001,1001570.22,614922434.64885,0
2021-11-07,637.550,669.750,630.000,649.570,2480815.87,2021-11-07 23:59:59.999,1628394563.64675,1570706,1193941.65,783574431.96381,0
2021-11-08,649.560,655.870,632.320,653.560,1716134.79,2021-11-08 23:59:59.999,1104571138.93862,1140697,808200.98,520169015.06820,0
2021-11-09,653.540,656.930,632.660,635.200,1104634.36,2021-11-09 23:59:59.999,711490969.18198,848657,509265.21,328029116.00400,0
2021-11-10,635.210,662.800,570.000,613.610,2613868.15,2021-11-10 23:59:59.999,1642697291.14653,1580998,1186737.25,746508544.68147,0
2021-11-11,613.610,635.000,605.310,628.210,1174451.10,2021-11-11 23:59:59.999,731407891.42062,895815,553804.83,344906696.57864,0
2021-11-12,628.170,634.360,602.290,626.270,1311896.73,2021-11-12 23:59:59.999,812453681.91855,930854,624109.15,386618012.28264,0
2021-11-13,626.270,654.500,618.670,648.490,1098843.62,2021-11-13 23:59:59.999,701866200.74455,835862,528077.58,337296284.16687,0
2021-11-14,648.490,659.980,634.000,650.200,1150491.68,2021-11-14 23:59:59.999,745587837.97672,862309,549844.42,356432775.73340,0
2021-11-15,650.280,659.280,630.000,633.440,1028971.65,2021-11-15 23:59:59.999,663841318.76180,765868,472509.95,304955742.46843,0
2021-11-16,633.450,634.500,568.000,588.760,2893976.59,2021-11-16 23:59:59.999,1731510609.28437,1704547,1380251.47,825720909.87650,0
2021-11-17,588.730,592.870,554.000,578.410,1792588.04,2021-11-17 23:59:59.999,1027672524.45989,1159818,858701.55,492365323.75827,0
2021-11-18,578.400,588.470,516.360,532.130,2058960.15,2021-11-18 23:59:59.999,1135516860.45534,1261679,976369.07,539015945.79792,0
2021-11-19,532.200,585.720,524.200,580.980,1702090.28,2021-11-19 23:59:59.999,951864949.17176,1113908,834669.49,466630195.19406,0
2021-11-20,580.980,604.940,573.300,604.660,1250267.69,2021-11-20 23:59:59.999,734588584.63819,857344,611545.93,359490685.85306,0
2021-11-21,604.620,605.430,580.270,584.200,931950.31,2021-11-21 23:59:59.999,550152966.09037,769254,438863.30,259116428.37745,0
2021-11-22,584.250,585.540,554.210,559.790,1335413.88,2021-11-22 23:59:59.999,761127947.19232,979963,644052.56,367037390.56712,0
2021-11-23,559.780,605.700,558.160,591.600,1587689.70,2021-11-23 23:59:59.999,927092256.47434,1029935,766833.83,447549870.92263,0
2021-11-24,591.590,594.950,577.310,590.560,1336008.74,2021-11-24 23:59:59.999,783531278.61779,870099,642902.93,377111624.56196,0
2021-11-25,590.560,647.490,587.670,639.300,1874586.40,2021-11-25 23:59:59.999,1169302527.01775,1206246,935227.19,583292328.26879,0
2021-11-26,639.350,658.940,564.490,587.710,3394718.12,2021-11-26 23:59:59.999,2034537737.78406,1780936,1631548.49,977361709.78948,0
2021-11-27,587.650,621.160,583.900,600.190,1641391.03,2021-11-27 23:59:59.999,989638267.87612,1038649,785842.26,473857939.23133,0
2021-11-28,600.180,612.990,571.800,611.520,1819230.49,2021-11-28 23:59:59.999,1076056016.85498,1189128,878856.57,520048234.97492,0
2021-11-29,611.450,629.710,602.250,624.250,1384038.91,2021-11-29 23:59:59.999,853791124.39515,960332,661895.53,408445528.31408,0
2021-11-30,624.250,635.400,603.760,622.590,1794704.69,2021-11-30 23:59:59.999,1115552458.94990,1231396,861902.85,535903488.98991,0
2021-12-01,622.650,650.750,619.230,627.450,1794699.14,2021-12-01 23:59:59.999,1141581459.29868,1085015,879832.87,559662628.88724,0
2021-12-02,627.450,630.950,605.500,620.370,1365181.55,2021-12-02 23:59:59.999,847433918.50736,932294,660341.83,410002023.95830,0
2021-12-03,620.370,628.290,570.770,595.170,1708149.77,2021-12-03 23:59:59.999,1034168949.72726,1102829,800017.61,484525160.34385,0
2021-12-04,595.180,596.290,484.180,568.070,3061320.83,2021-12-04 23:59:59.999,1668132596.41578,1763829,1429335.28,778818840.98710,0
2021-12-05,568.070,581.630,541.100,557.650,1433343.11,2021-12-05 23:59:59.999,805246947.08321,1058889,691754.01,388489347.72755,0
2021-12-06,557.640,592.690,533.220,586.800,2328610.59,2021-12-06 23:59:59.999,1298647782.92697,1633389,1146973.84,639733327.81654,0
2021-12-07,586.770,592.590,571.450,578.340,1243614.83,2021-12-07 23:59:59.999,726054542.37347,1074086,588987.16,343885904.85528,0
2021-12-08,578.340,607.230,566.420,607.050,1363455.72,2021-12-08 23:59:59.999,796766810.60986,1047599,670861.87,392131674.43372,0
2021-12-09,607.050,616.680,567.290,569.260,1407982.36,2021-12-09 23:59:59.999,832234951.99653,1013967,675764.28,399606464.74384,0
2021-12-10,569.270,593.940,550.000,551.940,1399292.18,2021-12-10 23:59:59.999,801979128.60129,1040522,677193.46,388238641.09811,0
2021-12-11,551.850,572.510,541.410,564.120,1100350.28,2021-12-11 23:59:59.999,612271733.37876,921007,525521.83,292456372.72145,0
2021-12-12,564.110,574.410,558.510,569.580,718484.56,2021-12-12 23:59:59.999,406373122.64137,684300,350563.98,198301800.41110,0
2021-12-13,569.590,571.650,510.550,520.750,1397026.25,2021-12-13 23:59:59.999,751560587.88195,995388,660598.81,355347759.98362,0
2021-12-14,520.770,534.900,509.780,527.860,1556236.83,2021-12-14 23:59:59.999,813821402.69027,1160122,780666.72,408332458.19992,0
2021-12-15,527.830,546.540,501.500,541.180,1551135.35,2021-12-15 23:59:59.999,817012417.92832,1125241,773367.62,407466880.76210,0
2021-12-16,541.210,545.340,524.650,526.000,948522.62,2021-12-16 23:59:59.999,509000515.08843,715853,464611.05,249343728.43436,0
2021-12-17,526.010,536.040,510.810,525.500,1196478.07,2021-12-17 23:59:59.999,628868708.89036,884611,590503.35,310393845.50052,0
2021-12-18,525.510,537.870,516.580,533.680,748482.54,2021-12-18 23:59:59.999,395589074.82677,658349,371518.66,196392828.58419,0
2021-12-19,533.680,544.820,527.420,529.710,687353.33,2021-12-19 23:59:59.999,368001699.36105,593670,343929.84,184169730.34118,0
2021-12-20,529.720,534.930,506.000,523.960,892049.82,2021-12-20 23:59:59.999,462766022.17850,761003,428290.07,222218550.95050,0
2021-12-21,523.960,536.010,517.170,528.460,784766.17,2021-12-21 23:59:59.999,414496678.43389,620499,386209.89,204022257.40647,0
2021-12-22,528.510,545.490,527.250,533.740,854668.14,2021-12-22 23:59:59.999,458109670.12975,701036,407900.50,218643670.71618,0
2021-12-23,533.750,552.460,524.330,548.920,938808.37,2021-12-23 23:59:59.999,504218564.85736,707431,453251.96,243456267.88794,0
2021-12-24,548.940,554.460,537.080,542.200,819032.07,2021-12-24 23:59:59.999,447545463.65596,620663,389537.43,212905483.75272,0
2021-12-25,542.210,550.950,539.290,547.500,529846.08,2021-12-25 23:59:59.999,289164731.91400,447547,255965.39,139704495.06322,0
2021-12-26,547.500,549.000,536.000,546.430,618507.66,2021-12-26 23:59:59.999,336133900.99239,479520,291526.43,158448269.43321,0
2021-12-27,546.500,571.990,543.200,563.790,973552.41,2021-12-27 23:59:59.999,543570069.94651,705674,461769.95,257798707.90391,0
2021-12-28,563.790,563.980,528.310,534.130,1282144.16,2021-12-28 23:59:59.999,701143879.27229,876503,609883.44,333702728.18235,0
2021-12-29,534.120,540.550,510.090,514.490,776927.14,2021-12-29 23:59:59.999,409872878.15978,625974,360442.52,190204001.38162,0
2021-12-30,514.490,527.590,508.000,518.410,724739.45,2021-12-30 23:59:59.999,376085142.53798,544138,338980.14,175895240.36775,0
2021-12-31,518.400,528.000,506.010,511.560,898734.52,2021-12-31 23:59:59.999,464024529.57423,645189,423781.01,218872886.64135,0
2022-01-01,511.550,528.160,511.430,527.340,603346.10,2022-01-01 23:59:59.999,313448234.18230,468560,298571.80,155139775.99704,0
2022-01-02,527.360,533.900,518.010,530.910,572079.85,2022-01-02 23:59:59.999,300965349.58932,474929,275850.34,145144883.96162,0
2022-01-03,530.920,533.000,510.410,512.240,795766.94,2022-01-03 23:59:59.999,415267551.48635,585878,385180.34,201043428.54330,0
2022-01-04,512.240,519.850,502.000,506.880,1042411.20,2022-01-04 23:59:59.999,533189808.14222,706472,467444.86,239159387.89266,0
2022-01-05,506.880,515.920,456.200,473.950,1450747.64,2022-01-05 23:59:59.999,717300047.29104,824190,641193.39,317254745.44743,0
2022-01-06,474.000,480.960,458.650,472.460,1298011.04,2022-01-06 23:59:59.999,608913792.87330,714771,624753.48,293060146.39293,0
2022-01-07,472.470,473.760,437.080,448.100,1506628.68,2022-01-07 23:59:59.999,678793229.85588,856101,725092.22,326582023.75092,0
2022-01-08,448.100,459.650,415.460,429.590,1252328.01,2022-01-08 23:59:59.999,547408923.31827,751167,591634.11,258603693.13293,0
2022-01-09,429.600,444.140,426.720,438.330,850190.24,2022-01-09 23:59:59.999,369560684.40417,524889,410270.94,178327644.12383,0
2022-01-10,438.310,445.210,406.460,424.540,1611421.86,2022-01-10 23:59:59.999,682635903.58876,820184,784593.31,332485210.68870,0
2022-01-11,424.510,467.400,421.220,462.870,1769764.64,2022-01-11 23:59:59.999,797268995.46072,1041229,884793.28,398607894.52006,0
2022-01-12,462.890,488.410,456.260,487.500,1262509.70,2022-01-12 23:59:59.999,597206894.56608,756385,637704.04,301585739.73968,0
2022-01-13,487.470,488.500,465.860,474.360,1247882.49,2022-01-13 23:59:59.999,596300109.17622,755670,614481.54,293686097.55608,0
2022-01-14,474.290,492.280,466.390,489.510,1175474.83,2022-01-14 23:59:59.999,564250421.95832,723468,577217.25,277238153.29248,0
2022-01-15,489.500,500.270,484.010,493.750,830556.69,2022-01-15 23:59:59.999,409461167.31918,585258,404684.96,199517370.66634,0
2022-01-16,493.750,504.870,488.020,497.950,826029.49,2022-01-16 23:59:59.999,409730380.03360,577326,418426.61,207585916.85440,0
2022-01-17,497.940,498.200,466.470,474.690,1286243.88,2022-01-17 23:59:59.999,615730353.25363,803616,618772.06,296243269.58998,0
2022-01-18,474.690,479.000,456.800,470.530,1175521.67,2022-01-18 23:59:59.999,548367911.56735,655915,567726.74,264856919.31053,0
2022-01-19,470.540,472.590,453.300,461.540,1096429.80,2022-01-19 23:59:59.999,509361738.45688,599893,538230.74,250120304.22707,0
2022-01-20,461.530,478.340,438.100,440.050,1851504.99,2022-01-20 23:59:59.999,860227155.74843,1039399,912983.08,424372027.49311,0
2022-01-21,440.070,444.570,373.110,383.570,2443646.22,2022-01-21 23:59:59.999,1009568353.97922,1405698,1114986.05,461210688.65902,0
2022-01-22,383.620,388.980,335.680,358.340,3012172.61,2022-01-22 23:59:59.999,1086900760.68681,1568680,1484080.08,535741229.45620,0
2022-01-23,358.330,388.970,356.180,383.870,1910787.44,2022-01-23 23:59:59.999,717086344.69971,1088627,946869.58,355339134.00076,0
2022-01-24,383.860,383.900,336.000,370.930,2416219.80,2022-01-24 23:59:59.999,860098112.41358,1363207,1200409.02,427575121.79221,0
2022-01-25,370.940,387.900,357.320,384.800,1481220.47,2022-01-25 23:59:59.999,551247870.82334,839918,743696.12,276867923.80031,0
2022-01-26,384.800,402.420,366.000,374.750,1779097.73,2022-01-26 23:59:59.999,685222514.44041,981445,868110.88,334394493.10873,0
2022-01-27,374.780,392.880,359.280,389.360,1635176.05,2022-01-27 23:59:59.999,610373096.73885,929843,793625.54,296333262.91521,0
2022-01-28,389.370,396.390,375.260,385.840,1690112.66,2022-01-28 23:59:59.999,652107029.32826,963796,843888.17,325685316.12731,0
2022-01-29,385.830,397.340,380.530,389.040,1114435.13,2022-01-29 23:59:59.999,432614537.74926,721743,552709.24,214634370.45711,0
2022-01-30,389.040,389.270,372.130,376.840,981385.00,2022-01-30 23:59:59.999,374116904.36609,635624,469852.76,179154385.08200,0
2022-01-31,376.840,385.100,364.770,374.380,1151928.43,2022-01-31 23:59:59.999,432274404.80592,714879,578442.26,217128490.39479,0
2022-02-01,374.400,388.550,373.600,383.930,1093014.20,2022-02-01 23:59:59.999,418471603.40130,679563,525855.13,201330731.84694,0
2022-02-02,383.930,385.970,366.000,366.940,1042518.69,2022-02-02 23:59:59.999,392409862.61649,611361,501270.82,188641333.79550,0
2022-02-03,367.010,372.350,359.150,372.080,959358.35,2022-02-03 23:59:59.999,350509523.99577,591893,472411.91,172610456.80230,0
2022-02-04,372.070,399.420,369.090,399.330,1407258.11,2022-02-04 23:59:59.999,539683227.77340,703628,699259.29,268135987.16410,0
2022-02-05,399.330,430.370,396.140,413.370,1835500.32,2022-02-05 23:59:59.999,764993398.76689,848023,887645.82,369713687.88506,0
2022-02-06,413.370,421.570,406.280,419.640,964364.54,2022-02-06 23:59:59.999,400023720.89809,550859,471444.54,195575464.75339,0
2022-02-07,419.670,438.580,412.790,433.150,1172317.29,2022-02-07 23:59:59.999,503194999.26586,691254,578001.22,248030259.50095,0
2022-02-08,433.140,445.480,406.260,407.940,1455518.29,2022-02-08 23:59:59.999,615675365.05302,835786,698313.92,295317671.83794,0
2022-02-09,407.960,427.490,407.220,422.570,1164173.38,2022-02-09 23:59:59.999,486652732.54354,680185,557012.67,232815639.86276,0
2022-02-10,422.560,435.130,409.590,414.360,1689843.50,2022-02-10 23:59:59.999,713706574.03105,939684,825454.41,348732007.87428,0
2022-02-11,414.370,418.600,392.500,399.810,1228674.22,2022-02-11 23:59:59.999,502188865.90829,815993,585118.76,239100560.41276,0
2022-02-12,399.810,406.990,393.090,403.460,883203.51,2022-02-12 23:59:59.999,353613593.55277,617873,435501.03,174393578.33205,0
2022-02-13,403.480,407.660,394.380,397.820,735432.63,2022-02-13 23:59:59.999,295439446.61053,503509,364963.90,146645557.47208,0
2022-02-14,397.830,404.420,390.310,403.290,876802.26,2022-02-14 23:59:59.999,348625546.67937,551262,423032.96,168255436.40445,0
2022-02-15,403.290,443.300,402.670,432.080,1891608.21,2022-02-15 23:59:59.999,806624525.20410,1040704,929073.69,396235978.83303,0
2022-02-16,432.090,433.500,421.910,426.980,1068550.60,2022-02-16 23:59:59.999,457961000.69440,716621,518818.05,222412999.60270,0
2022-02-17,426.980,430.860,399.520,401.980,1194826.95,2022-02-17 23:59:59.999,497142924.43249,743407,563738.39,234722470.68467,0
2022-02-18,402.020,410.960,391.850,398.890,1103745.27,2022-02-18 23:59:59.999,442706677.18745,673256,539463.39,216397589.09358,0
2022-02-19,398.890,406.340,392.570,399.430,782602.83,2022-02-19 23:59:59.999,312916650.45032,516757,381067.88,152383975.14350,0
2022-02-20,399.490,399.770,374.610,380.310,1228339.57,2022-02-20 23:59:59.999,470299411.78357,721906,579178.69,221651952.39660,0
2022-02-21,380.310,393.410,354.640,356.350,2066878.13,2022-02-21 23:59:59.999,776896993.37060,1027131,1006658.84,378618550.48431,0
2022-02-22,356.340,375.350,347.870,373.940,1624665.92,2022-02-22 23:59:59.999,588030967.00704,845346,817954.50,296046011.96870,0
2022-02-23,373.990,384.210,365.020,365.410,1184214.06,2022-02-23 23:59:59.999,445382538.19139,723171,586944.41,220775028.03026,0
2022-02-24,365.410,370.770,323.020,360.800,3108326.69,2022-02-24 23:59:59.999,1069943746.64733,1487455,1524424.15,525016655.56830,0
2022-02-25,360.810,377.180,356.410,374.670,1258672.16,2022-02-25 23:59:59.999,460204421.14273,764522,625992.83,228966016.96663,0
2022-02-26,374.700,392.790,370.050,373.440,910065.37,2022-02-26 23:59:59.999,342691638.68954,627009,459423.98,173159401.56475,0
2022-02-27,373.460,381.170,357.870,359.980,1137035.75,2022-02-27 23:59:59.999,419421651.55829,764511,562788.21,207639261.83919,0
2022-02-28,359.970,397.370,355.520,395.500,1485043.23,2022-02-28 23:59:59.999,555718426.06720,869567,740393.63,277015490.55120,0
2022-03-01,395.470,429.360,390.970,408.560,2327829.24,2022-03-01 23:59:59.999,947724585.79654,1251209,1162332.55,473325945.24451,0
2022-03-02,408.610,415.460,403.410,408.950,1153475.22,2022-03-02 23:59:59.999,472652549.35238,841250,549698.94,225269931.09222,0
2022-03-03,408.950,412.760,397.110,402.250,962575.97,2022-03-03 23:59:59.999,389953761.26345,726505,471539.67,191091693.29840,0
2022-03-04,402.240,403.270,371.500,374.050,1197130.93,2022-03-04 23:59:59.999,465715350.47130,783188,568810.60,221280240.07750,0
2022-03-05,374.050,387.220,366.620,384.380,865309.88,2022-03-05 23:59:59.999,326382281.52259,627219,432091.28,163126146.24699,0
2022-03-06,384.410,387.000,372.160,374.640,813431.18,2022-03-06 23:59:59.999,308621930.39972,584555,393042.46,149111931.14016,0
2022-03-07,374.680,385.620,362.360,380.130,1604861.57,2022-03-07 23:59:59.999,602333649.33251,909833,800716.88,300638118.60798,0
2022-03-08,380.120,388.800,376.590,380.990,1340264.20,2022-03-08 23:59:59.999,512811342.85930,713882,665741.74,254811048.05728,0
2022-03-09,381.020,402.450,380.710,392.960,1598742.55,2022-03-09 23:59:59.999,630177574.37478,871614,803352.64,316597305.00736,0
2022-03-10,392.960,394.360,362.760,371.770,1230312.39,2022-03-10 23:59:59.999,461084617.77178,803795,592092.96,221847713.03840,0
2022-03-11,371.750,379.810,364.440,371.800,921756.69,2022-03-11 23:59:59.999,343069533.43213,643698,454505.83,169160962.52453,0
2022-03-12,371.790,379.130,370.650,372.130,562882.47,2022-03-12 23:59:59.999,211422116.68120,479674,268762.98,100984968.69170,0
2022-03-13,372.130,376.990,359.530,361.060,716405.55,2022-03-13 23:59:59.999,264958762.95957,510578,327518.64,121145939.52140,0
2022-03-14,361.060,374.000,359.050,373.270,810016.97,2022-03-14 23:59:59.999,297648061.52073,488614,400919.04,147357421.44913,0
2022-03-15,373.280,374.710,361.350,371.510,740553.28,2022-03-15 23:59:59.999,272872896.33083,474221,351259.67,129472838.62033,0
2022-03-16,371.510,386.600,367.600,385.250,1087376.63,2022-03-16 23:59:59.999,410184307.31104,636969,544735.36,205536310.40238,0
2022-03-17,385.240,393.640,381.580,391.740,806632.70,2022-03-17 23:59:59.999,312716491.08049,488541,399654.80,154961168.72199,0
2022-03-18,391.750,400.300,383.710,396.900,843935.70,2022-03-18 23:59:59.999,330003977.81482,489202,427713.90,167291316.41672,0
2022-03-19,396.910,406.390,394.670,399.710,726942.69,2022-03-19 23:59:59.999,291229787.31945,464088,357359.60,143193378.27855,0
2022-03-20,399.700,400.870,386.220,390.740,616312.91,2022-03-20 23:59:59.999,242281673.53963,446904,297111.35,116791522.52812,0
2022-03-21,390.740,399.160,385.140,395.810,714847.88,2022-03-21 23:59:59.999,281388117.86291,456987,354809.34,139689274.20752,0
2022-03-22,395.820,410.000,394.780,404.050,920796.38,2022-03-22 23:59:59.999,373067634.96313,508508,454858.31,184275412.83893,0
2022-03-23,404.040,411.870,397.740,408.360,788232.23,2022-03-23 23:59:59.999,318555006.54753,489080,390158.53,157759305.58668,0
2022-03-24,408.350,416.550,404.880,414.080,902179.94,2022-03-24 23:59:59.999,370877141.05761,530545,454702.23,186969784.27291,0
2022-03-25,414.090,421.620,405.310,410.150,898707.94,2022-03-25 23:59:59.999,371994899.55073,539257,426554.67,176652933.38964,0
2022-03-26,410.160,416.290,407.230,415.640,466483.97,2022-03-26 23:59:59.999,192646083.67081,335399,230359.03,95151501.48711,0
2022-03-27,415.640,431.720,411.400,430.490,741824.79,2022-03-27 23:59:59.999,311504434.47851,466865,370724.95,155801044.96671,0
2022-03-28,430.480,441.130,427.550,430.430,1045694.35,2022-03-28 23:59:59.999,454889993.99683,602726,513369.97,223343598.72783,0
2022-03-29,430.410,442.000,429.490,434.280,860089.24,2022-03-29 23:59:59.999,375023686.02893,497742,407306.98,177609297.62423,0
2022-03-30,434.270,449.750,425.500,442.170,1053441.85,2022-03-30 23:59:59.999,463276974.59376,598246,522114.53,229607091.64229,0
2022-03-31,442.170,452.700,423.820,428.750,1231302.11,2022-03-31 23:59:59.999,539838601.20659,714276,585017.03,256568492.09686,0
2022-04-01,428.710,448.240,413.010,447.660,1117025.02,2022-04-01 23:59:59.999,481954207.23775,673319,537028.40,231928635.94530,0
2022-04-02,447.660,454.370,435.510,437.300,815505.10,2022-04-02 23:59:59.999,364019364.38308,582090,390300.30,174260446.17499,0
2022-04-03,437.290,455.900,432.010,450.520,735504.22,2022-04-03 23:59:59.999,327314409.24688,513370,372071.18,165641884.88468,0
2022-04-04,450.480,450.670,433.390,447.510,855867.61,2022-04-04 23:59:59.999,379638980.82418,564330,396159.35,175751565.50349,0
2022-04-05,447.510,460.000,444.010,444.580,938054.31,2022-04-05 23:59:59.999,424394909.87565,652445,456355.84,206539668.52849,0
2022-04-06,444.590,444.670,418.040,419.930,1263497.48,2022-04-06 23:59:59.999,545824552.00639,848748,583065.49,251890638.06377,0
2022-04-07,419.870,438.430,416.010,435.780,1094866.90,2022-04-07 23:59:59.999,470976013.28925,759213,537062.88,231040880.46994,0
2022-04-08,435.750,441.000,418.100,421.270,896736.16,2022-04-08 23:59:59.999,385773197.83691,745953,430720.80,185331233.09553,0
2022-04-09,421.230,427.980,419.500,426.480,466443.41,2022-04-09 23:59:59.999,197614723.39701,443589,223885.02,94858751.41937,0
2022-04-10,426.480,429.540,416.540,417.750,597495.62,2022-04-10 23:59:59.999,253219814.37262,464473,283145.03,120041704.85864,0
2022-04-11,417.740,419.430,391.000,394.250,1225224.67,2022-04-11 23:59:59.999,497159750.36306,793444,580221.02,235416789.23840,0
2022-04-12,394.250,416.810,392.100,413.470,1157766.33,2022-04-12 23:59:59.999,472479170.44523,824990,584342.71,238507589.05575,0
2022-04-13,413.470,424.490,410.080,423.020,1256009.65,2022-04-13 23:59:59.999,524477423.99614,836900,639676.58,267158662.53832,0
2022-04-14,423.030,426.870,411.100,414.580,760757.57,2022-04-14 23:59:59.999,317959205.63171,599048,381716.69,159558096.03640,0
2022-04-15,414.580,419.860,412.410,416.940,560730.82,2022-04-15 23:59:59.999,233610557.68110,406757,277057.40,115427357.41100,0
2022-04-16,416.950,418.890,411.500,417.140,400183.81,2022-04-16 23:59:59.999,166179045.10730,309806,193353.88,80292069.69090,0
2022-04-17,417.150,418.200,405.280,406.370,488529.64,2022-04-17 23:59:59.999,202106421.04318,354609,229242.64,94884917.89920,0
2022-04-18,406.370,417.850,395.750,416.670,964721.27,2022-04-18 23:59:59.999,391478212.27594,634304,478138.86,194227960.05339,0
2022-04-19,416.700,424.500,414.530,422.160,842773.91,2022-04-19 23:59:59.999,353764468.98814,558395,408579.57,171515712.79564,0
2022-04-20,422.150,431.440,414.560,418.030,856260.64,2022-04-20 23:59:59.999,361974656.78431,619057,419574.22,177427136.46797,0
2022-04-21,418.020,426.000,400.720,404.670,931774.15,2022-04-21 23:59:59.999,388487539.86369,652635,439547.47,183384361.12800,0
2022-04-22,404.660,413.870,403.160,406.450,759932.92,2022-04-22 23:59:59.999,310627520.04000,548932,370499.39,151476480.92040,0
2022-04-23,406.450,408.060,396.000,400.840,510375.51,2022-04-23 23:59:59.999,206059404.52688,433041,223545.81,90303923.93988,0
2022-04-24,400.840,405.120,396.960,398.630,448935.69,2022-04-24 23:59:59.999,180292041.75050,394461,219020.81,87964499.11250,0
2022-04-25,398.620,405.830,381.790,404.110,1100960.85,2022-04-25 23:59:59.999,432754128.12008,743589,525220.63,206572134.08847,0
2022-04-26,404.120,407.510,380.450,385.670,958912.49,2022-04-26 23:59:59.999,377224048.89940,633666,459074.89,180616075.42078,0
2022-04-27,385.650,394.720,383.100,391.210,801963.01,2022-04-27 23:59:59.999,312515384.33690,547223,398839.78,155434745.33751,0
2022-04-28,391.220,408.430,388.170,406.800,1282360.05,2022-04-28 23:59:59.999,514363448.48345,749606,635724.72,255002378.41205,0
2022-04-29,406.800,410.450,389.460,392.690,916921.92,2022-04-29 23:59:59.999,366058363.43524,633393,443651.17,177122986.41895,0
2022-04-30,392.690,399.850,375.730,376.520,780989.76,2022-04-30 23:59:59.999,304619811.13095,552994,365067.78,142649953.82500,0
2022-05-01,376.520,391.280,374.900,389.600,750979.93,2022-05-01 23:59:59.999,288542892.86709,613807,378644.05,145495711.24139,0
2022-05-02,389.550,392.350,381.910,389.320,706575.94,2022-05-02 23:59:59.999,274076890.43660,519593,343265.91,133139002.27790,0
2022-05-03,389.320,392.170,379.500,383.520,564647.53,2022-05-03 23:59:59.999,218105901.63216,441774,274836.35,106201204.70030,0
2022-05-04,383.520,402.930,382.400,402.290,840117.47,2022-05-04 23:59:59.999,329754884.73836,591643,436667.01,171334721.25636,0
2022-05-05,402.300,414.000,370.000,378.060,1978236.02,2022-05-05 23:59:59.999,777688754.61103,1088869,943288.86,371749576.74648,0
2022-05-06,378.060,383.200,370.320,378.890,1003890.61,2022-05-06 23:59:59.999,379109821.88035,673584,502965.02,189960155.08832,0
2022-05-07,378.890,380.510,359.750,365.300,784221.28,2022-05-07 23:59:59.999,292524347.02930,574592,367597.69,137188063.56050,0
2022-05-08,365.300,366.920,349.010,355.730,1075905.35,2022-05-08 23:59:59.999,384605212.50591,677482,500427.46,178854373.38050,0
2022-05-09,355.750,359.190,294.680,295.500,2629604.41,2022-05-09 23:59:59.999,849361599.47464,1331213,1245784.13,402081563.51469,0
2022-05-10,295.470,332.560,288.370,318.900,2881545.74,2022-05-10 23:59:59.999,911740725.38296,1440143,1438808.39,455229510.55252,0
2022-05-11,318.900,322.810,260.040,271.260,3559749.91,2022-05-11 23:59:59.999,1043136782.25835,1768558,1754504.34,514330011.56962,0
2022-05-12,271.260,285.050,216.390,268.540,5510005.36,2022-05-12 23:59:59.999,1414274954.69360,2096151,2730623.81,701582604.35986,0
2022-05-13,268.540,313.250,265.030,290.450,2530481.62,2022-05-13 23:59:59.999,756372406.97567,1179382,1269126.39,379432110.13621,0
2022-05-14,290.430,299.270,271.680,296.660,1586861.01,2022-05-14 23:59:59.999,453619611.43475,799016,800369.33,228904773.99933,0
2022-05-15,296.650,312.670,285.260,312.050,1278913.47,2022-05-15 23:59:59.999,381838114.74030,653638,632740.92,189015463.18685,0
2022-05-16,312.060,312.200,290.000,297.000,1530734.98,2022-05-16 23:59:59.999,456061242.40503,769918,746027.34,222281776.28432,0
2022-05-17,297.030,310.530,295.780,305.910,1229899.76,2022-05-17 23:59:59.999,373466372.26993,681343,612558.82,186085341.62874,0
2022-05-18,305.910,308.440,286.260,287.360,1385025.13,2022-05-18 23:59:59.999,410592299.57163,700667,684449.03,203015657.63977,0
2022-05-19,287.420,308.930,286.320,306.700,1485233.57,2022-05-19 23:59:59.999,445012009.90570,770084,765855.80,229526000.08133,0
2022-05-20,306.750,316.400,293.710,301.950,1975481.57,2022-05-20 23:59:59.999,603765001.46243,884775,977700.92,299011959.85617,0
2022-05-21,301.950,313.980,298.990,312.130,961901.74,2022-05-21 23:59:59.999,295968787.82941,533426,493055.49,151728742.80214,0
2022-05-22,312.140,323.600,311.180,319.100,1297813.20,2022-05-22 23:59:59.999,411958710.56029,628428,665225.56,211157574.95309,0
2022-05-23,319.060,336.900,315.000,316.920,2154002.89,2022-05-23 23:59:59.999,705119963.54465,1017380,1087263.94,356049089.30432,0
2022-05-24,316.920,330.450,311.510,328.140,2287314.91,2022-05-24 23:59:59.999,736875311.73118,1032683,1134481.77,365567912.64263,0
2022-05-25,328.130,337.880,323.600,325.370,1913889.89,2022-05-25 23:59:59.999,630738980.18237,936683,951294.78,313659618.13235,0
2022-05-26,325.370,331.830,295.000,302.650,3015380.05,2022-05-26 23:59:59.999,944691302.35440,1296413,1481293.54,464208745.15321,0
2022-05-27,302.580,309.750,290.200,301.360,2732795.38,2022-05-27 23:59:59.999,820766357.68208,1301039,1355402.66,407249060.39242,0
2022-05-28,301.370,310.670,296.620,307.260,1306482.06,2022-05-28 23:59:59.999,396564672.31940,668540,655053.15,198938530.77306,0
2022-05-29,307.270,307.950,298.180,305.670,1279213.55,2022-05-29 23:59:59.999,387476542.62615,596798,615828.84,186621657.83439,0
2022-05-30,305.670,323.970,303.690,321.570,2026665.34,2022-05-30 23:59:59.999,640733572.36960,893501,1033261.39,326682950.18654,0
2022-05-31,321.610,324.820,313.180,320.860,1436771.00,2022-05-31 23:59:59.999,459290553.93655,742024,702483.09,224607462.09549,0
2022-06-01,320.850,324.600,297.150,300.250,1818491.01,2022-06-01 23:59:59.999,565575778.73641,867173,874223.64,272081730.48720,0
2022-06-02,300.290,309.120,297.880,308.180,1131724.91,2022-06-02 23:59:59.999,343044281.39230,639126,577923.70,175195850.22836,0
2022-06-03,308.180,310.190,293.000,298.360,1259528.89,2022-06-03 23:59:59.999,377632393.30389,667948,604844.17,181428052.78037,0
2022-06-04,298.360,303.000,294.380,301.210,833671.36,2022-06-04 23:59:59.999,249436734.05501,481806,412526.73,123435687.45581,0
2022-06-05,301.240,302.480,294.470,298.950,969504.78,2022-06-05 23:59:59.999,289172964.79901,505668,471080.78,140588077.30394,0
2022-06-06,298.910,312.620,286.800,294.770,2209575.08,2022-06-06 23:59:59.999,664568336.22522,964580,1062380.65,319767139.29301,0
2022-06-07,294.770,295.980,273.200,290.150,3697795.19,2022-06-07 23:59:59.999,1051927742.66680,1449650,1854966.63,527879133.36442,0
2022-06-08,290.170,294.570,283.730,288.260,1576192.59,2022-06-08 23:59:59.999,456712739.20791,673826,785016.75,227506601.77168,0
2022-06-09,288.270,293.350,286.060,289.640,967259.86,2022-06-09 23:59:59.999,280119061.90088,503358,476417.68,137983763.45866,0
2022-06-10,289.640,299.300,282.180,286.070,2288187.72,2022-06-10 23:59:59.999,662050132.05180,948592,1128796.95,326861531.58668,0
2022-06-11,286.070,290.490,264.900,269.670,2106150.18,2022-06-11 23:59:59.999,583346333.61600,951766,1011270.70,280204735.94711,0
2022-06-12,269.670,271.840,250.590,254.550,2478261.99,2022-06-12 23:59:59.999,643341216.85253,1024814,1219410.01,316646014.77297,0
2022-06-13,254.510,257.760,213.000,222.840,5576953.34,2022-06-13 23:59:59.999,1279125088.78853,2163780,2781191.33,637925716.54708,0
2022-06-14,222.810,231.340,203.810,222.980,4321800.76,2022-06-14 23:59:59.999,951963847.12707,1729608,2149355.33,473611418.46715,0
2022-06-15,222.990,234.560,198.140,233.510,5239003.76,2022-06-15 23:59:59.999,1115699642.38724,1966041,2611486.85,556380331.52424,0
2022-06-16,233.470,237.200,207.510,210.130,2981163.47,2022-06-16 23:59:59.999,655862178.25157,1190455,1493949.16,328908149.22160,0
2022-06-17,210.130,221.970,207.630,215.640,2285712.78,2022-06-17 23:59:59.999,493749608.31257,912041,1155643.34,249702705.97008,0
2022-06-18,215.640,218.990,182.970,196.800,4412622.54,2022-06-18 23:59:59.999,878040902.37303,1505716,2162313.61,430258239.74553,0
2022-06-19,196.790,216.800,189.530,214.860,3281401.39,2022-06-19 23:59:59.999,666767167.18194,1251626,1680785.99,341463341.21865,0
2022-06-20,214.860,219.580,204.510,216.370,2715520.80,2022-06-20 23:59:59.999,576871644.07034,1016546,1375537.98,292354085.89376,0
2022-06-21,216.350,228.220,212.940,219.900,2327216.72,2022-06-21 23:59:59.999,515574960.54061,901309,1164275.42,257962428.77479,0
2022-06-22,219.920,220.800,211.000,214.020,2090339.67,2022-06-22 23:59:59.999,450958104.86775,800648,1036104.81,223533633.47395,0
2022-06-23,214.030,230.670,213.790,228.650,2633034.09,2022-06-23 23:59:59.999,590044014.51156,915673,1326504.51,297305370.42273,0
2022-06-24,228.660,243.400,228.100,240.030,2135351.54,2022-06-24 23:59:59.999,502874470.76207,814512,1095921.69,258140455.40526,0
2022-06-25,240.040,242.000,229.330,239.490,1612632.23,2022-06-25 23:59:59.999,381912637.99111,677364,795961.63,188517733.19947,0
2022-06-26,239.450,245.460,233.000,233.800,1462174.58,2022-06-26 23:59:59.999,349529933.06443,620473,731013.53,174794303.82923,0
2022-06-27,233.800,240.900,229.900,233.620,1585578.32,2022-06-27 23:59:59.999,372965735.05964,643184,785278.33,184788077.89539,0
2022-06-28,233.620,242.590,225.670,226.800,2205991.91,2022-06-28 23:59:59.999,519333336.47634,821890,1113398.88,262281027.40517,0
2022-06-29,226.800,229.550,215.210,219.550,1990015.12,2022-06-29 23:59:59.999,439398946.85768,813297,983411.92,217143480.07053,0
2022-06-30,219.570,220.110,205.420,219.420,2338381.16,2022-06-30 23:59:59.999,496360779.75607,899668,1170399.14,248562442.71588,0
2022-07-01,219.430,226.660,213.310,216.650,2399212.50,2022-07-01 23:59:59.999,527426510.26176,940687,1220398.76,268327111.77602,0
2022-07-02,216.690,219.680,213.590,218.140,1293629.91,2022-07-02 23:59:59.999,280029867.80340,537961,655723.42,141961394.81202,0
2022-07-03,218.150,220.200,213.930,218.970,1381108.61,2022-07-03 23:59:59.999,300262290.32810,516718,693359.70,150801468.99422,0
2022-07-04,218.950,232.130,214.500,231.400,1806089.90,2022-07-04 23:59:59.999,402840136.85775,690697,951325.81,212285932.87886,0
2022-07-05,231.390,236.430,222.710,230.530,2325401.85,2022-07-05 23:59:59.999,533373210.93007,838937,1173073.45,269218013.53246,0
2022-07-06,230.550,239.980,228.800,238.360,2122998.63,2022-07-06 23:59:59.999,499965058.25510,795583,1105895.93,260438998.01013,0
2022-07-07,238.370,243.710,235.060,241.240,1683314.33,2022-07-07 23:59:59.999,402965664.34610,632903,854825.60,204693299.29213,0
2022-07-08,241.250,249.000,236.800,240.450,2011203.30,2022-07-08 23:59:59.999,485110180.17790,764727,998225.54,240864002.56177,0
2022-07-09,240.460,244.980,240.430,243.090,932609.22,2022-07-09 23:59:59.999,226394729.74550,420428,471361.44,114434709.07780,0
2022-07-10,243.100,243.290,231.510,234.570,1275968.45,2022-07-10 23:59:59.999,300848106.69303,520124,615076.21,144964671.65820,0
2022-07-11,234.570,234.880,224.810,225.430,1376849.69,2022-07-11 23:59:59.999,317562760.40648,575186,671122.53,154842234.49074,0
2022-07-12,225.430,228.170,219.900,220.330,1431523.63,2022-07-12 23:59:59.999,320854153.95206,552614,703183.83,157639157.06230,0
2022-07-13,220.340,230.900,216.130,230.280,2388838.89,2022-07-13 23:59:59.999,533532139.66839,806217,1209740.98,270330921.86017,0
2022-07-14,230.290,240.000,226.880,238.460,1931864.91,2022-07-14 23:59:59.999,450080837.01674,711761,993233.37,231549781.04467,0
2022-07-15,238.460,242.600,235.350,238.460,1356107.34,2022-07-15 23:59:59.999,323164806.65198,581235,685356.54,163339732.42266,0
2022-07-16,238.460,251.570,233.710,249.750,1615934.27,2022-07-16 23:59:59.999,392295504.47916,649807,853969.14,207508297.17283,0
2022-07-17,249.710,255.640,246.400,247.630,1551025.94,2022-07-17 23:59:59.999,389811878.26536,650340,772564.36,194170331.43937,0
2022-07-18,247.640,265.630,247.500,263.960,1994212.49,2022-07-18 23:59:59.999,516268258.00476,849014,1014764.85,262726591.93723,0
2022-07-19,263.960,274.770,255.650,268.540,2121950.70,2022-07-19 23:59:59.999,561218736.94199,895646,1073237.22,283979937.08011,0
2022-07-20,268.550,271.880,256.280,258.110,1837624.34,2022-07-20 23:59:59.999,488541735.92014,819030,879584.21,233769471.04516,0
2022-07-21,258.110,265.880,250.490,265.490,1468808.37,2022-07-21 23:59:59.999,379182999.11419,686355,748305.88,193209813.13970,0
2022-07-22,265.450,271.360,261.070,262.280,1325475.63,2022-07-22 23:59:59.999,353308330.33626,665957,657754.38,175363403.16765,0
2022-07-23,262.280,272.710,252.510,258.900,1638795.61,2022-07-23 23:59:59.999,427574482.00308,753815,791766.09,206745175.30918,0
2022-07-24,258.910,266.220,257.080,261.190,1053232.77,2022-07-24 23:59:59.999,276213969.11304,489673,530450.09,139127461.14434,0
2022-07-25,261.200,262.590,244.010,244.500,1527082.05,2022-07-25 23:59:59.999,387930080.11373,632912,734527.03,186660196.96402,0
2022-07-26,244.510,249.560,239.400,249.310,1352071.63,2022-07-26 23:59:59.999,328872958.13950,569868,661288.56,160918695.64827,0
2022-07-27,249.290,272.100,247.390,271.540,2116504.58,2022-07-27 23:59:59.999,548587506.29427,874142,1116444.66,289380866.08987,0
2022-07-28,271.540,280.930,263.600,277.100,2070397.14,2022-07-28 23:59:59.999,562701468.26947,866873,1041274.84,283067842.30534,0
2022-07-29,277.100,302.570,274.770,293.900,3100487.69,2022-07-29 23:59:59.999,898313448.56045,1253174,1596391.81,462603399.72997,0
2022-07-30,293.900,300.500,284.920,287.760,1937426.74,2022-07-30 23:59:59.999,567355357.60297,931375,944535.31,276696169.47307,0
2022-07-31,287.800,297.260,282.030,283.310,1435179.37,2022-07-31 23:59:59.999,417342964.23725,718656,708024.44,205920471.31505,0
2022-08-01,283.320,290.550,277.850,283.120,1372291.85,2022-08-01 23:59:59.999,390474388.72419,683189,656417.20,186787122.77184,0
2022-08-02,283.120,291.270,274.090,283.660,1897902.05,2022-08-02 23:59:59.999,535400119.42922,876522,943383.64,266235955.67743,0
2022-08-03,283.680,305.900,278.070,297.530,2378613.59,2022-08-03 23:59:59.999,701125098.24515,1061444,1226830.27,361899813.64471,0
2022-08-04,297.540,313.670,297.130,311.710,3251014.13,2022-08-04 23:59:59.999,990910083.56094,1359160,1664645.83,507528726.94678,0
2022-08-05,311.720,321.340,308.000,315.700,2608972.56,2022-08-05 23:59:59.999,822435197.76965,1143068,1323925.05,417421476.16189,0
2022-08-06,315.700,322.990,312.590,315.140,1674866.78,2022-08-06 23:59:59.999,530925281.80399,800405,850212.66,269604419.63179,0
2022-08-07,315.140,326.000,308.210,322.770,2115584.57,2022-08-07 23:59:59.999,673062854.31295,902825,1078271.33,343340097.97689,0
2022-08-08,322.770,333.990,321.000,324.550,2343153.95,2022-08-08 23:59:59.999,766922027.47309,1002163,1190268.27,389702049.02387,0
2022-08-09,324.540,328.500,312.060,324.300,2054151.89,2022-08-09 23:59:59.999,658808585.42656,931247,1001338.12,321216736.83061,0
2022-08-10,324.300,336.900,313.470,328.660,3111154.02,2022-08-10 23:59:59.999,1011748028.77658,1359417,1550199.61,504327541.49197,0
2022-08-11,328.660,334.680,321.650,323.290,1863553.58,2022-08-11 23:59:59.999,613627275.45407,934053,904530.24,297897573.04295,0
2022-08-12,323.290,328.000,317.510,327.880,1635804.27,2022-08-12 23:59:59.999,528300122.29412,756912,809098.90,261300335.33974,0
2022-08-13,327.900,333.000,322.500,324.000,1567750.15,2022-08-13 23:59:59.999,514123434.67380,742829,764493.22,250779953.48510,0
2022-08-14,324.000,330.800,315.430,317.600,1483287.31,2022-08-14 23:59:59.999,479665233.87469,720598,705839.07,228319822.24460,0
2022-08-15,317.590,327.330,313.570,319.310,1833422.31,2022-08-15 23:59:59.999,585024647.00631,830400,892559.13,284841963.77562,0
2022-08-16,319.290,322.290,311.690,315.940,1456876.10,2022-08-16 23:59:59.999,460981769.57516,690797,707398.23,223870977.15120,0
2022-08-17,315.930,324.160,303.500,306.750,2133079.41,2022-08-17 23:59:59.999,666614955.21830,955562,1020884.11,319271225.07559,0
2022-08-18,306.790,310.400,295.220,297.960,1749054.81,2022-08-18 23:59:59.999,532686557.20917,781266,810177.72,246849128.34161,0
2022-08-19,297.960,298.150,273.100,278.990,2892940.58,2022-08-19 23:59:59.999,824644439.47484,1168056,1383342.53,394207728.83557,0
2022-08-20,278.990,288.860,276.550,283.410,1888916.00,2022-08-20 23:59:59.999,536891192.94372,827458,924861.96,262885957.93261,0
2022-08-21,283.410,304.310,283.170,301.610,2478139.64,2022-08-21 23:59:59.999,732307391.05697,1074019,1270106.44,375311443.56290,0
2022-08-22,301.610,305.000,288.540,299.820,2516372.94,2022-08-22 23:59:59.999,745093234.60263,1059180,1271572.98,376554600.36577,0
2022-08-23,299.820,301.790,293.490,299.140,1806970.07,2022-08-23 23:59:59.999,538119816.92658,849655,896248.70,266905644.19488,0
2022-08-24,299.150,300.420,293.870,296.060,1545887.35,2022-08-24 23:59:59.999,459253072.86854,732251,774216.15,230063012.17454,0
2022-08-25,296.060,307.860,295.510,301.000,1567672.11,2022-08-25 23:59:59.999,472601475.42260,725571,781626.53,235686115.49529,0
2022-08-26,301.010,302.330,276.960,279.300,2266578.32,2022-08-26 23:59:59.999,661501344.81929,1004587,1089460.22,318072429.89614,0
2022-08-27,279.310,284.450,272.800,277.660,1560621.56,2022-08-27 23:59:59.999,436074177.07440,779518,766306.11,214186544.72647,0
2022-08-28,277.660,283.900,275.300,276.230,1434558.06,2022-08-28 23:59:59.999,400379426.01247,700046,694274.98,193798869.11232,0
2022-08-29,276.230,286.560,271.940,285.610,2162177.72,2022-08-29 23:59:59.999,604169358.72278,915761,1096393.43,306476718.73590,0
2022-08-30,285.620,291.940,276.210,281.420,2077155.32,2022-08-30 23:59:59.999,591338373.38784,892003,1040238.54,296247679.02018,0
2022-08-31,281.420,289.920,277.440,278.990,1805983.38,2022-08-31 23:59:59.999,513714860.63336,826696,892056.28,253875423.57941,0
2022-09-01,278.990,280.210,270.290,278.180,1867546.39,2022-09-01 23:59:59.999,514989677.07904,863498,902217.64,248855048.39236,0
2022-09-02,278.180,283.500,273.330,277.220,1572494.28,2022-09-02 23:59:59.999,438010788.77205,742357,794273.96,221295343.62432,0
2022-09-03,277.210,278.660,274.000,277.640,696975.84,2022-09-03 23:59:59.999,192755869.41893,390587,349351.64,96626952.42245,0
2022-09-04,277.640,280.680,274.740,278.980,887989.61,2022-09-04 23:59:59.999,246787700.74855,448272,438433.82,121871988.60495,0
2022-09-05,278.970,282.470,273.030,276.700,1165569.09,2022-09-05 23:59:59.999,321886212.12685,541886,568632.28,157115349.37622,0
2022-09-06,276.700,286.400,260.220,262.240,2492979.44,2022-09-06 23:59:59.999,686124381.14987,1056132,1217050.19,335380269.21805,0
2022-09-07,262.230,280.680,257.740,278.950,1724893.13,2022-09-07 23:59:59.999,462570180.29355,753047,882539.86,236861322.80675,0
2022-09-08,278.960,282.890,275.210,280.410,1542173.57,2022-09-08 23:59:59.999,430242169.72326,679435,813413.59,226979137.90866,0
2022-09-09,280.410,295.950,279.890,293.140,1505091.93,2022-09-09 23:59:59.999,436149831.07631,732019,767478.88,222328399.01088,0
2022-09-10,293.140,298.480,290.230,296.470,1025193.27,2022-09-10 23:59:59.999,301703930.52623,551695,521379.14,153452014.14360,0
2022-09-11,296.470,297.890,289.350,295.070,804809.74,2022-09-11 23:59:59.999,236920506.80816,462526,397643.56,117071499.78230,0
2022-09-12,295.070,300.000,290.560,293.810,1370480.10,2022-09-12 23:59:59.999,404211190.15543,692254,687466.05,202802566.53817,0
2022-09-13,293.800,298.500,275.160,277.230,1856311.65,2022-09-13 23:59:59.999,531009424.61744,893059,912342.46,261039151.44723,0
2022-09-14,277.220,282.580,273.000,279.140,1280447.11,2022-09-14 23:59:59.999,356973901.01987,610336,624372.09,174118766.66409,0
2022-09-15,279.140,280.310,266.400,270.950,1450498.36,2022-09-15 23:59:59.999,396862351.58806,745042,692009.80,189362112.46924,0
2022-09-16,270.940,276.330,268.220,274.760,1107493.71,2022-09-16 23:59:59.999,302783785.77997,600368,548103.98,149855607.66016,0
2022-09-17,274.750,279.820,274.380,278.760,663363.70,2022-09-17 23:59:59.999,183907662.45655,382098,331368.29,91872667.61995,0
2022-09-18,278.770,280.360,262.130,266.190,1178431.27,2022-09-18 23:59:59.999,321996071.42613,589245,558803.64,152740967.70415,0
2022-09-19,266.180,273.090,256.300,271.800,1711658.62,2022-09-19 23:59:59.999,452846622.34766,815313,860870.31,227936519.53296,0
2022-09-20,271.800,273.580,264.920,266.130,1095316.60,2022-09-20 23:59:59.999,294457913.51024,563579,538502.23,144779536.02392,0
2022-09-21,266.130,276.470,260.000,263.700,1731125.00,2022-09-21 23:59:59.999,463421361.79287,849796,874846.15,234253541.85743,0
2022-09-22,263.700,276.450,263.230,275.210,1259379.60,2022-09-22 23:59:59.999,338716047.02948,613328,631607.14,169948101.96024,0
2022-09-23,275.210,277.600,268.100,276.450,1295727.70,2022-09-23 23:59:59.999,353753757.97889,656419,648962.37,177204668.60568,0
2022-09-24,276.460,285.310,274.000,274.320,1469625.39,2022-09-24 23:59:59.999,411351747.41841,687811,761247.28,213156925.18136,0
2022-09-25,274.320,279.860,270.900,274.040,1069732.24,2022-09-25 23:59:59.999,294670378.49722,522782,521113.83,143556509.65843,0
2022-09-26,274.010,276.830,270.530,276.010,1101271.03,2022-09-26 23:59:59.999,301538144.80109,567923,534073.24,146241791.48838,0
2022-09-27,276.000,286.650,268.000,272.030,1785896.47,2022-09-27 23:59:59.999,497772849.27312,756079,871785.64,243421173.37916,0
2022-09-28,272.030,283.680,266.200,281.470,1536301.46,2022-09-28 23:59:59.999,421126340.70830,701618,781387.00,214294327.65026,0
2022-09-29,281.470,285.450,276.880,284.040,1469398.95,2022-09-29 23:59:59.999,413818878.36728,690637,757566.55,213370036.82061,0
2022-09-30,284.060,289.760,280.380,284.650,1610532.91,2022-09-30 23:59:59.999,458867081.96956,717012,831892.25,237057186.61975,0
2022-10-01,284.650,285.300,277.600,282.800,773576.71,2022-10-01 23:59:59.999,218132573.18128,412945,371760.02,104829791.56591,0
2022-10-02,282.810,287.990,279.240,284.630,978480.96,2022-10-02 23:59:59.999,277209661.73129,459302,504685.41,143033953.13689,0
2022-10-03,284.630,288.990,283.000,286.830,1208709.28,2022-10-03 23:59:59.999,345927435.42525,535052,590238.49,168916511.05396,0
2022-10-04,286.840,298.350,286.000,296.000,1277434.78,2022-10-04 23:59:59.999,373760741.13699,622426,668750.97,195698577.50319,0
2022-10-05,295.990,296.120,289.190,293.980,917613.59,2022-10-05 23:59:59.999,268678726.92693,503769,459515.09,134550495.81660,0
2022-10-06,293.980,297.800,278.000,286.760,2296853.58,2022-10-06 23:59:59.999,661370541.13836,914384,1130135.89,325490760.78181,0
2022-10-07,286.770,286.770,279.200,282.160,1779227.74,2022-10-07 23:59:59.999,504431296.13382,755139,888567.45,251956212.46450,0
2022-10-08,282.150,282.590,275.270,276.230,848461.92,2022-10-08 23:59:59.999,237440628.42925,395278,402527.38,112700222.33700,0
2022-10-09,276.240,279.420,275.020,278.200,696640.22,2022-10-09 23:59:59.999,193319999.94670,336792,334366.64,92795233.41070,0
2022-10-10,278.190,279.100,271.140,271.470,1022889.84,2022-10-10 23:59:59.999,281058218.77299,463046,468175.58,128673466.97530,0
2022-10-11,271.470,273.860,267.000,271.400,1091096.90,2022-10-11 23:59:59.999,295474333.83915,505416,525526.94,142326482.60761,0
2022-10-12,271.390,272.880,269.180,270.800,750582.36,2022-10-12 23:59:59.999,203538653.73080,361930,369650.16,100244764.16800,0
2022-10-13,270.800,273.660,255.000,271.400,2116323.33,2022-10-13 23:59:59.999,561185772.66166,861574,1001898.33,265763525.75839,0
2022-10-14,271.390,276.650,267.390,269.300,1135601.69,2022-10-14 23:59:59.999,309791008.84093,512868,552729.51,150805104.88158,0
2022-10-15,269.300,271.320,267.180,267.960,509635.39,2022-10-15 23:59:59.999,137495428.96565,289477,245215.14,66163738.43171,0
2022-10-16,267.960,273.740,267.720,272.310,600305.40,2022-10-16 23:59:59.999,162594558.11531,308798,292237.45,79171329.20551,0
2022-10-17,272.310,275.820,269.510,275.540,734925.44,2022-10-17 23:59:59.999,200815048.26798,379787,370982.54,101387607.54618,0
2022-10-18,275.530,275.900,270.120,272.990,795262.09,2022-10-18 23:59:59.999,217168932.21871,367844,392762.40,107242376.50610,0
2022-10-19,272.980,273.870,270.200,271.780,630654.29,2022-10-19 23:59:59.999,171513713.95370,316145,307493.43,83631901.26040,0
2022-10-20,271.790,273.290,267.100,268.800,798786.29,2022-10-20 23:59:59.999,216153916.61154,380391,374145.96,101282054.74610,0
2022-10-21,268.810,271.080,263.090,269.880,979839.70,2022-10-21 23:59:59.999,262292450.00171,443196,469242.34,125640200.39414,0
2022-10-22,269.890,271.060,268.120,270.270,375436.96,2022-10-22 23:59:59.999,101190492.88410,228394,193130.53,52061247.30980,0
2022-10-23,270.280,276.640,268.420,275.730,652279.77,2022-10-23 23:59:59.999,177646143.04509,321270,341426.89,93045807.18229,0
2022-10-24,275.740,277.380,271.380,274.020,671641.35,2022-10-24 23:59:59.999,183890596.57740,329296,332772.88,91123349.73950,0
2022-10-25,274.030,289.750,271.780,284.040,1622059.68,2022-10-25 23:59:59.999,457365608.77261,628879,835704.60,235618765.62062,0
2022-10-26,284.050,291.950,284.040,290.060,1194211.68,2022-10-26 23:59:59.999,344139024.87931,526697,602302.45,173574640.59482,0
2022-10-27,290.040,293.220,284.420,286.670,1220581.89,2022-10-27 23:59:59.999,352045551.47408,531111,599070.74,172849557.19593,0
2022-10-28,286.680,301.080,285.520,297.850,1703353.21,2022-10-28 23:59:59.999,499786166.00156,675921,896693.72,263286489.82406,0
2022-10-29,297.850,308.420,295.470,304.420,2009675.24,2022-10-29 23:59:59.999,608962719.92708,824672,1002563.64,303807117.12393,0
2022-10-30,304.410,319.300,302.140,313.420,2119755.13,2022-10-30 23:59:59.999,660540263.48056,857661,1067517.84,332773708.88073,0
2022-10-31,313.420,337.880,306.410,325.590,4298471.38,2022-10-31 23:59:59.999,1398540629.54198,1552066,2157650.06,702242739.04282,0
2022-11-01,325.600,334.250,316.880,323.670,2154109.81,2022-11-01 23:59:59.999,700618026.42696,865808,1056762.29,343917943.24235,0
2022-11-02,323.660,329.630,315.010,319.980,2337902.08,2022-11-02 23:59:59.999,752848072.07933,1101966,1150047.43,370334161.22546,0
2022-11-03,319.980,339.000,317.830,329.360,2702424.87,2022-11-03 23:59:59.999,891813699.15344,1196347,1366677.62,451170209.64402,0
2022-11-04,329.350,358.990,327.970,354.360,3226092.61,2022-11-04 23:59:59.999,1119397479.64518,1404679,1673961.21,580662868.17697,0
2022-11-05,354.370,361.000,345.830,348.970,1660276.61,2022-11-05 23:59:59.999,587378479.56572,827346,834374.47,295228092.49347,0
2022-11-06,348.960,356.330,337.420,337.690,1593381.25,2022-11-06 23:59:59.999,557030299.03393,766851,785521.73,274787171.13164,0
2022-11-07,337.690,344.190,326.040,336.810,3006304.57,2022-11-07 23:59:59.999,1006774687.86401,1327263,1477849.02,495045876.01849,0
2022-11-08,336.810,399.910,298.170,326.950,12141918.87,2022-11-08 23:59:59.999,4121082021.62405,5190348,6039206.58,2051925470.81108,0
2022-11-09,326.970,332.640,260.000,266.520,7429076.14,2022-11-09 23:59:59.999,2207183823.53438,3503967,3614113.60,1074696260.38175,0
2022-11-10,266.530,311.930,262.110,303.840,4331441.11,2022-11-10 23:59:59.999,1247111936.08222,2345284,2157604.14,621468526.47607,0
2022-11-11,303.850,305.920,278.140,290.080,2500929.25,2022-11-11 23:59:59.999,728374208.39623,1346446,1236131.26,360068280.44261,0
2022-11-12,290.080,293.430,271.310,282.670,1831003.82,2022-11-12 23:59:59.999,518347118.33082,1020812,900612.81,255010138.47350,0
2022-11-13,282.680,286.360,273.000,276.410,1365077.83,2022-11-13 23:59:59.999,381425473.29403,812758,664898.75,185803329.81435,0
2022-11-14,276.400,292.160,267.580,278.850,2899668.01,2022-11-14 23:59:59.999,808361613.63966,1367600,1425026.57,397315476.40113,0
2022-11-15,278.850,282.540,272.900,276.830,1941769.22,2022-11-15 23:59:59.999,539588833.83465,946389,938049.43,260721689.01949,0
2022-11-16,276.890,280.230,268.220,271.700,1754311.85,2022-11-16 23:59:59.999,479762878.93264,818794,832599.73,227704136.33235,0
2022-11-17,271.720,273.400,262.930,267.820,1763629.04,2022-11-17 23:59:59.999,472924681.27035,793224,853437.36,228890161.11094,0
2022-11-18,267.820,274.780,267.510,273.890,1279304.52,2022-11-18 23:59:59.999,348071130.58059,601718,631882.31,171931682.03459,0
2022-11-19,273.880,274.500,268.830,272.330,869212.92,2022-11-19 23:59:59.999,236080059.99721,390195,422421.63,114745869.88390,0
2022-11-20,272.330,273.880,261.360,264.110,1227348.13,2022-11-20 23:59:59.999,329921887.37031,571933,570576.91,153406426.70740,0
2022-11-21,264.110,265.080,249.120,253.920,2497180.85,2022-11-21 23:59:59.999,642948841.00459,1049155,1205727.07,310472602.17329,0
2022-11-22,253.930,267.790,251.990,266.620,1727673.63,2022-11-22 23:59:59.999,448404542.72463,745109,885004.23,229784802.55027,0
2022-11-23,266.640,302.160,264.800,298.490,4996679.33,2022-11-23 23:59:59.999,1455542719.77481,1800452,2589842.07,754424123.35845,0
2022-11-24,298.460,303.840,293.450,299.860,2634888.34,2022-11-24 23:59:59.999,785685943.35895,1094303,1330867.57,396951887.22698,0
2022-11-25,299.860,306.610,293.630,300.430,2224501.41,2022-11-25 23:59:59.999,664692361.29733,952289,1132850.05,338601832.83292,0
2022-11-26,300.430,318.000,299.420,310.950,3043808.81,2022-11-26 23:59:59.999,948176854.00444,1230722,1550899.23,483025457.29064,0
2022-11-27,310.960,316.310,305.940,307.360,1681129.74,2022-11-27 23:59:59.999,525122936.34984,797152,845990.94,264331722.81910,0
2022-11-28,307.340,309.190,286.000,293.160,3108085.64,2022-11-28 23:59:59.999,916151905.43820,1333129,1522881.41,448881492.98996,0
2022-11-29,293.160,304.990,288.510,295.130,2159345.90,2022-11-29 23:59:59.999,644650037.22087,951897,1072040.08,320079596.93944,0
2022-11-30,295.140,305.270,292.000,300.110,2627825.67,2022-11-30 23:59:59.999,786388698.17926,1134781,1278845.81,382773744.54669,0
2022-12-01,300.100,301.530,290.120,292.300,3296858.67,2022-12-01 23:59:59.999,975222834.44810,1255000,1656992.21,490228179.69887,0
2022-12-02,292.300,294.040,284.380,293.490,2024065.31,2022-12-02 23:59:59.999,586574688.89573,858098,998369.36,289416730.59862,0
2022-12-03,293.490,294.500,288.980,290.350,1038670.52,2022-12-03 23:59:59.999,302671954.96240,505503,509907.60,148604970.33230,0
2022-12-04,290.350,293.090,287.080,291.950,1004041.37,2022-12-04 23:59:59.999,291833966.98729,494274,504191.55,146571594.88923,0
2022-12-05,291.940,297.250,286.010,288.390,1505984.56,2022-12-05 23:59:59.999,440752681.70539,697548,716532.07,209754060.17990,0
2022-12-06,288.400,290.790,286.440,290.210,904184.64,2022-12-06 23:59:59.999,261128272.48620,460562,438453.58,126639482.41910,0
2022-12-07,290.200,291.000,280.000,284.020,1151685.74,2022-12-07 23:59:59.999,327705738.87431,573960,537927.25,153058282.95500,0
2022-12-08,284.010,291.990,282.290,290.340,1167705.79,2022-12-08 23:59:59.999,335033055.84845,564154,594549.74,170651582.01315,0
2022-12-09,290.340,292.100,284.500,285.910,984260.54,2022-12-09 23:59:59.999,284477544.97429,483977,489434.07,141489387.70130,0
2022-12-10,285.910,289.850,285.630,288.030,437168.02,2022-12-10 23:59:59.999,125687174.49126,271543,216903.61,62372299.15096,0
2022-12-11,288.020,291.490,283.170,284.380,796560.71,2022-12-11 23:59:59.999,229724087.77439,394236,390065.43,112528428.34300,0
2022-12-12,284.390,285.740,271.450,276.140,3088891.51,2022-12-12 23:59:59.999,857175291.85444,1113353,1512225.88,419608126.14295,0
2022-12-13,276.140,282.360,255.340,272.340,8174597.75,2022-12-13 23:59:59.999,2198073505.88101,2608979,4063321.29,1092777887.31852,0
2022-12-14,272.340,278.670,265.000,267.700,3748097.02,2022-12-14 23:59:59.999,1020188374.30246,1231899,1838681.48,500621761.45763,0
2022-12-15,267.700,268.140,256.500,258.850,2561799.65,2022-12-15 23:59:59.999,673477561.04900,840623,1250032.32,328712876.04280,0
2022-12-16,258.840,264.770,222.960,230.740,6245544.82,2022-12-16 23:59:59.999,1533708665.59925,1834044,2987686.44,734271311.08220,0
2022-12-17,230.730,245.000,218.930,241.750,6595404.85,2022-12-17 23:59:59.999,1537618502.60629,1779702,3367630.76,785492022.37166,0
2022-12-18,241.740,254.200,238.970,250.780,5162521.00,2022-12-18 23:59:59.999,1276176705.83836,1561833,2629509.66,650190261.68568,0
2022-12-19,250.770,252.870,236.460,240.230,4377059.47,2022-12-19 23:59:59.999,1076652067.98386,1308142,2183880.81,537251321.99049,0
2022-12-20,240.240,253.680,239.030,251.090,3425483.64,2022-12-20 23:59:59.999,849956121.24681,964790,1765021.24,437942808.95452,0
2022-12-21,251.100,251.350,245.000,246.070,1713273.14,2022-12-21 23:59:59.999,425264419.31632,539750,856137.47,212534250.91800,0
2022-12-22,246.070,248.270,240.000,245.690,2368418.48,2022-12-22 23:59:59.999,578206850.29197,738249,1183784.90,289033754.56882,0
2022-12-23,245.700,248.740,243.330,245.950,1547434.48,2022-12-23 23:59:59.999,380523332.40890,490709,771025.14,189640907.33750,0
2022-12-24,245.950,246.150,243.000,244.310,738879.96,2022-12-24 23:59:59.999,180726575.17780,253005,366324.24,89610750.70290,0
2022-12-25,244.310,245.740,241.000,243.110,1155002.07,2022-12-25 23:59:59.999,281118285.76595,371785,577079.38,140467487.06350,0
2022-12-26,243.110,244.900,241.710,244.260,865906.28,2022-12-26 23:59:59.999,210530628.69140,312119,441072.62,107257594.80980,0
2022-12-27,244.260,250.000,242.000,246.520,1613541.30,2022-12-27 23:59:59.999,394852073.63760,501910,813530.41,199135697.17573,0
2022-12-28,246.530,247.370,241.280,244.420,1708713.93,2022-12-28 23:59:59.999,416525400.75595,553180,846724.51,206440355.08770,0
2022-12-29,244.420,246.810,243.140,246.120,1328638.57,2022-12-29 23:59:59.999,326039694.73852,416840,684973.41,168102239.47852,0
2022-12-30,246.130,246.540,242.530,245.740,1108524.46,2022-12-30 23:59:59.999,271045015.57425,329350,555162.70,135756228.58060,0
2022-12-31,245.730,248.000,244.730,246.110,821800.63,2022-12-31 23:59:59.999,202317473.75952,247390,409210.99,100755417.00132,0
2023-01-01,246.110,246.590,243.250,244.360,793153.38,2023-01-01 23:59:59.999,193985583.27920,246426,389385.70,95232307.01920,0
2023-01-02,244.350,247.880,240.400,245.070,1476135.06,2023-01-02 23:59:59.999,362014330.10557,407787,730789.27,179289452.71912,0
2023-01-03,245.060,246.900,244.020,245.970,917619.33,2023-01-03 23:59:59.999,225254035.32200,287346,455078.54,111722283.67160,0
2023-01-04,245.970,260.900,245.470,258.540,2601842.57,2023-01-04 23:59:59.999,664724650.61011,747686,1357831.20,346679950.40568,0
2023-01-05,258.550,258.900,255.000,256.440,1016972.84,2023-01-05 23:59:59.999,261280295.11720,344953,504175.60,129535357.21140,0
2023-01-06,256.430,260.500,253.950,259.690,1642251.62,2023-01-06 23:59:59.999,422647779.13080,519824,841457.11,216585985.24810,0
2023-01-07,259.690,264.000,259.210,261.110,722545.09,2023-01-07 23:59:59.999,188645181.57990,295305,366210.73,95631192.40950,0
2023-01-08,261.100,277.000,259.830,274.700,1576056.16,2023-01-08 23:59:59.999,419479859.02601,512241,844643.99,224948859.74784,0
2023-01-09,274.700,283.550,271.270,272.440,2398756.73,2023-01-09 23:59:59.999,666242323.21570,791760,1195553.96,332166138.12097,0
2023-01-10,272.440,278.650,270.070,277.020,1433539.80,2023-01-10 23:59:59.999,394249669.61854,493344,717695.07,197394850.74363,0
2023-01-11,277.010,287.400,273.910,284.740,1506445.25,2023-01-11 23:59:59.999,419577627.44904,525734,768029.14,214001940.24086,0
2023-01-12,284.740,288.670,276.510,287.520,2285067.64,2023-01-12 23:59:59.999,650217253.89386,813835,1133197.07,322540323.30672,0
2023-01-13,287.520,296.250,284.630,293.670,1784645.31,2023-01-13 23:59:59.999,515825584.99797,620094,904034.75,261412271.46465,0
2023-01-14,293.670,315.300,293.150,305.250,3307812.49,2023-01-14 23:59:59.999,1011255618.20288,1211788,1656186.72,506332993.86318,0
2023-01-15,305.260,306.240,292.000,302.200,1490260.82,2023-01-15 23:59:59.999,446253710.98226,606658,715665.03,214338991.52075,0
2023-01-16,302.200,308.190,293.000,299.020,1710474.04,2023-01-16 23:59:59.999,513925445.33329,684248,825969.82,248202179.53478,0
2023-01-17,299.010,306.000,294.000,299.280,1351462.88,2023-01-17 23:59:59.999,406983516.96618,595067,656233.46,197639608.33061,0
2023-01-18,299.280,305.480,281.100,286.440,2936274.92,2023-01-18 23:59:59.999,863359895.79327,1207704,1429104.30,420185563.37701,0
2023-01-19,286.440,295.400,285.820,294.400,1188547.72,2023-01-19 23:59:59.999,345037943.16703,489901,591845.09,171819332.46773,0
2023-01-20,294.390,305.660,286.690,305.240,2112548.65,2023-01-20 23:59:59.999,621709129.85053,778552,1062800.25,312912441.22334,0
2023-01-21,305.240,310.550,298.160,299.120,2167116.69,2023-01-21 23:59:59.999,658636287.61932,879464,1034349.22,314469017.88879,0
2023-01-22,299.130,312.000,298.450,303.190,1788927.68,2023-01-22 23:59:59.999,543671642.93729,712209,867642.30,263788443.01333,0
2023-01-23,303.190,308.240,300.620,305.360,1372118.46,2023-01-23 23:59:59.999,418623200.20999,628940,668259.20,203933961.81937,0
2023-01-24,305.350,324.080,299.100,300.320,3016081.57,2023-01-24 23:59:59.999,945341133.77586,1253968,1470220.83,461042690.65655,0
2023-01-25,300.310,314.050,292.800,306.840,2146066.87,2023-01-25 23:59:59.999,648194704.42884,906953,1044343.73,315564933.92196,0
2023-01-26,306.840,309.490,301.300,304.680,1430128.86,2023-01-26 23:59:59.999,437462270.89800,572441,696276.83,213000462.22002,0
2023-01-27,304.700,310.730,298.550,308.070,1219829.56,2023-01-27 23:59:59.999,371953761.89910,534383,604247.88,184285007.99208,0
2023-01-28,308.070,313.790,303.510,306.080,990764.68,2023-01-28 23:59:59.999,304531575.50430,450770,481505.83,148041715.37306,0
2023-01-29,306.090,320.710,304.710,317.120,1839919.46,2023-01-29 23:59:59.999,578939091.29425,747190,931357.61,293038098.27785,0
2023-01-30,317.130,321.260,300.880,307.180,1797667.17,2023-01-30 23:59:59.999,556563306.22536,860516,871688.73,269978956.37671,0
2023-01-31,307.170,314.470,305.320,312.150,1203941.20,2023-01-31 23:59:59.999,374680641.70396,610939,598041.66,186137784.02646,0
2023-02-01,312.150,319.580,305.610,317.200,1643075.51,2023-02-01 23:59:59.999,511884708.43581,814161,811975.44,253037167.87656,0
2023-02-02,317.210,334.990,316.430,323.720,2683379.58,2023-02-02 23:59:59.999,879483968.27758,1146483,1335412.39,437690796.82416,0
2023-02-03,323.710,335.820,318.540,332.380,2443842.28,2023-02-03 23:59:59.999,804098340.65386,1004876,1216679.36,400360882.33447,0
2023-02-04,332.380,334.340,327.100,330.410,1002090.57,2023-02-04 23:59:59.999,331304468.44500,505656,486906.45,160982278.06510,0
2023-02-05,330.400,338.180,323.000,327.940,2107857.38,2023-02-05 23:59:59.999,696000859.45732,930578,1038813.18,343093092.83370,0
2023-02-06,327.930,331.620,320.600,324.570,1362741.92,2023-02-06 23:59:59.999,445575367.66690,643735,664728.77,217374700.61770,0
2023-02-07,324.560,333.940,323.260,333.150,1246474.40,2023-02-07 23:59:59.999,410505805.05575,609246,632492.03,208326822.04565,0
2023-02-08,333.160,336.010,323.490,328.280,1269788.51,2023-02-08 23:59:59.999,418338008.22932,598409,625237.41,206043672.41430,0
2023-02-09,328.280,329.250,301.410,305.910,2287840.43,2023-02-09 23:59:59.999,723339880.68318,1053128,1079467.48,341464823.58331,0
2023-02-10,305.910,309.050,302.050,305.520,1208371.41,2023-02-10 23:59:59.999,370146420.03336,597671,584739.24,179135028.68462,0
2023-02-11,305.500,311.130,304.810,310.220,724516.72,2023-02-11 23:59:59.999,223293925.03690,390407,361579.14,111456843.20120,0
2023-02-12,310.230,320.700,305.200,312.260,1575199.48,2023-02-12 23:59:59.999,494328529.25662,673815,783078.08,245760794.41375,0
2023-02-13,312.260,315.910,282.380,294.040,6962657.44,2023-02-13 23:59:59.999,2051581204.71104,2315153,3451642.88,1016853385.29142,0
2023-02-14,294.040,301.530,289.600,296.060,2999906.97,2023-02-14 23:59:59.999,883846675.14513,1104695,1506283.54,443893466.63457,0
2023-02-15,296.060,317.630,293.800,317.260,2489381.45,2023-02-15 23:59:59.999,758435120.07401,895567,1265296.83,385571890.65051,0
2023-02-16,317.270,328.100,303.810,304.070,3672174.32,2023-02-16 23:59:59.999,1171055567.72780,1401266,1794300.49,572496004.16601,0
2023-02-17,304.070,317.000,302.500,312.940,2252434.98,2023-02-17 23:59:59.999,698471866.82062,906996,1113551.25,345347527.05067,0
2023-02-18,312.910,318.850,312.810,316.210,1155808.17,2023-02-18 23:59:59.999,364980589.70690,524224,578709.14,182760837.13480,0
2023-02-19,316.210,318.650,310.000,311.250,1354109.24,2023-02-19 23:59:59.999,426405822.01610,645878,651076.74,205058004.15580,0
2023-02-20,311.270,319.590,307.170,315.280,1588132.31,2023-02-20 23:59:59.999,501077300.76330,742698,791427.86,249724770.15620,0
2023-02-21,315.320,317.280,309.030,311.400,1484155.50,2023-02-21 23:59:59.999,464924793.01570,691900,725397.50,227247279.68420,0
2023-02-22,311.390,312.840,303.200,312.390,1669340.27,2023-02-22 23:59:59.999,512931846.38424,780829,814542.00,250302920.93700,0
2023-02-23,312.390,315.000,305.730,308.200,1312730.81,2023-02-23 23:59:59.999,406893555.48201,624383,634192.99,196591540.74256,0
2023-02-24,308.210,311.940,298.190,302.110,1394921.64,2023-02-24 23:59:59.999,426018291.73963,664687,656462.49,200590937.99214,0
2023-02-25,302.100,302.820,295.070,302.180,839195.08,2023-02-25 23:59:59.999,251959540.08947,461424,407737.63,122449321.88447,0
2023-02-26,302.180,309.800,300.510,308.420,728094.86,2023-02-26 23:59:59.999,222102571.42218,387507,373839.90,114054585.47198,0
2023-02-27,308.420,309.320,300.240,304.500,1280202.77,2023-02-27 23:59:59.999,389705559.98244,578784,614351.71,186996887.86760,0
2023-02-28,304.510,305.580,299.520,301.180,953580.14,2023-02-28 23:59:59.999,288742349.68560,466312,471378.84,142762488.08490,0
2023-03-01,301.180,306.410,300.240,302.480,953073.81,2023-03-01 23:59:59.999,288825955.62240,486085,472503.10,143210594.75790,0
2023-03-02,302.480,303.730,295.530,299.790,1185328.62,2023-03-02 23:59:59.999,354130554.11534,539248,567433.47,169532241.63537,0
2023-03-03,299.790,300.000,285.000,290.340,1420217.14,2023-03-03 23:59:59.999,411866127.37624,643633,679451.72,197023572.11316,0
2023-03-04,290.330,291.380,285.510,289.450,761157.86,2023-03-04 23:59:59.999,220107525.65690,367339,377905.97,109296062.36780,0
2023-03-05,289.450,292.630,287.130,288.580,831518.44,2023-03-05 23:59:59.999,241318624.50179,368337,411604.83,119455133.88093,0
2023-03-06,288.590,289.590,283.090,287.630,1323637.35,2023-03-06 23:59:59.999,378901894.09305,561674,647554.92,185387832.19936,0
2023-03-07,287.640,290.510,283.160,289.140,1461067.68,2023-03-07 23:59:59.999,419410053.47825,585603,720309.25,206809705.62496,0
2023-03-08,289.140,294.170,285.000,286.900,1949141.09,2023-03-08 23:59:59.999,562847943.25534,743679,980402.93,283154496.32339,0
2023-03-09,286.900,291.280,270.820,276.890,2423657.99,2023-03-09 23:59:59.999,686739482.48673,887043,1181828.63,334993643.88978,0
2023-03-10,276.900,277.970,264.510,277.040,2501371.11,2023-03-10 23:59:59.999,680731596.41273,946659,1232774.87,335522430.29347,0
2023-03-11,277.030,281.680,270.040,275.820,1887842.16,2023-03-11 23:59:59.999,519701149.61571,752410,952776.84,262308773.14011,0
2023-03-12,275.830,288.770,273.090,288.040,1606932.56,2023-03-12 23:59:59.999,448482042.86813,681688,824120.36,230051841.70898,0
2023-03-13,288.040,313.500,285.990,307.930,3755320.09,2023-03-13 23:59:59.999,1131377971.55577,1570351,1866698.38,562317843.90750,0
2023-03-14,307.930,319.750,302.020,308.670,2639347.69,2023-03-14 23:59:59.999,820596176.49526,1218040,1284546.73,399307728.98137,0
2023-03-15,308.650,312.910,300.040,306.430,2039781.64,2023-03-15 23:59:59.999,626880882.80509,1032622,997309.83,306491100.52931,0
2023-03-16,306.430,332.320,302.920,329.050,4914848.68,2023-03-16 23:59:59.999,1574826963.51337,2049292,2476570.39,793549607.57737,0
2023-03-17,329.050,339.940,325.200,338.630,2854198.50,2023-03-17 23:59:59.999,947707543.13235,1307395,1462394.85,485771207.00855,0
2023-03-18,338.620,345.770,326.000,330.820,2465286.55,2023-03-18 23:59:59.999,832168806.20010,1160346,1212269.50,409262947.24373,0
2023-03-19,330.820,341.430,329.910,335.810,1610135.34,2023-03-19 23:59:59.999,541397579.52918,811404,792325.17,266423034.53338,0
2023-03-20,335.800,338.740,330.440,332.080,1814357.45,2023-03-20 23:59:59.999,608478202.37205,941837,905057.48,303542159.82350,0
2023-03-21,332.080,339.500,326.190,334.520,1639048.98,2023-03-21 23:59:59.999,547531489.09037,896453,830411.89,277454099.97445,0
2023-03-22,334.510,338.400,316.000,321.060,3545949.80,2023-03-22 23:59:59.999,1162717383.55071,1674960,1743981.65,572041086.47140,0
2023-03-23,321.060,331.820,318.820,329.080,1293418.24,2023-03-23 23:59:59.999,421279661.58092,805093,643874.54,209718722.45092,0
2023-03-24,329.040,329.700,316.550,321.800,1409259.98,2023-03-24 23:59:59.999,454095952.50419,869017,711178.11,229165474.13190,0
2023-03-25,321.810,324.820,318.860,322.110,844548.15,2023-03-25 23:59:59.999,272282356.23600,534010,412352.24,132960005.70660,0
2023-03-26,322.100,329.140,321.510,328.280,678934.99,2023-03-26 23:59:59.999,221490698.21622,461704,350839.28,114451331.10752,0
2023-03-27,328.280,329.650,305.460,310.200,2562131.50,2023-03-27 23:59:59.999,807724063.20709,1238084,1273261.83,401269763.73420,0
2023-03-28,310.190,315.850,306.620,313.170,1405772.50,2023-03-28 23:59:59.999,436816886.61656,745911,697321.83,216675606.77816,0
2023-03-29,313.180,320.000,312.290,313.620,1159167.49,2023-03-29 23:59:59.999,366078719.58460,608282,573616.02,181161760.75860,0
2023-03-30,313.620,321.000,308.500,316.050,1553568.35,2023-03-30 23:59:59.999,489371590.36445,782867,758860.04,239063930.42149,0
2023-03-31,316.040,319.800,312.500,316.740,838917.97,2023-03-31 23:59:59.999,265452809.32400,512341,414345.50,131127825.26440,0
2023-04-01,316.730,318.310,312.600,314.720,523993.64,2023-04-01 23:59:59.999,165011843.73400,359189,260046.04,81902373.38020,0
2023-04-02,314.730,315.970,310.360,313.570,470704.21,2023-04-02 23:59:59.999,147555644.84160,344149,227991.22,71468259.54220,0
2023-04-03,313.570,313.880,297.430,308.470,1643622.69,2023-04-03 23:59:59.999,505220286.91165,855437,784024.27,241086565.60246,0
2023-04-04,308.470,313.210,307.810,310.730,774570.40,2023-04-04 23:59:59.999,240455579.15290,480138,397076.56,123276596.13780,0
2023-04-05,310.720,316.920,310.070,313.850,852810.95,2023-04-05 23:59:59.999,267649315.34056,507728,412856.76,129591231.20946,0
2023-04-06,313.850,315.330,310.000,312.040,728616.80,2023-04-06 23:59:59.999,227777238.03250,373330,363082.00,113532863.45460,0
2023-04-07,312.040,312.600,309.120,310.270,445819.24,2023-04-07 23:59:59.999,138536821.17470,290760,210525.90,65416373.42120,0
2023-04-08,310.260,312.640,309.890,310.370,344159.82,2023-04-08 23:59:59.999,107177367.66230,213865,171007.37,53261305.37160,0
2023-04-09,310.370,313.810,309.280,312.600,426564.42,2023-04-09 23:59:59.999,132694195.80480,258701,214860.78,66844672.47780,0
2023-04-10,312.620,318.570,311.560,318.500,678310.05,2023-04-10 23:59:59.999,212804359.39860,346647,335591.42,105328627.94840,0
2023-04-11,318.510,333.750,317.760,322.570,1719678.22,2023-04-11 23:59:59.999,562114510.75848,789737,879533.02,287410978.40026,0
2023-04-12,322.560,323.600,316.740,320.020,933581.09,2023-04-12 23:59:59.999,298322459.91489,490640,446682.70,142737433.41060,0
2023-04-13,320.020,325.040,317.810,324.840,789233.42,2023-04-13 23:59:59.999,254575416.55530,373900,386215.09,124577702.80290,0
2023-04-14,324.830,336.140,323.190,328.820,1614062.15,2023-04-14 23:59:59.999,533779353.40739,751165,779961.36,257990558.77507,0
2023-04-15,328.810,336.830,327.100,333.330,966653.32,2023-04-15 23:59:59.999,321512303.16135,489823,483008.28,160669863.45215,0
2023-04-16,333.320,351.600,330.000,347.850,1806327.49,2023-04-16 23:59:59.999,619873073.76879,839660,911085.60,312688111.32929,0
2023-04-17,347.860,350.600,337.520,340.250,1547619.90,2023-04-17 23:59:59.999,531954978.49138,698601,754033.99,259200939.34270,0
2023-04-18,340.260,346.720,337.000,343.270,952932.06,2023-04-18 23:59:59.999,326836921.42360,482537,472025.75,161907833.00140,0
2023-04-19,343.270,343.990,319.630,322.370,1454805.68,2023-04-19 23:59:59.999,479465718.40156,759805,666806.10,219679370.82680,0
2023-04-20,322.370,326.820,315.140,317.990,1021030.33,2023-04-20 23:59:59.999,328752521.06630,584532,495368.13,159520865.53980,0
2023-04-21,317.990,337.100,315.380,321.080,2405048.20,2023-04-21 23:59:59.999,782328423.72618,1120250,1183512.83,385067286.03447,0
2023-04-22,321.080,333.960,319.460,331.820,1110423.60,2023-04-22 23:59:59.999,362672321.82167,556504,557858.39,182247487.76197,0
2023-04-23,331.830,331.970,326.800,330.380,890369.08,2023-04-23 23:59:59.999,293419674.50622,481633,444925.47,146628287.34010,0
2023-04-24,330.380,333.490,326.210,330.750,1166059.02,2023-04-24 23:59:59.999,385343572.13280,575904,573561.14,189560511.52970,0
2023-04-25,330.750,340.640,327.990,338.040,1301971.60,2023-04-25 23:59:59.999,432615889.86143,587768,678255.39,225471443.33783,0
2023-04-26,338.030,345.070,321.630,330.400,1987007.81,2023-04-26 23:59:59.999,666736985.80807,874806,1008403.52,338469089.35130,0
2023-04-27,330.390,335.990,327.000,330.400,1404090.22,2023-04-27 23:59:59.999,466308443.27655,657261,703972.21,233825802.31935,0
2023-04-28,330.390,330.390,317.490,323.810,2947397.01,2023-04-28 23:59:59.999,951202508.73131,1055494,1494523.68,482431068.86530,0
2023-04-29,323.810,324.580,320.560,321.740,597076.19,2023-04-29 23:59:59.999,192663893.62260,308056,291395.28,94031171.77640,0
2023-04-30,321.740,337.780,320.280,336.840,1967046.77,2023-04-30 23:59:59.999,651136001.33667,825666,1007386.11,333386035.27217,0
2023-05-01,336.850,338.340,325.340,328.190,2135730.73,2023-05-01 23:59:59.999,709545466.50162,858086,1072312.21,356242031.73410,0
2023-05-02,328.190,328.190,320.600,321.590,1421914.46,2023-05-02 23:59:59.999,460467900.80720,597955,714215.41,231286021.78400,0
2023-05-03,321.600,327.360,320.390,325.740,1584526.65,2023-05-03 23:59:59.999,512622508.68420,665762,774919.31,250686564.62190,0
2023-05-04,325.750,327.340,323.040,323.690,636892.93,2023-05-04 23:59:59.999,207137044.11150,336475,305503.86,99371138.28360,0
2023-05-05,323.680,328.800,322.000,326.330,985236.22,2023-05-05 23:59:59.999,321208737.61930,471013,491338.44,160187905.22750,0
2023-05-06,326.340,328.280,318.960,321.750,920259.91,2023-05-06 23:59:59.999,297368781.32689,446307,427250.19,138088525.78540,0
2023-05-07,321.760,325.150,320.440,320.970,623848.75,2023-05-07 23:59:59.999,201582972.21330,319104,303912.38,98216851.00080,0
2023-05-08,320.970,321.960,310.000,313.550,1260634.77,2023-05-08 23:59:59.999,398012839.84086,609974,600569.88,189630694.80220,0
2023-05-09,313.550,315.290,311.000,311.910,738223.24,2023-05-09 23:59:59.999,231297036.41740,359323,357284.25,111934938.86130,0
2023-05-10,311.910,316.560,306.400,314.160,1219255.88,2023-05-10 23:59:59.999,381512478.66600,592775,596890.97,186812878.89356,0
2023-05-11,314.160,314.260,303.990,307.270,1002322.89,2023-05-11 23:59:59.999,310018102.88634,495286,478372.66,147989666.67630,0
2023-05-12,307.270,308.920,301.000,308.320,985004.06,2023-05-12 23:59:59.999,300475303.26450,505671,476495.97,145385395.11992,0
2023-05-13,308.310,311.760,307.260,310.620,570630.59,2023-05-13 23:59:59.999,176764869.92740,342448,293221.15,90838645.77550,0
2023-05-14,310.610,314.840,309.410,311.920,582741.14,2023-05-14 23:59:59.999,181871446.93706,318421,286423.05,89389115.76196,0
2023-05-15,311.910,316.400,310.300,313.250,639240.95,2023-05-15 23:59:59.999,200841932.17650,341128,314588.92,98857771.57220,0
2023-05-16,313.260,313.860,309.120,311.230,580865.40,2023-05-16 23:59:59.999,180759132.12570,328926,283910.04,88354208.29700,0
2023-05-17,311.220,314.410,306.720,314.290,776917.21,2023-05-17 23:59:59.999,241488296.65750,408533,386205.57,120055476.85900,0
2023-05-18,314.290,315.180,305.940,309.140,817772.38,2023-05-18 23:59:59.999,254576741.13954,419897,402459.15,125336079.16890,0
2023-05-19,309.150,311.420,307.000,308.740,499527.64,2023-05-19 23:59:59.999,154412991.26300,267474,238413.07,73701672.21610,0
2023-05-20,308.730,312.090,307.690,310.700,331677.57,2023-05-20 23:59:59.999,102714381.81470,188562,172007.82,53274006.20850,0
2023-05-21,310.690,311.690,305.550,306.360,434289.36,2023-05-21 23:59:59.999,134327122.30281,234192,202308.81,62592020.97800,0
2023-05-22,306.350,311.430,304.220,309.170,645377.18,2023-05-22 23:59:59.999,199123884.01700,337947,333113.86,102816149.32420,0
2023-05-23,309.170,315.640,309.150,313.500,681245.39,2023-05-23 23:59:59.999,213608333.97726,350882,351405.09,110169766.46606,0
2023-05-24,313.500,313.620,303.660,305.900,873056.05,2023-05-24 23:59:59.999,268482628.20364,424265,395417.14,121592761.59740,0
2023-05-25,305.900,307.030,302.130,304.710,618346.03,2023-05-25 23:59:59.999,188481244.35425,316360,303106.45,92403366.15901,0
2023-05-26,304.720,308.540,301.250,306.810,960900.60,2023-05-26 23:59:59.999,293450644.58075,439974,467044.09,142675397.01101,0
2023-05-27,306.800,307.900,304.010,307.550,374284.63,2023-05-27 23:59:59.999,114499702.10770,225406,182269.44,55758363.37430,0
2023-05-28,307.560,314.950,306.860,314.360,682110.15,2023-05-28 23:59:59.999,211338131.88966,339946,352737.06,109330894.89936,0
2023-05-29,314.360,317.720,310.650,311.980,1070544.69,2023-05-29 23:59:59.999,336833256.48720,500797,539448.25,169757406.88230,0
2023-05-30,311.970,314.530,310.870,311.540,654718.93,2023-05-30 23:59:59.999,204658941.05910,328742,321139.62,100393944.23650,0
2023-05-31,311.530,311.950,305.090,306.900,852712.31,2023-05-31 23:59:59.999,262063926.33514,391160,409257.99,125780338.08120,0
2023-06-01,306.890,307.860,303.200,305.120,594443.01,2023-06-01 23:59:59.999,181329209.22540,306345,289658.50,88366178.36960,0
2023-06-02,305.110,308.630,303.220,307.390,664082.25,2023-06-02 23:59:59.999,203778518.45570,331392,331646.45,101767336.45120,0
2023-06-03,307.380,308.450,305.100,306.730,376272.50,2023-06-03 23:59:59.999,115432390.27070,209206,180855.81,55474838.96780,0
2023-06-04,306.740,307.820,304.650,305.230,451668.85,2023-06-04 23:59:59.999,138472304.07910,239241,218795.83,67080088.37350,0
2023-06-05,305.230,305.230,271.510,277.000,3755220.36,2023-06-05 23:59:59.999,1073012344.60043,1563829,1779010.79,507904693.36536,0
2023-06-06,277.010,285.870,273.040,281.180,2505579.11,2023-06-06 23:59:59.999,698614142.27014,931711,1240818.75,346020909.80696,0
2023-06-07,281.180,281.810,253.390,259.220,4030499.22,2023-06-07 23:59:59.999,1065680231.08267,1471780,1963415.01,518919759.71122,0
2023-06-08,259.210,267.750,257.040,261.960,2265428.31,2023-06-08 23:59:59.999,595470194.87231,872471,1140980.62,299937306.60641,0
2023-06-09,261.960,264.770,255.470,260.780,2231023.56,2023-06-09 23:59:59.999,581547307.33700,852002,1114587.03,290583861.55667,0
2023-06-10,260.770,260.930,225.000,238.740,5086626.10,2023-06-10 23:59:59.999,1222258345.13172,1784945,2445267.65,587344811.17196,0
2023-06-11,238.750,239.110,232.910,235.190,1724882.28,2023-06-11 23:59:59.999,407379656.24391,636216,855143.17,201994018.60210,0
2023-06-12,235.190,239.470,220.000,231.230,6906042.49,2023-06-12 23:59:59.999,1584794977.91295,2099472,3460558.18,794461237.07702,0
2023-06-13,231.230,248.500,228.430,243.920,5075774.55,2023-06-13 23:59:59.999,1211116649.86426,1698574,2575009.31,614611497.66853,0
2023-06-14,243.920,252.970,232.320,237.780,5234509.50,2023-06-14 23:59:59.999,1284609479.37622,1768768,2596689.16,637515530.81992,0
2023-06-15,237.780,240.750,230.300,236.330,3049489.21,2023-06-15 23:59:59.999,717465210.44274,1091181,1519919.62,357616534.43009,0
2023-06-16,236.340,244.000,231.770,239.170,2850142.16,2023-06-16 23:59:59.999,676806904.75065,990120,1419881.03,337250447.20552,0
2023-06-17,239.160,249.820,237.120,244.440,2121252.56,2023-06-17 23:59:59.999,519241620.07054,777213,1070024.43,261904167.31729,0
2023-06-18,244.440,248.770,242.110,244.010,1704558.30,2023-06-18 23:59:59.999,418745497.10372,587304,846981.48,208087780.91042,0
2023-06-19,244.010,245.250,237.350,243.020,1864754.51,2023-06-19 23:59:59.999,451590061.95823,663150,916699.49,221997899.53695,0
2023-06-20,243.030,248.260,238.400,247.930,2078879.73,2023-06-20 23:59:59.999,504099557.23445,746663,1042486.31,252850479.13887,0
2023-06-21,247.940,254.950,245.150,248.940,3198906.10,2023-06-21 23:59:59.999,798217823.90490,1128352,1572026.91,392307730.94530,0
2023-06-22,248.940,257.190,239.240,240.910,3018282.56,2023-06-22 23:59:59.999,749660617.07900,1031526,1467330.30,364618463.93828,0
2023-06-23,240.920,250.000,239.710,244.530,2272927.19,2023-06-23 23:59:59.999,555692858.50378,815493,1112670.34,272030342.39796,0
2023-06-24,244.530,248.820,229.000,236.330,2612315.18,2023-06-24 23:59:59.999,626149231.17524,881503,1258213.85,301573815.98332,0
2023-06-25,236.330,242.280,234.950,238.970,1873286.83,2023-06-25 23:59:59.999,447635461.27308,731026,934245.18,223283188.80698,0
2023-06-26,238.960,241.500,233.610,236.150,1971264.29,2023-06-26 23:59:59.999,467098899.62160,747258,963941.51,228427576.70648,0
2023-06-27,236.160,241.100,234.540,237.450,1257834.49,2023-06-27 23:59:59.999,299915538.12158,514246,614233.53,146447919.82858,0
2023-06-28,237.460,237.580,221.200,230.520,2245899.76,2023-06-28 23:59:59.999,521618730.67211,820079,1084978.41,252043990.08112,0
2023-06-29,230.510,236.840,230.360,233.120,1300936.30,2023-06-29 23:59:59.999,304015451.13205,527581,628824.31,146960711.80921,0
2023-06-30,233.120,241.980,230.300,240.450,2510590.42,2023-06-30 23:59:59.999,596913195.17263,957532,1241049.54,295120965.55408,0
2023-07-01,240.450,249.540,240.210,247.990,1780078.63,2023-07-01 23:59:59.999,435755498.35377,680187,900634.13,220509519.01777,0
2023-07-02,248.000,248.750,242.830,246.770,1518525.66,2023-07-02 23:59:59.999,372695612.43147,579450,733625.61,180079432.28782,0
2023-07-03,246.780,257.680,245.100,246.620,2005610.96,2023-07-03 23:59:59.999,499170563.14755,745487,981842.47,244431315.85318,0
2023-07-04,246.630,246.970,240.150,242.530,1355949.47,2023-07-04 23:59:59.999,331364048.39175,479170,669025.67,163523778.54090,0
2023-07-05,242.540,244.000,235.000,238.850,1488816.87,2023-07-05 23:59:59.999,356858946.87687,521032,711660.20,170586129.68128,0
2023-07-06,238.840,244.440,231.100,231.920,2085629.96,2023-07-06 23:59:59.999,496653730.25647,712300,986485.70,234989578.99353,0
2023-07-07,231.930,236.130,230.510,235.430,1356610.54,2023-07-07 23:59:59.999,317310576.65031,447951,687267.84,160753096.75461,0
2023-07-08,235.440,237.470,233.530,236.130,789956.21,2023-07-08 23:59:59.999,186399353.91310,282868,385331.63,90933072.26070,0
2023-07-09,236.130,236.990,232.580,233.910,725965.91,2023-07-09 23:59:59.999,170438016.02080,262380,358083.93,84086666.66490,0
2023-07-10,233.910,246.300,231.000,245.970,3648725.07,2023-07-10 23:59:59.999,881325579.63641,1071008,1856059.33,448294430.75439,0
2023-07-11,245.970,249.440,244.180,248.340,1925877.89,2023-07-11 23:59:59.999,475218947.79122,607807,956668.05,236126264.62962,0
2023-07-12,248.330,250.070,242.120,243.700,1827922.10,2023-07-12 23:59:59.999,450489570.87266,631108,904482.50,222939572.38379,0
2023-07-13,243.690,259.020,242.410,255.990,2956153.81,2023-07-13 23:59:59.999,740952661.79656,956503,1509160.35,378410755.61610,0
2023-07-14,255.990,261.380,241.040,247.890,3055424.75,2023-07-14 23:59:59.999,773137448.21209,1057897,1492916.56,377740125.23058,0
2023-07-15,247.890,252.000,246.510,250.790,1134172.85,2023-07-15 23:59:59.999,283272494.32709,424830,549320.45,137222504.22679,0
2023-07-16,250.780,251.700,241.120,241.910,1387170.22,2023-07-16 23:59:59.999,342203937.62817,497644,677379.71,167128844.85400,0
2023-07-17,241.900,244.980,238.000,244.030,2391936.14,2023-07-17 23:59:59.999,579708082.88483,792425,1194365.40,289476796.50675,0
2023-07-18,244.030,246.500,237.000,240.480,2459009.48,2023-07-18 23:59:59.999,594173699.48215,785457,1219690.27,294726265.90652,0
2023-07-19,240.470,244.300,239.850,241.050,1359015.04,2023-07-19 23:59:59.999,329055335.43185,508200,674827.72,163406123.55395,0
2023-07-20,241.060,245.260,240.490,242.930,1337104.92,2023-07-20 23:59:59.999,324671366.99770,529413,663578.87,161147432.90710,0
2023-07-21,242.940,245.660,242.210,243.880,951563.51,2023-07-21 23:59:59.999,232355760.13450,370928,476056.45,116250019.72820,0
2023-07-22,243.890,245.080,240.180,241.230,612751.51,2023-07-22 23:59:59.999,148814637.09440,281418,298140.80,72411919.39930,0
2023-07-23,241.220,244.120,240.560,242.540,567029.35,2023-07-23 23:59:59.999,137549718.76210,254647,280411.09,68021432.88880,0
2023-07-24,242.540,243.280,235.160,239.020,1265213.70,2023-07-24 23:59:59.999,302490310.63868,481144,603855.92,144412159.36468,0
2023-07-25,239.030,240.000,236.210,237.860,831381.30,2023-07-25 23:59:59.999,197836775.87248,315190,401707.39,95608676.50598,0
2023-07-26,237.860,240.650,236.450,239.050,896825.78,2023-07-26 23:59:59.999,213640343.17570,318999,442687.17,105475698.20750,0
2023-07-27,239.050,244.840,238.500,240.880,863978.59,2023-07-27 23:59:59.999,208642178.65725,348175,446918.85,107953222.72535,0
2023-07-28,240.880,243.110,239.840,241.930,642988.69,2023-07-28 23:59:59.999,155351954.67300,258851,320970.89,77557810.95740,0
2023-07-29,241.930,243.080,241.220,242.640,287503.85,2023-07-29 23:59:59.999,69582473.13590,151844,146519.23,35463227.14330,0
2023-07-30,242.650,244.060,240.390,242.720,865723.61,2023-07-30 23:59:59.999,210046969.51340,268181,459605.63,111536161.10000,0
2023-07-31,242.710,244.710,240.570,241.040,789062.07,2023-07-31 23:59:59.999,191622120.94130,316227,393732.69,95632263.23670,0
2023-08-01,241.040,248.470,237.000,247.870,2235032.68,2023-08-01 23:59:59.999,545587057.64992,724794,1129073.35,275636352.58699,0
2023-08-02,247.870,248.830,234.800,240.640,2066573.85,2023-08-02 23:59:59.999,500290431.48082,688774,993071.64,240442494.68418,0
2023-08-03,240.640,242.000,238.260,241.010,842852.71,2023-08-03 23:59:59.999,202679649.89950,357761,417374.87,100365419.95030,0
2023-08-04,241.000,243.470,240.110,241.730,753107.58,2023-08-04 23:59:59.999,182311402.64135,346952,371508.72,89946747.28605,0
2023-08-05,241.720,243.370,239.950,243.340,488150.25,2023-08-05 23:59:59.999,117981251.64340,232281,249178.96,60234172.68740,0
2023-08-06,243.340,245.590,242.770,243.260,634042.37,2023-08-06 23:59:59.999,154818517.14930,279206,324956.23,79352139.42690,0
2023-08-07,243.260,245.090,239.370,241.960,948728.34,2023-08-07 23:59:59.999,229747850.00690,379058,450777.94,109164868.29730,0
2023-08-08,241.960,248.580,241.380,245.240,993139.46,2023-08-08 23:59:59.999,242984006.29970,394307,533332.18,130502780.06140,0
2023-08-09,245.240,245.580,242.710,243.900,704680.20,2023-08-09 23:59:59.999,172107192.79470,314761,328693.54,80284958.54790,0
2023-08-10,243.900,243.990,240.340,241.330,695204.10,2023-08-10 23:59:59.999,168321246.54130,325777,318935.75,77217136.47760,0
2023-08-11,241.330,242.000,237.950,239.760,835463.10,2023-08-11 23:59:59.999,200315438.98230,327902,398015.03,95436270.32250,0
2023-08-12,239.750,241.230,239.330,240.180,350181.45,2023-08-12 23:59:59.999,84153516.76900,179437,168611.90,40521590.52180,0
2023-08-13,240.170,241.750,239.570,239.920,327318.70,2023-08-13 23:59:59.999,78707030.45900,170815,160689.99,38644998.94600,0
2023-08-14,239.910,241.400,239.500,240.350,424722.63,2023-08-14 23:59:59.999,102145183.22490,209050,208640.01,50179784.59390,0
2023-08-15,240.340,240.670,232.210,236.730,859103.70,2023-08-15 23:59:59.999,204166639.32230,366798,399588.69,94968548.62670,0
2023-08-16,236.720,237.310,230.100,231.960,1096799.22,2023-08-16 23:59:59.999,256346750.06660,410104,529610.21,123784222.67250,0
2023-08-17,231.960,232.320,204.430,217.890,2301238.87,2023-08-17 23:59:59.999,513950281.08370,831484,1102372.27,246226406.40810,0
2023-08-18,217.880,220.240,213.230,215.970,1678659.12,2023-08-18 23:59:59.999,364491082.86760,536268,818039.20,177611423.34450,0
2023-08-19,215.970,219.100,213.140,216.800,811986.85,2023-08-19 23:59:59.999,175434775.13820,304342,409432.78,88474214.32250,0
2023-08-20,216.800,218.000,215.230,216.410,459976.08,2023-08-20 23:59:59.999,99550677.92980,213962,217172.40,47007824.94760,0
2023-08-21,216.410,216.720,205.300,210.220,2198456.84,2023-08-21 23:59:59.999,462733360.51980,710782,1070726.19,225352409.11970,0
2023-08-22,210.220,213.170,202.640,210.840,2586539.61,2023-08-22 23:59:59.999,536926377.09690,806026,1279262.18,265612847.41260,0
2023-08-23,210.840,218.840,210.630,216.530,2128683.63,2023-08-23 23:59:59.999,457717817.65890,711151,1081576.42,232607346.11260,0
2023-08-24,216.530,221.200,215.400,219.060,1475519.76,2023-08-24 23:59:59.999,322188638.36850,498642,785014.99,171431166.12400,0
2023-08-25,219.070,219.630,213.440,218.360,1235788.80,2023-08-25 23:59:59.999,267674493.73170,466338,617283.45,133739748.77280,0
2023-08-26,218.370,219.410,216.020,216.340,433747.88,2023-08-26 23:59:59.999,94193507.19570,207248,216179.18,46953516.97910,0
2023-08-27,216.350,219.840,215.790,218.350,570805.87,2023-08-27 23:59:59.999,124376004.07190,228717,303412.82,66120038.83150,0
2023-08-28,218.340,219.520,215.080,218.750,849659.49,2023-08-28 23:59:59.999,184848810.73760,351536,437872.60,95275378.32410,0
2023-08-29,218.750,239.000,216.880,226.870,1930897.70,2023-08-29 23:59:59.999,438905742.96640,727753,992951.70,225712785.44270,0
2023-08-30,226.870,227.220,221.640,223.830,763215.31,2023-08-30 23:59:59.999,171038868.45190,309938,377374.87,84572754.24180,0
2023-08-31,223.830,226.020,213.910,216.580,1076654.67,2023-08-31 23:59:59.999,236908498.84730,440749,521877.50,114893972.36530,0
2023-09-01,216.580,218.400,211.110,213.650,1178020.90,2023-09-01 23:59:59.999,252192015.95670,433924,573336.36,122729794.99170,0
2023-09-02,213.660,215.970,213.000,214.330,527842.92,2023-09-02 23:59:59.999,113193798.80300,228639,263095.34,56430212.49090,0
2023-09-03,214.330,215.180,213.130,214.350,387336.71,2023-09-03 23:59:59.999,82944961.06590,174178,197009.28,42188104.65130,0
2023-09-04,214.350,216.690,213.040,215.190,810363.40,2023-09-04 23:59:59.999,174249548.06140,295677,403827.82,86846084.37340,0
2023-09-05,215.190,216.060,213.440,214.510,627176.58,2023-09-05 23:59:59.999,134723500.16810,240798,320934.25,68940174.03290,0
2023-09-06,214.500,219.810,211.580,215.220,855131.91,2023-09-06 23:59:59.999,183614563.34080,336637,425231.03,91343861.53460,0
2023-09-07,215.210,217.900,213.530,217.110,707029.46,2023-09-07 23:59:59.999,152286031.57170,288375,335916.79,72372051.83240,0
2023-09-08,217.120,218.900,213.330,214.620,717857.59,2023-09-08 23:59:59.999,154711587.16250,292092,347983.64,75032546.77360,0
2023-09-09,214.630,215.480,214.140,214.200,291152.93,2023-09-09 23:59:59.999,62572043.70860,147857,142102.12,30541058.57280,0
2023-09-10,214.210,214.240,210.810,212.280,799731.29,2023-09-10 23:59:59.999,170027095.79650,302037,378290.38,80437269.48130,0
2023-09-11,212.280,212.680,203.750,206.080,1492870.36,2023-09-11 23:59:59.999,310072696.41650,504342,713192.27,148108129.42630,0
2023-09-12,206.080,214.890,204.940,210.730,1646456.07,2023-09-12 23:59:59.999,347056540.26870,579104,847366.51,178610546.81280,0
2023-09-13,210.740,213.380,209.280,212.630,892685.01,2023-09-13 23:59:59.999,188754630.30630,369404,450445.46,95251136.62350,0
2023-09-14,212.630,215.490,209.590,212.040,893183.79,2023-09-14 23:59:59.999,189914085.49150,393612,446968.98,95060946.98160,0
2023-09-15,212.050,214.900,210.790,214.000,674322.35,2023-09-15 23:59:59.999,143297977.86450,323263,338978.24,72047176.63340,0
2023-09-16,214.010,215.830,213.170,214.740,579713.99,2023-09-16 23:59:59.999,124332685.19490,268655,284104.10,60947829.14610,0
2023-09-17,214.740,216.910,213.100,216.310,656273.54,2023-09-17 23:59:59.999,141345561.71900,270091,337558.06,72707699.65710,0
2023-09-18,216.300,221.460,215.000,215.990,1514483.11,2023-09-18 23:59:59.999,329931484.12210,571346,771097.67,168029956.53160,0
2023-09-19,215.980,219.990,215.310,217.220,769627.28,2023-09-19 23:59:59.999,167419471.97610,329322,380366.34,82746120.04990,0
2023-09-20,217.210,219.040,212.780,214.390,832763.76,2023-09-20 23:59:59.999,179472556.84480,382045,408563.45,88072681.43230,0
2023-09-21,214.400,215.290,209.200,210.910,976988.61,2023-09-21 23:59:59.999,206829608.92760,405536,467678.98,99026607.07770,0
2023-09-22,210.900,212.340,209.700,211.150,542359.64,2023-09-22 23:59:59.999,114448109.67450,238164,272230.22,57450948.80360,0
2023-09-23,211.160,211.790,209.940,210.520,263789.79,2023-09-23 23:59:59.999,55588728.84320,141638,123998.77,26131823.70160,0
2023-09-24,210.530,211.360,206,208.340,452883.06,2023-09-24 23:59:59.999,94992754.27830,207549,214377.28,44990816.79730,0
2023-09-25,208.340,210.690,206.520,210.060,696868.51,2023-09-25 23:59:59.999,145677512.86350,284283,358248.29,74910615.19740,0
2023-09-26,210.070,214,209.820,212.680,832483.65,2023-09-26 23:59:59.999,176493972.97960,315020,437371.14,92724941.89520,0
2023-09-27,212.670,216.130,210.520,212.150,913447.87,2023-09-27 23:59:59.999,194724837.92180,383757,454286.18,96858131.59070,0
2023-09-28,212.140,217.200,211.620,215.060,845149.15,2023-09-28 23:59:59.999,181080241.51220,362960,427550.68,91615387.56440,0
2023-09-29,215.070,217.620,214.460,215.210,624880.30,2023-09-29 23:59:59.999,134903211.64960,293817,302090.10,65204280.50360,0
2023-09-30,215.220,216.590,214.100,214.690,415539.66,2023-09-30 23:59:59.999,89423206.92270,201942,194466.78,41856075.80570,0
2023-10-01,214.680,219.930,213.130,218.290,845811.45,2023-10-01 23:59:59.999,182868033.69080,356320,413378.08,89390951.79770,0
2023-10-02,218.290,221.730,213.190,214.700,1271741.29,2023-10-02 23:59:59.999,276872745.32890,501294,632565.43,137767550.65690,0
2023-10-03,214.700,215.920,212.340,213.460,717473.92,2023-10-03 23:59:59.999,153676587.77510,320927,338934.58,72605830.66110,0
2023-10-04,213.460,213.830,210.790,213.450,716411.88,2023-10-04 23:59:59.999,152148184.82620,332030,351176.78,74587177.60990,0
2023-10-05,213.450,214.090,210.270,210.800,599115.09,2023-10-05 23:59:59.999,127002686.51290,286475,294865.83,62505965.65800,0
2023-10-06,210.790,214.690,210.250,213.420,610055.16,2023-10-06 23:59:59.999,129570274.80080,293412,308980.69,65637072.03770,0
2023-10-07,213.430,213.990,211.630,212.330,291054.39,2023-10-07 23:59:59.999,61989561.64860,163883,139588.16,29726110.86800,0
2023-10-08,212.340,213,208.730,211.420,550912.91,2023-10-08 23:59:59.999,116328042.43090,264961,260066.86,54930893.79670,0
2023-10-09,211.430,212.310,201.430,205.830,1363022.86,2023-10-09 23:59:59.999,282156038.08310,524246,642032.83,132947007.80780,0
2023-10-10,205.830,215,205.560,208.590,1507507.66,2023-10-10 23:59:59.999,314211509.49660,606661,771386.07,160811750.37600,0
2023-10-11,208.580,208.880,204.160,206.610,1081048.84,2023-10-11 23:59:59.999,222968664.78560,435299,522827.87,107830816.70330,0
2023-10-12,206.610,207.470,202.570,205.290,895955.80,2023-10-12 23:59:59.999,183877944.55590,409386,439632.25,90251949.53010,0
2023-10-13,205.280,208.430,204.400,206.050,637209.50,2023-10-13 23:59:59.999,131325504.27300,317925,316712.97,65280812.33590,0
2023-10-14,206.060,207.140,205.760,206.600,257532.42,2023-10-14 23:59:59.999,53166488.27240,157513,128177.84,26463035.14950,0
2023-10-15,206.600,212,206.360,209.870,685642.77,2023-10-15 23:59:59.999,143139985.41830,336005,349754.38,73021545.45180,0
2023-10-16,209.870,220.140,209.660,214.750,1423734.84,2023-10-16 23:59:59.999,304575088.40860,652797,724091.64,154935695.86110,0
2023-10-17,214.750,215.140,208.750,211.550,850586,2023-10-17 23:59:59.999,180566532.28050,415116,406378.30,86269480.52620,0
2023-10-18,211.540,214.080,210,210.370,509110.37,2023-10-18 23:59:59.999,108003659.72450,272390,246393.63,52278052.08720,0
2023-10-19,210.370,211.590,208.100,211.320,558544.30,2023-10-19 23:59:59.999,117438570.26640,269176,280768.72,59043296.73610,0
2023-10-20,211.330,216.800,210.630,212.170,856401.02,2023-10-20 23:59:59.999,182933763.56280,386595,434320.29,92781428.16060,0
2023-10-21,212.170,215.990,211.490,214.320,578895.49,2023-10-21 23:59:59.999,123732449.22190,268254,294015.28,62846042.03110,0
2023-10-22,214.330,218.820,213.680,217.950,660305.78,2023-10-22 23:59:59.999,142306495.00860,321960,333823.23,71965095.26660,0
2023-10-23,217.950,231.730,217.050,228.800,1803856.50,2023-10-23 23:59:59.999,401027752.90970,793275,904115.81,201032529.71850,0
2023-10-24,228.810,238.460,221.490,225.320,2111174.48,2023-10-24 23:59:59.999,483726807.27490,911672,1026005.03,235145844.08610,0
2023-10-25,225.330,229.320,221.630,222.290,1205240.83,2023-10-25 23:59:59.999,271879916.55410,586630,582326.24,131398052.11130,0
2023-10-26,222.280,228.490,218.600,223.320,1475859.55,2023-10-26 23:59:59.999,330580173.79160,676289,698509.98,156490821.97730,0
2023-10-27,223.330,233,220.010,224.180,1883700.29,2023-10-27 23:59:59.999,425550042.48290,826771,919490.11,207743433.02530,0
2023-10-28,224.180,228.710,224.130,225.800,606598.81,2023-10-28 23:59:59.999,137472542.40690,291511,294274.07,66704582.88930,0
2023-10-29,225.810,228.290,223.600,227.200,465688.44,2023-10-29 23:59:59.999,105347165.64820,269788,227666.50,51506057.43060,0
2023-10-30,227.200,229.390,224.610,228.100,742118.21,2023-10-30 23:59:59.999,168791706.88700,396242,358831.56,81634112.15930,0
2023-10-31,228.110,229.490,223.370,226.350,804827.05,2023-10-31 23:59:59.999,182295129.38230,431129,390442.65,88439225.10280,0
2023-11-01,226.350,230.150,222.420,228.150,945051.54,2023-11-01 23:59:59.999,213420937.55110,518404,461380.80,104198751.11200,0
2023-11-02,228.150,233.970,227.700,232.030,1439237.93,2023-11-02 23:59:59.999,331992103.09190,705501,711595.45,164160486.42850,0
2023-11-03,232.020,232.630,225.540,230.400,959756.38,2023-11-03 23:59:59.999,219806012.82900,572205,447111.87,102425244.19050,0
2023-11-04,230.390,238.770,229.510,237.360,835599.55,2023-11-04 23:59:59.999,196061796.92050,502991,447805.83,105077556.66100,0
2023-11-05,237.350,245.640,236.340,244,1294305.17,2023-11-05 23:59:59.999,313487660.58230,716234,629539.34,152488485.23800,0
2023-11-06,244,256,241.580,255.270,1734899.25,2023-11-06 23:59:59.999,433422805.12810,945851,892693.26,223052203.07290,0
2023-11-07,255.280,255.690,242.210,246.390,1609174.86,2023-11-07 23:59:59.999,399058420.55350,879553,758861.94,188244250.49910,0
2023-11-08,246.380,249.670,244.150,246.780,1040251.60,2023-11-08 23:59:59.999,256341323.73150,569589,499217.77,123046494.78370,0
2023-11-09,246.780,256.360,238.900,251.840,2330828.07,2023-11-09 23:59:59.999,580309853.99530,1263797,1116456.53,278048973.56920,0
2023-11-10,251.850,258.310,248.050,251.140,1489276.24,2023-11-10 23:59:59.999,376494783.50430,903196,716498.21,181206026.57260,0
2023-11-11,251.130,255.380,246.030,251.660,1109684.69,2023-11-11 23:59:59.999,278336021.93090,692923,533508.80,133832832.51710,0
2023-11-12,251.650,252.110,243,247.680,858886.45,2023-11-12 23:59:59.999,213426069.34690,589973,401820.10,99879698.07290,0
2023-11-13,247.690,250.370,240.220,241.160,1107331.59,2023-11-13 23:59:59.999,271901909.15330,770845,525814.50,129129751.82520,0
2023-11-14,241.160,249.770,233,242.400,1522251.72,2023-11-14 23:59:59.999,370120765.88960,905119,729047.57,177291829.65860,0
2023-11-15,242.400,254.800,242.240,254.020,1379068.80,2023-11-15 23:59:59.999,344514595.43180,731495,688110.13,171928021.98430,0
2023-11-16,254.020,256.120,240.100,242.820,1639285.16,2023-11-16 23:59:59.999,407867073.97340,917381,799138.57,198843695.94640,0
2023-11-17,242.810,246.040,238.450,244.970,1104324.17,2023-11-17 23:59:59.999,268767495.09200,689639,538219.15,130981666.83760,0
2023-11-18,244.960,245.380,238.570,244.910,660615.55,2023-11-18 23:59:59.999,160591922.08920,418536,319731.82,77723727.83790,0
2023-11-19,244.910,247.050,242,246.550,637888.60,2023-11-19 23:59:59.999,155762721.71020,375675,298191.21,72825509.17090,0
2023-11-20,246.550,269.340,233.460,253.270,3373122.52,2023-11-20 23:59:59.999,853075679.54520,1674524,1676882.28,424079202.53930,0
2023-11-21,253.260,272.420,224,225.660,9702082.76,2023-11-21 23:59:59.999,2429908276.23160,4645058,4698481.13,1177672007.01700,0
2023-11-22,225.660,238.490,224.620,236.380,3584881.97,2023-11-22 23:59:59.999,836887321.57580,1555300,1780857,415704009.85320,0
2023-11-23,236.390,239.420,230.300,233.890,1573333.64,2023-11-23 23:59:59.999,368851507.45040,797491,776236.17,182002484.74800,0
2023-11-24,233.880,237,231.580,232.860,1240754.31,2023-11-24 23:59:59.999,291055644.87240,677678,600928.74,140967092.77310,0
2023-11-25,232.860,235.850,232.250,234.450,652469.49,2023-11-25 23:59:59.999,152745519.86730,378542,320516.61,75028854.76000,0
2023-11-26,234.440,234.500,227.760,231.920,993331.96,2023-11-26 23:59:59.999,230484484.35090,500754,470807.98,109253939.89780,0
2023-11-27,231.910,233.100,222.500,227.420,1442608.02,2023-11-27 23:59:59.999,327934200.87050,764958,692070.88,157386036.29790,0
2023-11-28,227.410,231.950,224.370,229.690,1077045.65,2023-11-28 23:59:59.999,246147739.96440,574297,525477.86,120092179.07560,0
2023-11-29,229.700,231.450,226.320,227.430,789061.15,2023-11-29 23:59:59.999,180548539.47030,457662,392013.01,89711189.11700,0
2023-11-30,227.430,229.370,226.160,227.670,701197.25,2023-11-30 23:59:59.999,159737118.42340,414816,343861.48,78347057.23800,0
2023-12-01,227.660,230.140,227.160,228.640,812707.35,2023-12-01 23:59:59.999,185946956.89520,467761,395442.16,90477998.23620,0
2023-12-02,228.640,230.570,226.410,229.240,827934.05,2023-12-02 23:59:59.999,189234646.57740,400893,396805.94,90698375.27280,0
2023-12-03,229.230,232.040,226.080,228.230,1218955.01,2023-12-03 23:59:59.999,278161504.35730,578895,587416.23,134081034.22170,0
2023-12-04,228.240,237.590,223.030,233.660,2912390.62,2023-12-04 23:59:59.999,672411220.55240,1248212,1406967.14,324998766.95510,0
2023-12-05,233.650,235.190,227.960,231.430,1647883.45,2023-12-05 23:59:59.999,381166127.00820,760732,799656.55,184961072.80710,0
2023-12-06,231.440,235.150,228.560,229.600,1894332.97,2023-12-06 23:59:59.999,438302071.29180,875326,923385.38,213674168.15070,0
2023-12-07,229.600,235,228.370,232.810,1671999.13,2023-12-07 23:59:59.999,387838250.41590,786814,795997.49,184665007.64180,0
2023-12-08,232.810,240.220,231,239.100,1845001.66,2023-12-08 23:59:59.999,434449875.03020,845767,891117.35,209922877.27910,0
2023-12-09,239.090,245.920,236.210,237.870,2073301.81,2023-12-09 23:59:59.999,500714420.39970,918583,1016166.81,245450356.91710,0
2023-12-10,237.860,241.510,236.760,239.960,996496.08,2023-12-10 23:59:59.999,238841210.21790,480908,480981.47,115283854.16340,0
2023-12-11,239.960,248.410,225.580,246.630,4361370.04,2023-12-11 23:59:59.999,1043612169.72130,1856157,2113692.77,505988201.87370,0
2023-12-12,246.630,257.130,245.650,253.640,3758584.38,2023-12-12 23:59:59.999,948267557.51680,1565545,1810777.11,456850839.24460,0
2023-12-13,253.640,255.950,244.160,251.860,2147289.19,2023-12-13 23:59:59.999,536436456.46460,1024251,1036126.29,258879721.49650,0
2023-12-14,251.860,254.190,245.500,253.070,1571194.60,2023-12-14 23:59:59.999,394190629.41320,779921,750485.77,188332353.43260,0
2023-12-15,253.080,253.290,242.100,244.550,1147137.16,2023-12-15 23:59:59.999,284494608.00630,660174,542976.74,134707491.62430,0
2023-12-16,244.550,248.420,242.420,244.160,727608.81,2023-12-16 23:59:59.999,178893295.22920,447597,361884.50,88986514.72870,0
2023-12-17,244.160,244.370,238.710,238.970,814485.93,2023-12-17 23:59:59.999,196831681.01490,500903,398331.04,96259662.36050,0
2023-12-18,238.970,241.880,232.010,241.860,1465287.95,2023-12-18 23:59:59.999,347376525.83340,770702,723857.76,171656221.99340,0
2023-12-19,241.850,254.410,241.510,252.350,2400521.24,2023-12-19 23:59:59.999,600097628.36190,1230213,1164639.74,291062714.33970,0
2023-12-20,252.350,261.450,250.240,259.970,2018595.16,2023-12-20 23:59:59.999,517186126.36080,984463,1008508.47,258372471.73760,0
2023-12-21,259.970,274.650,256.200,271.910,2075590.66,2023-12-21 23:59:59.999,555841905.22740,1082125,1046136.62,280205335.52630,0
2023-12-22,271.910,276.030,264.700,271.070,1675695.24,2023-12-22 23:59:59.999,452742910.14980,883584,822547.31,222325105.59140,0
2023-12-23,271.070,271.970,265.360,270.750,724021.58,2023-12-23 23:59:59.999,194349985.00110,421168,350905.76,94195236.72240,0
2023-12-24,270.760,272.180,260.530,264.020,1046557.59,2023-12-24 23:59:59.999,280107090.11540,610028,498655.27,133467436.08030,0
2023-12-25,264.000,268.150,261.110,266.560,830507.12,2023-12-25 23:59:59.999,220166336.73860,510325,398977.21,105768769.80980,0
2023-12-26,266.560,302.900,263.820,297.510,5142935.23,2023-12-26 23:59:59.999,1477282597.50850,2203303,2538936.13,728699486.94850,0
2023-12-27,297.500,324.130,285.000,323.760,3928291.07,2023-12-27 23:59:59.999,1194848166.31246,1926773,1944599.88,591698498.16320,0
2023-12-28,323.750,337.730,319.200,322.210,4582442.88,2023-12-28 23:59:59.999,1502213759.88456,2296793,2274192.23,745615206.82462,0
2023-12-29,322.200,325.250,306.460,313.290,2408793.98,2023-12-29 23:59:59.999,761195072.50323,1404059,1175922.10,371574479.11809,0
2023-12-30,313.290,320.480,311.840,316.710,1141399.89,2023-12-30 23:59:59.999,360847685.38071,733276,555588.01,175672040.71485,0
2023-12-31,316.690,324.790,306.380,311.330,1294462.46,2023-12-31 23:59:59.999,411337028.18418,797800,621862.50,197689552.14689,0
2024-01-01,311.330,315.370,306.650,313.530,893204.63,2024-01-01 23:59:59.999,277686078.85665,608943,444832.66,138312342.08772,0
2024-01-02,313.530,321.140,304.900,311.880,1412989.05,2024-01-02 23:59:59.999,444402744.93758,883681,671084.42,211092865.36129,0
2024-01-03,311.880,334.300,285.380,315.600,4187171.99,2024-01-03 23:59:59.999,1324315253.95675,2180171,2023125.41,640232120.12216,0
2024-01-04,315.600,324.150,310.580,323.020,1605932.56,2024-01-04 23:59:59.999,511840520.54259,935708,791794.93,252365485.12559,0
2024-01-05,323.020,326.600,308.000,317.140,1720089.71,2024-01-05 23:59:59.999,546933961.55196,1094522,830960.59,264232938.48740,0
2024-01-06,317.130,317.140,300.020,307.200,1356866.81,2024-01-06 23:59:59.999,415005225.71703,849346,660374.67,201982836.99080,0
2024-01-07,307.200,309.410,299.200,302.060,841739.14,2024-01-07 23:59:59.999,256954048.86260,553410,405180.97,123709843.31960,0
2024-01-08,302.060,307.810,289.170,303.840,1751017.33,2024-01-08 23:59:59.999,523876470.10183,1022991,867904.12,259681876.68313,0
2024-01-09,303.850,306.900,295.850,301.370,1643131.47,2024-01-09 23:59:59.999,495120851.61103,1081476,827622.68,249371090.35123,0
2024-01-10,301.370,310.420,289.020,305.990,1432577.58,2024-01-10 23:59:59.999,428140255.21433,1061103,690312.11,206411210.58933,0
2024-01-11,305.990,317.000,301.400,308.510,1926277.05,2024-01-11 23:59:59.999,596331944.82779,1228485,929306.07,287773197.14616,0
2024-01-12,308.500,313.350,288.480,296.810,1609467.98,2024-01-12 23:59:59.999,490664394.83990,1111360,751749.24,229194280.67760,0
2024-01-13,296.820,303.270,290.960,302.350,729110.34,2024-01-13 23:59:59.999,218016535.50210,502443,351484.45,105079700.02950,0
2024-01-14,302.360,306.890,298.890,299.670,728241.82,2024-01-14 23:59:59.999,221288486.55653,546468,349828.30,106322627.39013,0
2024-01-15,299.670,322.230,299.580,317.140,2438420.66,2024-01-15 23:59:59.999,769327364.80349,1380088,1194144.65,376749419.15117,0
2024-01-16,317.140,318.870,312.630,315.050,1168273.94,2024-01-16 23:59:59.999,369348908.18440,730673,586094.74,185310131.92900,0
2024-01-17,315.040,316.160,306.170,309.250,1504606.87,2024-01-17 23:59:59.999,468761186.48953,842341,727250.10,226586982.56800,0
2024-01-18,309.250,315.000,305.550,312.730,1409050.09,2024-01-18 23:59:59.999,438124662.28406,813143,693205.66,215537250.34806,0
2024-01-19,312.730,315.750,304.540,314.390,1312335.16,2024-01-19 23:59:59.999,408138710.69639,823249,637834.48,198356662.66056,0
2024-01-20,314.400,317.140,311.880,317.030,645245.87,2024-01-20 23:59:59.999,202788905.09670,404640,327835.02,103061492.25770,0
2024-01-21,317.030,321.580,316.040,318.410,694838.94,2024-01-21 23:59:59.999,221350642.61899,413835,351994.85,112147821.31859,0
2024-01-22,318.410,320.000,303.300,305.800,1369031.98,2024-01-22 23:59:59.999,427623512.72229,891529,663843.08,207362199.41720,0
2024-01-23,305.800,311.200,290.100,298.520,1587110.53,2024-01-23 23:59:59.999,473927369.88480,987652,774727.20,231322112.92060,0
2024-01-24,298.530,300.450,289.940,292.910,1301183.12,2024-01-24 23:59:59.999,382747015.24460,757600,646983.63,190348150.58550,0
2024-01-25,292.920,296.400,287.460,292.080,1421956.81,2024-01-25 23:59:59.999,415141589.93890,813967,697058.60,203523187.80470,0
2024-01-26,292.090,303.960,290.680,302.070,966165.46,2024-01-26 23:59:59.999,289190389.83540,581723,479142.72,143396437.97180,0
2024-01-27,302.080,307.730,301.880,305.680,557398.07,2024-01-27 23:59:59.999,169842053.67923,373668,288088.72,87796204.16673,0
2024-01-28,305.680,308.990,303.110,305.240,666650.45,2024-01-28 23:59:59.999,204142871.53460,465756,327463.52,100294438.73330,0
2024-01-29,305.250,311.000,304.420,310.670,658865.79,2024-01-29 23:59:59.999,202949291.00580,422015,320107.41,98594246.55520,0
2024-01-30,310.680,313.130,306.330,307.590,614069.47,2024-01-30 23:59:59.999,190335371.28220,388676,309042.84,95811672.47110,0
2024-01-31,307.590,308.060,298.460,300.530,883196.04,2024-01-31 23:59:59.999,268367357.65070,535635,428864.54,130342236.41260,0
2024-02-01,300.530,302.120,296.390,300.140,729061.38,2024-02-01 23:59:59.999,218148518.64780,466881,345365.17,103367327.36530,0
2024-02-02,300.140,305.280,299.700,301.270,588363.33,2024-02-02 23:59:59.999,177803252.93350,373190,296135.99,89505295.23870,0
2024-02-03,301.280,303.740,299.520,299.660,359716.63,2024-02-03 23:59:59.999,108449400.58510,254879,172412.68,51979329.60860,0
2024-02-04,299.670,307.800,297.910,304.720,853662.19,2024-02-04 23:59:59.999,259255710.03023,502712,424500.51,128863880.71303,0
2024-02-05,304.720,306.940,299.340,301.130,943266.70,2024-02-05 23:59:59.999,285896536.34930,525838,457032.45,138526943.22890,0
2024-02-06,301.130,303.650,300.740,302.770,517638.95,2024-02-06 23:59:59.999,156554307.72900,345825,253076.56,76548651.29070,0
2024-02-07,302.770,308.790,300.700,307.410,682532.21,2024-02-07 23:59:59.999,207931561.27173,431936,355203.32,108223059.27463,0
2024-02-08,307.410,320.330,307.400,318.540,1440848.95,2024-02-08 23:59:59.999,453618577.53695,792329,698434.08,219874422.09615,0
2024-02-09,318.540,325.820,317.080,323.780,1151659.48,2024-02-09 23:59:59.999,371039095.06220,658678,580738.44,187097037.38150,0
2024-02-10,323.780,324.800,318.490,322.590,524957.56,2024-02-10 23:59:59.999,168983307.12500,327308,252168.69,81179116.62980,0
2024-02-11,322.580,324.240,319.610,320.430,420924.57,2024-02-11 23:59:59.999,135529036.86170,299717,211033.00,67949206.53880,0
2024-02-12,320.430,330.540,315.220,327.660,1073787.11,2024-02-12 23:59:59.999,346334415.83242,648867,531906.66,171582901.90132,0
2024-02-13,327.660,328.990,317.690,324.300,841424.00,2024-02-13 23:59:59.999,272446531.96609,546332,413429.83,133829390.03050,0
2024-02-14,324.300,334.420,323.020,333.470,836892.37,2024-02-14 23:59:59.999,276683733.48377,499304,418494.36,138325672.97047,0
2024-02-15,333.470,366.400,332.900,353.890,2307886.78,2024-02-15 23:59:59.999,809761320.21984,1166713,1182571.83,414718471.74540,0
2024-02-16,353.900,367.110,350.650,360.250,1612624.31,2024-02-16 23:59:59.999,578276908.53326,955856,803703.19,288184796.93761,0
2024-02-17,360.240,363.300,348.000,352.410,1101306.98,2024-02-17 23:59:59.999,391322299.18674,658451,521604.69,185335348.82260,0
2024-02-18,352.420,357.800,348.710,349.870,809089.19,2024-02-18 23:59:59.999,285303656.88620,520091,406212.92,143237472.50760,0
2024-02-19,349.870,356.500,349.250,351.830,1085141.90,2024-02-19 23:59:59.999,382895403.64920,701800,550145.17,194125880.43060,0
2024-02-20,351.830,361.690,344.930,354.860,1593378.17,2024-02-20 23:59:59.999,565044575.53387,974099,774221.49,274629025.53628,0
2024-02-21,354.870,378.870,351.200,378.690,2592601.68,2024-02-21 23:59:59.999,947453567.92943,1471248,1269684.01,464288758.04903,0
2024-02-22,378.680,387.210,373.170,382.330,2027407.16,2024-02-22 23:59:59.999,770824495.05655,1173198,1004674.83,382006772.25922,0
2024-02-23,382.330,385.380,368.640,375.290,1312326.52,2024-02-23 23:59:59.999,494255214.61523,910334,652386.26,245670019.49420,0
2024-02-24,375.290,382.770,371.250,381.270,573372.47,2024-02-24 23:59:59.999,217249168.96166,454157,281934.38,106812263.73206,0
2024-02-25,381.270,391.030,377.530,388.280,864379.16,2024-02-25 23:59:59.999,332136224.06779,620450,440524.39,169271856.17009,0
2024-02-26,388.280,405.000,381.600,401.460,1737603.36,2024-02-26 23:59:59.999,682534748.46657,1163667,879268.92,345645599.28767,0
2024-02-27,401.460,403.690,389.010,394.270,1235404.50,2024-02-27 23:59:59.999,490950907.12992,872860,600690.87,238748105.93260,0
2024-02-28,394.270,426.920,393.690,414.580,2430780.38,2024-02-28 23:59:59.999,994820932.98066,1589680,1199944.19,491133859.87214,0
2024-02-29,414.590,419.980,390.930,399.620,1854342.41,2024-02-29 23:59:59.999,759668706.68600,1319008,879271.21,360364488.16615,0
2024-03-01,399.620,408.900,399.280,407.650,835071.30,2024-03-01 23:59:59.999,338858728.48718,704294,405277.57,164452328.14888,0
2024-03-02,407.660,415.600,406.290,411.170,784123.67,2024-03-02 23:59:59.999,321344292.60389,638067,382547.00,156788775.57531,0
2024-03-03,411.170,417.190,401.000,414.730,1083638.95,2024-03-03 23:59:59.999,445952486.14661,787817,520488.83,214216177.01311,0
2024-03-04,414.730,424.440,410.770,418.870,1288721.56,2024-03-04 23:59:59.999,538037350.91779,1006757,634570.67,264965915.29798,0
2024-03-05,418.870,428.060,352.010,394.190,3018377.59,2024-03-05 23:59:59.999,1218424643.26694,2310553,1422186.92,574692861.37987,0
2024-03-06,394.190,434.920,385.820,429.640,2385420.25,2024-03-06 23:59:59.999,992869530.40019,1824480,1145310.49,476302472.04558,0
2024-03-07,429.640,477.120,423.330,474.550,2250851.20,2024-03-07 23:59:59.999,1009664394.52622,1704603,1120858.24,502894882.39379,0
2024-03-08,474.550,489.870,462.000,485.290,2102162.40,2024-03-08 23:59:59.999,1001092367.13444,1850505,1034182.74,492458520.01890,0
2024-03-09,485.300,494.340,479.270,488.050,1126548.51,2024-03-09 23:59:59.999,548065929.56929,875389,563936.70,274378607.51598,0
2024-03-10,488.060,538.560,484.330,529.090,2503182.23,2024-03-10 23:59:59.999,1298571926.66260,2231994,1257177.58,651882997.82974,0
2024-03-11,529.090,534.480,504.570,523.060,1971317.40,2024-03-11 23:59:59.999,1026885643.91949,1961161,1003763.24,522982472.21216,0
2024-03-12,523.060,548.870,518.740,537.690,3016700.42,2024-03-12 23:59:59.999,1613950320.30208,3065479,1481062.71,792559584.09651,0
2024-03-13,537.700,634.680,532.100,631.020,3648058.40,2024-03-13 23:59:59.999,2132190513.01862,3860552,1848633.07,1080769616.14776,0
2024-03-14,631.010,632.000,565.550,603.750,3337861.74,2024-03-14 23:59:59.999,2008262143.37210,3840431,1625632.85,978473025.72102,0
2024-03-15,603.760,636.120,542.000,633.010,4160358.79,2024-03-15 23:59:59.999,2443345061.69663,6841093,2023639.92,1189726795.55261,0
2024-03-16,633.020,646.090,567.060,576.840,2795252.45,2024-03-16 23:59:59.999,1687160434.77395,3069228,1360782.03,821358656.83970,0
2024-03-17,576.840,590.750,548.560,571.500,2104298.28,2024-03-17 23:59:59.999,1208296871.64063,2226841,1025398.26,589049824.76240,0
2024-03-18,571.500,587.630,540.230,555.660,2510937.07,2024-03-18 23:59:59.999,1408855914.40425,2722976,1226841.03,688468978.18842,0
2024-03-19,555.660,560.970,498.000,507.960,3172340.45,2024-03-19 23:59:59.999,1657320283.14778,3049575,1535001.39,802038033.11873,0
2024-03-20,507.970,559.470,500.290,556.990,2303872.52,2024-03-20 23:59:59.999,1211697793.49523,2269686,1129814.16,594278236.63401,0
2024-03-21,557.000,571.590,541.110,554.130,1616245.11,2024-03-21 23:59:59.999,899501131.90979,1713905,788012.46,438596623.10480,0
2024-03-22,554.140,587.860,534.500,554.310,2244398.96,2024-03-22 23:59:59.999,1262903785.51226,2223368,1095294.72,616045111.58226,0
2024-03-23,554.320,568.020,543.700,552.150,1062709.89,2024-03-23 23:59:59.999,591955443.37641,1116071,520339.94,289879734.71682,0
2024-03-24,552.150,573.780,549.270,568.360,800451.10,2024-03-24 23:59:59.999,448013347.87849,2558006,401714.63,224814147.14241,0
2024-03-25,568.360,598.590,565.470,587.480,1309709.17,2024-03-25 23:59:59.999,766520056.69503,1410311,646332.78,378381394.27435,0
2024-03-26,587.470,597.990,572.000,580.560,932471.04,2024-03-26 23:59:59.999,545422534.41168,1092795,454667.30,265972833.78814,0
2024-03-27,580.570,586.280,562.700,574.800,926447.35,2024-03-27 23:59:59.999,532902130.62804,1087019,449238.14,258453527.19648,0
2024-03-28,574.810,592.280,574.600,583.830,918682.34,2024-03-28 23:59:59.999,537741492.57541,1023621,457174.12,267553923.19733,0
2024-03-29,583.830,621.060,582.720,612.350,1835058.01,2024-03-29 23:59:59.999,1118353390.73304,1606368,884242.76,538637911.63906,0
2024-03-30,612.340,612.830,596.230,600.250,784066.42,2024-03-30 23:59:59.999,473840167.53576,822284,386721.81,233743501.48718,0
2024-03-31,600.260,608.120,600.010,606.030,478045.71,2024-03-31 23:59:59.999,289028897.71670,520285,238880.87,144422092.00440,0
2024-04-01,606.040,607.020,568.060,576.420,1300070.69,2024-04-01 23:59:59.999,759167051.97527,1362589,626406.99,365805051.21938,0
2024-04-02,576.410,578.640,546.850,551.830,1368777.65,2024-04-02 23:59:59.999,765374084.39739,1711941,673349.11,376602064.64325,0
2024-04-03,551.840,568.400,539.330,562.130,968906.75,2024-04-03 23:59:59.999,539377339.44273,1245658,464055.40,258339827.27736,0
2024-04-04,562.130,597.190,561.210,584.340,1463045.88,2024-04-04 23:59:59.999,852880356.58294,1654321,698851.23,407396291.30116,0
2024-04-05,584.310,590.000,564.100,577.660,1063642.30,2024-04-05 23:59:59.999,614548772.77977,1374469,526540.30,304228498.63858,0
2024-04-06,577.660,590.870,574.520,585.010,436905.76,2024-04-06 23:59:59.999,254438478.39718,1024550,224840.05,130943422.29895,0
2024-04-07,585.010,590.150,577.440,583.450,425587.31,2024-04-07 23:59:59.999,248991603.55766,555822,209777.70,122727639.63980,0
2024-04-08,583.450,601.020,577.210,586.720,794638.41,2024-04-08 23:59:59.999,469102260.00670,1184569,412789.66,243712262.23391,0
2024-04-09,586.730,590.870,571.500,580.820,909066.10,2024-04-09 23:59:59.999,527921030.42794,1025532,439462.16,255280610.95912,0
2024-04-10,580.820,611.470,573.560,610.030,1592012.20,2024-04-10 23:59:59.999,943319426.74720,1530751,803330.13,476240421.85973,0
2024-04-11,610.040,618.550,592.300,604.850,1202258.85,2024-04-11 23:59:59.999,727127382.74191,1237619,591796.18,357949390.08346,0
2024-04-12,604.850,632.000,563.330,595.200,2609470.73,2024-04-12 23:59:59.999,1581527883.64085,2648539,1274193.01,772190093.69281,0
2024-04-13,595.190,599.480,489.000,553.330,3347671.68,2024-04-13 23:59:59.999,1870567022.64119,3231795,1631294.74,912095639.14874,0
2024-04-14,553.340,569.990,535.740,566.000,1768433.67,2024-04-14 23:59:59.999,976391571.15611,2024297,860289.77,475096814.93094,0
2024-04-15,566.010,585.000,543.620,552.180,1439954.25,2024-04-15 23:59:59.999,814037781.91483,1727816,709991.63,401439919.56690,0
2024-04-16,552.190,553.370,522.230,537.520,1373098.80,2024-04-16 23:59:59.999,740399866.10443,1772063,686373.84,370100006.81491,0
2024-04-17,537.510,547.400,512.240,533.940,1333946.84,2024-04-17 23:59:59.999,710843032.75571,1575652,654727.59,349044169.80014,0
2024-04-18,533.950,555.550,526.730,551.950,1251213.65,2024-04-18 23:59:59.999,682874507.08511,1434842,627277.90,342366550.79848,0
2024-04-19,551.950,563.940,523.420,553.770,1222202.00,2024-04-19 23:59:59.999,671271739.84550,1365962,603891.21,331691782.89080,0
2024-04-20,553.770,574.000,548.200,570.370,574665.75,2024-04-20 23:59:59.999,322896613.45220,773161,288317.60,162039107.02360,0
2024-04-21,570.370,582.410,565.920,579.310,673717.51,2024-04-21 23:59:59.999,387479987.72660,823837,340851.90,196049009.15980,0
2024-04-22,579.310,608.690,578.060,604.370,1211896.39,2024-04-22 23:59:59.999,723429227.59840,1329133,635319.91,379304360.19400,0
2024-04-23,604.370,619.400,598.500,605.740,1246282.02,2024-04-23 23:59:59.999,755930919.32980,1259755,606601.98,368012149.19920,0
2024-04-24,605.740,617.770,592.290,608.470,1455249.49,2024-04-24 23:59:59.999,880591301.38690,1517932,744396.72,450464585.71280,0
2024-04-25,608.460,617.310,600.360,612.550,1144327.71,2024-04-25 23:59:59.999,696524576.71320,1246085,576226.93,350776421.18030,0
2024-04-26,612.570,614.360,596.120,597.470,808951.52,2024-04-26 23:59:59.999,489051186.09310,917917,394466.40,238538910.73430,0
2024-04-27,597.480,598.990,583.010,595.740,776506.81,2024-04-27 23:59:59.999,459224063.55790,923002,384165.72,227208712.32270,0
2024-04-28,595.740,607.000,595.600,599.640,598081.70,2024-04-28 23:59:59.999,359805573.87900,716109,305738.88,183945752.89610,0
2024-04-29,599.650,602.000,578.090,592.620,841333.54,2024-04-29 23:59:59.999,495623897.25480,1026001,413473.33,243534376.58750,0
2024-04-30,592.610,604.280,555.000,577.720,1915319.57,2024-04-30 23:59:59.999,1104525902.93260,1917318,965723.26,556752352.21550,0
2024-05-01,577.720,579.920,535.910,561.450,1471623.48,2024-05-01 23:59:59.999,816555750.42690,1647838,715673.01,397031328.27630,0
2024-05-02,561.460,565.730,541.010,560.210,899221.56,2024-05-02 23:59:59.999,500051351.07980,985060,452503.69,251714813.16180,0
2024-05-03,560.210,589.830,558.570,586.650,822717.10,2024-05-03 23:59:59.999,469906420.64590,900358,415243.06,237235360.35640,0
2024-05-04,586.660,593.110,582.000,584.780,501154.02,2024-05-04 23:59:59.999,294361566.20840,590539,245091.82,143941374.25130,0
2024-05-05,584.790,594.820,577.000,591.560,476732.94,2024-05-05 23:59:59.999,279799352.80490,591665,234772.05,137816441.05830,0
2024-05-06,591.570,602.250,582.540,587.810,705410.05,2024-05-06 23:59:59.999,417004330.60100,831482,346217.45,204711880.45980,0
2024-05-07,587.820,600.300,575.330,575.860,713300.34,2024-05-07 23:59:59.999,419924120.08650,893239,348607.34,205284581.06330,0
2024-05-08,575.870,589.880,573.630,588.220,789760.66,2024-05-08 23:59:59.999,460887901.65600,935990,391811.47,228665085.34770,0
2024-05-09,588.220,609.000,586.190,596.420,1224153.38,2024-05-09 23:59:59.999,730187681.01940,1161079,637804.84,380489736.19630,0
2024-05-10,596.430,596.540,581.060,585.260,682770.88,2024-05-10 23:59:59.999,402367207.35080,798974,328902.58,193809944.87510,0
2024-05-11,585.270,594.430,581.200,592.030,522583.40,2024-05-11 23:59:59.999,307468948.64580,579191,257384.72,151437875.58440,0
2024-05-12,592.030,598.740,587.020,594.250,447566.70,2024-05-12 23:59:59.999,265552420.49520,487117,223879.24,132826272.75950,0
2024-05-13,594.260,598.150,584.480,591.290,818586.96,2024-05-13 23:59:59.999,485042527.11300,910759,408410.30,242048483.03320,0
2024-05-14,591.300,592.600,559.730,566.590,1086396.34,2024-05-14 23:59:59.999,624599611.08500,1137611,527234.32,303007534.91700,0
2024-05-15,566.580,586.400,560.500,580.810,883654.09,2024-05-15 23:59:59.999,507399064.83490,933474,446124.94,256220383.69920,0
2024-05-16,580.820,585.970,564.650,568.480,754853.18,2024-05-16 23:59:59.999,434911090.05970,779477,370105.66,213297298.12950,0
2024-05-17,568.480,584.560,567.850,580.520,553210.15,2024-05-17 23:59:59.999,319279461.68850,610940,270536.45,156111672.35380,0
2024-05-18,580.530,581.780,574.010,580.270,361660.36,2024-05-18 23:59:59.999,209173068.51800,403768,183881.75,106365542.19100,0
2024-05-19,580.270,581.790,571.000,574.310,350633.16,2024-05-19 23:59:59.999,202489415.86910,440366,161432.97,93227221.60190,0
2024-05-20,574.320,602.250,568.000,599.710,1033376.20,2024-05-20 23:59:59.999,601304667.08170,1019488,514399.70,299558194.95800,0
2024-05-21,599.720,632.890,593.400,619.020,1934809.54,2024-05-21 23:59:59.999,1190934399.07910,1823214,967272.70,595520062.56270,0
2024-05-22,619.020,626.910,610.270,615.240,946578.06,2024-05-22 23:59:59.999,585438953.57720,1057605,473595.77,292902200.84460,0
2024-05-23,615.240,617.680,577.730,599.660,1254197.80,2024-05-23 23:59:59.999,753173053.91920,1306207,597709.18,358969610.24870,0
2024-05-24,599.670,605.640,588.580,600.550,589332.89,2024-05-24 23:59:59.999,352222660.38310,702233,282547.05,168886441.93010,0
2024-05-25,600.550,607.000,599.590,602.480,273086.25,2024-05-25 23:59:59.999,164566345.11520,384328,135001.23,81361018.63780,0
2024-05-26,602.470,605.530,598.200,600.650,297627.05,2024-05-26 23:59:59.999,179172106.44940,384119,149021.64,89721411.54080,0
2024-05-27,600.650,615.290,599.890,604.130,512483.10,2024-05-27 23:59:59.999,310812445.73990,599758,256058.15,155325533.39690,0
2024-05-28,604.130,606.300,593.710,601.910,573286.98,2024-05-28 23:59:59.999,344119974.54150,703882,272224.03,163408539.27640,0
2024-05-29,601.910,603.990,593.330,595.770,403274.71,2024-05-29 23:59:59.999,241446258.51720,518028,194164.00,116243660.20540,0
2024-05-30,595.760,602.890,586.500,595.340,489198.91,2024-05-30 23:59:59.999,291002530.48370,638911,235514.82,140137383.37030,0
2024-05-31,595.350,599.370,590.170,594.030,386498.74,2024-05-31 23:59:59.999,229668398.76070,538171,185836.02,110437957.24250,0
2024-06-01,594.030,609.000,593.460,602.390,348182.01,2024-06-01 23:59:59.999,209101036.99220,419218,188505.54,113247349.62970,0
2024-06-02,602.400,606.380,596.310,603.400,429604.02,2024-06-02 23:59:59.999,258300311.06980,529491,201403.85,121095849.99090,0
2024-06-03,603.400,639.600,601.690,626.860,1628930.68,2024-06-03 23:59:59.999,1018385640.68030,1531998,829052.05,518247389.78010,0
2024-06-04,626.860,689.750,625.180,686.160,2134571.69,2024-06-04 23:59:59.999,1396048537.23880,1927676,1133791.19,741907443.19680,0
2024-06-05,686.150,718.970,685.240,699.320,1915876.80,2024-06-05 23:59:59.999,1342205866.34050,1826592,977835.68,685111971.88390,0
2024-06-06,699.330,723.200,691.770,711.290,1511948.00,2024-06-06 23:59:59.999,1068203562.38790,1457295,738640.04,522047871.69480,0
2024-06-07,711.280,712.150,657.420,684.000,1600513.18,2024-06-07 23:59:59.999,1105775735.50160,1477357,762027.69,526832940.46680,0
2024-06-08,683.990,695.120,677.670,682.610,748875.40,2024-06-08 23:59:59.999,513277152.02090,741967,358680.77,245828288.27680,0
2024-06-09,682.600,684.810,670.150,673.160,545797.24,2024-06-09 23:59:59.999,369901997.49200,567822,266451.55,180563768.57080,0
2024-06-10,673.170,674.930,613.480,625.000,2014200.69,2024-06-10 23:59:59.999,1292284606.44370,1823291,928301.24,595814218.19190,0
2024-06-11,624.990,629.420,594.000,602.180,1690943.49,2024-06-11 23:59:59.999,1034990909.18230,1724756,796296.68,487417421.41980,0
2024-06-12,602.180,634.440,590.880,619.280,1358132.54,2024-06-12 23:59:59.999,837619653.34450,1431950,673542.92,415447821.78630,0
2024-06-13,619.290,619.780,595.440,599.700,837892.82,2024-06-13 23:59:59.999,507332931.34150,958101,400919.48,242796673.62940,0
2024-06-14,599.710,612.160,590.000,603.110,804730.26,2024-06-14 23:59:59.999,484000763.54390,910283,391632.26,235583611.27540,0
2024-06-15,603.100,609.590,601.180,607.990,357943.90,2024-06-15 23:59:59.999,217045720.22610,440641,178193.01,108050902.88910,0
2024-06-16,607.990,611.920,601.030,610.650,334480.17,2024-06-16 23:59:59.999,203197847.57230,398556,167351.89,101676870.08420,0
2024-06-17,610.660,612.530,591.000,603.960,748479.01,2024-06-17 23:59:59.999,450875844.31310,823494,364499.88,219561334.80400,0
2024-06-18,603.970,604.800,574.000,588.500,1159675.55,2024-06-18 23:59:59.999,679954872.35570,1231595,563736.94,330538292.89390,0
2024-06-19,588.510,605.950,586.510,598.920,766860.38,2024-06-19 23:59:59.999,458331811.99830,802707,377459.01,225587480.72290,0
2024-06-20,598.920,607.680,584.010,587.320,699632.26,2024-06-20 23:59:59.999,418149203.30900,745844,332857.05,199009954.66340,0
2024-06-21,587.310,589.250,577.500,586.110,596098.92,2024-06-21 23:59:59.999,348133441.48610,732621,287157.74,167706202.37740,0
2024-06-22,586.120,591.340,580.700,590.980,272469.90,2024-06-22 23:59:59.999,159698905.07680,353083,141908.14,83179200.00730,0
2024-06-23,590.980,593.000,575.520,577.400,411188.37,2024-06-23 23:59:59.999,241168991.59340,447812,197158.72,115691816.60130,0
2024-06-24,577.410,581.910,550.550,567.950,1102456.62,2024-06-24 23:59:59.999,623736699.04000,1191143,533009.11,301568757.55940,0
2024-06-25,567.950,579.930,566.500,577.940,529481.38,2024-06-25 23:59:59.999,303855632.17370,624440,263940.57,151474418.77680,0
2024-06-26,577.940,584.500,567.170,573.090,471280.61,2024-06-26 23:59:59.999,271087235.94270,568447,240355.39,138289267.37460,0
2024-06-27,573.090,584.650,566.180,581.750,454476.60,2024-06-27 23:59:59.999,261687280.90860,558486,221662.11,127663237.97880,0
2024-06-28,581.750,585.330,566.010,567.700,476506.29,2024-06-28 23:59:59.999,274348994.11610,571245,224932.81,129512734.43480,0
2024-06-29,567.700,574.160,567.070,570.400,237895.61,2024-06-29 23:59:59.999,135857764.75070,324094,112180.30,64062511.25230,0
2024-06-30,570.390,585.300,568.500,582.630,357709.19,2024-06-30 23:59:59.999,206355869.73540,486588,179638.82,103654953.93140,0
2024-07-01,582.640,588.500,576.600,577.170,372766.36,2024-07-01 23:59:59.999,217012514.99370,478194,179432.56,104454204.62350,0
2024-07-02,577.180,582.260,574.200,580.300,349957.83,2024-07-02 23:59:59.999,202442070.04710,453062,183224.71,105993409.36780,0
2024-07-03,580.310,581.290,550.050,556.910,703526.99,2024-07-03 23:59:59.999,395612764.48950,795420,336941.79,189457643.65690,0
2024-07-04,556.920,558.680,511.230,513.220,1266395.75,2024-07-04 23:59:59.999,670543555.87110,1340557,604221.19,319828208.40110,0
2024-07-05,513.210,515.830,452.630,497.540,2142933.47,2024-07-05 23:59:59.999,1033854210.81420,1850151,1033804.40,498869919.48160,0
2024-07-06,497.530,530.800,495.750,526.150,678190.05,2024-07-06 23:59:59.999,347879922.73400,829296,338234.78,173494645.43660,0
2024-07-07,526.150,526.800,488.300,490.640,885679.11,2024-07-07 23:59:59.999,448478256.58420,1007577,429123.61,217150655.59000,0
2024-07-08,490.640,524.230,470.030,510.280,1532917.83,2024-07-08 23:59:59.999,767457339.08920,1603736,762428.06,381609855.94870,0
2024-07-09,510.280,521.160,506.250,516.670,518102.22,2024-07-09 23:59:59.999,266769085.37900,739479,256678.54,132192748.54100,0
2024-07-10,516.670,529.550,511.130,524.680,530949.22,2024-07-10 23:59:59.999,277733243.34830,688672,266574.58,139428807.14780,0
2024-07-11,524.690,547.000,520.260,524.870,784323.57,2024-07-11 23:59:59.999,417053419.43810,878170,398182.65,211845285.46100,0
2024-07-12,524.860,537.600,516.920,534.090,512739.30,2024-07-12 23:59:59.999,269849868.91640,709842,249910.27,131519299.61390,0
2024-07-13,534.090,539.700,527.270,532.460,367342.22,2024-07-13 23:59:59.999,195985801.89800,477357,176002.80,93898411.83540,0
2024-07-14,532.450,547.660,531.260,544.760,379151.41,2024-07-14 23:59:59.999,203787463.01900,523102,184220.31,99048441.19820,0
2024-07-15,544.740,586.660,543.760,585.100,766189.04,2024-07-15 23:59:59.999,433485693.33200,936678,382706.35,216547420.89810,0
2024-07-16,585.100,587.570,554.650,576.050,807167.68,2024-07-16 23:59:59.999,461037089.69140,976244,384793.38,219776875.67100,0
2024-07-17,576.050,584.020,564.120,568.790,490550.94,2024-07-17 23:59:59.999,282421461.04270,656852,234670.94,135118997.85110,0
2024-07-18,568.800,579.600,561.460,571.960,435567.36,2024-07-18 23:59:59.999,248771578.15930,556563,219463.99,125371699.55240,0
2024-07-19,571.960,599.330,565.000,593.590,888430.90,2024-07-19 23:59:59.999,519471623.55040,893073,445533.90,260466229.23540,0
2024-07-20,593.580,598.220,586.680,593.200,333812.07,2024-07-20 23:59:59.999,197795080.23550,440092,162021.54,96017939.55770,0
2024-07-21,593.200,603.970,580.790,602.470,545788.96,2024-07-21 23:59:59.999,325432867.09550,677318,268208.25,159972272.51350,0
2024-07-22,602.470,606.020,585.760,587.310,473933.97,2024-07-22 23:59:59.999,282332105.23450,644599,226564.61,135017629.16010,0
2024-07-23,587.310,593.590,577.010,582.190,565009.32,2024-07-23 23:59:59.999,329834530.47710,771376,275481.19,160817201.56240,0
2024-07-24,582.190,589.010,570.000,574.780,382932.41,2024-07-24 23:59:59.999,222929148.51930,519160,182013.50,106009256.46570,0
2024-07-25,574.780,576.180,553.080,570.940,752645.18,2024-07-25 23:59:59.999,424204838.27820,879953,370293.76,208739884.79460,0
2024-07-26,570.930,583.100,570.400,581.040,377831.76,2024-07-26 23:59:59.999,218307427.41840,499247,190913.28,110326469.86850,0
2024-07-27,581.040,593.020,573.040,581.910,490613.36,2024-07-27 23:59:59.999,286472345.67200,585702,242355.44,141526579.85370,0
2024-07-28,581.920,585.340,574.790,584.210,237478.19,2024-07-28 23:59:59.999,137949198.44650,359105,118483.57,68832980.99570,0
2024-07-29,584.210,597.640,572.620,574.460,536206.75,2024-07-29 23:59:59.999,314183200.38190,662871,251172.25,147250062.25690,0
2024-07-30,574.460,588.520,566.830,588.340,403873.86,2024-07-30 23:59:59.999,232006671.18600,572649,195600.12,112396193.83910,0
2024-07-31,588.320,593.340,575.170,576.790,547231.94,2024-07-31 23:59:59.999,320183626.39610,670132,273274.16,159907661.99630,0
2024-08-01,576.790,578.400,553.740,575.370,686430.82,2024-08-01 23:59:59.999,388922684.87390,883763,333634.94,189086789.63280,0
2024-08-02,575.380,577.970,540.710,543.150,822269.40,2024-08-02 23:59:59.999,461429157.25740,967162,399652.24,224360161.57730,0
2024-08-03,543.150,545.500,521.360,529.640,731950.23,2024-08-03 23:59:59.999,390674462.94180,905018,352127.89,187967057.62150,0
2024-08-04,529.700,532.320,486.140,496.920,973439.86,2024-08-04 23:59:59.999,494641297.41940,1185516,469769.80,238700461.56480,0
2024-08-05,496.920,500.010,397.290,464.200,4117190.59,2024-08-05 23:59:59.999,1826250486.42080,4060161,2010666.96,891734358.32850,0
2024-08-06,464.210,496.000,463.440,484.780,1242996.30,2024-08-06 23:59:59.999,600915654.72220,1771246,615381.32,297558644.91080,0
2024-08-07,484.770,497.430,468.060,474.990,1021467.37,2024-08-07 23:59:59.999,493733405.31730,1541876,510512.75,246719956.45270,0
2024-08-08,474.990,521.740,467.400,517.050,835448.54,2024-08-08 23:59:59.999,413532459.83640,1205824,435604.60,215643675.64620,0
2024-08-09,517.040,518.320,498.530,508.870,518058.62,2024-08-09 23:59:59.999,263260197.78110,888484,254317.09,129254887.59550,0
2024-08-10,508.880,525.710,507.210,523.290,330596.47,2024-08-10 23:59:59.999,170450409.84960,627569,171227.75,88300270.85770,0
2024-08-11,523.300,536.700,502.300,503.680,672804.37,2024-08-11 23:59:59.999,350484160.83280,1050467,319483.71,166431529.84770,0
2024-08-12,503.670,524.180,499.410,518.480,923988.72,2024-08-12 23:59:59.999,472971554.11350,1420351,459395.50,235229287.23360,0
2024-08-13,518.490,527.770,513.000,524.240,727182.02,2024-08-13 23:59:59.999,378238050.92460,1072312,355484.77,184922870.06460,0
2024-08-14,524.240,531.720,515.090,523.180,564224.07,2024-08-14 23:59:59.999,296143950.73640,913106,273170.52,143356672.13470,0
2024-08-15,523.190,533.970,509.880,518.870,681716.27,2024-08-15 23:59:59.999,355664792.87130,936138,338608.97,176648474.60350,0
2024-08-16,518.860,524.320,509.630,519.470,530352.51,2024-08-16 23:59:59.999,274675156.64890,801540,264552.77,137013064.78090,0
2024-08-17,519.470,547.900,518.200,541.810,479487.50,2024-08-17 23:59:59.999,255976020.38460,703293,246081.21,131435587.63170,0
2024-08-18,541.810,542.580,530.860,531.280,344039.78,2024-08-18 23:59:59.999,184967870.17190,595398,167346.37,89983154.34620,0
2024-08-19,531.270,561.180,529.000,558.770,710343.66,2024-08-19 23:59:59.999,386393973.92930,951909,361728.58,196822345.67890,0
2024-08-20,558.760,574.880,558.270,569.370,886997.11,2024-08-20 23:59:59.999,503114257.42170,1113664,444706.58,252286886.89060,0
2024-08-21,569.380,574.760,545.850,569.790,794680.46,2024-08-21 23:59:59.999,445457368.92530,1082011,397119.85,222608498.60040,0
2024-08-22,569.790,589.500,559.030,582.800,869224.83,2024-08-22 23:59:59.999,502804485.36260,1113450,441668.03,255500283.76740,0
2024-08-23,582.800,597.870,573.820,591.290,793292.06,2024-08-23 23:59:59.999,462982119.84130,1013261,401950.80,234675877.35290,0
2024-08-24,591.280,591.980,575.030,580.430,670430.23,2024-08-24 23:59:59.999,390015094.88880,878096,316549.90,184156957.48040,0
2024-08-25,580.430,583.800,568.000,573.480,501059.19,2024-08-25 23:59:59.999,288307203.03880,756263,235097.57,135284750.67590,0
2024-08-26,573.490,575.210,546.410,548.030,620064.68,2024-08-26 23:59:59.999,347604093.99600,937380,296501.51,166216916.89050,0
2024-08-27,548.030,558.210,520.520,533.170,826002.36,2024-08-27 23:59:59.999,450138391.55720,1036474,394285.45,214905243.26460,0
2024-08-28,533.170,546.760,522.010,537.050,980619.06,2024-08-28 23:59:59.999,525882526.09580,1099291,480938.61,257924989.28710,0
2024-08-29,537.050,545.350,530.420,536.310,529104.17,2024-08-29 23:59:59.999,285765332.75130,755394,260107.49,140492951.92660,0
2024-08-30,536.300,543.240,521.570,535.010,586255.20,2024-08-30 23:59:59.999,312270580.92460,836228,280599.46,149488092.06450,0
2024-08-31,535.010,541.220,531.000,532.830,232622.95,2024-08-31 23:59:59.999,124640596.23460,410176,116173.81,62252224.40740,0
2024-09-01,532.840,533.140,507.000,512.050,624154.08,2024-09-01 23:59:59.999,323611826.14400,938932,300033.21,155554524.85880,0
2024-09-02,512.060,530.600,501.700,526.410,676551.50,2024-09-02 23:59:59.999,348376823.05980,962391,348442.66,179471740.11100,0
2024-09-03,526.420,538.540,518.000,518.850,612693.39,2024-09-03 23:59:59.999,324515503.28340,863298,305924.88,162037832.37840,0
2024-09-04,518.850,523.830,495.520,507.710,1119216.92,2024-09-04 23:59:59.999,567285286.31800,1333542,544101.51,275813160.91080,0
2024-09-05,507.720,512.710,496.570,502.480,629263.51,2024-09-05 23:59:59.999,317195103.68300,829384,308801.22,155680762.71870,0
2024-09-06,502.490,510.190,471.000,487.040,1309923.89,2024-09-06 23:59:59.999,647034337.95330,1316075,630479.49,311528703.12740,0
2024-09-07,487.050,499.340,482.880,493.370,428792.71,2024-09-07 23:59:59.999,211073419.95520,567612,213098.30,104898200.28700,0
2024-09-08,493.360,507.000,490.670,503.030,517650.56,2024-09-08 23:59:59.999,258450771.09470,577950,261920.02,130809007.37290,0
2024-09-09,503.020,527.610,501.730,518.910,665279.55,2024-09-09 23:59:59.999,340244646.66560,759645,347379.87,177702860.20340,0
2024-09-10,518.910,524.460,513.590,517.220,486518.17,2024-09-10 23:59:59.999,252289018.71700,614290,232681.09,120670246.74130,0
2024-09-11,517.230,535.920,506.460,530.370,748293.93,2024-09-11 23:59:59.999,388808427.72250,883616,365311.85,189843549.90540,0
2024-09-12,530.320,548.870,530.060,544.580,822376.65,2024-09-12 23:59:59.999,445748371.93670,870397,413376.72,224055133.92230,0
2024-09-13,544.570,559.610,538.430,556.020,706805.82,2024-09-13 23:59:59.999,388029874.51270,825034,363499.11,199560514.83280,0
2024-09-14,556.030,559.140,547.130,553.210,292297.45,2024-09-14 23:59:59.999,161573160.19600,430936,139893.15,77330648.65660,0
2024-09-15,553.220,561.920,551.480,553.120,487091.39,2024-09-15 23:59:59.999,271176046.85420,580731,241568.38,134485460.06130,0
2024-09-16,553.110,555.090,526.500,533.370,786358.51,2024-09-16 23:59:59.999,425920101.25410,890397,396837.22,215006895.80510,0
2024-09-17,533.370,552.290,528.580,546.020,627341.96,2024-09-17 23:59:59.999,340283555.32970,714392,309139.78,167667101.47440,0
2024-09-18,546.020,559.630,536.400,559.320,600755.65,2024-09-18 23:59:59.999,327752657.82540,791440,304697.43,166312938.34950,0
2024-09-19,559.320,571.740,552.770,566.850,701589.82,2024-09-19 23:59:59.999,394559303.00890,812658,351109.24,197473899.08650,0
2024-09-20,566.850,577.000,558.780,568.830,600284.62,2024-09-20 23:59:59.999,341619771.33520,756433,297962.51,169602756.76520,0
2024-09-21,568.830,590.800,566.310,588.980,621688.02,2024-09-21 23:59:59.999,361133808.41900,729960,319177.99,185429198.99950,0
2024-09-22,588.980,595.080,576.070,588.650,603632.17,2024-09-22 23:59:59.999,352766472.44150,701915,300737.38,175802963.36720,0
2024-09-23,588.650,616.690,583.000,604.970,1001981.15,2024-09-23 23:59:59.999,602003443.06910,1092027,510518.00,306838967.43990,0
2024-09-24,604.970,613.900,598.510,606.070,779965.63,2024-09-24 23:59:59.999,472359279.84770,849883,369695.89,223951977.13140,0
2024-09-25,606.060,608.340,583.980,587.490,680076.99,2024-09-25 23:59:59.999,405210752.15000,827761,314924.78,187671227.56710,0
2024-09-26,587.490,609.500,581.150,596.470,846740.13,2024-09-26 23:59:59.999,504587654.85120,931646,407012.34,242449185.07820,0
2024-09-27,596.460,615.000,596.100,607.330,916976.25,2024-09-27 23:59:59.999,556740013.38400,1002878,446810.08,271325736.55980,0
2024-09-28,607.330,619.060,594.810,601.120,696744.41,2024-09-28 23:59:59.999,421626319.15700,817383,327438.45,198266851.04180,0
2024-09-29,601.120,603.130,592.670,595.760,408189.42,2024-09-29 23:59:59.999,243999628.34190,570762,189757.25,113448783.20840,0
2024-09-30,595.770,595.950,563.400,567.650,908496.44,2024-09-30 23:59:59.999,524729145.33730,1140617,421354.80,243284679.80150,0
2024-10-01,567.650,583.200,536.110,546.980,1191369.02,2024-10-01 23:59:59.999,665813107.84730,1442524,568672.93,317939356.34720,0
2024-10-02,546.970,558.150,534.400,542.380,764710.26,2024-10-02 23:59:59.999,417749254.10510,1078131,370593.87,202502165.82760,0
2024-10-03,542.380,550.550,533.400,544.640,752844.67,2024-10-03 23:59:59.999,407894183.32870,1059943,368087.64,199433103.49660,0
2024-10-04,544.640,557.970,541.600,555.270,511855.19,2024-10-04 23:59:59.999,282212792.50550,727995,257872.48,142204113.64720,0
2024-10-05,555.280,565.080,551.610,563.130,353572.45,2024-10-05 23:59:59.999,198249439.28770,499983,171750.66,96304764.54380,0
2024-10-06,563.140,571.850,561.060,570.260,320618.82,2024-10-06 23:59:59.999,181284801.91540,465711,162099.66,91674738.13430,0
2024-10-07,570.260,581.950,563.320,564.330,629610.37,2024-10-07 23:59:59.999,360940545.53340,839437,299826.09,171911247.21430,0
2024-10-08,564.340,586.800,559.040,579.920,796198.26,2024-10-08 23:59:59.999,457345876.23220,949789,402378.03,231119958.50800,0
2024-10-09,579.910,584.910,565.850,570.350,704186.69,2024-10-09 23:59:59.999,406893971.87690,875021,357257.81,206435062.02630,0
2024-10-10,570.350,572.500,551.270,563.630,500451.90,2024-10-10 23:59:59.999,282323195.74940,745954,247478.72,139601612.41520,0
2024-10-11,563.620,577.480,560.240,573.770,467181.18,2024-10-11 23:59:59.999,265410047.19250,635436,232464.50,132098484.06220,0
2024-10-12,573.760,579.170,573.570,576.510,257221.07,2024-10-12 23:59:59.999,148377918.68870,403544,126459.89,72952983.71540,0
2024-10-13,576.510,578.450,564.950,572.210,296407.28,2024-10-13 23:59:59.999,169446158.52100,444893,146591.80,83807802.68590,0
2024-10-14,572.210,592.310,569.430,589.310,557829.74,2024-10-14 23:59:59.999,325043505.38280,750648,281869.47,164266694.30240,0
2024-10-15,589.310,600.340,577.730,594.890,896222.99,2024-10-15 23:59:59.999,528634217.53070,1137502,442476.21,261053708.83240,0
2024-10-16,594.890,605.840,590.060,601.130,616248.22,2024-10-16 23:59:59.999,368068193.49760,864843,314254.79,187738144.70380,0
2024-10-17,601.120,606.680,584.560,592.830,509893.35,2024-10-17 23:59:59.999,303360703.09600,761789,245814.08,146281205.95300,0
2024-10-18,592.840,602.540,591.810,599.030,377325.83,2024-10-18 23:59:59.999,225590384.75140,554222,187560.49,112137594.51880,0
2024-10-19,599.030,601.300,595.210,597.940,167010.84,2024-10-19 23:59:59.999,99857812.36660,300533,81964.20,49010128.70780,0
2024-10-20,597.930,607.650,593.040,606.280,310300.73,2024-10-20 23:59:59.999,185993342.17540,418866,159594.57,95694027.19810,0
2024-10-21,606.290,612.460,591.430,598.740,709739.21,2024-10-21 23:59:59.999,428184701.87770,829933,342309.99,206557495.81810,0
2024-10-22,598.730,600.000,586.850,593.810,543231.92,2024-10-22 23:59:59.999,322944993.50810,693605,267596.45,159102188.66690,0
2024-10-23,593.820,594.490,572.820,584.950,550100.83,2024-10-23 23:59:59.999,320719265.09800,751032,269356.07,157074892.63850,0
2024-10-24,584.940,598.230,583.230,594.650,413422.81,2024-10-24 23:59:59.999,244392917.92790,580900,202992.06,120011538.55290,0
2024-10-25,594.640,597.960,564.740,574.640,648192.73,2024-10-25 23:59:59.999,379307966.84360,861163,308472.47,180530739.05690,0
2024-10-26,574.640,587.100,570.230,583.400,300498.42,2024-10-26 23:59:59.999,174358500.83830,504525,146845.09,85233716.33900,0
2024-10-27,583.390,590.940,581.740,589.340,199111.30,2024-10-27 23:59:59.999,116727018.86260,339300,103765.93,60837920.18740,0
2024-10-28,589.320,605.000,585.370,601.370,435205.47,2024-10-28 23:59:59.999,258669065.37550,597874,219091.28,130248861.61670,0
2024-10-29,601.370,612.780,600.180,606.710,604989.24,2024-10-29 23:59:59.999,367262933.33050,766848,309653.67,188025388.24890,0
2024-10-30,606.700,607.200,594.500,595.900,469572.06,2024-10-30 23:59:59.999,281749005.16390,637217,226573.68,135963516.68830,0
2024-10-31,595.900,596.880,571.140,576.710,758011.55,2024-10-31 23:59:59.999,441726334.69960,867483,362928.87,211528954.17690,0
2024-11-01,576.700,585.460,567.520,572.930,751040.96,2024-11-01 23:59:59.999,432870462.97140,884803,368960.90,212690413.48600,0
2024-11-02,572.930,576.940,562.060,568.580,394008.29,2024-11-02 23:59:59.999,224364478.80470,505949,188456.60,107343976.77890,0
2024-11-03,568.590,569.300,546.690,557.780,617173.36,2024-11-03 23:59:59.999,343945397.16100,819298,298252.02,166223953.57350,0
2024-11-04,557.790,564.710,543.220,552.510,572110.01,2024-11-04 23:59:59.999,318190968.43540,876382,281621.57,156648565.61260,0
2024-11-05,552.500,571.970,550.990,563.300,501056.33,2024-11-05 23:59:59.999,281813518.90040,692473,252178.51,141842108.18150,0
2024-11-06,563.290,595.350,563.130,592.610,1270365.56,2024-11-06 23:59:59.999,740142020.47240,1470583,625263.83,364321237.54280,0
2024-11-07,592.610,611.980,587.180,598.740,908960.25,2024-11-07 23:59:59.999,544682957.67410,1078243,437839.14,262458614.81960,0
2024-11-08,598.740,606.550,588.120,598.170,669440.09,2024-11-08 23:59:59.999,399804068.01380,827234,318039.33,189977383.70970,0
2024-11-09,598.180,638.730,597.940,625.060,1721816.07,2024-11-09 23:59:59.999,1073985342.75750,1552265,870913.55,543047055.92770,0
2024-11-10,625.070,644.990,612.020,627.840,1792633.45,2024-11-10 23:59:59.999,1133360716.67810,1919879,857917.25,542515907.18760,0
2024-11-11,627.840,666.510,613.340,660.530,2200989.49,2024-11-11 23:59:59.999,1391033367.19940,2232340,1080751.71,683498208.59550,0
2024-11-12,660.530,668.500,612.560,625.780,2652803.99,2024-11-12 23:59:59.999,1691514772.15970,2854243,1259602.52,803149315.78020,0
2024-11-13,625.850,639.220,598.810,621.190,2225893.76,2024-11-13 23:59:59.999,1375108586.17510,2370449,1056608.28,652985026.08760,0
2024-11-14,621.190,661.300,610.800,622.640,2407430.71,2024-11-14 23:59:59.999,1527719648.96570,2242128,1161852.15,737585113.76720,0
2024-11-15,622.640,628.690,603.630,619.730,1364213.20,2024-11-15 23:59:59.999,841244802.41930,1473961,665210.51,410300642.15710,0
2024-11-16,619.730,634.330,617.510,623.190,964164.60,2024-11-16 23:59:59.999,603164131.11280,1034844,467259.18,292352317.70730,0
2024-11-17,623.190,648.300,605.200,618.990,1556278.02,2024-11-17 23:59:59.999,975134168.44180,1621343,743767.75,466113231.82160,0
2024-11-18,618.990,635.000,612.310,619.460,1170979.71,2024-11-18 23:59:59.999,728153004.45700,1346632,569406.31,354147033.32050,0
2024-11-19,619.460,621.970,605.470,615.930,864160.24,2024-11-19 23:59:59.999,532230502.95630,1006101,397605.08,244933897.98540,0
2024-11-20,616.000,621.080,600.250,605.780,918068.84,2024-11-20 23:59:59.999,561323262.55010,1114428,420576.35,257217967.74100,0
2024-11-21,605.840,630.000,593.260,622.330,1510849.37,2024-11-21 23:59:59.999,929490780.12160,1527078,717020.44,441156622.45090,0
2024-11-22,622.320,640.570,615.560,633.510,1373467.50,2024-11-22 23:59:59.999,862845219.85770,1445815,669160.52,420537528.06240,0
2024-11-23,633.510,681.450,631.660,651.130,2414541.09,2024-11-23 23:59:59.999,1591002908.29450,2378628,1151431.38,758465918.95670,0
2024-11-24,651.130,688.340,637.470,660.220,2227498.61,2024-11-24 23:59:59.999,1470075828.01540,2341644,1089865.30,719472834.96220,0
2024-11-25,660.220,677.190,627.000,636.590,1953524.49,2024-11-25 23:59:59.999,1275736417.26910,2151005,925605.58,604792090.02880,0
2024-11-26,636.590,646.130,599.920,613.940,1762903.80,2024-11-26 23:59:59.999,1096491608.92390,1990523,820189.92,510537255.61740,0
2024-11-27,613.940,647.140,608.220,644.690,1236808.83,2024-11-27 23:59:59.999,777345136.99950,1375047,609618.10,383197142.73730,0
2024-11-28,644.690,664.450,640.260,654.330,1592016.08,2024-11-28 23:59:59.999,1040350013.16490,1717480,768147.10,502045936.41750,0
2024-11-29,654.320,664.400,648.900,655.130,862695.08,2024-11-29 23:59:59.999,566163784.62650,1056808,433048.36,284174524.94680,0
2024-11-30,655.120,677.890,648.380,653.880,1216604.53,2024-11-30 23:59:59.999,805095221.43510,1300630,583712.12,386338288.60890,0
2024-12-01,653.870,664.910,645.530,656.630,809558.93,2024-12-01 23:59:59.999,530806699.29180,1035872,387653.68,254244929.69990,0
2024-12-02,656.590,667.940,629.000,648.280,1762935.75,2024-12-02 23:59:59.999,1136482845.24210,2018891,831546.06,536029029.49490,0
2024-12-03,648.280,749.960,622.500,735.670,3260151.11,2024-12-03 23:59:59.999,2206070425.36280,3165314,1648155.31,1117721524.82490,0
2024-12-04,735.660,794.000,721.670,740.460,4463089.80,2024-12-04 23:59:59.999,3378729087.60250,4375300,2191882.14,1659918767.46050,0
2024-12-05,740.460,740.640,690.000,717.760,3019231.34,2024-12-05 23:59:59.999,2172190779.92820,2777272,1448619.43,1042199405.17400,0
2024-12-06,717.770,746.760,705.600,730.750,1798283.23,2024-12-06 23:59:59.999,1309278186.27390,1879621,858326.00,624821588.96390,0
2024-12-07,730.830,761.690,730.350,750.330,1076862.23,2024-12-07 23:59:59.999,805062211.75770,1376369,539812.13,403626136.39870,0
2024-12-08,750.340,757.930,728.000,742.510,919886.82,2024-12-08 23:59:59.999,683033070.75740,1110027,448761.19,333186635.32020,0
2024-12-09,742.510,743.040,633.000,689.540,2831482.52,2024-12-09 23:59:59.999,1989462233.74230,2923153,1295539.40,911854204.76540,0
2024-12-10,689.540,705.000,649.470,677.220,2357344.39,2024-12-10 23:59:59.999,1601040103.87460,2755383,1125149.05,764330712.34130,0
2024-12-11,677.220,713.450,659.100,711.690,1264267.41,2024-12-11 23:59:59.999,871494115.23040,1574987,610375.99,420827659.53110,0
2024-12-12,711.700,726.150,699.680,706.180,1344197.82,2024-12-12 23:59:59.999,961754768.15700,1604742,646052.85,462254024.47980,0
2024-12-13,706.190,730.240,697.000,725.730,1169147.32,2024-12-13 23:59:59.999,834857054.57740,1448886,571838.21,408419678.90690,0
2024-12-14,725.730,731.920,704.650,715.570,789047.19,2024-12-14 23:59:59.999,567016462.63810,1136106,371906.14,267118526.84930,0
2024-12-15,715.580,724.650,702.520,719.530,651547.88,2024-12-15 23:59:59.999,465834350.73170,1019280,314936.61,225194327.95460,0
2024-12-16,719.530,731.000,704.510,721.090,953893.18,2024-12-16 23:59:59.999,684406891.59980,1366344,469514.79,337030811.76520,0
2024-12-17,721.100,737.990,712.610,717.850,1170667.08,2024-12-17 23:59:59.999,848222612.67110,1536555,562091.72,407430973.42960,0
2024-12-18,717.850,722.680,680.000,686.450,1647695.33,2024-12-18 23:59:59.999,1164934721.47400,2070110,773864.19,547164577.74450,0
2024-12-19,686.510,705.170,647.590,665.480,1950849.16,2024-12-19 23:59:59.999,1323995612.19950,2616325,938268.11,636928585.87010,0
2024-12-20,665.490,679.690,617.540,678.320,1981883.41,2024-12-20 23:59:59.999,1295012276.07670,2891436,962859.48,629504294.81620,0
2024-12-21,678.320,693.500,649.640,663.730,1132081.79,2024-12-21 23:59:59.999,760541618.14510,1712076,555726.37,373521808.82320,0
2024-12-22,663.740,669.890,639.200,649.770,877120.24,2024-12-22 23:59:59.999,576282582.28250,1346411,425194.32,279393212.13130,0
2024-12-23,649.780,698.380,638.030,693.900,1469394.26,2024-12-23 23:59:59.999,986791023.31820,1971243,759789.69,510427285.12240,0
2024-12-24,693.890,699.270,682.560,696.630,789412.76,2024-12-24 23:59:59.999,545803226.20700,1196619,391254.14,270569220.45560,0
2024-12-25,696.630,713.210,695.510,702.130,675845.66,2024-12-25 23:59:59.999,475707715.22560,974291,332858.39,234329922.51670,0
2024-12-26,702.130,720.240,681.650,688.750,1161285.23,2024-12-26 23:59:59.999,810080019.66320,1581661,579257.03,404176223.11840,0
2024-12-27,688.760,710.930,685.180,691.490,984985.66,2024-12-27 23:59:59.999,684767629.75630,1369059,496420.70,344976142.21250,0
2024-12-28,691.490,731.250,690.940,722.140,845595.15,2024-12-28 23:59:59.999,604270071.35290,1218272,428452.62,306233580.33720,0
2024-12-29,722.140,724.580,689.670,694.480,694884.28,2024-12-29 23:59:59.999,491340515.43790,960925,331614.74,234478428.23170,0
2024-12-30,694.480,712.160,687.000,704.760,837145.02,2024-12-30 23:59:59.999,584849339.93030,1286721,411294.91,287320540.78750,0
2024-12-31,704.750,714.590,698.000,702.120,644109.91,2024-12-31 23:59:59.999,454488048.94560,1014434,324478.29,228930766.35230,0
2025-01-01,702.130,710.930,700.020,707.430,386029.63,2025-01-01 23:59:59.999,272686873.55980,724799,190943.37,134886985.43950,0
2025-01-02,707.420,715.990,698.040,706.110,733190.03,2025-01-02 23:59:59.999,518266225.26490,1052305,365187.40,258148128.24780,0
2025-01-03,706.110,716.320,696.460,715.220,670878.57,2025-01-03 23:59:59.999,474509667.51810,950376,322434.41,228129090.44670,0
2025-01-04,715.230,721.970,707.610,713.380,503706.97,2025-01-04 23:59:59.999,360334325.16460,771159,234540.23,167812535.93510,0
2025-01-05,713.380,714.000,702.480,709.280,359292.44,2025-01-05 23:59:59.999,254537416.66370,620232,173212.86,122708504.76730,0
2025-01-06,709.280,746.000,706.060,729.810,1042671.32,2025-01-06 23:59:59.999,757053660.91930,1289293,524991.88,381058816.84100,0
2025-01-07,729.820,732.980,689.500,697.160,1153759.51,2025-01-07 23:59:59.999,821817738.57270,1593843,555455.32,395639365.53850,0
2025-01-08,697.160,706.820,673.760,695.490,1067127.20,2025-01-08 23:59:59.999,739225530.34760,1649816,502220.59,347954715.58760,0
2025-01-09,695.490,701.320,673.700,684.890,935599.52,2025-01-09 23:59:59.999,645993838.82290,1374604,462270.39,319204105.17120,0
2025-01-10,684.890,700.840,682.600,693.040,666606.83,2025-01-10 23:59:59.999,461506961.53190,1061779,336197.67,232771701.83630,0
2025-01-11,693.030,701.280,690.200,696.420,268116.54,2025-01-11 23:59:59.999,186470435.26120,551516,132965.04,92475512.08650,0
2025-01-12,696.420,698.560,689.460,692.960,269598.80,2025-01-12 23:59:59.999,186999835.27230,510884,137751.26,95551715.70500,0
2025-01-13,692.960,700.000,656.840,688.410,1120301.56,2025-01-13 23:59:59.999,756225067.77260,1620326,523650.20,353611869.15960,0
2025-01-14,688.400,700.190,686.000,698.840,484950.57,2025-01-14 23:59:59.999,336602044.50490,763618,246043.46,170773840.07350,0
2025-01-15,698.880,714.730,688.430,714.380,766138.28,2025-01-15 23:59:59.999,537250594.05010,1020915,385968.32,270695504.42650,0
2025-01-16,714.370,717.750,700.620,708.050,676602.38,2025-01-16 23:59:59.999,480555660.46400,981082,328776.02,233519061.66000,0
2025-01-17,708.060,730.610,708.050,722.090,649554.16,2025-01-17 23:59:59.999,468659968.28910,1002812,331683.10,239257254.58500,0
2025-01-18,722.090,723.630,694.880,709.910,760807.10,2025-01-18 23:59:59.999,536334516.94920,1193542,354023.23,249556153.90210,0
2025-01-19,709.910,715.260,676.010,683.390,1337593.72,2025-01-19 23:59:59.999,929393427.12690,1910757,641061.54,445583595.94720,0
2025-01-20,683.390,709.990,670.000,682.840,1409715.47,2025-01-20 23:59:59.999,971140451.52780,2117243,677500.26,466799532.01850,0
2025-01-21,682.830,697.660,675.310,692.540,665320.65,2025-01-21 23:59:59.999,457248862.67540,1123788,333362.92,229137926.98050,0
2025-01-22,692.550,704.230,690.150,695.950,471791.73,2025-01-22 23:59:59.999,328783702.97990,762468,232278.05,161879885.97010,0
2025-01-23,695.960,698.110,680.200,690.120,691722.65,2025-01-23 23:59:59.999,475515231.03430,1041283,330533.89,227214127.34270,0
2025-01-24,690.130,691.740,678.660,680.460,499177.46,2025-01-24 23:59:59.999,342248602.46980,745477,236327.68,162067355.23360,0
2025-01-25,680.460,690.080,677.610,686.740,282447.72,2025-01-25 23:59:59.999,193444616.04000,514378,133770.06,91626544.66410,0
2025-01-26,686.740,691.360,664.140,666.640,422167.65,2025-01-26 23:59:59.999,286995358.25910,607821,187044.32,127229979.09520,0
2025-01-27,666.640,680.960,635.980,680.160,1185299.07,2025-01-27 23:59:59.999,780522340.86160,1796774,574883.34,378801031.35830,0
2025-01-28,680.170,683.250,659.130,661.080,572884.54,2025-01-28 23:59:59.999,385517770.78150,870910,275272.71,185283321.84110,0
2025-01-29,661.070,679.350,659.220,667.940,593069.90,2025-01-29 23:59:59.999,397435594.54570,958103,304503.20,204097129.46820,0
2025-01-30,667.930,683.210,665.800,677.870,397838.75,2025-01-30 23:59:59.999,269716636.94670,603639,199013.45,134931610.51490,0
2025-01-31,677.880,689.530,673.710,677.790,430789.41,2025-01-31 23:59:59.999,293171027.87690,699146,209995.70,142927365.80640,0
2025-02-01,677.790,681.860,650.430,652.830,399478.23,2025-02-01 23:59:59.999,266441233.03920,688691,187033.57,124780221.70850,0
2025-02-02,652.830,663.050,598.710,617.690,1265885.54,2025-02-02 23:59:59.999,800756558.03970,2012799,597661.66,378134913.42440,0
2025-02-03,617.690,618.740,499.040,616.760,2732005.03,2025-02-03 23:59:59.999,1561953996.10960,3823260,1312710.88,750866399.22900,0
2025-02-04,616.760,618.740,558.050,572.810,1398666.18,2025-02-04 23:59:59.999,814215201.80970,2144609,680156.37,395988027.61070,0
2025-02-05,572.810,579.900,560.930,569.420,621616.61,2025-02-05 23:59:59.999,354976770.07020,1107467,290306.52,165765087.45130,0
2025-02-06,569.420,589.270,568.760,571.470,781955.21,2025-02-06 23:59:59.999,452501070.69220,1263764,389565.74,225460463.52210,0
2025-02-07,571.500,589.760,570.060,577.420,602114.26,2025-02-07 23:59:59.999,349855437.20290,1036910,295949.21,171967647.01500,0
2025-02-08,577.420,633.000,573.360,612.270,1113824.17,2025-02-08 23:59:59.999,675008948.32490,1368010,560632.09,339754268.52810,0
2025-02-09,612.270,646.870,602.250,615.360,1749522.15,2025-02-09 23:59:59.999,1096637256.00720,1902438,901481.21,565306664.61760,0
2025-02-10,615.360,622.280,596.000,618.380,1048117.61,2025-02-10 23:59:59.999,637077872.74790,1408747,520752.52,316653982.07270,0
2025-02-11,618.390,646.550,614.790,641.580,1370541.01,2025-02-11 23:59:59.999,869516709.18680,1722714,695336.55,441230551.84790,0
2025-02-12,641.570,706.000,626.290,696.760,2203474.88,2025-02-12 23:59:59.999,1461721314.23810,2519823,1132759.51,751216465.22900,0
2025-02-13,696.770,730.950,659.300,664.350,4325158.66,2025-02-13 23:59:59.999,3019028156.45330,4397221,2135911.11,1491918005.35100,0
2025-02-14,664.350,684.370,651.050,659.420,1534439.55,2025-02-14 23:59:59.999,1025785509.98360,1876749,764496.80,511206137.07430,0
2025-02-15,659.410,671.230,653.240,661.760,754031.73,2025-02-15 23:59:59.999,498327679.66040,1054207,368513.67,243587591.68880,0
2025-02-16,661.770,684.500,653.010,672.650,1053630.87,2025-02-16 23:59:59.999,704937510.67780,1383664,516951.54,345992110.53810,0
2025-02-17,672.650,681.850,657.040,667.120,994878.77,2025-02-17 23:59:59.999,667024347.63930,1343705,487962.05,327216236.69270,0
2025-02-18,667.120,667.910,629.740,648.040,1130250.46,2025-02-18 23:59:59.999,733294974.84940,1554651,540999.77,351193211.06820,0
2025-02-19,648.060,664.410,637.280,653.110,968492.19,2025-02-19 23:59:59.999,631677939.57890,1306584,467444.94,304931589.06660,0
2025-02-20,653.110,658.940,645.370,655.940,663019.31,2025-02-20 23:59:59.999,431860562.01190,980886,320922.45,209065566.42190,0
2025-02-21,655.950,667.710,633.950,647.110,1008333.87,2025-02-21 23:59:59.999,659007810.24840,1390544,495305.47,323662422.26430,0
2025-02-22,647.100,679.720,644.750,668.130,987820.11,2025-02-22 23:59:59.999,656632108.09770,1195383,507185.55,337228210.15490,0
2025-02-23,668.130,670.720,648.030,657.650,508907.82,2025-02-23 23:59:59.999,335233345.56860,808137,251642.07,165774226.35090,0
2025-02-24,657.650,658.790,610.000,614.060,1004855.69,2025-02-24 23:59:59.999,637083772.03300,1608765,467893.98,296641596.30330,0
2025-02-25,614.060,627.600,585.710,622.870,1618939.43,2025-02-25 23:59:59.999,983922049.61050,2409101,779829.05,474098583.21720,0
2025-02-26,622.870,631.470,593.790,611.500,1076407.39,2025-02-26 23:59:59.999,661924418.57900,1531954,529994.76,326064562.55250,0
2025-02-27,611.510,619.460,595.300,605.190,779582.76,2025-02-27 23:59:59.999,475216542.72690,1103545,385253.92,234920104.17520,0
2025-02-28,605.190,606.230,559.560,587.820,1457088.77,2025-02-28 23:59:59.999,844004621.12490,2129790,709395.22,410950212.63350,0
2025-03-01,587.830,608.990,586.130,607.280,689431.77,2025-03-01 23:59:59.999,412102694.05300,979705,349421.06,208914353.47590,0
2025-03-02,607.270,634.500,601.410,623.530,1012920.92,2025-03-02 23:59:59.999,626682740.62140,1407510,514026.07,318149320.18410,0
2025-03-03,623.540,623.890,567.000,575.720,1148525.19,2025-03-03 23:59:59.999,684049761.51220,1718631,536853.35,319653373.47070,0
2025-03-04,575.730,588.280,545.510,583.800,1258457.38,2025-03-04 23:59:59.999,714488193.91610,1922861,615240.21,349495089.13990,0
2025-03-05,583.800,605.480,580.400,597.930,626071.29,2025-03-05 23:59:59.999,371840975.27310,973377,312736.42,185730028.62850,0
2025-03-06,597.920,611.820,589.090,596.270,621313.39,2025-03-06 23:59:59.999,373527483.46950,876489,309827.06,186221580.35420,0
2025-03-07,596.280,610.360,577.040,594.530,855436.53,2025-03-07 23:59:59.999,510595641.98860,1280053,424360.17,253290399.99340,0
2025-03-08,594.530,602.480,589.890,592.800,343925.42,2025-03-08 23:59:59.999,205256100.97950,581410,173250.23,103392828.90820,0
2025-03-09,592.800,592.810,549.670,554.400,763865.28,2025-03-09 23:59:59.999,434201710.58140,1102726,371498.40,211252205.70980,0
2025-03-10,554.410,573.330,522.710,531.250,1103583.35,2025-03-10 23:59:59.999,605340762.67730,1637796,540463.63,296504374.54930,0
2025-03-11,531.290,565.240,506.470,551.470,1581408.32,2025-03-11 23:59:59.999,861241450.24980,2102420,782938.92,426438927.81890,0
2025-03-12,551.480,575.000,544.000,569.750,1127972.21,2025-03-12 23:59:59.999,630859456.35170,1406817,559449.32,312972984.97520,0
2025-03-13,569.760,620.000,567.720,579.450,2015132.17,2025-03-13 23:59:59.999,1184011209.63030,2307900,989687.66,581846127.61610,0
2025-03-14,579.450,589.440,576.320,587.560,582512.48,2025-03-14 23:59:59.999,339454221.47910,939798,290291.16,169180508.79780,0
2025-03-15,587.550,619.650,587.410,619.620,645885.01,2025-03-15 23:59:59.999,390021081.57580,935262,325687.14,196683667.37620,0
2025-03-16,619.610,622.930,592.900,602.140,826155.33,2025-03-16 23:59:59.999,499131235.43500,1148565,408819.19,247002447.38870,0
2025-03-17,602.140,643.590,602.010,631.390,1691378.70,2025-03-17 23:59:59.999,1063012706.82840,1935960,849206.21,533722685.79850,0
2025-03-18,631.380,643.370,619.940,627.420,1295724.68,2025-03-18 23:59:59.999,818537020.98180,1582666,652862.34,412446113.19670,0
2025-03-19,627.410,627.800,604.280,618.020,1343612.78,2025-03-19 23:59:59.999,825906328.06500,1504954,672032.11,413177661.59640,0
2025-03-20,618.020,637.300,616.020,629.920,1587667.77,2025-03-20 23:59:59.999,995634219.21810,1703026,791517.60,496473103.82570,0
2025-03-21,629.910,637.010,624.090,634.640,726490.52,2025-03-21 23:59:59.999,459260311.05500,960663,362007.92,228881698.15440,0
2025-03-22,634.630,635.500,623.220,626.500,466860.98,2025-03-22 23:59:59.999,293349093.64010,665188,244109.54,153400342.78220,0
2025-03-23,626.500,628.700,618.310,623.250,416574.83,2025-03-23 23:59:59.999,259318310.24830,604549,206861.96,128776955.45560,0
2025-03-24,623.250,639.230,617.000,636.580,975464.26,2025-03-24 23:59:59.999,613336106.16380,1012704,478324.05,300747005.32520,0
2025-03-25,636.580,644.670,626.750,629.530,1155894.36,2025-03-25 23:59:59.999,735443246.64790,1139804,595866.31,379189859.82370,0
2025-03-26,629.530,633.860,615.000,617.720,619218.77,2025-03-26 23:59:59.999,387207344.54440,724436,290748.67,181887481.68260,0
2025-03-27,617.730,642.000,616.730,636.660,1590895.35,2025-03-27 23:59:59.999,1007940817.26150,1466421,806956.78,511161566.07800,0
2025-03-28,636.660,636.810,615.310,619.240,805805.88,2025-03-28 23:59:59.999,505842517.09510,1020487,389166.68,244364697.98760,0
2025-03-29,619.230,623.210,596.390,602.590,827440.62,2025-03-29 23:59:59.999,502028218.57700,1023483,388491.13,235713224.78880,0
2025-03-30,602.600,612.800,593.010,601.950,563384.55,2025-03-30 23:59:59.999,340353450.96180,825824,281727.02,170218286.32470,0
2025-03-31,601.960,609.000,586.480,604.630,854268.82,2025-03-31 23:59:59.999,512375139.77630,1094507,427941.93,256775124.05490,0
2025-04-01,604.620,618.050,604.230,610.930,1408845.71,2025-04-01 23:59:59.999,862087297.91670,1247181,719609.55,440320843.26570,0
2025-04-02,610.940,612.040,583.980,590.080,1261896.27,2025-04-02 23:59:59.999,759040342.03360,1457056,614570.32,369860351.05710,0
2025-04-03,590.090,609.720,578.240,592.430,1459211.71,2025-04-03 23:59:59.999,869503886.36600,1490576,744314.26,443635114.53000,0
2025-04-04,592.420,600.450,584.800,597.840,745865.93,2025-04-04 23:59:59.999,442618369.85340,1042795,382875.24,227190423.01600,0
2025-04-05,597.850,599.250,588.880,593.110,285833.34,2025-04-05 23:59:59.999,170001909.68350,471281,134314.57,79882723.78290,0
2025-04-06,593.110,593.930,544.000,555.350,1017294.88,2025-04-06 23:59:59.999,577653369.67660,1200236,467385.46,265398901.64750,0
2025-04-07,555.350,567.970,509.590,554.630,1954449.46,2025-04-07 23:59:59.999,1068127558.18470,2394969,964991.49,527730465.58910,0
2025-04-08,554.630,565.680,547.430,553.720,820262.08,2025-04-08 23:59:59.999,457681354.25040,1189572,425129.65,237184405.91760,0
2025-04-09,553.730,585.860,534.400,582.120,1295600.09,2025-04-09 23:59:59.999,728402746.86630,1631187,647145.72,363775407.04190,0
2025-04-10,582.130,583.440,565.980,577.790,1079915.33,2025-04-10 23:59:59.999,621817513.58210,1165786,560082.85,322479956.08530,0
2025-04-11,577.800,589.900,575.530,585.840,516951.57,2025-04-11 23:59:59.999,301341919.17470,730647,269500.51,157102636.67670,0
2025-04-12,585.840,599.990,583.560,597.110,464684.15,2025-04-12 23:59:59.999,275197495.70480,660019,240166.85,142206569.00740,0
2025-04-13,597.110,598.460,579.170,584.060,442529.13,2025-04-13 23:59:59.999,260108416.39550,703788,217994.27,128133103.72480,0
2025-04-14,584.060,592.800,582.830,584.090,454731.12,2025-04-14 23:59:59.999,267332711.18580,668112,215863.87,126920923.05260,0
2025-04-15,584.090,591.110,578.950,579.110,414127.89,2025-04-15 23:59:59.999,242592468.18210,582296,206491.20,120948826.53910,0
2025-04-16,579.110,586.530,575.620,582.680,461405.32,2025-04-16 23:59:59.999,268183421.68240,717286,230836.90,134165565.29890,0
2025-04-17,582.680,593.000,580.620,590.360,405995.01,2025-04-17 23:59:59.999,238311561.11370,611332,203431.10,119425169.72730,0
2025-04-18,590.360,595.500,586.140,591.530,453578.76,2025-04-18 23:59:59.999,268027157.76270,590341,239121.38,141304414.25400,0
2025-04-19,591.520,593.970,587.150,591.560,315265.34,2025-04-19 23:59:59.999,186186529.38040,468238,167244.97,98783917.65680,0
2025-04-20,591.570,595.000,587.000,592.420,343875.49,2025-04-20 23:59:59.999,203273308.78230,488843,169879.71,100405638.15950,0
2025-04-21,592.430,608.490,592.280,596.880,579113.18,2025-04-21 23:59:59.999,347483493.20610,766151,306999.54,184152188.67280,0
2025-04-22,596.880,620.260,594.340,618.270,651271.21,2025-04-22 23:59:59.999,395169743.50730,844488,351260.17,213248400.25650,0
2025-04-23,618.270,619.940,601.120,605.450,823596.78,2025-04-23 23:59:59.999,502857032.41260,1083895,402610.52,245821817.41410,0
2025-04-24,605.450,606.790,592.520,601.260,556519.27,2025-04-24 23:59:59.999,333852957.35840,886032,265452.52,159234718.69990,0
2025-04-25,601.260,609.910,596.670,599.570,582777.65,2025-04-25 23:59:59.999,352413197.77070,900746,288050.34,174187873.36850,0
2025-04-26,599.560,609.560,598.930,607.180,360399.89,2025-04-26 23:59:59.999,217794125.03000,661594,179315.91,108357675.88060,0
2025-04-27,607.170,608.680,595.860,603.630,412719.88,2025-04-27 23:59:59.999,248319635.53660,689419,197194.28,118669668.17330,0
2025-04-28,603.620,608.160,598.010,605.990,473275.38,2025-04-28 23:59:59.999,285678032.33800,701308,236243.62,142612497.28110,0
2025-04-29,605.980,610.800,597.530,600.670,542226.12,2025-04-29 23:59:59.999,327656294.59530,734206,271729.04,164193600.43840,0
2025-04-30,600.670,604.420,591.000,599.210,500454.61,2025-04-30 23:59:59.999,299749123.54370,676808,244394.40,146343068.90060,0
2025-05-01,599.210,605.500,597.640,599.140,443178.23,2025-05-01 23:59:59.999,266598061.58500,579372,218730.99,131575334.80220,0
2025-05-02,599.140,603.500,595.000,600.600,408496.64,2025-05-02 23:59:59.999,244789101.42160,601167,197625.84,118436448.39690,0
2025-05-03,600.610,601.110,595.000,599.070,301085.05,2025-05-03 23:59:59.999,180015957.64490,461486,145363.97,86913775.80650,0
2025-05-04,599.070,600.250,584.160,585.650,473877.00,2025-05-04 23:59:59.999,280427251.09890,626269,226592.40,134123566.44960,0
2025-05-05,585.650,599.780,583.020,597.190,582464.68,2025-05-05 23:59:59.999,345704243.10920,771524,288972.25,171550861.32710,0
2025-05-06,597.180,603.270,592.950,602.560,523941.52,2025-05-06 23:59:59.999,313284087.32440,730346,261084.47,156113301.37780,0
2025-05-07,602.560,609.290,597.000,602.510,579658.26,2025-05-07 23:59:59.999,349723761.23080,712317,298591.89,180138663.54410,0
2025-05-08,602.510,629.550,600.660,629.290,982144.78,2025-05-08 23:59:59.999,605319463.11160,1092380,507041.42,312490503.87790,0
2025-05-09,629.290,671.300,622.780,666.720,1139785.83,2025-05-09 23:59:59.999,727344991.66340,1499551,576900.89,368276556.61910,0
2025-05-10,666.720,679.290,648.670,664.100,1097006.80,2025-05-10 23:59:59.999,725447098.45150,1505637,552414.74,365312962.98670,0
2025-05-11,664.100,668.700,648.220,651.360,722042.79,2025-05-11 23:59:59.999,475023197.66150,1067469,334306.93,219913742.16190,0
2025-05-12,651.370,693.550,647.130,660.500,1473081.24,2025-05-12 23:59:59.999,987147532.80690,1898497,726892.46,487270954.01630,0
2025-05-13,660.500,671.840,640.880,664.620,902555.38,2025-05-13 23:59:59.999,591498583.30400,1267480,437041.72,286462896.72150,0
2025-05-14,664.620,666.870,647.200,652.800,632708.75,2025-05-14 23:59:59.999,415449838.93310,922478,302397.54,198563462.65940,0
2025-05-15,652.790,661.570,642.390,652.170,751530.05,2025-05-15 23:59:59.999,489693785.75920,1165960,367978.08,239789335.78710,0
2025-05-16,652.170,660.190,643.570,646.390,533835.50,2025-05-16 23:59:59.999,348561972.25750,849419,272642.47,178007546.56260,0
2025-05-17,646.390,646.610,634.320,639.420,445344.93,2025-05-17 23:59:59.999,285390202.01650,840921,211634.60,135620648.86370,0
2025-05-18,639.420,654.970,633.820,651.320,519529.99,2025-05-18 23:59:59.999,335289808.28310,888465,258442.27,166803694.92300,0
2025-05-19,651.320,653.470,633.160,649.960,522324.40,2025-05-19 23:59:59.999,335830567.72580,938050,251634.72,161816023.93620,0
2025-05-20,649.960,654.140,640.220,650.370,421053.04,2025-05-20 23:59:59.999,272646219.45910,770795,211413.91,136903870.71200,0
2025-05-21,650.370,678.380,648.850,673.580,1031763.44,2025-05-21 23:59:59.999,682841337.29280,1348744,506775.92,335445937.49990,0
2025-05-22,673.590,689.990,673.350,686.490,755685.58,2025-05-22 23:59:59.999,516125627.82730,1010406,379252.76,259050699.80260,0
2025-05-23,686.490,691.660,653.600,656.850,873638.58,2025-05-23 23:59:59.999,588930293.91640,1200769,411627.30,277410345.36510,0
2025-05-24,656.850,677.270,655.310,667.890,451825.83,2025-05-24 23:59:59.999,302793439.28020,713043,226073.31,151515951.61040,0
2025-05-25,667.890,671.540,656.490,669.130,444723.84,2025-05-25 23:59:59.999,295165174.02980,712886,212057.29,140786176.81970,0
2025-05-26,669.120,677.500,667.980,673.910,343148.74,2025-05-26 23:59:59.999,230963959.51480,563345,171349.73,115321037.07530,0
2025-05-27,673.920,698.000,666.120,687.140,736636.18,2025-05-27 23:59:59.999,504345330.22300,1016953,381934.49,261460509.51880,0
2025-05-28,687.140,689.050,679.710,686.800,555762.12,2025-05-28 23:59:59.999,380356661.70900,786214,282807.31,193534522.72460,0
2025-05-29,686.790,691.210,673.100,674.700,683667.55,2025-05-29 23:59:59.999,466281679.56160,896118,341084.50,232684833.38230,0
2025-05-30,674.700,678.280,652.740,655.000,597296.63,2025-05-30 23:59:59.999,398320942.29310,973629,287491.10,191767630.33430,0
2025-05-31,655.000,661.460,645.110,657.920,409036.67,2025-05-31 23:59:59.999,267437753.20980,751644,195277.86,127628831.54010,0
2025-06-01,657.920,662.440,647.120,660.660,361412.11,2025-06-01 23:59:59.999,236358144.56820,628080,189145.07,123686301.92430,0
2025-06-02,660.650,667.240,649.610,665.930,434626.80,2025-06-02 23:59:59.999,285845661.48280,699227,221883.58,145913752.36030,0
2025-06-03,665.930,673.760,656.660,661.330,449486.17,2025-06-03 23:59:59.999,299302662.17270,650835,212814.82,141694939.89520,0
2025-06-04,661.330,671.830,660.640,662.930,396008.48,2025-06-04 23:59:59.999,264299735.73310,590242,202626.79,135252784.54880,0
2025-06-05,662.930,670.740,622.050,632.900,880284.36,2025-06-05 23:59:59.999,572076168.90430,1137886,409745.78,266554577.86800,0
2025-06-06,632.900,651.120,628.560,642.250,518637.65,2025-06-06 23:59:59.999,333135202.47320,757483,256800.85,164956828.48690,0
2025-06-07,642.260,653.540,639.130,650.410,288186.53,2025-06-07 23:59:59.999,186749646.48180,484110,142889.53,92575844.04410,0
2025-06-08,650.410,656.190,646.210,651.640,242049.05,2025-06-08 23:59:59.999,157566159.51200,383235,120331.57,78318330.68790,0
2025-06-09,651.650,667.760,647.520,665.610,401145.08,2025-06-09 23:59:59.999,263397483.20520,576179,208576.20,136921355.69640,0
2025-06-10,665.610,674.590,656.770,673.660,596903.36,2025-06-10 23:59:59.999,396836026.82750,846218,299041.85,198761957.50110,0
2025-06-11,673.670,674.430,662.060,667.580,479501.21,2025-06-11 23:59:59.999,320782774.07680,734454,248246.57,166076003.84140,0
2025-06-12,667.590,670.240,651.420,654.410,472428.82,2025-06-12 23:59:59.999,313120763.73750,784639,229936.40,152387716.10840,0
2025-06-13,654.410,659.700,637.550,655.040,656867.84,2025-06-13 23:59:59.999,426766011.93470,1009261,318211.19,206769491.64630,0
2025-06-14,655.030,655.050,638.370,645.230,294994.11,2025-06-14 23:59:59.999,190647010.43070,509497,142554.32,92122450.38180,0
2025-06-15,645.230,651.760,642.360,647.920,247482.81,2025-06-15 23:59:59.999,160255386.94630,462179,124641.21,80720244.35090,0
2025-06-16,647.930,659.620,646.000,650.740,344752.07,2025-06-16 23:59:59.999,225703836.73120,548026,175161.77,114662153.44090,0
2025-06-17,650.740,659.250,640.000,648.040,548283.83,2025-06-17 23:59:59.999,357357792.98030,785297,270438.19,176244619.24250,0
2025-06-18,648.040,654.190,636.690,644.330,498276.26,2025-06-18 23:59:59.999,321310024.26510,739343,249035.59,160577299.40470,0
2025-06-19,644.330,646.430,638.240,644.510,267450.95,2025-06-19 23:59:59.999,171917373.80180,463855,135017.16,86794846.91700,0
2025-06-20,644.520,654.000,637.880,641.680,459301.24,2025-06-20 23:59:59.999,296157545.20410,607893,226653.24,146163046.95020,0
2025-06-21,641.690,644.960,620.910,628.750,463181.21,2025-06-21 23:59:59.999,294067748.65910,665015,215339.64,136684430.70440,0
2025-06-22,628.750,635.410,600.910,615.720,771802.31,2025-06-22 23:59:59.999,476561777.90900,1115391,372776.21,230260194.88840,0
2025-06-23,615.720,642.560,614.860,640.020,702895.58,2025-06-23 23:59:59.999,439378962.98700,995852,360266.99,225264407.88030,0
2025-06-24,640.020,643.900,635.750,643.300,366832.98,2025-06-24 23:59:59.999,234720882.19750,571977,178697.12,114354417.06340,0
2025-06-25,643.290,653.090,641.410,646.100,556507.34,2025-06-25 23:59:59.999,359553064.68470,674902,277580.61,179335815.96840,0
2025-06-26,646.100,649.940,640.730,642.050,312360.97,2025-06-26 23:59:59.999,201627218.59950,515810,151681.51,97916158.71830,0
2025-06-27,642.050,648.450,638.580,645.560,260803.54,2025-06-27 23:59:59.999,168134955.24430,421630,127941.93,82486544.12930,0
2025-06-28,645.570,648.990,644.000,648.380,130000.31,2025-06-28 23:59:59.999,84006091.71520,264391,69940.44,45196545.27130,0
2025-06-29,648.370,656.060,646.460,654.960,204184.44,2025-06-29 23:59:59.999,132750001.22220,357554,105479.87,68593307.60480,0
2025-06-30,654.960,660.000,651.190,656.990,311402.68,2025-06-30 23:59:59.999,204031535.55570,506108,152792.33,100111371.71610,0
2025-07-01,656.990,659.200,643.650,646.110,291724.16,2025-07-01 23:59:59.999,189716681.85950,473313,139013.25,90393862.27110,0
2025-07-02,646.120,664.880,643.500,659.970,382879.99,2025-07-02 23:59:59.999,251987600.22540,561589,207895.91,136847212.53530,0
2025-07-03,659.960,665.000,656.560,663.900,307349.05,2025-07-03 23:59:59.999,203221196.99540,528793,157446.22,104112014.87280,0
2025-07-04,663.900,664.400,650.080,653.390,287088.14,2025-07-04 23:59:59.999,188473224.40270,498467,138655.69,91042408.61580,0
2025-07-05,653.380,656.760,651.720,655.990,151159.11,2025-07-05 23:59:59.999,98945860.57660,300244,74453.41,48737080.92040,0
2025-07-06,656.000,664.890,653.220,663.120,285320.92,2025-07-06 23:59:59.999,188388629.31890,407785,146233.96,96556815.24430,0
2025-07-07,663.120,663.200,656.500,661.040,240143.07,2025-07-07 23:59:59.999,158667964.04600,402066,122502.99,80938858.65460,0
2025-07-08,661.050,662.640,657.240,660.520,262127.28,2025-07-08 23:59:59.999,172981340.61200,408104,136874.22,90318086.95130,0
2025-07-09,660.520,671.940,658.410,668.880,369372.61,2025-07-09 23:59:59.999,245361947.38280,492907,192777.89,128074540.59680,0
2025-07-10,668.890,688.130,667.120,686.300,523184.88,2025-07-10 23:59:59.999,353542616.05690,610078,271262.99,183311921.84390,0
2025-07-11,686.300,697.780,683.010,690.400,686984.04,2025-07-11 23:59:59.999,474213336.17370,864131,333737.24,230394194.11020,0
2025-07-12,690.400,697.380,679.470,686.100,373521.41,2025-07-12 23:59:59.999,257258216.18610,599527,177094.59,121991258.12620,0
2025-07-13,686.100,694.470,685.300,692.330,256169.77,2025-07-13 23:59:59.999,176975050.41510,423622,124054.10,85698512.72300,0
2025-07-14,692.330,708.000,686.010,689.110,697502.14,2025-07-14 23:59:59.999,487195509.15510,870788,344898.38,240908262.08380,0
2025-07-15,689.100,693.540,675.000,690.370,543593.97,2025-07-15 23:59:59.999,371190744.91910,789443,262863.76,179521368.80770,0
2025-07-16,690.370,715.990,685.430,709.130,636689.70,2025-07-16 23:59:59.999,446629640.86870,814517,320340.30,224730145.38670,0
2025-07-17,709.130,728.400,707.080,721.110,1062916.76,2025-07-17 23:59:59.999,763266406.87250,1240569,540797.31,388357446.77170,0
2025-07-18,721.100,766.260,718.910,730.390,1413209.20,2025-07-18 23:59:59.999,1046980638.28370,1657987,697578.17,516816790.69750,0
2025-07-19,730.390,742.940,718.950,733.430,565705.53,2025-07-19 23:59:59.999,414300782.59720,812932,268058.41,196342222.47940,0
2025-07-20,733.430,762.040,731.670,757.310,698636.07,2025-07-20 23:59:59.999,523447640.88210,871688,356541.22,267153511.11750,0
2025-07-21,757.320,782.760,746.290,766.510,952173.70,2025-07-21 23:59:59.999,729467661.28710,1188121,472378.81,362060970.12830,0
2025-07-22,766.520,789.480,745.000,787.600,1005296.57,2025-07-22 23:59:59.999,768618588.91900,1226574,502255.05,384300502.45550,0
2025-07-23,787.600,810.550,752.500,776.920,2174747.27,2025-07-23 23:59:59.999,1711879462.64280,2011391,1068883.91,841780346.00110,0
2025-07-24,776.880,786.930,742.610,771.150,1153929.43,2025-07-24 23:59:59.999,886952287.75460,1360600,562048.27,432131660.99240,0
2025-07-25,771.160,786.500,752.260,785.980,862077.90,2025-07-25 23:59:59.999,661954107.54620,1167666,437401.67,336020748.34270,0
2025-07-26,785.980,799.000,778.810,793.610,403647.62,2025-07-26 23:59:59.999,317546794.13770,570799,203705.45,160299010.73400,0
2025-07-27,793.570,848.000,791.160,844.800,1093029.43,2025-07-27 23:59:59.999,894441073.05690,1167215,587109.17,480586206.34840,0
2025-07-28,844.710,861.760,821.000,824.480,1679579.10,2025-07-28 23:59:59.999,1416705718.91600,1686366,837724.37,706842309.82570,0
2025-07-29,824.480,835.670,800.610,805.820,1312874.32,2025-07-29 23:59:59.999,1075229358.10710,1465168,637073.30,521915893.37260,0
2025-07-30,805.820,812.280,765.790,794.070,1163545.13,2025-07-30 23:59:59.999,920807585.80550,1363708,549394.61,434877983.71670,0
2025-07-31,794.080,815.000,782.010,783.680,1043932.17,2025-07-31 23:59:59.999,835235471.63060,1228528,507754.00,406277103.33620,0
2025-08-01,783.670,795.880,745.000,757.640,1271585.32,2025-08-01 23:59:59.999,978358648.95320,1670439,623872.10,480019689.33470,0
2025-08-02,757.640,770.470,732.820,736.970,726171.50,2025-08-02 23:59:59.999,544793276.21160,1045574,347797.50,260958671.90070,0
2025-08-03,736.970,755.680,730.430,751.410,408193.71,2025-08-03 23:59:59.999,304844640.89560,689400,210324.60,157080898.22880,0
2025-08-04,751.400,770.000,750.560,768.890,484047.20,2025-08-04 23:59:59.999,368238123.45180,685042,243507.48,185263153.35700,0
2025-08-05,768.890,770.040,745.410,755.570,523867.46,2025-08-05 23:59:59.999,396145526.27990,842228,248198.51,187645991.78170,0
2025-08-06,755.560,775.390,746.390,769.940,492368.17,2025-08-06 23:59:59.999,375572955.62540,812440,244072.97,186211629.89010,0
2025-08-07,769.940,788.990,764.780,788.990,552539.95,2025-08-07 23:59:59.999,428060533.01960,830342,265582.87,205807107.40700,0
2025-08-08,788.990,799.000,781.100,793.710,556718.36,2025-08-08 23:59:59.999,439509213.23650,925693,259196.63,204654893.50330,0
2025-08-09,793.720,819.860,792.890,799.160,614720.66,2025-08-09 23:59:59.999,496416264.96330,875928,295524.63,238640755.14090,0
2025-08-10,799.170,816.040,794.020,807.650,467219.66,2025-08-10 23:59:59.999,375977895.72490,841683,228633.14,183953421.00040,0
2025-08-11,807.650,828.220,791.100,805.260,950416.12,2025-08-11 23:59:59.999,769288960.30340,1360958,459318.89,371998708.87520,0
2025-08-12,805.250,840.660,797.700,833.050,790002.06,2025-08-12 23:59:59.999,646512163.35670,1054315,408382.79,334415427.93580,0
2025-08-13,833.050,860.000,828.830,848.300,1096958.53,2025-08-13 23:59:59.999,928505659.40470,1284530,535463.30,453331554.30400,0
2025-08-14,848.290,870.150,821.000,840.800,1665514.57,2025-08-14 23:59:59.999,1412668513.58840,1858654,811108.43,688095994.38610,0
2025-08-15,840.770,853.990,812.800,828.000,836007.78,2025-08-15 23:59:59.999,698141256.13760,1157560,411934.34,343941421.55820,0
2025-08-16,828.000,839.700,825.400,838.970,363568.89,2025-08-16 23:59:59.999,302900271.46610,632955,173280.76,144384120.34600,0
2025-08-17,838.980,864.480,838.360,855.960,616676.23,2025-08-17 23:59:59.999,526757101.11850,824080,306626.55,261891558.73350,0
2025-08-18,855.950,859.100,825.190,847.560,830419.81,2025-08-18 23:59:59.999,697730458.81250,1125457,422286.03,354737776.34160,0
2025-08-19,847.560,852.600,823.250,824.440,800424.67,2025-08-19 23:59:59.999,672281191.34550,1152653,396581.98,333128093.31640,0
2025-08-20,824.450,882.000,818.540,869.710,1175724.83,2025-08-20 23:59:59.999,996677051.49360,1322342,597213.60,506362594.59250,0
2025-08-21,869.720,884.540,833.720,839.780,1099716.52,2025-08-21 23:59:59.999,942064252.31310,1316390,549787.58,471201877.48460,0
2025-08-22,839.790,901.760,839.520,901.000,1317576.44,2025-08-22 23:59:59.999,1147131059.70280,1525809,679481.17,591960513.34590,0
2025-08-23,901.010,901.080,876.420,880.860,822363.38,2025-08-23 23:59:59.999,730007803.71780,1067088,391366.83,347420573.25380,0
2025-08-24,880.870,887.010,860.000,876.900,1039574.68,2025-08-24 23:59:59.999,906561688.34270,1224068,501993.72,437752784.47800,0
2025-08-25,876.910,881.300,832.580,839.630,1153510.17,2025-08-25 23:59:59.999,991592949.80370,1502604,547855.72,470937397.59100,0
2025-08-26,839.630,868.330,830.080,864.160,633691.20,2025-08-26 23:59:59.999,537423039.23950,1010927,318142.69,269815298.60520,0
2025-08-27,864.170,867.500,853.410,855.740,490123.02,2025-08-27 23:59:59.999,422022976.14790,851895,236347.34,203527634.91410,0
2025-08-28,855.750,882.210,851.540,873.920,833522.68,2025-08-28 23:59:59.999,726477780.22070,1056196,418371.45,364593652.09980,0
2025-08-29,873.920,878.530,850.560,862.840,673732.09,2025-08-29 23:59:59.999,580167494.00960,953338,331359.86,285327530.09810,0
2025-08-30,862.850,864.600,851.800,862.600,277036.46,2025-08-30 23:59:59.999,237841732.70640,512804,134828.81,115749362.45780,0
2025-08-31,862.600,868.270,857.320,858.080,316301.13,2025-08-31 23:59:59.999,272832148.31300,521958,159025.85,137159286.45610,0
2025-09-01,858.090,869.720,840.010,846.190,781541.09,2025-09-01 23:59:59.999,668124895.92380,1085373,394079.13,336918778.65020,0
2025-09-02,846.180,857.000,841.200,852.220,446844.24,2025-09-02 23:59:59.999,380006841.09550,756213,212976.84,181087510.03300,0
2025-09-03,852.220,864.430,849.160,855.210,309946.60,2025-09-03 23:59:59.999,265388823.71100,550008,151285.79,129565242.38630,0
2025-09-04,855.210,857.170,841.080,843.800,331377.91,2025-09-04 23:59:59.999,280877618.36280,552613,155863.77,132122909.28690,0
2025-09-05,843.800,857.990,842.330,850.280,357112.83,2025-09-05 23:59:59.999,303439969.90890,587418,178510.07,151691855.16770,0
2025-09-06,850.280,865.770,849.750,861.470,413035.00,2025-09-06 23:59:59.999,354927950.01200,618614,213307.09,183266645.88670,0
2025-09-07,861.470,884.970,861.120,880.670,408406.79,2025-09-07 23:59:59.999,356212492.37390,572431,224808.16,196095297.91880,0
2025-09-08,880.680,886.590,870.010,878.550,495317.70,2025-09-08 23:59:59.999,435292531.66660,752270,249182.13,219019473.19250,0
2025-09-09,878.540,885.420,871.720,880.300,435091.55,2025-09-09 23:59:59.999,382245988.85820,637778,211654.46,185930438.83960,0
2025-09-10,880.290,908.100,877.510,894.140,823061.95,2025-09-10 23:59:59.999,736220950.95310,1043363,430436.12,384952429.03230,0
2025-09-11,894.140,905.450,884.040,903.130,538321.12,2025-09-11 23:59:59.999,483018636.24370,761921,261237.88,234454827.51060,0
2025-09-12,903.130,930.600,902.000,925.500,669201.39,2025-09-12 23:59:59.999,611067745.56320,916503,366686.80,334936527.14190,0
2025-09-13,925.500,944.500,922.450,934.210,737020.73,2025-09-13 23:59:59.999,687924166.43070,926900,373090.02,348224108.08290,0
2025-09-14,934.220,945.980,923.150,926.820,550735.30,2025-09-14 23:59:59.999,513838304.48590,822994,257592.62,240373902.17740,0
2025-09-15,926.820,936.130,911.000,920.120,566059.27,2025-09-15 23:59:59.999,521422099.15580,861533,265309.78,244398001.31890,0
2025-09-16,920.110,960.030,917.050,956.260,904805.28,2025-09-16 23:59:59.999,850868058.59130,1109190,462717.15,435252666.03730,0
2025-09-17,956.260,996.600,946.480,990.810,1358382.52,2025-09-17 23:59:59.999,1309521984.32080,1519131,722043.77,696284568.03540,0
2025-09-18,990.810,1008.190,979.660,981.780,1271592.66,2025-09-18 23:59:59.999,1263997820.82660,1386054,621297.78,617779762.53950,0
2025-09-19,981.780,1004.000,974.370,984.480,1146390.96,2025-09-19 23:59:59.999,1133251378.72030,1292028,567507.60,561044147.36270,0
2025-09-20,984.480,1050.000,983.200,1044.270,1610426.54,2025-09-20 23:59:59.999,1632985841.64750,1594761,830175.30,842135454.71690,0
2025-09-21,1044.280,1084.280,1039.750,1048.250,1894892.89,2025-09-21 23:59:59.999,2010587733.94950,2053390,924552.94,980951394.83540,0
2025-09-22,1048.250,1051.060,976.880,993.510,2188443.49,2025-09-22 23:59:59.999,2218799265.93550,2237928,1082026.85,1097149733.01900,0
2025-09-23,993.510,1028.140,963.120,1016.870,1702514.23,2025-09-23 23:59:59.999,1708693658.67910,1925144,862529.53,866050684.14940,0
2025-09-24,1016.860,1034.960,991.180,1018.810,1269789.63,2025-09-24 23:59:59.999,1290502023.39170,1514985,611994.08,622072114.28480,0
2025-09-25,1018.810,1020.330,940.000,946.490,1829247.42,2025-09-25 23:59:59.999,1794388809.22040,2041967,903754.97,886555413.40650,0
2025-09-26,946.490,966.660,932.670,961.280,1150083.93,2025-09-26 23:59:59.999,1090254100.15840,1603585,562223.29,533019973.65900,0
2025-09-27,961.270,986.550,955.820,968.710,720769.92,2025-09-27 23:59:59.999,699973612.68870,962117,358285.77,348009577.15560,0
2025-09-28,968.710,993.580,963.060,993.090,595352.82,2025-09-28 23:59:59.999,580610432.05750,829038,296235.81,288949586.40920,0
2025-09-29,993.100,1036.780,991.410,1030.430,1129524.54,2025-09-29 23:59:59.999,1143412466.17540,1390444,549755.01,556622871.91120,0
2025-09-30,1030.430,1034.500,993.200,1008.770,931826.35,2025-09-30 23:59:59.999,943040707.99980,1218923,448584.35,454026830.39740,0
2025-10-01,1008.770,1036.560,1003.440,1026.850,816777.34,2025-10-01 23:59:59.999,833790603.34230,1153071,399393.71,407680634.95440,0
2025-10-02,1026.850,1100.340,1023.080,1090.910,1310435.13,2025-10-02 23:59:59.999,1384850279.04790,1731053,664463.09,702487379.58140,0
2025-10-03,1090.910,1193.390,1084.500,1190.390,2605397.95,2025-10-03 23:59:59.999,2956935475.76300,3055912,1309177.77,1487155980.39870,0
2025-10-04,1190.390,1191.110,1138.000,1151.460,1283105.97,2025-10-04 23:59:59.999,1487982394.09200,1743211,620065.23,718977977.40500,0
2025-10-05,1151.450,1189.900,1144.000,1167.980,1238983.69,2025-10-05 23:59:59.999,1444322720.49980,1734542,600927.36,700572369.56450,0
2025-10-06,1167.990,1240.260,1162.270,1223.970,2323760.06,2025-10-06 23:59:59.999,2814594837.69560,2622998,1172866.09,1420463997.73260,0
2025-10-07,1223.950,1362.910,1203.330,1305.330,4867481.93,2025-10-07 23:59:59.999,6262624123.76870,5303614,2382461.30,3066617066.18200,0
2025-10-08,1305.320,1335.320,1264.280,1306.840,2875136.17,2025-10-08 23:59:59.999,3748365447.40610,3433949,1388653.14,1810994765.29390,0
2025-10-09,1306.840,1319.990,1225.550,1256.160,3108910.81,2025-10-09 23:59:59.999,3952621384.42810,3451259,1496307.93,1902188646.06200,0
2025-10-10,1256.160,1279.140,823.600,1102.850,4617167.72,2025-10-10 23:59:59.999,5372102191.32030,4883566,2191973.28,2551134707.35790,0
2025-10-11,1102.990,1183.130,1075.010,1134.930,2439410.50,2025-10-11 23:59:59.999,2747117482.20030,3772705,1194824.99,1346115800.40080,0
2025-10-12,1134.950,1320.970,1107.100,1302.920,3385048.28,2025-10-12 23:59:59.999,4178138345.35210,4429200,1663618.29,2054104044.57030,0
2025-10-13,1302.920,1374.610,1250.010,1293.710,4181705.38,2025-10-13 23:59:59.999,5470069933.45790,5504044,2088223.26,2732828489.66860,0
2025-10-14,1293.700,1317.020,1142.790,1208.030,4103220.59,2025-10-14 23:59:59.999,4966235292.12200,5086961,1969953.71,2383726264.56510,0
2025-10-15,1208.030,1223.090,1148.530,1163.090,1825758.36,2025-10-15 23:59:59.999,2159772744.20390,2755006,880939.78,1042254985.26120,0
2025-10-16,1163.090,1195.590,1121.820,1144.650,1969968.75,2025-10-16 23:59:59.999,2296497694.99070,2921624,952676.23,1110488651.84310,0
