open_time,Open,High,Low,Close,volume,close_time,quote_asset_volume,number_of_trades,taker_buy_base_asset_volume,taker_buy_quote_asset_volume,ignore
2020-10-18,2.2069,2.2649,2.1804,2.2186,3907591,2020-10-18 23:59:59.999,8682494.9529,39678,1944484,4323983.0046,0
2020-10-19,2.2167,2.2206,2.0510,2.0578,4834438,2020-10-19 23:59:59.999,10151983.8221,44204,2298533,4830470.5142,0
2020-10-20,2.0576,2.1083,1.8457,1.8905,6052367,2020-10-20 23:59:59.999,11803851.5781,70779,2904215,5669883.5207,0
2020-10-21,1.8885,2.1098,1.8474,1.8933,10108189,2020-10-21 23:59:59.999,19667366.9314,99565,4616564,8986227.3227,0
2020-10-22,1.8933,2.0905,1.8629,1.9619,6143069,2020-10-22 23:59:59.999,12233363.1212,66991,3048850,6070786.1697,0
2020-10-23,1.9620,1.9938,1.8502,1.9645,5454719,2020-10-23 23:59:59.999,10579795.2804,57259,2521413,4894985.5105,0
2020-10-24,1.9666,1.9734,1.8800,1.9196,4059055,2020-10-24 23:59:59.999,7840448.7392,38673,1968840,3803947.6015,0
2020-10-25,1.9179,1.9281,1.7628,1.7937,5740317,2020-10-25 23:59:59.999,10680638.8896,70854,2361789,4393657.2426,0
2020-10-26,1.7946,1.8723,1.6162,1.6786,6534261,2020-10-26 23:59:59.999,11511279.0606,86117,2838879,5011169.3074,0
2020-10-27,1.6777,1.7542,1.5928,1.7135,7047936,2020-10-27 23:59:59.999,11909663.3027,71933,3150070,5323597.8682,0
2020-10-28,1.7131,1.7287,1.4555,1.5196,10242140,2020-10-28 23:59:59.999,15928645.1136,78062,4660897,7246795.2836,0
2020-10-29,1.5195,1.5773,1.4146,1.4325,6341465,2020-10-29 23:59:59.999,9497821.0462,49385,2906467,4349302.2555,0
2020-10-30,1.4321,1.4677,1.3379,1.4378,7038014,2020-10-30 23:59:59.999,9905406.7293,52871,3686347,5193098.3683,0
2020-10-31,1.4367,1.5501,1.4269,1.5472,5962596,2020-10-31 23:59:59.999,8932850.7264,74980,3199534,4797653.7866,0
2020-11-01,1.5474,1.6465,1.5132,1.6076,5514776,2020-11-01 23:59:59.999,8643933.2058,64385,2632615,4125485.6013,0
2020-11-02,1.6062,1.6426,1.4644,1.4741,5293427,2020-11-02 23:59:59.999,8073370.2685,44915,2507585,3820138.1731,0
2020-11-03,1.4729,1.4857,1.4109,1.4131,5470217,2020-11-03 23:59:59.999,7903839.1193,47126,2548262,3684652.9116,0
2020-11-04,1.4149,1.4166,1.2737,1.3910,7471679,2020-11-04 23:59:59.999,10157449.5608,61029,3588277,4886778.2237,0
2020-11-05,1.3912,1.4890,1.3020,1.4011,7267156,2020-11-05 23:59:59.999,10173397.6613,57867,3772846,5285494.0142,0
2020-11-06,1.4015,1.9474,1.3954,1.8998,15848200,2020-11-06 23:59:59.999,27313993.7046,123203,8251564,14236283.9405,0
2020-11-07,1.8978,2.5000,1.8324,2.0283,36707735,2020-11-07 23:59:59.999,78792044.1938,262607,17793764,38231424.8643,0
2020-11-08,2.0304,2.2868,1.9650,2.1571,16913035,2020-11-08 23:59:59.999,35772427.2032,141847,8105998,17142083.4246,0
2020-11-09,2.1571,2.2024,1.9517,2.0393,13460103,2020-11-09 23:59:59.999,27905080.0884,109741,6507863,13493746.0257,0
2020-11-10,2.0417,2.3306,2.0088,2.2652,8961990,2020-11-10 23:59:59.999,19639248.1932,78819,4177903,9146120.6006,0
2020-11-11,2.2659,2.3041,1.9674,2.0030,7201587,2020-11-11 23:59:59.999,15419449.7600,68708,3180341,6800292.9864,0
2020-11-12,2.0012,2.0618,1.8265,1.9083,6848757,2020-11-12 23:59:59.999,13370835.6548,60668,2959435,5777551.8271,0
2020-11-13,1.9082,2.0821,1.9000,2.0191,6925383,2020-11-13 23:59:59.999,13798623.5943,63123,3172626,6326735.7734,0
2020-11-14,2.0182,2.0381,1.8749,1.9200,6352416,2020-11-14 23:59:59.999,12345298.1356,62551,2793815,5428101.7554,0
2020-11-15,1.9206,2.2252,1.9131,2.0431,11659509,2020-11-15 23:59:59.999,24312129.5969,105212,5107903,10656609.9539,0
2020-11-16,2.0421,2.3720,1.9859,2.2680,11366459,2020-11-16 23:59:59.999,25528021.9190,105543,5421016,12178003.5920,0
2020-11-17,2.2681,2.3431,2.1263,2.2070,10271223,2020-11-17 23:59:59.999,22963026.0044,94241,4663462,10441172.6576,0
2020-11-18,2.2041,2.2246,1.9977,2.1166,9500906,2020-11-18 23:59:59.999,20027311.2763,99419,4264533,8982836.5152,0
2020-11-19,2.1151,2.1883,2.0125,2.0797,8017468,2020-11-19 23:59:59.999,16794637.9434,74369,3835256,8030815.4372,0
2020-11-20,2.0802,2.2445,2.0515,2.1052,8621112,2020-11-20 23:59:59.999,18530264.2909,80886,3797806,8157498.2007,0
2020-11-21,2.1079,2.5204,2.0313,2.3991,14596123,2020-11-21 23:59:59.999,33386562.0977,119642,6221643,14253265.4656,0
2020-11-22,2.4013,2.4287,2.0302,2.1502,11135646,2020-11-22 23:59:59.999,24421002.5472,94765,4938228,10835990.8310,0
2020-11-23,2.1488,2.3611,2.1045,2.2826,10403310,2020-11-23 23:59:59.999,23468968.9056,89669,4793202,10823125.3444,0
2020-11-24,2.2839,2.4840,2.1323,2.2894,15447405,2020-11-24 23:59:59.999,35462933.5794,133277,6973144,16022536.5868,0
2020-11-25,2.2896,2.4856,2.1686,2.2673,16621443,2020-11-25 23:59:59.999,38945721.5183,134305,7658562,17986220.8460,0
2020-11-26,2.2651,2.3097,1.7120,1.9032,16134733,2020-11-26 23:59:59.999,30659714.8995,145914,7892199,14975108.7786,0
2020-11-27,1.9020,1.9621,1.7643,1.8558,8008055,2020-11-27 23:59:59.999,14962518.8657,76290,4011402,7498031.1070,0
2020-11-28,1.8551,1.9382,1.7912,1.8821,6099812,2020-11-28 23:59:59.999,11409745.5245,62264,3010854,5635077.4507,0
2020-11-29,1.8813,1.9418,1.8439,1.9093,5200776,2020-11-29 23:59:59.999,9852462.9326,54695,2495290,4730259.4873,0
2020-11-30,1.9101,2.0150,1.8979,1.9590,6712193,2020-11-30 23:59:59.999,13162021.4123,66250,3153121,6184171.0287,0
2020-12-01,1.9594,2.1334,1.9032,1.9695,9480633,2020-12-01 23:59:59.999,19106266.8032,95014,4605375,9289145.2057,0
2020-12-02,1.9681,2.2047,1.9252,2.1160,8791836,2020-12-02 23:59:59.999,18316039.9035,87161,3958149,8256555.4240,0
2020-12-03,2.1152,2.2223,2.0705,2.0989,8707406,2020-12-03 23:59:59.999,18699713.3725,77276,4033820,8672015.8619,0
2020-12-04,2.0985,2.1129,1.8256,1.8463,7048518,2020-12-04 23:59:59.999,13973188.2356,67472,3273798,6500769.5214,0
2020-12-05,1.8449,1.9816,1.8158,1.9776,5294952,2020-12-05 23:59:59.999,10105219.8048,51565,2572047,4913503.4044,0
2020-12-06,1.9776,1.9899,1.8097,1.8515,5088610,2020-12-06 23:59:59.999,9532955.9613,54310,2233626,4183889.8867,0
2020-12-07,1.8517,1.9006,1.8100,1.8299,4623318,2020-12-07 23:59:59.999,8549182.8543,48233,2144415,3967088.8135,0
2020-12-08,1.8287,1.8322,1.6271,1.6617,7473779,2020-12-08 23:59:59.999,12913426.0564,68598,3271676,5649115.6511,0
2020-12-09,1.6617,1.6724,1.4969,1.6553,7017013,2020-12-09 23:59:59.999,11348550.5482,67604,3352293,5429183.0980,0
2020-12-10,1.6552,1.6644,1.5409,1.5686,6532250,2020-12-10 23:59:59.999,10428341.5934,111203,2956527,4721607.5959,0
2020-12-11,1.5686,1.5778,1.4316,1.4406,6597970,2020-12-11 23:59:59.999,9800482.1748,81299,3088340,4589769.9818,0
2020-12-12,1.4394,1.5337,1.4362,1.4886,6893494,2020-12-12 23:59:59.999,10327722.6780,60274,3585742,5373122.1983,0
2020-12-13,1.4879,1.6500,1.4540,1.5636,9298357,2020-12-13 23:59:59.999,14566108.4681,68190,4761965,7460141.2706,0
2020-12-14,1.5640,1.6244,1.5198,1.5936,7690894,2020-12-14 23:59:59.999,12073352.5151,64207,3785713,5947772.7587,0
2020-12-15,1.5927,1.8012,1.5858,1.7534,15330195,2020-12-15 23:59:59.999,26329955.8445,120743,7836893,13468914.3104,0
2020-12-16,1.7534,1.7986,1.6000,1.7869,13742356,2020-12-16 23:59:59.999,23258626.6486,105049,6601458,11178349.6604,0
2020-12-17,1.7865,1.8167,1.6382,1.6808,11618488,2020-12-17 23:59:59.999,20049920.1674,101441,5289566,9131585.3090,0
2020-12-18,1.6800,1.7104,1.6317,1.7003,6732255,2020-12-18 23:59:59.999,11258336.7374,64628,3123967,5228484.3532,0
2020-12-19,1.7010,1.7695,1.6562,1.6683,7757307,2020-12-19 23:59:59.999,13322112.0289,64847,3537833,6080496.5961,0
2020-12-20,1.6673,1.6888,1.5178,1.5638,5851925,2020-12-20 23:59:59.999,9490355.4189,57271,2505370,4064707.4986,0
2020-12-21,1.5650,1.6198,1.4916,1.5347,5739528,2020-12-21 23:59:59.999,8905255.4792,54088,2439998,3790525.1996,0
2020-12-22,1.5353,1.5722,1.4696,1.4905,7486927,2020-12-22 23:59:59.999,11405071.3109,66299,3510175,5353615.5567,0
2020-12-23,1.4903,1.5133,1.0690,1.1975,14168317,2020-12-23 23:59:59.999,18457980.0103,109825,6502076,8478618.5414,0
2020-12-24,1.1975,1.3859,1.1574,1.3638,11726008,2020-12-24 23:59:59.999,14867045.8763,90250,6079917,7703108.0919,0
2020-12-25,1.3654,1.4514,1.3444,1.4448,8592846,2020-12-25 23:59:59.999,12073535.1173,69957,4398661,6180321.2479,0
2020-12-26,1.4447,1.4463,1.3069,1.3215,6201784,2020-12-26 23:59:59.999,8498600.1158,53368,3255106,4463748.5263,0
2020-12-27,1.3209,1.4148,1.2544,1.3023,11065395,2020-12-27 23:59:59.999,14661912.6872,88389,5740724,7610816.8723,0
2020-12-28,1.3027,1.5222,1.2857,1.5169,10974507,2020-12-28 23:59:59.999,15426023.9918,84012,6015755,8469615.7183,0
2020-12-29,1.5165,1.7293,1.4321,1.6660,24077341,2020-12-29 23:59:59.999,37889641.9584,164781,12327537,19417849.3576,0
2020-12-30,1.6661,1.6860,1.5152,1.5304,10523673,2020-12-30 23:59:59.999,16681862.7611,83458,5205530,8261314.2830,0
2020-12-31,1.5319,1.5445,1.4120,1.5040,10697724,2020-12-31 23:59:59.999,15965402.7765,80102,5303323,7921210.6040,0
2021-01-01,1.5043,1.8498,1.4890,1.8382,18813441,2021-01-01 23:59:59.999,31449972.0102,150256,10164436,17009228.6133,0
2021-01-02,1.8377,1.9951,1.7091,1.7976,22401546,2021-01-02 23:59:59.999,40656021.7152,195073,11187145,20338297.7600,0
2021-01-03,1.7978,2.3589,1.7956,2.1767,37747051,2021-01-03 23:59:59.999,77823538.9488,317362,19078204,39320184.9362,0
2021-01-04,2.1783,2.4900,1.8182,2.4832,35966844,2021-01-04 23:59:59.999,79377997.8900,323343,17965177,39734861.9430,0
2021-01-05,2.4803,2.5012,2.0527,2.1355,32981577,2021-01-05 23:59:59.999,74122273.2818,254636,16341016,36715690.7919,0
2021-01-06,2.1385,2.1578,1.6734,1.8753,52219666,2021-01-06 23:59:59.999,101433608.5283,350332,27681728,53895199.8538,0
2021-01-07,1.8722,2.7330,1.8123,2.3651,105584282,2021-01-07 23:59:59.999,235658891.3554,690590,55648598,124102249.3492,0
2021-01-08,2.3650,3.8480,2.1800,3.2220,70113587,2021-01-08 23:59:59.999,214469464.5259,586481,34030751,104556151.2107,0
2021-01-09,3.2220,3.7000,2.9100,3.3776,33590496,2021-01-09 23:59:59.999,110367460.6290,312539,15699351,51642116.0441,0
2021-01-10,3.3757,3.7640,3.1500,3.4460,21972369,2021-01-10 23:59:59.999,75400641.2579,198672,10239049,35149334.1600,0
2021-01-11,3.4453,3.5257,2.5833,3.0988,24846781,2021-01-11 23:59:59.999,74321168.0438,237210,11801015,35221263.4496,0
2021-01-12,3.0962,3.9040,3.0477,3.6276,22851398,2021-01-12 23:59:59.999,79358568.5075,200172,11278758,39192408.1272,0
2021-01-13,3.6290,3.6398,3.2472,3.5291,16335568,2021-01-13 23:59:59.999,56372993.9867,160046,7417881,25611147.0880,0
2021-01-14,3.5281,3.5674,3.1741,3.2949,16853114,2021-01-14 23:59:59.999,56738134.2119,159164,7601077,25576001.8710,0
2021-01-15,3.2949,3.4438,2.9739,3.2464,12931161,2021-01-15 23:59:59.999,42376309.6136,130410,5956828,19510987.2070,0
2021-01-16,3.2456,3.7157,3.1236,3.4259,20722357,2021-01-16 23:59:59.999,71477803.7102,174914,9709896,33531312.2802,0
2021-01-17,3.4249,4.0200,3.3001,3.8328,24880543,2021-01-17 23:59:59.999,91103986.2365,214840,11791752,43216807.9181,0
2021-01-18,3.8344,4.1747,3.5942,3.7933,19257223,2021-01-18 23:59:59.999,75033255.2263,168434,9020817,35188402.8354,0
2021-01-19,3.7944,4.0443,3.5953,3.6276,12280022,2021-01-19 23:59:59.999,46939878.3768,127283,5577622,21324552.7805,0
2021-01-20,3.6279,3.7353,3.3240,3.7133,12201173,2021-01-20 23:59:59.999,43544751.2818,141998,5998942,21416622.6755,0
2021-01-21,3.7153,3.7397,2.9451,2.9793,13284877,2021-01-21 23:59:59.999,44429041.4631,142984,6498879,21743200.1700,0
2021-01-22,2.9813,3.4972,2.5122,3.3286,20353781,2021-01-22 23:59:59.999,62879078.9580,185300,9964521,30844227.6622,0
2021-01-23,3.3282,3.6038,3.3000,3.5094,9414060,2021-01-23 23:59:59.999,32819117.0787,100165,4412786,15382121.6525,0
2021-01-24,3.5082,3.7928,3.4802,3.6369,8471238,2021-01-24 23:59:59.999,30767405.2685,93439,3986300,14477960.7579,0
2021-01-25,3.6353,3.9867,3.4400,3.7044,14159404,2021-01-25 23:59:59.999,52209407.1815,139406,6667043,24594541.2155,0
2021-01-26,3.7024,4.1073,3.6623,4.0447,19930228,2021-01-26 23:59:59.999,77480070.3350,188664,9567980,37222197.5032,0
2021-01-27,4.0430,4.0447,3.5183,3.6727,9791075,2021-01-27 23:59:59.999,36648062.0129,109838,4584889,17147496.5409,0
2021-01-28,3.6726,3.9681,3.5930,3.8139,7597138,2021-01-28 23:59:59.999,29010792.7687,86203,3495978,13359380.6779,0
2021-01-29,3.8115,3.9314,3.6340,3.8409,7962280,2021-01-29 23:59:59.999,30062932.8760,92925,3717879,14040494.5426,0
2021-01-30,3.8429,4.3318,3.7673,4.2462,10740707,2021-01-30 23:59:59.999,43239380.9122,120558,5017652,20204528.0735,0
2021-01-31,4.2440,4.8252,4.1620,4.2628,12918581,2021-01-31 23:59:59.999,57171630.1076,147040,5928809,26244162.2556,0
2021-02-01,4.2644,4.6234,4.0986,4.6234,7266915,2021-02-01 23:59:59.999,31231312.9089,89181,3284789,14136441.2293,0
2021-02-02,4.6200,5.4668,4.4649,5.2529,13922582,2021-02-02 23:59:59.999,70574879.2988,170294,6663825,33790384.9113,0
2021-02-03,5.2539,5.8225,5.0671,5.7373,9346987,2021-02-03 23:59:59.999,50514591.2804,122894,4422574,23906577.2127,0
2021-02-04,5.7373,6.5750,5.5813,6.4358,10586958,2021-02-04 23:59:59.999,63102696.7086,150812,5027421,30009956.7876,0
2021-02-05,6.4360,7.1800,6.4272,6.7101,10453016,2021-02-05 23:59:59.999,71054161.2480,153606,4751175,32311374.0032,0
2021-02-06,6.7116,6.8360,5.7099,6.1325,10613182,2021-02-06 23:59:59.999,65061679.5271,159881,4774637,29272303.6183,0
2021-02-07,6.1320,6.8786,5.7500,6.7037,11675131,2021-02-07 23:59:59.999,74565383.6927,180310,5464680,34919529.1379,0
2021-02-08,6.7028,8.1208,6.4777,7.8917,12187065,2021-02-08 23:59:59.999,90981834.4070,203721,5601384,41721147.7193,0
2021-02-09,7.8934,8.5344,7.5675,7.8335,9061306,2021-02-09 23:59:59.999,72422591.0310,150182,3282294,26260429.5493,0
2021-02-10,7.8412,9.1231,7.2879,9.1102,11384565,2021-02-10 23:59:59.999,93712222.3255,195961,4547962,37375011.7709,0
2021-02-11,9.1098,9.7175,8.7443,9.2215,10532781,2021-02-11 23:59:59.999,97104778.9704,189812,4537378,41881700.4612,0
2021-02-12,9.2197,9.9378,9.0606,9.2344,8241627,2021-02-12 23:59:59.999,78100042.7849,138593,3309429,31381471.8933,0
2021-02-13,9.2368,9.5429,8.6801,8.7627,8675628,2021-02-13 23:59:59.999,78714696.8564,138970,3154098,28642762.3323,0
2021-02-14,8.7649,9.2621,8.5616,8.7306,7992002,2021-02-14 23:59:59.999,70573355.3629,131417,3053019,27013704.9925,0
2021-02-15,8.7303,9.3467,7.5870,8.8695,9052035,2021-02-15 23:59:59.999,77531975.1808,152882,4183651,35877340.9286,0
2021-02-16,8.8762,9.0065,7.9613,8.3036,7326365,2021-02-16 23:59:59.999,62361410.3364,119928,2977274,25272691.6344,0
2021-02-17,8.3050,8.4721,7.5269,8.2533,8141648,2021-02-17 23:59:59.999,65771249.7314,131535,3634683,29366514.0626,0
2021-02-18,8.2552,9.3339,8.2552,8.9956,7757334,2021-02-18 23:59:59.999,68347331.3244,125263,3646994,32134856.3536,0
2021-02-19,8.9976,11.8291,8.5499,11.5096,14030591,2021-02-19 23:59:59.999,144021226.8033,280798,6475116,66860555.4093,0
2021-02-20,11.5140,11.7940,9.8169,9.9965,10415260,2021-02-20 23:59:59.999,111777411.4462,199035,4123453,44178389.8736,0
2021-02-21,9.9957,11.6436,9.8439,11.0851,9997068,2021-02-21 23:59:59.999,107217506.7520,198089,4438610,47631618.3181,0
2021-02-22,11.0805,14.5550,8.8800,14.3413,23095577,2021-02-22 23:59:59.999,268161272.8975,507662,11127858,130103052.9794,0
2021-02-23,14.3421,15.8026,11.3999,15.2413,35375505,2021-02-23 23:59:59.999,499084811.8413,907108,17104700,241394514.1823,0
2021-02-24,15.2513,18.1794,14.8462,17.2227,17533006,2021-02-24 23:59:59.999,288377071.1670,438498,8251200,135661161.2671,0
2021-02-25,17.2343,17.7942,13.7180,13.8484,13553123,2021-02-25 23:59:59.999,214689548.2196,336461,6265450,99097529.3911,0
2021-02-26,13.8489,15.5453,13.1035,13.5941,14325250,2021-02-26 23:59:59.999,202066752.8803,324308,6654891,93903629.8732,0
2021-02-27,13.5990,14.8596,12.9893,13.1900,11015216,2021-02-27 23:59:59.999,152757534.6192,260457,5288492,73390022.0235,0
2021-02-28,13.1862,13.7800,11.4245,13.1072,13172276,2021-02-28 23:59:59.999,164743881.4361,331548,6268932,78369155.5568,0
2021-03-01,13.0973,15.5512,13.0287,15.0036,10624143,2021-03-01 23:59:59.999,154966760.4960,287297,5033885,73380706.5362,0
2021-03-02,15.0005,15.2846,13.4200,13.9565,8405922,2021-03-02 23:59:59.999,120709456.7155,212713,3326521,47841842.0716,0
2021-03-03,13.9628,14.7641,13.7627,14.0941,8283702,2021-03-03 23:59:59.999,118241063.2760,194244,3492263,49846922.0607,0
2021-03-04,14.0915,14.2854,12.7583,13.0784,7098703,2021-03-04 23:59:59.999,95732600.3544,162101,3118815,42054784.3821,0
2021-03-05,13.0804,13.1057,12.1419,12.5659,6246948,2021-03-05 23:59:59.999,78365258.9930,137003,3084155,38691491.9201,0
2021-03-06,12.5576,13.3026,11.8944,13.0512,6367349,2021-03-06 23:59:59.999,79739854.7966,155020,2889118,36149519.4288,0
2021-03-07,13.0586,14.0407,12.7300,13.8450,6983603,2021-03-07 23:59:59.999,94024256.2636,176612,2901867,39166019.1744,0
2021-03-08,13.8493,13.9463,13.1000,13.6344,6024217,2021-03-08 23:59:59.999,81441660.3973,151072,2476371,33526996.4776,0
2021-03-09,13.6346,15.0332,13.3359,14.9102,7237374,2021-03-09 23:59:59.999,103748671.3918,192428,3392731,48631613.0020,0
2021-03-10,14.9155,15.2490,14.0550,14.2333,7702664,2021-03-10 23:59:59.999,112393298.8952,196245,3594325,52453847.7572,0
2021-03-11,14.2371,16.3334,13.6708,16.0763,10042978,2021-03-11 23:59:59.999,149744985.0954,257097,4874444,72706135.5046,0
2021-03-12,16.0798,16.5288,14.0713,14.5742,9227235,2021-03-12 23:59:59.999,142443028.8062,256935,4171437,64446211.2045,0
2021-03-13,14.5796,15.4449,13.9093,15.3216,7560873,2021-03-13 23:59:59.999,111388656.4938,204793,3556486,52429810.3927,0
2021-03-14,15.3267,15.4014,14.3662,14.4642,6264959,2021-03-14 23:59:59.999,92408969.3880,175138,2959040,43659315.8430,0
2021-03-15,14.4680,14.8548,13.6121,14.1840,6842673,2021-03-15 23:59:59.999,97222432.3590,192150,3145639,44697537.6051,0
2021-03-16,14.1823,14.3216,13.2504,13.6639,6764146,2021-03-16 23:59:59.999,92577066.2364,189353,3111923,42595697.4587,0
2021-03-17,13.6656,14.3129,13.0263,14.2288,6940124,2021-03-17 23:59:59.999,95036756.0090,196040,3295794,45177258.6835,0
2021-03-18,14.2327,14.7800,13.9803,14.2183,6142480,2021-03-18 23:59:59.999,87815906.8268,176385,2879167,41145006.8879,0
2021-03-19,14.2142,14.4937,13.8400,14.1535,5306402,2021-03-19 23:59:59.999,75337571.4455,160294,2357143,33468261.6361,0
2021-03-20,14.1579,14.9722,14.0978,14.1892,5604771,2021-03-20 23:59:59.999,81582431.3448,168996,2538111,36955587.4778,0
2021-03-21,14.1859,14.3876,13.6340,14.3395,5895698,2021-03-21 23:59:59.999,82648893.1078,172377,2839168,39812880.2721,0
2021-03-22,14.3346,16.6120,14.1739,14.7957,13944627,2021-03-22 23:59:59.999,218893523.1707,403094,6632071,104136370.6972,0
2021-03-23,14.8014,15.2136,14.0464,14.1420,7638553,2021-03-23 23:59:59.999,111196018.6148,224930,3677617,53526064.8442,0
2021-03-24,14.1468,15.3607,13.5712,13.5875,7704282,2021-03-24 23:59:59.999,111615635.6307,223506,3657684,53035702.7570,0
2021-03-25,13.5827,13.7016,12.5356,12.9776,8414030,2021-03-25 23:59:59.999,110422085.7114,230109,3992315,52400380.8493,0
2021-03-26,12.9801,14.7999,12.3500,14.7725,9559593,2021-03-26 23:59:59.999,131666738.8021,270077,4535076,62450294.4663,0
2021-03-27,14.7724,16.8346,14.7201,16.4803,11072721,2021-03-27 23:59:59.999,174502835.6369,314519,5293530,83428998.8135,0
2021-03-28,16.4774,19.4130,16.3408,18.1022,15997022,2021-03-28 23:59:59.999,291046668.1286,490775,7561947,137587181.0103,0
2021-03-29,18.1022,19.0470,17.6614,18.9811,9607545,2021-03-29 23:59:59.999,176922817.5646,303268,4551753,83824054.1827,0
2021-03-30,18.9847,20.9191,18.9662,19.0933,10133956,2021-03-30 23:59:59.999,201729373.1928,326093,4773488,95045696.8506,0
2021-03-31,19.0923,19.8747,18.0105,19.4044,8685490,2021-03-31 23:59:59.999,166000155.8636,272068,4132428,79027933.5004,0
2021-04-01,19.4048,20.4105,18.7493,19.0497,5780647,2021-04-01 23:59:59.999,112743840.6303,190251,2767940,54016582.2523,0
2021-04-02,19.0497,19.8812,18.5557,19.8353,4648128,2021-04-02 23:59:59.999,89345828.5018,154770,2202948,42358104.9217,0
2021-04-03,19.8292,23.8660,19.8025,22.4904,13481119,2021-04-03 23:59:59.999,294937617.2307,430978,6351997,139046818.9963,0
2021-04-04,22.4916,25.5801,21.9685,23.7879,10647138,2021-04-04 23:59:59.999,255593470.2103,374576,5063023,121578898.6292,0
2021-04-05,23.7908,24.7662,22.8012,23.0180,7207157,2021-04-05 23:59:59.999,170954770.0748,245987,3358388,79684040.0808,0
2021-04-06,23.0191,25.3590,21.6509,25.0987,8941838,2021-04-06 23:59:59.999,209637629.7549,294113,4209142,98748923.4000,0
2021-04-07,25.1125,27.5648,22.8753,26.5699,16231781,2021-04-07 23:59:59.999,417606328.2596,527633,7711877,198668908.5793,0
2021-04-08,26.5629,28.0273,25.6202,26.9589,9886841,2021-04-08 23:59:59.999,264429296.6240,344736,4640800,124138105.3403,0
2021-04-09,26.9531,29.1026,26.7555,27.6623,8043738,2021-04-09 23:59:59.999,226216676.8532,269590,3810724,107204322.1937,0
2021-04-10,27.6620,28.2954,26.0016,26.8349,6482835,2021-04-10 23:59:59.999,177090339.3679,238443,3040735,83091854.1655,0
2021-04-11,26.8371,28.6872,25.5402,27.9493,6392971,2021-04-11 23:59:59.999,172676736.0649,225881,3057971,82540725.9646,0
2021-04-12,27.9538,29.9394,26.8510,28.5850,7548934,2021-04-12 23:59:59.999,214048996.5575,268734,3576307,101416287.8149,0
2021-04-13,28.5847,28.8639,26.4022,27.5083,6326847,2021-04-13 23:59:59.999,173983625.5152,220143,3023946,83228363.4590,0
2021-04-14,27.5073,27.6151,24.5888,26.4194,8359229,2021-04-14 23:59:59.999,218834727.6145,328476,3797091,99432659.3442,0
2021-04-15,26.4313,28.2938,25.5516,27.7857,6805634,2021-04-15 23:59:59.999,183061030.6699,248174,3258631,87657659.4523,0
2021-04-16,27.7881,28.2903,24.9098,25.3449,7217962,2021-04-16 23:59:59.999,190708819.3671,267476,3293534,87062912.8482,0
2021-04-17,25.3440,26.8387,24.8000,24.8423,6771477,2021-04-17 23:59:59.999,175374670.2729,248919,3110324,80572922.3053,0
2021-04-18,24.8590,32.9957,18.8868,32.3492,22782222,2021-04-18 23:59:59.999,621814875.8379,889314,10681219,291727175.5828,0
2021-04-19,32.3739,36.0711,29.9007,31.5856,19779493,2021-04-19 23:59:59.999,647408899.2780,895744,9409192,308278935.7788,0
2021-04-20,31.6106,32.7206,28.8000,31.7022,13350389,2021-04-20 23:59:59.999,409363627.1015,559158,6210103,190468628.8812,0
2021-04-21,31.7328,35.1789,30.1356,32.6637,12459087,2021-04-21 23:59:59.999,408399257.1870,542058,5917542,194119537.0459,0
2021-04-22,32.6453,40.8878,31.5540,38.9341,21522070,2021-04-22 23:59:59.999,805864204.1444,1079108,10615181,397997184.2464,0
2021-04-23,38.9302,41.5553,31.4618,37.3702,22844271,2021-04-23 23:59:59.999,813628931.7804,1090428,10943134,390241785.1049,0
2021-04-24,37.3417,43.6400,34.6447,40.8663,16754195,2021-04-24 23:59:59.999,649590695.2330,869452,8226512,319795056.8849,0
2021-04-25,40.8604,48.5600,40.4248,47.3823,19686960,2021-04-25 23:59:59.999,866788798.4930,1116009,9858046,434432734.8874,0
2021-04-26,47.3740,48.5420,43.3079,43.9698,13833593,2021-04-26 23:59:59.999,639982835.1589,807205,6662440,308506459.0373,0
2021-04-27,43.9778,46.6309,42.5670,43.2296,10375537,2021-04-27 23:59:59.999,461661484.1165,560101,4833805,215170011.4226,0
2021-04-28,43.2311,46.9880,40.6500,44.8884,12220284,2021-04-28 23:59:59.999,541611553.1418,644090,5754569,255293271.6854,0
2021-04-29,44.9065,46.1999,40.8900,42.4925,9494837,2021-04-29 23:59:59.999,411845356.0399,487932,4383066,190156204.6531,0
2021-04-30,42.4925,44.3370,41.2731,42.8771,6450482,2021-04-30 23:59:59.999,277647723.3713,323328,3017161,129904382.4344,0
2021-05-01,42.8771,50.0000,42.1103,49.7035,10657005,2021-05-01 23:59:59.999,488896683.0126,551906,5076871,232994201.5977,0
2021-05-02,49.7126,50.1542,46.0047,46.9593,8864773,2021-05-02 23:59:59.999,420337060.3657,432709,4086740,193849681.4875,0
2021-05-03,46.9537,49.1178,44.8000,46.0232,7884670,2021-05-03 23:59:59.999,374053575.4250,394315,3641131,172849504.9343,0
2021-05-04,46.0226,47.8893,42.2502,42.6551,9323174,2021-05-04 23:59:59.999,420804026.1042,454497,4330661,195570060.2051,0
2021-05-05,42.6666,46.0824,42.3507,45.0381,6524530,2021-05-05 23:59:59.999,291148135.4151,310020,3120058,139205701.6995,0
2021-05-06,45.0381,45.0731,42.5475,43.5641,5484122,2021-05-06 23:59:59.999,240359213.0120,262769,2444038,107146855.5342,0
2021-05-07,43.5628,46.2986,41.4650,43.2345,7708426,2021-05-07 23:59:59.999,335408576.7770,402353,3546404,154325483.8269,0
2021-05-08,43.2335,46.7000,42.3702,45.7022,6582638,2021-05-08 23:59:59.999,292068974.4754,331336,3124415,138655316.5036,0
2021-05-09,45.7108,47.1986,42.6106,44.3591,6989241,2021-05-09 23:59:59.999,313508986.2728,350123,3296534,147919967.9466,0
2021-05-10,44.3585,45.9866,38.2509,42.8909,6748573,2021-05-10 23:59:59.999,294783007.8326,354974,3096542,135482261.4599,0
2021-05-11,42.8901,45.1840,39.7320,44.6240,6247896,2021-05-11 23:59:59.999,262051443.8542,323659,2890474,121298867.6952,0
2021-05-12,44.6160,49.2010,42.0000,43.4840,12350550,2021-05-12 23:59:59.999,566810869.8677,756230,5825386,267576155.4789,0
2021-05-13,43.5640,45.4900,37.4310,41.0520,11761987,2021-05-13 23:59:59.999,492391692.7314,700300,5546188,232154297.4123,0
2021-05-14,41.0530,44.9690,39.8560,42.7410,6663570,2021-05-14 23:59:59.999,281372242.9377,340144,3114437,131567610.6583,0
2021-05-15,42.7350,45.5890,39.3980,43.5300,6765236,2021-05-15 23:59:59.999,283038138.1964,356927,3149565,131821700.3299,0
2021-05-16,43.5170,52.5830,41.8590,46.8660,17511515,2021-05-16 23:59:59.999,823757077.4065,1111652,8538558,401670483.0840,0
2021-05-17,46.8700,52.0260,43.1000,46.7400,19506277,2021-05-17 23:59:59.999,944017700.6579,1305517,9597095,464827575.5728,0
2021-05-18,46.7520,58.5830,46.0410,55.9500,16401065,2021-05-18 23:59:59.999,868390348.4036,1086920,8047918,426285615.0349,0
2021-05-19,55.9680,57.6150,25.2280,34.9520,22469448,2021-05-19 23:59:59.999,1009801965.2313,1554440,10698814,481886284.8111,0
2021-05-20,34.9590,52.2160,32.1590,44.4310,20738815,2021-05-20 23:59:59.999,889502520.0250,1248573,10092773,433453411.3430,0
2021-05-21,44.4260,47.7550,33.6910,38.9210,15997951,2021-05-21 23:59:59.999,647911378.5060,938762,7701875,312291167.6430,0
2021-05-22,38.9310,40.0000,31.1230,31.2250,12345674,2021-05-22 23:59:59.999,436337694.6870,668504,6036789,213677639.9030,0
2021-05-23,31.2230,32.3930,19.1270,24.5170,39076209,2021-05-23 23:59:59.999,951575381.5482,1667812,18999913,462558752.4430,0
2021-05-24,24.5000,32.1990,24.4990,31.4170,20445803,2021-05-24 23:59:59.999,589967014.6450,869458,10034326,289079790.9570,0
2021-05-25,31.4330,33.2000,25.9390,30.0070,16986371,2021-05-25 23:59:59.999,492379286.0490,652869,8237269,238805966.0280,0
2021-05-26,30.0030,37.2900,28.7870,35.4200,13273303,2021-05-26 23:59:59.999,450166426.9150,575396,6384404,216600763.5030,0
2021-05-27,35.4190,35.6280,31.0100,33.7790,9777355,2021-05-27 23:59:59.999,329198544.4580,426643,4742990,159703991.4410,0
2021-05-28,33.7790,34.5610,27.9650,28.9930,10942059,2021-05-28 23:59:59.999,335577637.8540,463724,5400128,165640336.9870,0
2021-05-29,29.0020,30.0650,25.7040,27.3800,8798092,2021-05-29 23:59:59.999,245029637.3030,334984,4222425,117532150.4370,0
2021-05-30,27.3680,29.7590,25.6180,28.5900,8808295,2021-05-30 23:59:59.999,248540344.1040,316179,4341130,122540570.0790,0
2021-05-31,28.5820,33.0170,27.5130,32.7490,11211492,2021-05-31 23:59:59.999,347397754.7630,419557,5552095,171965677.7460,0
2021-06-01,32.7490,33.3300,29.8000,30.9550,10103008,2021-06-01 23:59:59.999,317974491.2970,366890,4975391,156638946.4890,0
2021-06-02,30.9420,35.0000,30.4000,33.9940,8588698,2021-06-02 23:59:59.999,282411941.0950,327491,4249501,139799956.8230,0
2021-06-03,33.9880,41.3560,33.7130,39.6270,15939033,2021-06-03 23:59:59.999,607185330.3940,706777,7899308,301197779.2600,0
2021-06-04,39.6460,39.7460,34.2250,37.3700,16417194,2021-06-04 23:59:59.999,611684711.1980,777395,8032776,299393747.4320,0
2021-06-05,37.3650,42.7860,36.9950,39.6580,19822425,2021-06-05 23:59:59.999,800342108.1710,907668,9798306,395779111.9420,0
2021-06-06,39.6490,43.4700,38.9320,42.1990,15554422,2021-06-06 23:59:59.999,642078709.4140,637698,7842529,323689804.4310,0
2021-06-07,42.2010,44.1930,37.9260,38.2470,18770255,2021-06-07 23:59:59.999,791220304.6570,797699,9275260,391593888.2610,0
2021-06-08,38.2480,42.5580,33.5500,41.2290,30746611,2021-06-08 23:59:59.999,1161099702.8190,1345139,15234403,575581789.1620,0
2021-06-09,41.2520,44.0180,39.2600,42.0240,25497367,2021-06-09 23:59:59.999,1076024862.2960,1152778,12781643,539590194.9200,0
2021-06-10,42.0340,43.0000,39.4340,41.0900,14043018,2021-06-10 23:59:59.999,580900031.4530,627532,6937084,286986104.6440,0
2021-06-11,41.0900,41.3610,35.1100,36.1620,13452433,2021-06-11 23:59:59.999,516663274.7270,594520,6596108,253517969.0420,0
2021-06-12,36.1570,37.6150,34.1800,36.4740,14599558,2021-06-12 23:59:59.999,526463085.7290,639676,7301593,263371344.1780,0
2021-06-13,36.4590,39.4220,34.7080,38.7080,11508188,2021-06-13 23:59:59.999,424005570.0200,499424,5785152,213026711.1880,0
2021-06-14,38.7060,40.5530,36.6000,39.6720,11444909,2021-06-14 23:59:59.999,441471549.4490,483427,5614133,216627978.3970,0
2021-06-15,39.6780,41.7400,39.1190,39.5400,10788223,2021-06-15 23:59:59.999,436510138.5860,494708,5187678,209978820.3000,0
2021-06-16,39.5390,41.7000,37.4800,39.6770,14215947,2021-06-16 23:59:59.999,559628147.1190,680514,6921609,272440660.7190,0
2021-06-17,39.6840,41.2250,38.2500,39.2690,10190182,2021-06-17 23:59:59.999,406536777.4760,497239,4746848,189182701.0110,0
2021-06-18,39.2780,39.4710,34.8740,36.8000,10236028,2021-06-18 23:59:59.999,379093482.4760,505086,4840752,179115354.2410,0
2021-06-19,36.8000,37.2990,34.8610,35.1510,7697710,2021-06-19 23:59:59.999,277061101.9360,354804,3873396,139437398.5720,0
2021-06-20,35.1600,35.9500,31.2410,35.2280,13018662,2021-06-20 23:59:59.999,442043627.0660,534145,6305123,214155044.5380,0
2021-06-21,35.2340,35.5000,25.9000,26.5780,22475785,2021-06-21 23:59:59.999,675299516.1220,969071,10914975,327954099.5610,0
2021-06-22,26.5680,28.7710,20.0980,26.9560,42293952,2021-06-22 23:59:59.999,1052196307.6330,1600597,21189512,527211097.0540,0
2021-06-23,26.9560,32.9450,25.6150,30.7740,31364848,2021-06-23 23:59:59.999,944522009.7510,1170744,15776345,475324331.3070,0
2021-06-24,30.7850,32.9630,28.4600,31.1510,19258869,2021-06-24 23:59:59.999,590203037.1210,753912,9635017,295396895.1510,0
2021-06-25,31.1540,32.9900,27.9570,28.5910,21386154,2021-06-25 23:59:59.999,644526957.3850,832717,10729494,323670116.6860,0
2021-06-26,28.5980,30.1620,26.6350,29.6390,19994948,2021-06-26 23:59:59.999,564794006.7980,754121,10178115,287595017.6190,0
2021-06-27,29.6490,31.9350,29.1460,31.8530,16826501,2021-06-27 23:59:59.999,510962468.4240,652397,8627365,262044882.0160,0
2021-06-28,31.8480,34.3070,30.9530,33.0130,13279927,2021-06-28 23:59:59.999,431159112.8060,568565,6679757,216916070.6490,0
2021-06-29,33.0180,35.8100,32.6320,33.9490,12069225,2021-06-29 23:59:59.999,414860083.6930,544057,5999098,206238727.9680,0
2021-06-30,33.9450,36.0000,31.5430,35.4930,14891212,2021-06-30 23:59:59.999,495527200.3040,632355,7205613,240021112.8350,0
2021-07-01,35.4930,35.5410,32.1410,33.2540,14438042,2021-07-01 23:59:59.999,485866890.1520,584325,7181748,241729991.6460,0
2021-07-02,33.2600,34.1170,31.3480,33.9700,11828100,2021-07-02 23:59:59.999,385160625.1220,481305,5655262,184160853.8150,0
2021-07-03,33.9720,35.3980,33.2240,34.5000,8285696,2021-07-03 23:59:59.999,285765794.6600,350981,4235222,146148384.6770,0
2021-07-04,34.5040,35.5500,33.5360,34.2900,6059510,2021-07-04 23:59:59.999,210838655.7570,290349,2898760,100869926.7670,0
2021-07-05,34.2870,34.4540,32.3580,32.8870,6970400,2021-07-05 23:59:59.999,233554075.9320,315948,3289374,110244793.3570,0
2021-07-06,32.9000,35.0330,32.8700,34.2060,7112648,2021-07-06 23:59:59.999,240665268.6960,332510,3511590,118846819.1060,0
2021-07-07,34.2070,38.1170,33.8000,36.6590,10841144,2021-07-07 23:59:59.999,394477465.5750,473140,5427078,197557848.8230,0
2021-07-08,36.6640,36.9480,32.6230,33.1280,11909931,2021-07-08 23:59:59.999,414648884.8620,552473,5702039,198653573.0570,0
2021-07-09,33.1310,34.4450,31.9500,33.3250,7852045,2021-07-09 23:59:59.999,260462651.4080,372364,3877608,128677440.8510,0
2021-07-10,33.3250,34.2100,31.0000,31.6880,7153836,2021-07-10 23:59:59.999,233373394.8980,348068,3410844,111365365.2440,0
2021-07-11,31.6990,32.5700,31.3380,32.1730,5708189,2021-07-11 23:59:59.999,182666597.7480,263936,2801582,89678369.5770,0
2021-07-12,32.1700,32.6820,30.0070,30.7510,6675676,2021-07-12 23:59:59.999,208669598.7970,282868,3139784,98132903.9840,0
2021-07-13,30.7500,31.0870,28.8000,29.1470,6650903,2021-07-13 23:59:59.999,198869674.2570,278156,3179142,95102066.4840,0
2021-07-14,29.1480,31.4500,27.3830,31.3550,9782573,2021-07-14 23:59:59.999,288692221.5230,413477,4855511,143337994.0270,0
2021-07-15,31.3500,31.4900,27.9520,28.5720,8428275,2021-07-15 23:59:59.999,248964483.6100,406784,4072393,120366969.4120,0
2021-07-16,28.5730,29.4830,26.1710,26.2590,9279001,2021-07-16 23:59:59.999,257341518.2160,385961,4432951,123050365.8880,0
2021-07-17,26.2550,27.8250,25.9370,26.7900,8098091,2021-07-17 23:59:59.999,215181279.2390,350284,4023755,106979590.3330,0
2021-07-18,26.7890,27.7460,26.2040,26.6620,5133490,2021-07-18 23:59:59.999,138722081.8740,249804,2468591,66717760.5920,0
2021-07-19,26.6660,26.7060,23.9500,24.5110,9595070,2021-07-19 23:59:59.999,238544701.2030,380631,4574818,113697024.4040,0
2021-07-20,24.5120,24.9760,22.0510,23.4660,11783885,2021-07-20 23:59:59.999,274040962.9380,432256,5757021,133958147.4030,0
2021-07-21,23.4700,27.4570,22.7800,26.6750,13030178,2021-07-21 23:59:59.999,333291100.4390,494846,6622057,169237956.2970,0
2021-07-22,26.6810,28.1720,25.8960,27.6790,7384995,2021-07-22 23:59:59.999,200018446.9180,359177,3650660,98904971.8760,0
2021-07-23,27.6840,28.7000,26.3810,28.5190,7427433,2021-07-23 23:59:59.999,204553027.9060,344988,3606769,99333530.5780,0
2021-07-24,28.5220,29.4960,28.0000,28.6210,6707757,2021-07-24 23:59:59.999,192666414.4810,334141,3147492,90464064.5390,0
2021-07-25,28.6290,28.8840,26.5260,28.2320,6479946,2021-07-25 23:59:59.999,179474028.5070,316895,3062538,84847491.6900,0
2021-07-26,28.2340,31.1250,27.8200,28.1800,13044034,2021-07-26 23:59:59.999,387521953.4790,619694,6284542,186722586.5280,0
2021-07-27,28.1850,28.9620,26.8710,28.1020,8021952,2021-07-27 23:59:59.999,223753166.0610,385555,3830545,106905217.7020,0
2021-07-28,28.0990,28.7470,27.3370,27.8750,6293239,2021-07-28 23:59:59.999,176515654.7780,328985,2979920,83612704.9290,0
2021-07-29,27.8730,31.8680,27.3000,31.2500,9210120,2021-07-29 23:59:59.999,274622608.4070,413806,4554688,135856102.2780,0
2021-07-30,31.2520,33.0920,29.8800,32.3500,14694306,2021-07-30 23:59:59.999,462555735.6520,618878,7220922,227376951.6460,0
2021-07-31,32.3460,37.0000,31.6330,36.7210,11892337,2021-07-31 23:59:59.999,404790826.7000,521863,5928335,201970019.3560,0
2021-08-01,36.7470,36.8310,33.1340,34.1640,9845464,2021-08-01 23:59:59.999,347998972.0240,486675,4561997,161395876.7200,0
2021-08-02,34.1750,35.9580,33.0000,33.1940,6904527,2021-08-02 23:59:59.999,236580228.6730,367334,3226152,110617626.1400,0
2021-08-03,33.2000,35.8500,32.3300,34.1360,9665341,2021-08-03 23:59:59.999,331182679.8270,484578,4630485,158765356.5690,0
2021-08-04,34.1310,36.6700,33.2170,35.7710,7299107,2021-08-04 23:59:59.999,254681909.7560,374518,3456338,120634325.8330,0
2021-08-05,35.7750,38.2990,35.5070,37.3990,11329765,2021-08-05 23:59:59.999,419070827.2390,557423,5420209,200559689.7870,0
2021-08-06,37.3960,40.4460,35.6750,39.5460,9333338,2021-08-06 23:59:59.999,357358302.7050,469710,4423918,169612844.7870,0
2021-08-07,39.5230,40.5570,37.5350,39.4890,8383915,2021-08-07 23:59:59.999,328621345.6970,438005,3939846,154436083.2670,0
2021-08-08,39.4870,39.5850,36.9100,37.6880,5740959,2021-08-08 23:59:59.999,219526831.6820,322599,2648799,101310790.8660,0
2021-08-09,37.6820,40.0590,36.3220,38.6800,7074324,2021-08-09 23:59:59.999,273196872.8980,355635,3333932,128802901.7430,0
2021-08-10,38.6740,41.7220,38.2120,40.6760,8004715,2021-08-10 23:59:59.999,322222614.0200,414570,3796441,152855515.8950,0
2021-08-11,40.6840,43.7790,40.6340,41.6500,6438913,2021-08-11 23:59:59.999,272988604.5270,376257,3090134,131021206.6560,0
2021-08-12,41.6500,43.4820,39.3630,41.1220,6579907,2021-08-12 23:59:59.999,270408314.0010,393815,3104204,127576982.1470,0
2021-08-13,41.1360,44.9770,40.7020,44.9000,5976998,2021-08-13 23:59:59.999,260142888.3310,375768,2918283,127043837.4220,0
2021-08-14,44.8960,44.9300,42.7730,44.1410,4135315,2021-08-14 23:59:59.999,181527129.2030,276293,1902449,83520269.6900,0
2021-08-15,44.1490,54.7890,43.3850,53.5650,16443136,2021-08-15 23:59:59.999,817150213.1940,966404,8286372,411780052.5060,0
2021-08-16,53.5760,69.4480,52.3430,62.1280,61525860,2021-08-16 23:59:59.999,3917456883.5770,3384915,30715815,1956218677.1630,0
2021-08-17,62.1240,75.2500,58.6720,64.2180,58334195,2021-08-17 23:59:59.999,3992127455.9850,3625227,28704233,1965776508.4540,0
2021-08-18,64.2110,80.5000,59.5940,72.7870,59575245,2021-08-18 23:59:59.999,4329141984.4110,3884684,29508180,2146152161.9280,0
2021-08-19,72.7710,75.4520,68.2850,72.8730,29161146,2021-08-19 23:59:59.999,2098929581.2070,1945728,13915765,1001986051.5250,0
2021-08-20,72.8610,80.1160,71.0000,78.7710,18951871,2021-08-20 23:59:59.999,1416255847.0460,1280358,9152386,684581745.6730,0
2021-08-21,78.7790,82.1000,72.5920,73.9040,16600056,2021-08-21 23:59:59.999,1283645182.5260,1174422,7748792,599705501.7560,0
2021-08-22,73.8920,77.6660,71.2000,72.8060,10656314,2021-08-22 23:59:59.999,795829145.0620,814530,5043640,376808371.1020,0
2021-08-23,72.8080,76.8580,71.6000,75.7020,11547402,2021-08-23 23:59:59.999,851839370.7960,831791,5445128,401865874.5230,0
2021-08-24,75.7020,79.5500,68.5840,70.5110,21125770,2021-08-24 23:59:59.999,1580173890.2010,1384406,9868194,738651361.7690,0
2021-08-25,70.5060,72.8800,66.0650,72.0280,13847596,2021-08-25 23:59:59.999,963669635.0750,941615,6581291,458151455.0890,0
2021-08-26,72.0260,78.1800,66.2070,74.8750,26381412,2021-08-26 23:59:59.999,1938785473.5660,1694064,12882240,947688007.9540,0
2021-08-27,74.8900,88.8880,72.5090,87.9540,29597717,2021-08-27 23:59:59.999,2432140034.9290,2039584,14764780,1213733604.0650,0
2021-08-28,87.9540,97.8800,85.5390,96.2250,22576596,2021-08-28 23:59:59.999,2081296076.1850,1596153,11133743,1026337056.0930,0
2021-08-29,96.2320,97.9070,90.3600,94.2390,14586510,2021-08-29 23:59:59.999,1368451197.0040,1089287,7017478,658508266.5240,0
2021-08-30,94.2420,116.6000,93.6230,110.3180,36849853,2021-08-30 23:59:59.999,3864006386.8660,2682627,18239043,1911824492.6770,0
2021-08-31,110.3230,130.4400,103.2320,108.3410,55980003,2021-08-31 23:59:59.999,6538762718.4060,4053278,27316555,3192734302.9890,0
2021-09-01,108.3490,119.7800,106.1000,110.8940,27088669,2021-09-01 23:59:59.999,3070257082.1770,2082476,13122953,1487646097.0160,0
2021-09-02,110.8940,132.3000,109.3000,128.3290,34037597,2021-09-02 23:59:59.999,4136643157.6830,2491048,16396778,1994405051.0310,0
2021-09-03,128.3010,149.2460,128.1490,146.4030,47135103,2021-09-03 23:59:59.999,6614033838.6910,3632772,22830116,3203828224.0530,0
2021-09-04,146.4180,151.1820,136.0380,139.1550,24913602,2021-09-04 23:59:59.999,3592008961.2060,2072453,11799094,1701773604.1930,0
2021-09-05,139.1670,145.2080,135.0000,142.1400,16348825,2021-09-05 23:59:59.999,2291320967.6590,1453378,7679645,1076607106.0780,0
2021-09-06,142.1400,166.2740,135.7210,164.2720,30920025,2021-09-06 23:59:59.999,4692774794.0790,2360680,14778536,2245527552.0920,0
2021-09-07,164.2720,195.5220,130.0000,173.6440,97823014,2021-09-07 23:59:59.999,17287282345.3660,7140842,47358112,8375725541.2020,0
2021-09-08,173.6510,198.0940,146.7170,191.2150,55091661,2021-09-08 23:59:59.999,9421639355.8360,4756754,26767224,4580613425.2860,0
2021-09-09,191.2070,216.3900,180.8000,188.1270,45072725,2021-09-09 23:59:59.999,9077515899.5880,4443243,21877276,4407319562.4370,0
2021-09-10,188.0910,198.0000,168.1200,179.7560,33750655,2021-09-10 23:59:59.999,6088089746.5240,3319012,16287816,2938840828.8870,0
2021-09-11,179.7820,193.5440,175.2180,179.2430,23818238,2021-09-11 23:59:59.999,4372842699.6950,2408938,11521698,2115747628.8580,0
2021-09-12,179.2520,181.7770,169.9390,174.5070,13396200,2021-09-12 23:59:59.999,2371366125.3860,1419125,6380561,1130172102.2700,0
2021-09-13,174.5070,175.0000,150.2000,169.6560,30783504,2021-09-13 23:59:59.999,4957291739.5490,2687683,14796633,2383246496.2080,0
2021-09-14,169.6390,171.9650,142.3100,158.8060,28665295,2021-09-14 23:59:59.999,4523768741.7330,2702414,13779747,2175775853.9320,0
2021-09-15,158.8070,166.6250,153.8060,158.9910,22575532,2021-09-15 23:59:59.999,3612241104.7920,2107671,10891195,1743183843.1500,0
2021-09-16,158.9970,163.3860,147.5100,152.3650,18045021,2021-09-16 23:59:59.999,2815083550.9550,1789361,8522035,1330385713.2810,0
2021-09-17,152.3660,153.7980,134.0000,147.6260,29958684,2021-09-17 23:59:59.999,4269069933.9290,2673909,14248450,2030903013.9320,0
2021-09-18,147.6400,171.4800,144.2200,169.2280,28468398,2021-09-18 23:59:59.999,4528974911.6930,2541033,13862084,2206550430.2320,0
2021-09-19,169.2480,170.9780,150.5820,152.9730,19231360,2021-09-19 23:59:59.999,3085497238.2690,1816266,9198408,1476667084.3120,0
2021-09-20,152.9650,153.5770,130.0500,132.8340,38102606,2021-09-20 23:59:59.999,5369574245.5570,3202559,18375130,2590680539.9820,0
2021-09-21,132.8310,144.6950,115.5760,124.2480,40874281,2021-09-21 23:59:59.999,5424967832.6600,3314538,19836621,2634977920.5110,0
2021-09-22,124.2210,151.4550,122.0990,147.9520,32161808,2021-09-22 23:59:59.999,4408837904.7680,2724030,15959134,2186749252.2310,0
2021-09-23,147.9790,152.4010,143.0100,149.8970,22462789,2021-09-23 23:59:59.999,3322134231.5960,2053814,10969217,1622687508.3430,0
2021-09-24,149.8960,151.3600,128.1000,139.1470,25738781,2021-09-24 23:59:59.999,3563487553.4870,2213086,12560213,1739611700.1500,0
2021-09-25,139.1580,144.1990,133.3160,136.0790,12790601,2021-09-25 23:59:59.999,1778017184.1930,1327824,6157402,856218753.6660,0
2021-09-26,136.0660,140.7780,124.6020,135.6190,17706370,2021-09-26 23:59:59.999,2361306104.3920,1621377,8644732,1153071904.4300,0
2021-09-27,135.6310,149.0000,133.6430,136.3080,19093401,2021-09-27 23:59:59.999,2723058523.4850,1788841,9320022,1329724066.2140,0
2021-09-28,136.3030,139.3330,128.0600,132.1580,15091810,2021-09-28 23:59:59.999,2019418599.4520,1417207,7271823,973501188.4810,0
2021-09-29,132.1180,140.1760,131.0740,135.2650,13427558,2021-09-29 23:59:59.999,1832649035.9590,1296210,6610725,902494678.7960,0
2021-09-30,135.2700,142.8780,133.9950,141.3580,12301395,2021-09-30 23:59:59.999,1702665847.6000,1135553,6063132,839218089.6060,0
2021-10-01,141.3750,164.9220,138.0500,161.5970,21101520,2021-10-01 23:59:59.999,3221318557.4750,1914768,10344566,1579460315.3560,0
2021-10-02,161.5990,175.0000,156.1280,168.8890,17040604,2021-10-02 23:59:59.999,2831587536.5510,1725316,8192278,1360371774.1810,0
2021-10-03,168.9360,178.0000,165.5280,173.0450,15838264,2021-10-03 23:59:59.999,2732689181.0130,1595374,7569385,1306281359.7010,0
2021-10-04,173.0460,173.1200,162.1000,167.2440,15014407,2021-10-04 23:59:59.999,2526907250.6860,1561770,7201419,1212288621.3450,0
2021-10-05,167.2440,170.2510,160.1500,164.7450,10503029,2021-10-05 23:59:59.999,1740388666.0020,1156340,5021656,832268449.9380,0
2021-10-06,164.7480,165.6250,150.1050,154.0050,14090893,2021-10-06 23:59:59.999,2217527501.8710,1453860,6619307,1041972302.6470,0
2021-10-07,154.0070,161.5950,150.4950,154.3800,11531787,2021-10-07 23:59:59.999,1800464587.6960,1230185,5456736,852025618.7190,0
2021-10-08,154.3780,169.0000,152.4080,158.9320,12295622,2021-10-08 23:59:59.999,1988275489.1730,1316449,5837009,944084983.8300,0
2021-10-09,158.9170,161.6180,154.1150,156.9430,6273299,2021-10-09 23:59:59.999,994552846.2750,773523,2939650,466280019.8270,0
2021-10-10,156.9390,158.7050,145.3000,147.6200,7684346,2021-10-10 23:59:59.999,1175846387.3960,876060,3561061,545450417.5230,0
2021-10-11,147.6060,154.2800,140.2740,144.8880,9430022,2021-10-11 23:59:59.999,1389852477.1140,974232,4555578,671725144.1900,0
2021-10-12,144.8830,153.4280,137.6960,152.3280,14130548,2021-10-12 23:59:59.999,2053705848.7740,1390488,6724912,977493001.9300,0
2021-10-13,152.3270,155.6000,144.2830,148.0800,8492150,2021-10-13 23:59:59.999,1256375067.5140,852739,4066632,601821908.6400,0
2021-10-14,148.1050,155.9290,147.3610,150.1640,7588306,2021-10-14 23:59:59.999,1149342099.7400,797902,3589040,543652766.1550,0
2021-10-15,150.1580,165.4000,146.6590,163.2360,16777010,2021-10-15 23:59:59.999,2670936971.2310,1570290,8078617,1286451289.4130,0
2021-10-16,163.2360,164.9890,156.2380,157.6860,6178819,2021-10-16 23:59:59.999,990248748.9100,665154,2871999,460364201.7740,0
2021-10-17,157.6800,167.7160,153.0000,160.2910,10181095,2021-10-17 23:59:59.999,1649132564.8630,995387,4843246,785202641.0980,0
2021-10-18,160.2900,163.0870,155.1000,157.2630,6130371,2021-10-18 23:59:59.999,972450032.2000,666749,2935605,465787588.4650,0
2021-10-19,157.2620,159.6390,153.2310,155.9410,4884889,2021-10-19 23:59:59.999,765369882.1400,501177,2257699,353818276.7380,0
2021-10-20,155.9410,177.0000,155.1930,176.8210,13674451,2021-10-20 23:59:59.999,2295544928.5470,1253295,6598563,1108375690.4300,0
2021-10-21,176.8410,194.7190,176.8040,190.6470,32490713,2021-10-21 23:59:59.999,6039274079.1900,2935158,15768488,2932051636.9230,0
2021-10-22,190.6020,215.7810,188.1530,196.4460,33878141,2021-10-22 23:59:59.999,6918058814.2310,3259910,16542765,3379718064.4370,0
2021-10-23,196.4530,206.0000,192.2000,197.8800,13632571,2021-10-23 23:59:59.999,2718766444.1740,1471554,6531933,1302813314.2950,0
2021-10-24,197.8560,204.9580,185.5000,202.3860,12794444,2021-10-24 23:59:59.999,2482456613.2500,1339925,6107833,1185181345.8820,0
2021-10-25,202.3860,219.1560,198.1350,209.9490,16854354,2021-10-25 23:59:59.999,3535939771.1720,1818689,8184571,1717754957.2610,0
2021-10-26,209.9500,214.4420,195.7000,199.9980,10557212,2021-10-26 23:59:59.999,2179409716.2480,1183737,4942051,1021026666.7540,0
2021-10-27,199.9980,205.8410,174.0000,184.4680,16500274,2021-10-27 23:59:59.999,3157546881.5500,1737305,7710330,1476567559.9340,0
2021-10-28,184.4730,201.5500,181.6580,195.5000,9781386,2021-10-28 23:59:59.999,1895617091.0100,1230494,4723555,915299355.2570,0
2021-10-29,195.5000,205.3000,194.5690,200.5290,6452764,2021-10-29 23:59:59.999,1292014400.3230,887165,3065108,613714399.9410,0
2021-10-30,200.5100,200.7240,187.2880,195.8500,4417692,2021-10-30 23:59:59.999,860915259.0200,645397,2076420,404840547.2730,0
2021-10-31,195.8640,205.3350,185.4700,202.6680,6547663,2021-10-31 23:59:59.999,1276277415.7830,934015,3181610,620514820.3880,0
2021-11-01,202.6810,211.8140,197.5560,204.1440,8583667,2021-11-01 23:59:59.999,1758723006.9100,1152505,4150367,850758572.5310,0
2021-11-02,204.1450,222.6100,201.1820,221.0440,7410949,2021-11-02 23:59:59.999,1561479734.4550,1034785,3660681,771809346.6540,0
2021-11-03,221.0270,246.2900,215.8710,243.2500,14817905,2021-11-03 23:59:59.999,3413535754.2930,2008709,7307074,1684092092.7490,0
2021-11-04,243.2500,250.5200,233.8540,246.9950,10908397,2021-11-04 23:59:59.999,2638206385.4910,1581900,5325055,1288308066.6730,0
2021-11-05,247.0060,248.3400,230.6100,236.2310,6067762,2021-11-05 23:59:59.999,1449303320.0480,993269,2947693,704229030.6230,0
2021-11-06,236.1990,260.0640,234.9370,258.3360,8564814,2021-11-06 23:59:59.999,2120562364.8490,1341054,4225314,1046811195.1900,0
2021-11-07,258.3360,258.6740,245.9500,249.7460,5111500,2021-11-07 23:59:59.999,1290364659.2880,851679,2489851,628644308.2310,0
2021-11-08,249.7400,253.6680,241.0900,248.4200,6143234,2021-11-08 23:59:59.999,1514847081.4930,910120,2854562,703933685.6930,0
2021-11-09,248.4660,253.4730,237.3330,239.3010,4426065,2021-11-09 23:59:59.999,1081260462.5230,727523,2024880,494822684.4010,0
2021-11-10,239.3050,248.1800,215.0270,233.2330,8205361,2021-11-10 23:59:59.999,1936781254.9260,1152633,3809199,900135624.0910,0
2021-11-11,233.2500,246.6510,229.5710,233.4690,5830031,2021-11-11 23:59:59.999,1396762998.2990,893392,2755622,660182927.3300,0
2021-11-12,233.4860,239.4100,221.1150,228.5720,6496969,2021-11-12 23:59:59.999,1487478316.3300,994178,3057714,700231184.7860,0
2021-11-13,228.5430,241.9980,225.0810,241.5680,4558176,2021-11-13 23:59:59.999,1063069018.6890,707912,2164367,504879364.4830,0
2021-11-14,241.5690,241.9790,230.3640,238.7370,3444723,2021-11-14 23:59:59.999,812876188.7210,567140,1624681,383437187.3480,0
2021-11-15,238.7720,246.4950,234.5070,238.2820,5124880,2021-11-15 23:59:59.999,1235823721.4160,773799,2457753,592892948.2390,0
2021-11-16,238.2830,238.3410,212.6700,219.0430,8013201,2021-11-16 23:59:59.999,1807068635.0540,1132859,3771392,850881730.2630,0
2021-11-17,219.0450,222.3300,209.5650,219.0730,6549297,2021-11-17 23:59:59.999,1410312412.1170,885763,3213850,692325114.2220,0
2021-11-18,219.0640,222.8050,186.3880,195.1800,10150395,2021-11-18 23:59:59.999,2049702058.3100,1229863,4819633,973276610.3720,0
2021-11-19,195.2040,219.4810,189.1300,215.3690,8191835,2021-11-19 23:59:59.999,1683530572.7400,1056376,3999526,821887616.0890,0
2021-11-20,215.3680,221.2430,206.0560,217.6950,4917871,2021-11-20 23:59:59.999,1054446980.7430,679927,2371330,508537224.7190,0
2021-11-21,217.6960,235.4990,210.6220,230.7880,5496283,2021-11-21 23:59:59.999,1222645997.2320,802644,2686615,597644765.9460,0
2021-11-22,230.7320,232.1200,211.6100,215.6100,9256523,2021-11-22 23:59:59.999,2039671642.4710,1161200,4513625,994823566.9670,0
2021-11-23,215.6130,226.1680,210.6920,221.9180,5068442,2021-11-23 23:59:59.999,1102572614.2040,725106,2518734,548018080.6530,0
2021-11-24,221.9170,222.5600,200.3410,205.7790,5491484,2021-11-24 23:59:59.999,1159676139.7400,746022,2649150,559787959.0080,0
2021-11-25,205.8440,216.5540,202.0120,210.1810,5209052,2021-11-25 23:59:59.999,1093943097.2020,714867,2451379,514940576.7820,0
2021-11-26,210.2000,210.7600,182.4900,192.4230,9086141,2021-11-26 23:59:59.999,1764211990.5950,1130328,4251285,825494058.3530,0
2021-11-27,192.3920,199.4300,190.6260,192.7750,3797991,2021-11-27 23:59:59.999,743467979.6360,537860,1841210,360494677.1930,0
2021-11-28,192.7370,202.0080,180.7820,200.7130,5452766,2021-11-28 23:59:59.999,1039352790.7200,690907,2655776,506431403.7220,0
2021-11-29,200.7080,212.7000,199.6460,204.2750,4971235,2021-11-29 23:59:59.999,1022821725.8020,686347,2437440,501546143.0890,0
2021-11-30,204.2780,218.4000,199.5950,208.6170,7489004,2021-11-30 23:59:59.999,1576021051.4940,983639,3634920,764866175.9760,0
2021-12-01,208.6170,232.6370,207.9770,229.8120,8292978,2021-12-01 23:59:59.999,1850036096.9830,1049740,4063022,906580075.3280,0
2021-12-02,229.8120,243.1610,220.0850,233.6770,10528719,2021-12-02 23:59:59.999,2419230793.9000,1385470,5185162,1191713379.2560,0
2021-12-03,233.6770,239.4730,202.7050,211.6070,11931101,2021-12-03 23:59:59.999,2663482960.6710,1517405,5845776,1306053145.3140,0
2021-12-04,211.5720,212.6580,166.0000,200.5830,17096704,2021-12-04 23:59:59.999,3328982544.5200,2015478,8233630,1603446344.9490,0
2021-12-05,200.5860,204.3900,181.2050,196.3170,8812597,2021-12-05 23:59:59.999,1698635526.0700,1187484,4294322,827739003.4030,0
2021-12-06,196.3180,197.4860,176.2000,193.5180,10091002,2021-12-06 23:59:59.999,1885193362.2210,1289936,5014577,936774255.6960,0
2021-12-07,193.5260,204.0000,187.7460,190.1550,5315891,2021-12-07 23:59:59.999,1046878339.1830,766967,2568758,506080465.5800,0
2021-12-08,190.1550,196.2430,183.2890,194.5390,5026706,2021-12-08 23:59:59.999,955383044.9260,753879,2440213,463965053.4960,0
2021-12-09,194.5660,196.6000,178.4130,181.0400,4992774,2021-12-09 23:59:59.999,929509286.8880,711721,2364485,440185909.3950,0
2021-12-10,181.0360,184.6040,167.0980,167.2290,5926116,2021-12-10 23:59:59.999,1044998410.2430,829999,2826374,498710769.8990,0
2021-12-11,167.2650,173.7000,161.2110,172.0900,5043651,2021-12-11 23:59:59.999,852718032.6900,683877,2463152,416546089.4840,0
2021-12-12,172.0760,176.7970,167.6580,172.7990,3285964,2021-12-12 23:59:59.999,564149555.2220,462351,1614296,277240693.9790,0
2021-12-13,172.8090,172.8480,147.9000,155.1900,7184799,2021-12-13 23:59:59.999,1143637755.6030,987817,3407353,542228791.0480,0
2021-12-14,155.2000,163.3500,149.4800,161.1600,6496404,2021-12-14 23:59:59.999,1016119507.2320,842965,3247681,508113704.3900,0
2021-12-15,161.1600,182.5800,156.7000,178.4300,9459699,2021-12-15 23:59:59.999,1599547741.2070,1262194,4704116,795834471.2260,0
2021-12-16,178.4400,188.9600,174.3300,176.9200,7320275,2021-12-16 23:59:59.999,1333183889.9230,900725,3664186,667290025.9500,0
2021-12-17,176.9300,182.4800,168.0400,175.5100,7274360,2021-12-17 23:59:59.999,1281392207.3990,921331,3585028,631519091.6310,0
2021-12-18,175.5000,184.1800,171.0100,182.6800,3735718,2021-12-18 23:59:59.999,666064709.2260,516231,1881277,335353467.7410,0
2021-12-19,182.6600,189.4000,178.0000,179.8600,4250865,2021-12-19 23:59:59.999,782166896.9110,564119,2097697,386141743.8730,0
2021-12-20,179.8600,181.1500,168.4100,173.9100,4745455,2021-12-20 23:59:59.999,827169191.1180,598228,2305889,401976647.1940,0
2021-12-21,173.9000,182.4100,170.2000,179.5600,4191339,2021-12-21 23:59:59.999,745734832.0260,522249,2054212,365482603.6870,0
2021-12-22,179.5800,187.4800,177.0100,178.3700,4253630,2021-12-22 23:59:59.999,777629782.4620,592009,2047672,374519986.7240,0
2021-12-23,178.3600,193.5100,175.5800,190.1100,5238315,2021-12-23 23:59:59.999,963269009.9510,714139,2533254,465849719.1960,0
2021-12-24,190.1400,197.5900,183.0000,190.3600,5470451,2021-12-24 23:59:59.999,1045640811.6420,735348,2596639,496678176.7160,0
2021-12-25,190.3800,195.2600,189.2000,193.0000,2968173,2021-12-25 23:59:59.999,570780992.4570,429501,1445145,277940991.1810,0
2021-12-26,193.0200,200.6500,190.1000,197.8000,4201822,2021-12-26 23:59:59.999,823864906.5640,543521,2057990,403564869.2290,0
2021-12-27,197.8200,204.8100,194.6600,195.7100,3894081,2021-12-27 23:59:59.999,778471057.1790,535818,1863111,372577005.9310,0
2021-12-28,195.7000,195.7100,176.1500,177.2000,6545712,2021-12-28 23:59:59.999,1219462848.8020,828635,3123872,582089522.1860,0
2021-12-29,177.2100,180.5900,170.0000,170.6600,4932124,2021-12-29 23:59:59.999,863731948.9350,637076,2366090,414494801.4570,0
2021-12-30,170.6600,175.6900,168.0100,172.4800,3353923,2021-12-30 23:59:59.999,579166740.1540,425267,1648148,284625557.0400,0
2021-12-31,172.4900,177.6900,167.5700,169.9800,3344135,2021-12-31 23:59:59.999,577590011.0770,453127,1607875,277741645.1090,0
2022-01-01,170.0100,179.1900,169.9000,179.0500,2350921,2022-01-01 23:59:59.999,410438730.4870,320958,1150926,200926730.3060,0
2022-01-02,179.0600,179.6500,174.3100,176.2900,2140956,2022-01-02 23:59:59.999,377976124.9660,310878,1005622,177556241.4730,0
2022-01-03,176.2700,176.4400,166.6600,170.1800,3004706,2022-01-03 23:59:59.999,516635900.3300,390468,1399178,240701990.6080,0
2022-01-04,170.2000,173.9000,166.3800,167.8300,3584257,2022-01-04 23:59:59.999,608517671.4920,396786,1743943,296124127.0280,0
2022-01-05,167.8700,171.4000,144.5000,154.3800,5614227,2022-01-05 23:59:59.999,902886374.7210,663866,2511017,404414096.6870,0
2022-01-06,154.4100,154.7600,146.2200,150.2600,4758356,2022-01-06 23:59:59.999,714548724.2180,567239,2267939,340559173.5490,0
2022-01-07,150.2800,150.7400,132.9800,136.4300,9351795,2022-01-07 23:59:59.999,1307693782.8760,1006963,4503533,629612825.5660,0
2022-01-08,136.4300,147.9800,132.8900,142.1500,9777575,2022-01-08 23:59:59.999,1379691723.4290,1018887,4791902,675994277.6570,0
2022-01-09,142.1200,145.6700,137.8000,140.7700,5673791,2022-01-09 23:59:59.999,804870692.4750,581883,2794729,396588963.5340,0
2022-01-10,140.7400,143.7500,129.4500,135.7300,7333769,2022-01-10 23:59:59.999,996460085.0570,756078,3546784,482030414.6140,0
2022-01-11,135.7400,143.4000,133.5700,140.1300,4524325,2022-01-11 23:59:59.999,625559105.4020,479496,2190612,302924910.7630,0
2022-01-12,140.1400,153.3000,138.1700,151.4800,6439328,2022-01-12 23:59:59.999,941174002.0290,682780,3159311,461808707.4350,0
2022-01-13,151.4800,157.7500,145.4700,146.1000,7015263,2022-01-13 23:59:59.999,1062606842.1870,721842,3334070,504986987.8420,0
2022-01-14,146.0900,150.5700,141.9100,146.1300,5014028,2022-01-14 23:59:59.999,733510172.4450,556824,2386168,349180200.4190,0
2022-01-15,146.1300,149.4800,143.8000,147.5700,2945950,2022-01-15 23:59:59.999,431907983.9570,367823,1405073,206039734.8200,0
2022-01-16,147.5700,151.9300,146.0300,147.9200,3500835,2022-01-16 23:59:59.999,520861109.1170,427448,1692546,251841098.6960,0
2022-01-17,147.9300,148.2200,137.0000,139.7400,4260608,2022-01-17 23:59:59.999,604996585.8340,484879,2010776,285558985.7970,0
2022-01-18,139.7400,142.6200,134.2400,141.1900,3927335,2022-01-18 23:59:59.999,542735209.6160,417472,1929739,266762729.1230,0
2022-01-19,141.2100,142.6600,132.7000,135.2100,4343040,2022-01-19 23:59:59.999,593998552.5500,455142,2070698,283167241.6430,0
2022-01-20,135.2000,143.7800,125.7800,127.4500,5509213,2022-01-20 23:59:59.999,753910015.9690,579468,2608650,357334802.8170,0
2022-01-21,127.4500,128.7000,106.0200,112.2000,15977832,2022-01-21 23:59:59.999,1917419826.3550,1636526,7759081,931866875.7600,0
2022-01-22,112.2100,114.1300,87.4700,94.4600,21844520,2022-01-22 23:59:59.999,2146817661.9670,2033117,10731573,1055589118.6970,0
2022-01-23,94.4800,104.6200,93.1500,99.6700,12475823,2022-01-23 23:59:59.999,1229381239.5360,1141360,6223299,613019820.5200,0
2022-01-24,99.6600,99.8100,80.7000,91.8500,26854930,2022-01-24 23:59:59.999,2350488756.8060,2469943,13474201,1179108273.3040,0
2022-01-25,91.8500,99.8500,87.3900,94.5400,13422811,2022-01-25 23:59:59.999,1246397740.1150,1279613,6754080,627125277.3670,0
2022-01-26,94.5700,104.4500,89.1100,92.0600,15616966,2022-01-26 23:59:59.999,1507812852.4270,1504029,7821801,755175670.7950,0
2022-01-27,92.0400,94.6300,85.6000,89.4300,15044776,2022-01-27 23:59:59.999,1351357980.1700,1341451,7453425,669473258.4860,0
2022-01-28,89.4300,93.4800,87.1000,91.2900,11397177,2022-01-28 23:59:59.999,1032300831.6820,973999,5658222,512616357.0080,0
2022-01-29,91.2900,98.8800,90.4000,96.1100,8792459,2022-01-29 23:59:59.999,836121970.5210,788490,4328599,411699214.6610,0
2022-01-30,96.0800,97.6400,91.3100,93.1500,5528616,2022-01-30 23:59:59.999,522546185.5660,526096,2684250,253727150.0000,0
2022-01-31,93.1600,101.2900,89.1500,99.4800,9829327,2022-01-31 23:59:59.999,931380656.7560,830882,4904247,464797650.4460,0
2022-02-01,99.4700,113.6100,98.9900,109.9700,19495966,2022-02-01 23:59:59.999,2103127538.7890,1687623,9831191,1060762176.9860,0
2022-02-02,109.9500,112.3900,96.9600,101.8400,22052102,2022-02-02 23:59:59.999,2339450042.2260,1766188,10939669,1161311720.6160,0
2022-02-03,101.8300,103.0900,93.9000,101.7600,18935284,2022-02-03 23:59:59.999,1852670902.9910,1471839,9526300,932615826.8150,0
2022-02-04,101.7400,112.8100,100.1700,112.5700,17172692,2022-02-04 23:59:59.999,1825088383.4890,1389874,8664910,921072138.4190,0
2022-02-05,112.5600,118.5400,110.1400,113.6600,10160083,2022-02-05 23:59:59.999,1161075423.1870,884547,5009030,572469570.2560,0
2022-02-06,113.6600,116.0600,111.1100,115.1800,6064084,2022-02-06 23:59:59.999,690211720.8000,511054,3004706,342114062.5600,0
2022-02-07,115.2000,121.8800,112.6200,117.4600,9622532,2022-02-07 23:59:59.999,1136398802.8690,805032,4730100,558699004.9640,0
2022-02-08,117.4800,120.2300,109.5100,113.3700,9758813,2022-02-08 23:59:59.999,1113850429.9990,948283,4730492,539856490.4110,0
2022-02-09,113.3600,117.0000,109.2500,113.9000,6993432,2022-02-09 23:59:59.999,793696894.8880,703523,3368682,382362905.3910,0
2022-02-10,113.9000,114.8500,105.5500,106.0900,10191733,2022-02-10 23:59:59.999,1127520572.6380,948435,4852629,537006789.7880,0
2022-02-11,106.1000,108.0900,95.0000,96.4400,10026342,2022-02-11 23:59:59.999,1029163131.1870,925820,4795442,492365701.9130,0
2022-02-12,96.4500,99.7400,92.5200,95.8800,7912380,2022-02-12 23:59:59.999,759211708.1970,727827,3805988,365342651.0810,0
2022-02-13,95.8800,97.3200,91.2400,92.8000,4953187,2022-02-13 23:59:59.999,469290903.5860,474090,2369045,224525840.6900,0
2022-02-14,92.7900,97.9200,90.4900,96.3700,9107385,2022-02-14 23:59:59.999,861959603.5510,805672,4561485,431807304.5410,0
2022-02-15,96.3600,105.7700,96.3200,105.4400,8726286,2022-02-15 23:59:59.999,888361271.8440,759819,4376697,445680857.0140,0
2022-02-16,105.4600,105.5600,98.1100,101.7800,8084251,2022-02-16 23:59:59.999,821168548.8640,707097,3897961,395864129.6290,0
2022-02-17,101.8100,102.7800,92.2500,93.4600,8221293,2022-02-17 23:59:59.999,799230296.5720,711428,3892992,378436847.2300,0
2022-02-18,93.4900,96.3300,89.2400,89.8200,7250331,2022-02-18 23:59:59.999,670945214.5470,598816,3549488,328522065.8510,0
2022-02-19,89.8200,92.7000,88.5100,91.2500,5417520,2022-02-19 23:59:59.999,490693598.8820,465453,2679311,242698274.1700,0
2022-02-20,91.2500,93.9200,85.3900,90.6300,12851703,2022-02-20 23:59:59.999,1152903911.6160,987642,6388842,573454661.0860,0
2022-02-21,90.6300,96.1300,82.6100,82.8900,19858064,2022-02-21 23:59:59.999,1784398424.0480,1433868,9763157,877923922.2160,0
2022-02-22,82.8900,87.6000,80.9600,86.3400,12205064,2022-02-22 23:59:59.999,1027959000.1120,922839,6149041,517952749.4380,0
2022-02-23,86.3400,93.3500,84.3000,84.5300,13646371,2022-02-23 23:59:59.999,1217468838.2880,1015325,6787385,605641893.0180,0
2022-02-24,84.5300,95.2700,75.2500,89.3500,29679152,2022-02-24 23:59:59.999,2474367078.1560,2376058,15206497,1268220689.8400,0
2022-02-25,89.3400,95.0000,86.8000,92.6900,14249813,2022-02-25 23:59:59.999,1283440325.2600,1173430,6917358,623291427.3500,0
2022-02-26,92.6900,95.1500,89.1200,90.2100,7951389,2022-02-26 23:59:59.999,728515938.1100,702657,3879337,355544632.8100,0
2022-02-27,90.2100,92.4200,84.0000,85.5800,9791044,2022-02-27 23:59:59.999,861970630.2500,867186,4735600,417014964.9900,0
2022-02-28,85.5700,102.8900,84.1000,99.6200,16640184,2022-02-28 23:59:59.999,1547439283.9700,1409222,8470100,788329114.6400,0
2022-03-01,99.6200,102.0200,94.1400,98.6100,13421455,2022-03-01 23:59:59.999,1314790766.6200,1123173,6405435,627782302.9600,0
2022-03-02,98.6100,106.4300,96.6800,100.6900,15156169,2022-03-02 23:59:59.999,1551417867.9800,1335681,7443588,762149153.5300,0
2022-03-03,100.6800,101.7100,93.9900,95.5800,9515942,2022-03-03 23:59:59.999,930041529.4600,880196,4578078,447563673.2700,0
2022-03-04,95.5700,95.9100,86.8700,88.2600,10531964,2022-03-04 23:59:59.999,962015841.8500,942733,4991515,456165920.7400,0
2022-03-05,88.2700,91.2000,85.8200,89.5900,5581271,2022-03-05 23:59:59.999,494974481.0600,514761,2775081,246122960.5100,0
2022-03-06,89.5800,89.9300,84.0200,84.5300,6179199,2022-03-06 23:59:59.999,536890175.6100,576692,2925902,254317364.1000,0
2022-03-07,84.5300,86.6800,79.7700,81.6200,10221834,2022-03-07 23:59:59.999,848805250.9200,879882,4958886,411877126.3600,0
2022-03-08,81.6100,85.0600,81.2300,82.2500,9063016,2022-03-08 23:59:59.999,753609445.1600,707821,4425090,368056603.7000,0
2022-03-09,82.2500,89.9200,81.8700,88.0400,10676883,2022-03-09 23:59:59.999,932794580.9400,834861,5266322,459967799.1200,0
2022-03-10,88.0500,88.5800,80.5600,82.8100,9014111,2022-03-10 23:59:59.999,750123569.0800,727792,4249804,353601857.6600,0
2022-03-11,82.8200,84.3300,80.0000,80.6400,8563858,2022-03-11 23:59:59.999,700587158.3000,643170,4087348,334556221.1700,0
2022-03-12,80.6400,82.7100,80.5100,81.3800,4052394,2022-03-12 23:59:59.999,330761938.1300,332852,1936343,158074817.5000,0
2022-03-13,81.3700,83.3600,77.5400,78.6900,6611188,2022-03-13 23:59:59.999,532523304.3600,490585,3103901,250101652.2700,0
2022-03-14,78.6800,82.2700,77.9300,81.2000,7688576,2022-03-14 23:59:59.999,616951633.4700,556205,3765912,302136765.6000,0
2022-03-15,81.1800,86.0000,78.7000,82.8300,8055738,2022-03-15 23:59:59.999,659739481.7500,592729,3865471,316684102.3500,0
2022-03-16,82.8300,87.9700,81.4700,87.7300,10365638,2022-03-16 23:59:59.999,871692990.1500,726759,5151669,433311756.3500,0
2022-03-17,87.7300,91.0400,86.5400,87.8300,8455717,2022-03-17 23:59:59.999,750125386.8100,648446,4159416,369114413.3400,0
2022-03-18,87.8300,92.3100,84.3500,89.7700,9735754,2022-03-18 23:59:59.999,855893433.0300,699743,4708590,413917408.1600,0
2022-03-19,89.7700,94.5900,89.2500,92.3100,8081727,2022-03-19 23:59:59.999,743106306.7600,598868,4025054,370125020.0700,0
2022-03-20,92.3200,92.5700,87.7700,88.5800,5885870,2022-03-20 23:59:59.999,529378717.4100,471605,2787805,250789153.2600,0
2022-03-21,88.5800,91.2300,86.6200,88.5500,6892088,2022-03-21 23:59:59.999,613480190.6600,582703,3230777,287648213.7700,0
2022-03-22,88.5500,93.9500,87.9000,90.4400,8424636,2022-03-22 23:59:59.999,771350687.8600,637943,4094816,374867634.7300,0
2022-03-23,90.4400,96.3500,89.1200,94.8300,9602339,2022-03-23 23:59:59.999,892638778.6900,684495,4645170,431849175.2400,0
2022-03-24,94.8300,103.7300,93.3500,102.3300,16825792,2022-03-24 23:59:59.999,1673601769.2900,1162630,8437154,839475737.5600,0
2022-03-25,102.3200,104.9000,97.0600,98.5500,12559624,2022-03-25 23:59:59.999,1273968047.7400,933764,6012254,610211810.3900,0
2022-03-26,98.5500,103.4000,97.5600,101.6800,7816675,2022-03-26 23:59:59.999,789471677.6100,607706,3868561,390710150.7400,0
2022-03-27,101.6800,107.4400,98.6800,106.9400,8450934,2022-03-27 23:59:59.999,868302302.9800,661964,4174515,429208960.8600,0
2022-03-28,106.9400,113.9000,105.1400,105.7300,14660240,2022-03-28 23:59:59.999,1608660899.8100,1160617,6985987,766852290.1900,0
2022-03-29,105.7300,115.6700,105.4300,111.5600,14281594,2022-03-29 23:59:59.999,1592955070.7700,1145930,6989940,779993587.0100,0
2022-03-30,111.5600,125.3800,107.0500,120.8500,17470065,2022-03-30 23:59:59.999,2049921253.1700,1517291,8753835,1027511854.1200,0
2022-03-31,120.8600,129.6600,119.9600,122.8500,18324290,2022-03-31 23:59:59.999,2284097795.1200,1598358,8915838,1111873208.7300,0
2022-04-01,122.8500,138.4400,117.4500,134.5300,18008176,2022-04-01 23:59:59.999,2307683325.0200,1675610,8802293,1128540790.4400,0
2022-04-02,134.5300,143.5700,131.3100,132.4800,13621808,2022-04-02 23:59:59.999,1870791646.2500,1384176,6474026,889637411.4100,0
2022-04-03,132.4700,141.2100,130.5000,136.8500,10552980,2022-04-03 23:59:59.999,1441791779.7400,1085041,5091038,695659666.7900,0
2022-04-04,136.8700,138.3900,125.6900,132.0900,11182063,2022-04-04 23:59:59.999,1480111771.2600,1104880,5374675,711710875.1000,0
2022-04-05,132.1100,136.6800,126.0000,126.8400,9678943,2022-04-05 23:59:59.999,1275756733.1300,989715,4571220,602896035.7900,0
2022-04-06,126.8400,127.3700,112.0200,112.8700,17201228,2022-04-06 23:59:59.999,2061484965.9200,1751569,8148691,976947057.1800,0
2022-04-07,112.8600,119.9500,110.7800,118.4100,11490698,2022-04-07 23:59:59.999,1324910177.4300,1235137,5674886,654571614.7100,0
2022-04-08,118.4100,122.3400,108.0100,109.8300,13211686,2022-04-08 23:59:59.999,1535442372.0500,1376788,6333020,736635151.0300,0
2022-04-09,109.8200,113.6900,108.1800,112.8900,5902477,2022-04-09 23:59:59.999,651843964.8600,682272,2902916,320714966.2500,0
2022-04-10,112.8900,116.0000,109.6100,111.0400,7295683,2022-04-10 23:59:59.999,820265309.8500,776919,3534847,397540782.6300,0
2022-04-11,111.0300,111.8600,97.9800,99.6200,14793289,2022-04-11 23:59:59.999,1546134059.6800,1432303,7057160,737885855.2900,0
2022-04-12,99.6100,109.2600,98.2300,103.1700,15291714,2022-04-12 23:59:59.999,1588465870.0300,1478312,7558941,785325523.2700,0
2022-04-13,103.1600,105.9700,100.0200,104.8900,11418170,2022-04-13 23:59:59.999,1183373638.9500,1067392,5590154,579452103.5100,0
2022-04-14,104.9000,107.7200,98.7100,100.7200,10852684,2022-04-14 23:59:59.999,1121156302.9100,1012396,5138294,530978785.7200,0
2022-04-15,100.7100,102.8900,99.5000,101.3300,6751197,2022-04-15 23:59:59.999,684234559.5200,609857,3281812,332675235.0600,0
2022-04-16,101.3500,103.4600,100.6200,102.0200,5001743,2022-04-16 23:59:59.999,509538984.4400,468096,2438414,248451833.1000,0
2022-04-17,102.0100,105.4500,99.5200,100.0800,8059001,2022-04-17 23:59:59.999,828865046.9600,666827,3884918,399687386.4100,0
2022-04-18,100.0900,102.6400,94.6000,102.3500,12777531,2022-04-18 23:59:59.999,1261287456.3300,1110373,6183880,610779209.2600,0
2022-04-19,102.3400,108.7700,101.0100,108.4500,10332680,2022-04-19 23:59:59.999,1084248694.3200,952235,5133290,538828382.3500,0
2022-04-20,108.4500,110.9200,104.1700,105.5200,10567360,2022-04-20 23:59:59.999,1136308239.4600,1004567,5048437,542958830.4000,0
2022-04-21,105.5100,109.9600,99.7600,101.6900,10894912,2022-04-21 23:59:59.999,1155229351.0400,1000612,5207819,552649939.7700,0
2022-04-22,101.7000,103.5300,99.1700,100.5000,8603985,2022-04-22 23:59:59.999,872027953.4300,760500,4197947,425553534.3300,0
2022-04-23,100.5200,102.8700,98.2500,100.6100,5619164,2022-04-23 23:59:59.999,568042486.1900,508833,2695103,272498592.7200,0
2022-04-24,100.6000,102.2400,98.5000,99.1300,5752342,2022-04-24 23:59:59.999,577855103.1600,511307,2745887,275904166.2900,0
2022-04-25,99.1500,101.5900,94.1000,100.9400,11992200,2022-04-25 23:59:59.999,1168679978.2600,976519,5910324,576174375.7300,0
2022-04-26,100.9500,102.0000,94.5000,95.6500,9883811,2022-04-26 23:59:59.999,970294065.1100,806858,4706739,462118750.2200,0
2022-04-27,95.6600,100.7200,94.8200,98.3000,9300153,2022-04-27 23:59:59.999,913368028.7800,763456,4617192,453548644.9500,0
2022-04-28,98.3000,100.5400,96.2300,98.1800,8849393,2022-04-28 23:59:59.999,873229622.6500,787177,4289394,423331824.2900,0
2022-04-29,98.1800,98.6600,92.2600,93.9400,7536732,2022-04-29 23:59:59.999,720740642.5400,713241,3593100,343694871.7600,0
2022-04-30,93.9400,94.9500,81.6700,84.5000,8575614,2022-04-30 23:59:59.999,767565448.6300,748311,4023067,360522768.9100,0
2022-05-01,84.5100,93.1600,84.0000,89.6100,10483398,2022-05-01 23:59:59.999,925426546.7100,942613,5264432,464805680.3400,0
2022-05-02,89.6100,90.8500,85.0200,87.4400,8842773,2022-05-02 23:59:59.999,777469969.7500,710035,4353357,382812067.1900,0
2022-05-03,87.4400,88.7900,84.5800,85.8100,5748943,2022-05-03 23:59:59.999,499950132.3100,487093,2813114,244667321.6500,0
2022-05-04,85.8200,93.1000,85.4200,92.7000,9386594,2022-05-04 23:59:59.999,829709998.7900,708018,4749602,420035094.9300,0
2022-05-05,92.7000,95.2200,81.0500,84.4800,13780385,2022-05-05 23:59:59.999,1204905118.0100,1078957,6649391,581613905.2400,0
2022-05-06,84.4700,84.7800,79.7900,81.6300,11726372,2022-05-06 23:59:59.999,961556674.9200,880079,5732754,470176335.2600,0
2022-05-07,81.6400,82.2900,77.0000,78.8000,7750477,2022-05-07 23:59:59.999,623235001.4600,601766,3683147,296284544.1700,0
2022-05-08,78.8000,79.3600,73.5800,75.3400,11858880,2022-05-08 23:59:59.999,911797279.3500,874555,5769088,443891176.8900,0
2022-05-09,75.3400,77.1900,61.6100,62.0800,27684716,2022-05-09 23:59:59.999,1910843008.5880,1894476,13671209,943616941.3110,0
2022-05-10,62.0700,73.9900,60.0000,66.8300,31795763,2022-05-10 23:59:59.999,2152238510.6520,2223145,16025831,1084795939.8410,0
2022-05-11,66.8300,68.4400,43.0600,50.8400,48303489,2022-05-11 23:59:59.999,2678714312.2740,3032701,24057630,1335536555.1010,0
2022-05-12,50.8500,54.3300,37.1000,44.6300,56691055,2022-05-12 23:59:59.999,2553994317.1580,3173698,28548059,1287127374.6770,0
2022-05-13,44.6400,56.3700,43.8100,48.8800,32943655,2022-05-13 23:59:59.999,1682066931.1000,1984238,16434385,839765149.3410,0
2022-05-14,48.8800,53.9400,45.7500,52.4000,20221240,2022-05-14 23:59:59.999,1003277386.2030,1266982,10170027,505093523.7300,0
2022-05-15,52.4000,59.2900,49.5700,58.8000,17821126,2022-05-15 23:59:59.999,958912932.1540,977959,8997205,484543184.3640,0
2022-05-16,58.8000,58.8000,51.8000,53.7700,22140006,2022-05-16 23:59:59.999,1204631054.3270,1274805,10907306,593514120.4900,0
2022-05-17,53.7800,58.2000,53.0000,57.0000,19937437,2022-05-17 23:59:59.999,1110918688.3040,1122504,9935842,553914375.1140,0
2022-05-18,57.0100,57.8300,49.3400,49.9200,19348761,2022-05-18 23:59:59.999,1019023317.8670,1068031,9427926,496406978.4800,0
2022-05-19,49.9100,54.0600,48.0700,52.1800,24662199,2022-05-19 23:59:59.999,1261978290.2630,1267096,12419739,636069809.3370,0
2022-05-20,52.1800,53.6200,47.7600,49.4100,25283753,2022-05-20 23:59:59.999,1287502063.0960,1209991,12470949,635560569.8100,0
2022-05-21,49.4000,51.2000,48.3600,50.2700,12313932,2022-05-21 23:59:59.999,614400148.2100,590032,6103631,304632339.3400,0
2022-05-22,50.2700,53.1600,49.6400,52.4400,12729438,2022-05-22 23:59:59.999,655200402.3570,579153,6450186,332049326.6270,0
2022-05-23,52.4400,54.6600,48.5600,49.1400,19904405,2022-05-23 23:59:59.999,1042157473.0560,936936,9746650,510839603.8500,0
2022-05-24,49.1300,50.8300,47.0400,49.6600,17662688,2022-05-24 23:59:59.999,869523719.8500,800480,8585976,422765807.2500,0
2022-05-25,49.6500,50.5400,47.5300,47.9500,15918475,2022-05-25 23:59:59.999,776218301.4500,748885,7644051,372837088.1700,0
2022-05-26,47.9500,48.6500,41.5600,43.4100,31944688,2022-05-26 23:59:59.999,1433379953.1410,1330565,15587882,699306651.9470,0
2022-05-27,43.4100,43.9200,39.9100,41.1500,37585417,2022-05-27 23:59:59.999,1569869447.0440,1444980,18617646,777736364.4970,0
2022-05-28,41.1500,45.1000,40.3000,44.2200,18317303,2022-05-28 23:59:59.999,774592312.8070,754991,9307949,393976471.1470,0
2022-05-29,44.2200,45.6600,41.7700,44.9500,20540692,2022-05-29 23:59:59.999,899797385.0100,831678,10362044,454082868.4900,0
2022-05-30,44.9500,48.5800,44.2400,47.2100,24302104,2022-05-30 23:59:59.999,1124259172.3370,1000940,12168082,563077101.2970,0
2022-05-31,47.2100,48.2300,44.5200,45.7600,20880840,2022-05-31 23:59:59.999,966309713.4300,894955,10059859,465586507.9100,0
2022-06-01,45.7500,46.1200,39.4900,40.0900,25819704,2022-06-01 23:59:59.999,1107354371.8220,1135749,12476970,534940550.0500,0
2022-06-02,40.0900,41.7000,38.1000,40.8400,32212216,2022-06-02 23:59:59.999,1290917309.2300,1345802,16185086,648849213.1700,0
2022-06-03,40.8400,41.5200,37.5500,38.2400,27140271,2022-06-03 23:59:59.999,1055776658.6800,1058881,13441606,522830150.7600,0
2022-06-04,38.2500,39.5500,35.6500,38.9900,27617082,2022-06-04 23:59:59.999,1031916382.4100,991347,13740704,513729250.5700,0
2022-06-05,38.9900,40.2200,37.8100,38.5100,26334769,2022-06-05 23:59:59.999,1031969301.4600,949763,13294511,521151129.8600,0
2022-06-06,38.5000,44.9900,38.3100,42.3500,44719001,2022-06-06 23:59:59.999,1896077352.7420,1621897,22777213,965457690.6120,0
2022-06-07,42.3600,42.7700,37.0600,39.2800,51749410,2022-06-07 23:59:59.999,2044251938.8700,1676121,25631452,1013185992.4650,0
2022-06-08,39.2900,40.9400,38.2400,38.8000,25924339,2022-06-08 23:59:59.999,1017392378.0900,925988,12736153,500074245.6000,0
2022-06-09,38.8100,41.9600,38.4000,39.9500,25905188,2022-06-09 23:59:59.999,1043462067.9400,1050585,13228596,533171169.1900,0
2022-06-10,39.9400,40.9000,36.7300,37.1200,28065208,2022-06-10 23:59:59.999,1082911934.6100,1026009,13526154,522281790.8800,0
2022-06-11,37.1300,37.9100,33.1300,33.9100,32583858,2022-06-11 23:59:59.999,1144102634.7400,1050212,15785214,554077963.8900,0
2022-06-12,33.9200,34.5000,30.5300,30.5600,45670821,2022-06-12 23:59:59.999,1488031683.1700,1433373,22645364,738151740.3600,0
2022-06-13,30.5600,31.0900,26.0000,28.5800,102202032,2022-06-13 23:59:59.999,2853322374.8420,2884801,51665765,1442939420.9500,0
2022-06-14,28.5800,32.2100,25.8100,29.5600,76559650,2022-06-14 23:59:59.999,2237575446.3700,2369469,39011165,1140912763.0600,0
2022-06-15,29.5700,34.8700,26.7500,34.7200,78806086,2022-06-15 23:59:59.999,2333634169.6200,2621861,39938189,1183231688.6000,0
2022-06-16,34.7200,36.2600,29.5200,30.1000,64037750,2022-06-16 23:59:59.999,2052648926.0500,1969078,32080210,1028772419.7100,0
2022-06-17,30.0900,32.1100,29.2100,30.7000,41934041,2022-06-17 23:59:59.999,1304393187.1200,1253342,21266298,661865136.2700,0
2022-06-18,30.7100,32.0000,27.0900,31.9800,61563165,2022-06-18 23:59:59.999,1813853950.4000,1814201,31088197,916564648.2700,0
2022-06-19,31.9800,35.4300,28.6700,34.1600,64172010,2022-06-19 23:59:59.999,2042511324.5900,1964466,32508233,1035837167.0600,0
2022-06-20,34.1700,36.9000,31.7000,35.2200,57195766,2022-06-20 23:59:59.999,1964929167.8700,1962832,28943313,995063979.6000,0
2022-06-21,35.2300,39.2500,34.1800,36.3900,55239261,2022-06-21 23:59:59.999,2043633399.8100,1795884,27977556,1035298187.6700,0
2022-06-22,36.3900,36.8600,33.6200,34.1100,46199415,2022-06-22 23:59:59.999,1617981681.0800,1500846,23009904,805989220.0100,0
2022-06-23,34.1100,38.6900,33.8800,38.1500,47466482,2022-06-23 23:59:59.999,1741271138.0900,1494526,24155238,886356918.8900,0
2022-06-24,38.1400,42.9100,37.6400,41.8900,42221178,2022-06-24 23:59:59.999,1688471072.4050,1456225,21590831,863682176.2450,0
2022-06-25,41.8900,42.6100,39.7200,42.2100,31102600,2022-06-25 23:59:59.999,1283714361.2100,1128385,15630705,645285325.8000,0
2022-06-26,42.2000,42.4900,39.1000,39.3600,28379658,2022-06-26 23:59:59.999,1160261630.5700,985300,13741527,562073219.7100,0
2022-06-27,39.3600,41.2800,37.8000,38.5000,29487738,2022-06-27 23:59:59.999,1160720802.9900,994554,14462388,569528463.7100,0
2022-06-28,38.5000,39.8800,35.0500,35.3200,37783221,2022-06-28 23:59:59.999,1419307843.4000,1168175,18486399,695092272.7700,0
2022-06-29,35.3100,36.1000,33.0900,34.0200,40638255,2022-06-29 23:59:59.999,1408214802.4500,1207139,19985863,692784924.6600,0
2022-06-30,34.0200,34.1900,30.7900,33.7300,44784872,2022-06-30 23:59:59.999,1439023572.4400,1287080,22564326,725177747.1200,0
2022-07-01,33.7300,35.3900,31.7900,32.8300,44965929,2022-07-01 23:59:59.999,1495241933.9900,1313646,22369207,743962273.7300,0
2022-07-02,32.8300,34.1500,31.8300,33.3400,23178184,2022-07-02 23:59:59.999,761200111.9400,702529,11612120,381568536.0700,0
2022-07-03,33.3500,33.7100,32.1200,33.3700,19106717,2022-07-03 23:59:59.999,628995853.3100,575043,9524465,313727297.0700,0
2022-07-04,33.3700,36.9500,32.4100,36.7100,29675528,2022-07-04 23:59:59.999,1019962584.7100,906098,15217106,523499759.6100,0
2022-07-05,36.7100,36.9700,33.0600,35.3700,37977932,2022-07-05 23:59:59.999,1328510713.4600,1172018,18904113,661390255.7500,0
2022-07-06,35.3700,37.6500,34.7700,37.0100,36312383,2022-07-06 23:59:59.999,1308511759.3800,1106527,18407371,663549640.6300,0
2022-07-07,37.0200,39.2600,36.3600,38.4400,28461790,2022-07-07 23:59:59.999,1074757373.3200,864222,14516940,548392312.0000,0
2022-07-08,38.4400,39.7000,36.4200,38.1000,36439992,2022-07-08 23:59:59.999,1383579083.2300,1114621,18216043,691876978.5000,0
2022-07-09,38.1000,38.9900,37.7400,38.0200,17024013,2022-07-09 23:59:59.999,652769519.1400,548311,8458129,324423610.3100,0
2022-07-10,38.0200,38.1200,36.2400,36.7000,17373581,2022-07-10 23:59:59.999,643399056.9900,548610,8612437,318926967.2600,0
2022-07-11,36.6900,36.7200,33.2200,33.3900,24553003,2022-07-11 23:59:59.999,860616843.1800,734082,11936396,418556885.2300,0
2022-07-12,33.3800,34.6000,32.5600,32.6500,26443855,2022-07-12 23:59:59.999,890151809.8700,741662,13109183,441496451.4500,0
2022-07-13,32.6500,35.0800,31.7000,34.9300,33316937,2022-07-13 23:59:59.999,1109235730.5800,934740,17068087,568679672.3200,0
2022-07-14,34.9200,37.3100,33.5200,37.1200,26697987,2022-07-14 23:59:59.999,937470185.8800,816994,13775436,484075761.9900,0
2022-07-15,37.1100,39.0900,36.5100,37.3500,26111584,2022-07-15 23:59:59.999,984378522.5600,846052,13381615,504600664.7800,0
2022-07-16,37.3500,40.4100,36.3300,39.5700,23932775,2022-07-16 23:59:59.999,918319815.7400,764304,12167214,467049785.4500,0
2022-07-17,39.5700,41.0900,38.2600,38.5800,22619821,2022-07-17 23:59:59.999,895611611.8450,766040,11301349,447682022.3950,0
2022-07-18,38.5800,44.1000,38.5300,43.5300,33149985,2022-07-18 23:59:59.999,1371525035.2070,1122272,16850352,697185226.7870,0
2022-07-19,43.5300,47.4000,42.5400,44.8600,41838827,2022-07-19 23:59:59.999,1886692432.2810,1528646,20914616,943284138.9140,0
2022-07-20,44.8500,46.3200,41.2100,42.0200,34238745,2022-07-20 23:59:59.999,1515866931.0070,1201347,16900465,748261972.5600,0
2022-07-21,42.0200,44.0600,39.6100,43.1100,35494480,2022-07-21 23:59:59.999,1483312492.5320,1171613,17719843,740802482.8970,0
2022-07-22,43.1100,44.3400,40.0100,40.4900,26611172,2022-07-22 23:59:59.999,1126909439.8750,894208,12933487,547994521.1600,0
2022-07-23,40.4900,41.9100,38.5900,39.9500,21126177,2022-07-23 23:59:59.999,849201960.9200,716550,10333065,415638286.0800,0
2022-07-24,39.9500,42.0800,39.4400,40.9100,18745458,2022-07-24 23:59:59.999,764131022.5900,619043,9497688,387219564.8300,0
2022-07-25,40.9100,41.0900,36.5300,36.6400,26561982,2022-07-25 23:59:59.999,1024092134.3600,837174,12900580,497389677.5900,0
2022-07-26,36.6300,36.8200,34.6400,36.2200,26574196,2022-07-26 23:59:59.999,948533286.3300,766382,13197799,471171846.3400,0
2022-07-27,36.2200,40.5600,35.6400,40.2100,28543829,2022-07-27 23:59:59.999,1079373799.6250,915603,14506758,548859892.3650,0
2022-07-28,40.2000,44.1600,39.0100,42.9000,32095274,2022-07-28 23:59:59.999,1315394768.4670,1068580,16041497,657878400.3670,0
2022-07-29,42.9100,44.4200,41.0900,41.9000,27577032,2022-07-29 23:59:59.999,1172482483.0300,932137,13512667,574677370.3000,0
2022-07-30,41.9000,46.6400,41.4100,43.8300,25178431,2022-07-30 23:59:59.999,1105037645.2970,939195,12594863,552775027.6770,0
2022-07-31,43.8400,45.1800,42.1800,42.3200,18965991,2022-07-31 23:59:59.999,829971500.7770,697815,9332674,408472915.6900,0
2022-08-01,42.3100,43.2300,40.5200,41.6100,20280148,2022-08-01 23:59:59.999,853255159.2700,653998,9907459,417040589.2500,0
2022-08-02,41.6200,42.4300,39.4200,39.7300,22955028,2022-08-02 23:59:59.999,937130231.7550,752994,11330540,462775265.1700,0
2022-08-03,39.7300,41.0000,37.3900,38.5200,48398769,2022-08-03 23:59:59.999,1896247440.6650,1552058,24492655,959644121.6050,0
2022-08-04,38.5200,39.8300,37.9000,38.8100,23717637,2022-08-04 23:59:59.999,921311270.4300,745716,11842396,460135325.3700,0
2022-08-05,38.8100,41.3200,38.6500,40.5500,21226093,2022-08-05 23:59:59.999,851172732.8650,696501,10642018,426758991.6650,0
2022-08-06,40.5500,40.9000,39.8300,40.0400,11318037,2022-08-06 23:59:59.999,457597066.6800,361268,5392702,218112222.9300,0
2022-08-07,40.0300,41.5900,39.1500,40.5900,11959783,2022-08-07 23:59:59.999,482091701.4800,370612,6005017,242093263.5900,0
2022-08-08,40.6000,43.7200,40.5300,42.1500,21401541,2022-08-08 23:59:59.999,908229738.1370,652010,10749831,456191237.8470,0
2022-08-09,42.1400,42.7600,39.6800,40.3000,19698484,2022-08-09 23:59:59.999,811443374.3550,577795,9497509,391439579.0900,0
2022-08-10,40.3000,42.8500,39.1100,42.4500,25436194,2022-08-10 23:59:59.999,1044474006.5500,726973,12654184,519961415.0400,0
2022-08-11,42.4500,45.3200,42.3200,42.7500,31721354,2022-08-11 23:59:59.999,1391580808.2370,866660,15688126,688353355.2770,0
2022-08-12,42.7500,45.4900,42.1000,45.4600,22504477,2022-08-12 23:59:59.999,978194762.8100,619943,11411564,496301351.0700,0
2022-08-13,45.4500,48.3800,45.2300,46.5700,32325766,2022-08-13 23:59:59.999,1518547244.2070,942186,16328675,767101508.9070,0
2022-08-14,46.5800,48.0500,44.4300,44.8600,24816330,2022-08-14 23:59:59.999,1147014232.1400,657275,12235305,565650050.7500,0
2022-08-15,44.8500,47.2400,42.7100,43.7000,26402675,2022-08-15 23:59:59.999,1176895692.3870,724528,12847459,572972968.9000,0
2022-08-16,43.6900,44.3000,42.5000,43.0600,22628772,2022-08-16 23:59:59.999,980077610.1500,641164,11068661,479483431.1500,0
2022-08-17,43.0500,44.7400,40.1300,40.5100,28858267,2022-08-17 23:59:59.999,1216264427.2950,801476,14052953,592640305.6000,0
2022-08-18,40.5200,41.6300,39.2500,39.4800,21599618,2022-08-18 23:59:59.999,879821947.7600,601122,10603095,432082187.5600,0
2022-08-19,39.4800,39.5600,34.3800,35.7900,39089747,2022-08-19 23:59:59.999,1442617017.0400,1076977,19075017,703987268.2000,0
2022-08-20,35.7900,37.2300,34.1500,35.2500,26034812,2022-08-20 23:59:59.999,936331574.0300,694311,12801382,460591282.0600,0
2022-08-21,35.2500,37.0400,34.2600,36.4500,20928069,2022-08-21 23:59:59.999,750034215.2800,600467,10455307,374866893.0700,0
2022-08-22,36.4500,36.5400,33.7000,35.3900,26701372,2022-08-22 23:59:59.999,931028286.0100,748261,13212695,460840633.6600,0
2022-08-23,35.3900,36.0900,34.2200,35.6600,19414878,2022-08-23 23:59:59.999,685691327.2000,544910,9599771,339127649.3000,0
2022-08-24,35.6600,36.3900,34.2700,34.8500,19471591,2022-08-24 23:59:59.999,687376422.6300,560564,9596198,338856687.7600,0
2022-08-25,34.8500,36.5100,34.8400,35.2200,17592172,2022-08-25 23:59:59.999,628729209.5900,517902,8736791,312362113.4800,0
2022-08-26,35.2300,35.7700,31.3100,31.6800,32190703,2022-08-26 23:59:59.999,1090317407.9600,943222,15359113,520609539.8300,0
2022-08-27,31.6800,32.2200,30.8200,31.5000,18665019,2022-08-27 23:59:59.999,589149622.4000,584511,9396629,296680449.5900,0
2022-08-28,31.4900,32.1800,30.1400,30.3800,15488187,2022-08-28 23:59:59.999,487595864.7100,459600,7670214,241633230.2200,0
2022-08-29,30.3800,32.6200,29.9000,32.3900,23624146,2022-08-29 23:59:59.999,737008564.0100,623007,12065842,376461383.4600,0
2022-08-30,32.4000,33.1700,30.6100,31.4700,24118771,2022-08-30 23:59:59.999,769420366.0700,621439,11798748,376453706.0000,0
2022-08-31,31.4600,32.9500,31.1600,31.4600,22674978,2022-08-31 23:59:59.999,729296081.9500,561453,11290933,363233966.9500,0
2022-09-01,31.4700,31.7800,30.3700,31.5900,18578932,2022-09-01 23:59:59.999,577951310.0600,487906,9233883,287312924.8800,0
2022-09-02,31.5900,32.3700,30.7200,31.2100,18274973,2022-09-02 23:59:59.999,577136985.6500,469424,8966798,283306309.3200,0
2022-09-03,31.2000,31.2600,30.7700,31.1000,8579138,2022-09-03 23:59:59.999,266451338.7200,232830,4188414,130108000.1000,0
2022-09-04,31.1000,32.2200,31.0000,32.1500,11554165,2022-09-04 23:59:59.999,365066807.3100,316888,5955225,188199141.6200,0
2022-09-05,32.1400,32.5000,31.1200,32.1500,14345553,2022-09-05 23:59:59.999,455941794.1500,364322,7155543,227521375.6500,0
2022-09-06,32.1500,33.8800,30.3900,30.8700,32132354,2022-09-06 23:59:59.999,1040218674.6500,814973,16089747,521443088.9200,0
2022-09-07,30.8700,32.9500,30.2700,32.6800,20199001,2022-09-07 23:59:59.999,636824386.4300,498152,10343618,326267697.0400,0
2022-09-08,32.6900,33.9800,31.9900,33.6000,22292605,2022-09-08 23:59:59.999,734744376.2500,580190,11387161,375493159.1600,0
2022-09-09,33.5900,35.9600,33.5700,34.6600,24386705,2022-09-09 23:59:59.999,852517946.8500,651129,12461871,435656212.5300,0
2022-09-10,34.6600,35.4000,34.2400,35.0300,13993028,2022-09-10 23:59:59.999,486146312.6900,381125,6917940,240407455.7300,0
2022-09-11,35.0200,36.0200,34.0200,34.9700,14068818,2022-09-11 23:59:59.999,492024125.6800,407461,6939705,242803279.0100,0
2022-09-12,34.9700,38.4400,34.3700,37.4300,35664193,2022-09-12 23:59:59.999,1318384804.9500,949151,18368754,679248937.8900,0
2022-09-13,37.4200,38.9300,32.9000,32.9600,40367039,2022-09-13 23:59:59.999,1465563169.8300,1106813,20031465,728835024.7000,0
2022-09-14,32.9600,34.3300,32.6300,34.0900,20507377,2022-09-14 23:59:59.999,684984906.5300,555066,10241533,342227454.4000,0
2022-09-15,34.0900,34.8300,32.3600,33.0500,25177753,2022-09-15 23:59:59.999,844025493.8500,663619,12295889,412425466.9400,0
2022-09-16,33.0600,33.2400,31.4800,32.2400,17108873,2022-09-16 23:59:59.999,554655480.0800,459688,8323601,269909525.2000,0
2022-09-17,32.2400,33.8800,32.2100,33.6600,10354775,2022-09-17 23:59:59.999,341765729.0300,292077,5251369,173343469.1700,0
2022-09-18,33.6700,33.9800,30.7800,31.0700,16393651,2022-09-18 23:59:59.999,535405270.2900,435001,7877824,257534239.8300,0
2022-09-19,31.0700,33.0800,30.4400,32.6200,20916872,2022-09-19 23:59:59.999,662404313.8900,573120,10563711,334691754.1500,0
2022-09-20,32.6200,32.8700,31.2600,31.4000,18245776,2022-09-20 23:59:59.999,585367563.1100,467127,8786082,281954580.8500,0
2022-09-21,31.4100,33.4800,29.9800,30.6300,28550681,2022-09-21 23:59:59.999,906333450.7400,776006,14063272,446750792.7200,0
2022-09-22,30.6200,32.8600,30.5600,32.4100,19848606,2022-09-22 23:59:59.999,632309582.4900,493279,10160955,323732472.9600,0
2022-09-23,32.4100,33.9500,31.1700,33.6600,24333195,2022-09-23 23:59:59.999,787434070.1500,609026,12221882,395785306.0900,0
2022-09-24,33.6600,34.7800,33.1100,33.3600,22124642,2022-09-24 23:59:59.999,750304740.0600,589004,11326554,384244053.4200,0
2022-09-25,33.3700,34.0500,31.8200,32.3100,15474926,2022-09-25 23:59:59.999,513474953.3500,399772,7567415,251280607.3500,0
2022-09-26,32.3100,33.9300,31.8400,33.8600,23119343,2022-09-26 23:59:59.999,759674500.1600,550540,11582517,380705729.5000,0
2022-09-27,33.8600,35.4000,32.0500,32.6600,28110937,2022-09-27 23:59:59.999,954746056.0300,711947,13994979,475912237.0100,0
2022-09-28,32.6600,33.7900,31.6200,33.2200,24511989,2022-09-28 23:59:59.999,800415057.6400,550179,12168759,397580366.1300,0
2022-09-29,33.2200,34.4100,32.6200,33.9200,25334901,2022-09-29 23:59:59.999,851927256.8500,581958,12775749,429720265.0700,0
2022-09-30,33.9200,35.1900,32.6000,33.2200,27326331,2022-09-30 23:59:59.999,930261136.9300,684703,13646881,464855077.0000,0
2022-10-01,33.2200,33.2200,32.3100,32.4200,13401426,2022-10-01 23:59:59.999,439955430.4100,328494,6285032,206369806.6000,0
2022-10-02,32.4200,32.9900,31.8400,32.0400,12384841,2022-10-02 23:59:59.999,402499652.6000,302343,5948141,193351405.0500,0
2022-10-03,32.0400,33.2400,31.6900,32.8900,16238346,2022-10-03 23:59:59.999,529988271.7700,373895,8007234,261380294.0500,0
2022-10-04,32.8800,34.3800,32.8200,34.0800,16133930,2022-10-04 23:59:59.999,544284755.2900,392258,8355297,281873439.9400,0
2022-10-05,34.0700,34.3600,33.1500,34.0200,15865963,2022-10-05 23:59:59.999,535988629.9800,379358,7947386,268595149.2000,0
2022-10-06,34.0100,34.4800,33.1800,33.3300,14457846,2022-10-06 23:59:59.999,490639561.2100,369752,7039938,239016817.9900,0
2022-10-07,33.3300,33.7400,32.3800,32.9600,12534495,2022-10-07 23:59:59.999,414156695.5000,365594,6159430,203542617.9700,0
2022-10-08,32.9600,33.0600,32.3100,32.5600,5054488,2022-10-08 23:59:59.999,165590166.3600,181801,2414966,79131241.0300,0
2022-10-09,32.5600,33.1100,32.4200,32.9000,6113563,2022-10-09 23:59:59.999,200567242.1000,198019,3090660,101410595.3600,0
2022-10-10,32.9000,33.4700,31.8200,31.9300,12830317,2022-10-10 23:59:59.999,418482217.8100,347283,6153355,200829287.9500,0
2022-10-11,31.9300,31.9300,30.3600,30.7800,13938956,2022-10-11 23:59:59.999,436789323.6300,404148,6572216,206026004.7900,0
2022-10-12,30.7700,31.5300,30.6600,31.1400,9427142,2022-10-12 23:59:59.999,293370162.6200,286372,4693676,146093672.6000,0
2022-10-13,31.1500,31.1900,27.1200,30.4700,29958449,2022-10-13 23:59:59.999,884257694.7800,780109,14345315,423468961.2600,0
2022-10-14,30.4600,31.9600,29.6100,29.9700,18270783,2022-10-14 23:59:59.999,566852819.5400,493538,8990479,279071861.8400,0
2022-10-15,29.9600,30.1900,29.3900,29.5800,8047257,2022-10-15 23:59:59.999,240255776.9400,252057,3853051,115057525.0500,0
2022-10-16,29.5700,30.5100,29.5400,30.1400,7278669,2022-10-16 23:59:59.999,218312979.2700,229493,3679870,110388755.1200,0
2022-10-17,30.1400,31.2800,29.8200,31.1800,12338376,2022-10-17 23:59:59.999,378029578.6500,328916,6269741,192125040.3700,0
2022-10-18,31.1800,31.4700,29.6900,30.1300,16477163,2022-10-18 23:59:59.999,503203164.1900,408678,7995335,244296980.2700,0
2022-10-19,30.1300,30.2500,28.5500,28.8400,13711673,2022-10-19 23:59:59.999,407184524.7000,358367,6385664,189781333.0000,0
2022-10-20,28.8400,29.4500,27.9300,28.0000,18317942,2022-10-20 23:59:59.999,527525632.2100,431447,8827744,254351854.9600,0
2022-10-21,28.0000,28.2500,26.8200,28.0800,25982889,2022-10-21 23:59:59.999,717443544.9100,598450,12556755,346798730.9800,0
2022-10-22,28.0900,28.2100,27.4500,27.9800,10229233,2022-10-22 23:59:59.999,285093499.3700,272220,5048420,140735822.3700,0
2022-10-23,27.9800,29.5300,27.6800,29.2500,16751705,2022-10-23 23:59:59.999,477211432.9300,417419,8522438,242967965.7800,0
2022-10-24,29.2600,29.5100,28.1400,28.2800,18675469,2022-10-24 23:59:59.999,534816155.9500,417193,9060122,259539360.7500,0
2022-10-25,28.2800,32.2900,28.0300,30.8500,39495842,2022-10-25 23:59:59.999,1200834760.0700,892472,20473467,622650053.7200,0
2022-10-26,30.8500,32.1900,30.5900,31.2700,28994283,2022-10-26 23:59:59.999,907186036.6900,675524,14619882,457529904.9100,0
2022-10-27,31.2700,32.3500,30.4400,30.5700,27391970,2022-10-27 23:59:59.999,859835145.2300,686430,13469872,423049238.7200,0
2022-10-28,30.5700,32.5400,30.0600,32.0600,23168444,2022-10-28 23:59:59.999,723494577.5200,565485,11955374,373588272.1100,0
2022-10-29,32.0500,33.8500,31.8400,32.8600,21527044,2022-10-29 23:59:59.999,710834222.2500,616400,10944428,361410811.4000,0
2022-10-30,32.8500,33.5400,31.9000,32.9100,13514157,2022-10-30 23:59:59.999,441515428.8900,406443,6703779,219119188.7700,0
2022-10-31,32.9200,34.3900,32.1700,32.5400,23100208,2022-10-31 23:59:59.999,766585259.5000,678010,11455760,380368490.3900,0
2022-11-01,32.5300,33.3800,32.1300,32.1800,12560985,2022-11-01 23:59:59.999,410522687.7800,404647,6085725,198925205.2100,0
2022-11-02,32.1800,32.9200,30.2000,30.7900,24566803,2022-11-02 23:59:59.999,775740134.2100,729679,11987901,378630226.5200,0
2022-11-03,30.7800,32.2300,30.5800,30.8300,17139494,2022-11-03 23:59:59.999,538060690.9000,511379,8478891,266238417.8100,0
2022-11-04,30.8200,34.2000,30.6300,33.7200,26151429,2022-11-04 23:59:59.999,857048419.3400,760692,13343648,437396259.8700,0
2022-11-05,33.7300,38.7900,33.6400,36.8900,50089252,2022-11-05 23:59:59.999,1827904413.3200,1493024,25568186,932681625.7300,0
2022-11-06,36.8900,37.0700,32.2600,32.6000,35260996,2022-11-06 23:59:59.999,1232739713.2000,1073449,16817503,588342073.1400,0
2022-11-07,32.6100,33.1100,28.0000,29.5900,70668114,2022-11-07 23:59:59.999,2219918142.6700,1794307,34435104,1083009765.9300,0
2022-11-08,29.5800,31.8900,18.4000,23.8200,242522353,2022-11-08 23:59:59.999,6336735273.7800,5996534,119277438,3119198263.8000,0
2022-11-09,23.8200,23.8200,9.4230,11.7000,590659791,2022-11-09 23:59:59.999,8581635912.8190,13820592,302428684,4382191542.4060,0
2022-11-10,11.6900,18.7870,10.6100,17.6150,353922445,2022-11-10 23:59:59.999,5164592984.2620,10084248,182165207,2657042450.9500,0
2022-11-11,17.6120,18.3180,14.0000,16.4260,135750868,2022-11-11 23:59:59.999,2248944230.1710,4707804,68137940,1128904865.0330,0
2022-11-12,16.4260,16.5050,14.4400,14.5600,53425107,2022-11-12 23:59:59.999,815708574.9500,1760309,27237836,415890718.3540,0
2022-11-13,14.5590,14.7380,12.8060,13.1260,58304909,2022-11-13 23:59:59.999,810090179.8950,1798507,29196476,405761495.6830,0
2022-11-14,13.1250,15.3600,12.0000,13.9990,102534104,2022-11-14 23:59:59.999,1407744213.2910,3047799,52069828,715059918.2160,0
2022-11-15,13.9980,15.1200,13.8110,14.3030,54474973,2022-11-15 23:59:59.999,785552277.7780,1664991,27150415,391637702.5950,0
2022-11-16,14.3040,14.6010,13.6240,14.2570,32937136,2022-11-16 23:59:59.999,465872544.8050,1007951,16248574,229884776.5670,0
2022-11-17,14.2590,14.5000,12.8320,13.6200,63752460,2022-11-17 23:59:59.999,866398878.5330,1663452,32001567,434906506.8120,0
2022-11-18,13.6230,13.8830,12.9670,13.2570,31943477,2022-11-18 23:59:59.999,429311715.4460,847931,16131509,216905957.5720,0
2022-11-19,13.2570,13.2600,12.5640,12.8370,26787739,2022-11-19 23:59:59.999,343597434.0070,699110,13451399,172576754.4520,0
2022-11-20,12.8360,13.5850,12.0850,12.2510,34898380,2022-11-20 23:59:59.999,445799192.6350,977606,17351640,221743246.8310,0
2022-11-21,12.2520,12.2770,11.2530,11.8250,49440318,2022-11-21 23:59:59.999,582019446.2350,1265208,24727232,291148016.1710,0
2022-11-22,11.8270,12.5000,10.9010,12.4270,45203704,2022-11-22 23:59:59.999,526568581.1350,1162915,22914853,267144145.4480,0
2022-11-23,12.4290,14.7230,12.4000,14.3310,61960092,2022-11-23 23:59:59.999,825997641.2160,1716418,31430441,419129882.0840,0
2022-11-24,14.3310,14.9480,13.8260,14.5910,50230193,2022-11-24 23:59:59.999,720648265.6530,1374933,25315733,363298314.6220,0
2022-11-25,14.5910,14.5990,13.8900,14.0150,27152366,2022-11-25 23:59:59.999,384102060.1550,785821,13457352,190411292.4980,0
2022-11-26,14.0140,14.9640,13.9260,14.1330,24560019,2022-11-26 23:59:59.999,354067310.6980,706795,12582175,181422121.2230,0
2022-11-27,14.1350,14.4280,14.0200,14.0990,14874919,2022-11-27 23:59:59.999,212181575.6770,446882,7296774,104089832.8310,0
2022-11-28,14.0970,14.1480,12.7430,13.3130,45299967,2022-11-28 23:59:59.999,601982153.6270,1184034,22680036,301298242.9530,0
2022-11-29,13.3130,13.9500,13.1150,13.3360,21645702,2022-11-29 23:59:59.999,292674417.2860,599938,10831358,146477411.2570,0
2022-11-30,13.3360,14.3000,13.1720,14.1620,26361757,2022-11-30 23:59:59.999,360077354.3760,727728,13200519,180406703.5790,0
2022-12-01,14.1630,14.1800,13.3720,13.4890,16582560,2022-12-01 23:59:59.999,227788245.3100,507978,8093308,111140847.4580,0
2022-12-02,13.4890,13.8340,13.2800,13.7030,17198822,2022-12-02 23:59:59.999,232829602.7950,488267,9027427,122238402.9320,0
2022-12-03,13.7040,13.7670,13.2000,13.2890,9401869,2022-12-03 23:59:59.999,127090396.4360,267739,4578918,61925591.0010,0
2022-12-04,13.2900,13.7490,13.2580,13.7000,7847958,2022-12-04 23:59:59.999,105910220.3960,245237,3962092,53479039.7720,0
2022-12-05,13.7000,14.1600,13.5780,13.8100,17912273,2022-12-05 23:59:59.999,248886593.2260,514446,8920377,123960069.8670,0
2022-12-06,13.8100,14.3730,13.8080,14.2810,15902230,2022-12-06 23:59:59.999,223633467.5760,451112,8113851,114126965.4810,0
2022-12-07,14.2790,14.3340,13.3800,13.4870,13093328,2022-12-07 23:59:59.999,179764352.9950,377371,6325132,86873844.6330,0
2022-12-08,13.4870,13.7640,13.2580,13.6700,10937958,2022-12-08 23:59:59.999,147757435.8440,324743,5413980,73159616.7570,0
2022-12-09,13.6710,14.0190,13.5000,13.5790,14076006,2022-12-09 23:59:59.999,193601698.1060,350665,7066745,97209842.3370,0
2022-12-10,13.5790,13.7310,13.5320,13.5600,4636762,2022-12-10 23:59:59.999,63125447.5980,144610,2270831,30919286.4860,0
2022-12-11,13.5590,13.7850,13.3700,13.4060,6175513,2022-12-11 23:59:59.999,84082687.7020,184182,2922085,39803312.7150,0
2022-12-12,13.4070,13.4880,12.7530,13.3040,12834367,2022-12-12 23:59:59.999,168611738.0240,341602,6254135,82179888.7410,0
2022-12-13,13.3080,14.1490,12.7530,13.8940,23549901,2022-12-13 23:59:59.999,319148825.8960,550560,12007137,162880822.7420,0
2022-12-14,13.8940,14.9600,13.8090,14.1200,26819296,2022-12-14 23:59:59.999,384760309.7670,679757,13663566,196061649.9550,0
2022-12-15,14.1200,14.5150,13.8700,14.0440,18368914,2022-12-15 23:59:59.999,258793210.4590,489425,9074183,127856208.9080,0
2022-12-16,14.0430,14.1690,11.9650,12.2390,30186738,2022-12-16 23:59:59.999,396393545.5530,726313,14488774,190322213.5980,0
2022-12-17,12.2390,12.5600,11.8950,12.4890,14388279,2022-12-17 23:59:59.999,176506630.8180,380738,7195360,88294912.1570,0
2022-12-18,12.4890,12.5990,12.2500,12.3690,6923437,2022-12-18 23:59:59.999,85978139.4790,224314,3419764,42473630.3390,0
2022-12-19,12.3700,12.5730,11.6510,11.9300,16473134,2022-12-19 23:59:59.999,199902803.4020,437400,7961943,96630127.5340,0
2022-12-20,11.9300,12.4750,11.8180,12.2470,12448746,2022-12-20 23:59:59.999,152506979.9000,345356,6191381,75852912.7830,0
2022-12-21,12.2480,12.2740,11.8790,12.1270,10212917,2022-12-21 23:59:59.999,123100887.3140,272035,4978299,60014531.4560,0
2022-12-22,12.1270,12.1760,11.6680,11.8140,12135907,2022-12-22 23:59:59.999,144698090.2900,309666,5648229,67351753.6580,0
2022-12-23,11.8150,12.1060,11.7080,11.7720,11031497,2022-12-23 23:59:59.999,131085668.9790,281782,5568366,66199743.3480,0
2022-12-24,11.7720,11.7820,11.0300,11.4230,20144597,2022-12-24 23:59:59.999,228708363.7950,436512,9787812,111090507.4180,0
2022-12-25,11.4230,11.5450,11.2240,11.3730,10203291,2022-12-25 23:59:59.999,116273788.5660,236295,5044144,57489080.6510,0
2022-12-26,11.3720,11.4880,11.0500,11.3250,12308275,2022-12-26 23:59:59.999,138728647.3790,272631,6173410,69595345.4130,0
2022-12-27,11.3250,11.4350,10.7000,11.0870,25583208,2022-12-27 23:59:59.999,281313103.6090,492954,12442069,136863809.9600,0
2022-12-28,11.0870,11.1280,9.3700,9.7490,59675748,2022-12-28 23:59:59.999,600364003.3550,1073419,29385330,295549066.7390,0
2022-12-29,9.7490,10.8900,7.7770,9.6140,148761380,2022-12-29 23:59:59.999,1349598578.5960,2175716,75496784,685297825.3290,0
2022-12-30,9.6140,10.3000,8.9700,9.8770,165974098,2022-12-30 23:59:59.999,1588705511.1580,2522462,84328258,807604404.3550,0
2022-12-31,9.8750,10.2000,9.6400,9.9680,56131816,2022-12-31 23:59:59.999,556414153.6400,833477,28598423,283502920.0220,0
2023-01-01,9.9680,10.0740,9.6780,9.9770,33989325,2023-01-01 23:59:59.999,336064505.1840,493733,16971679,167830261.9840,0
2023-01-02,9.9770,12.0670,9.7960,11.2590,79455204,2023-01-02 23:59:59.999,874979462.6060,1303567,41492377,456979299.7490,0
2023-01-03,11.2590,13.8790,11.0000,13.3260,172413417,2023-01-03 23:59:59.999,2150335077.9860,2682824,88552221,1104754391.0010,0
2023-01-04,13.3260,14.2000,12.8130,13.4050,157681435,2023-01-04 23:59:59.999,2131662125.5340,2634303,78134873,1056553213.4740,0
2023-01-05,13.4040,13.7810,12.9270,13.4180,69424055,2023-01-05 23:59:59.999,921854525.2220,1197148,34676158,460584821.1180,0
2023-01-06,13.4170,13.5850,12.6440,13.4830,66949448,2023-01-06 23:59:59.999,879413998.3640,1147975,33644613,442096771.9970,0
2023-01-07,13.4840,13.4900,13.0100,13.0870,19679392,2023-01-07 23:59:59.999,260404008.5830,373408,9750693,129055328.4710,0
2023-01-08,13.0860,15.4890,12.8340,14.4650,62122677,2023-01-08 23:59:59.999,846269584.7310,1041976,32807248,447784153.6750,0
2023-01-09,14.4640,17.5000,14.2560,16.2530,132229880,2023-01-09 23:59:59.999,2144978574.4500,2893365,66861508,1084502704.5210,0
2023-01-10,16.2530,16.7180,15.5670,16.1910,67695006,2023-01-10 23:59:59.999,1092517758.3440,1481440,33564022,541858542.2060,0
2023-01-11,16.1910,16.5970,15.2700,16.3550,51227004,2023-01-11 23:59:59.999,814755183.7820,1184720,25561063,406629319.0600,0
2023-01-12,16.3540,17.0000,15.4000,16.5840,68851485,2023-01-12 23:59:59.999,1121043446.1820,1655119,34412113,560536911.6530,0
2023-01-13,16.5840,18.6580,16.2370,18.2890,66433667,2023-01-13 23:59:59.999,1139567364.7760,1664605,33388667,573256586.4270,0
2023-01-14,18.2890,24.8480,18.1910,24.2830,170942988,2023-01-14 23:59:59.999,3831175596.3550,4652345,86595763,1939719224.1430,0
2023-01-15,24.2840,25.2000,22.0000,22.9030,81091714,2023-01-15 23:59:59.999,1878000598.3600,2560831,39676611,919308974.3520,0
2023-01-16,22.9030,25.1800,22.2300,23.6010,79865802,2023-01-16 23:59:59.999,1877503038.5610,2419309,39176621,921504589.6530,0
2023-01-17,23.6000,24.0000,22.6600,22.8550,53504946,2023-01-17 23:59:59.999,1252341626.6520,1648847,26349630,617014069.0990,0
2023-01-18,22.8580,23.6740,20.3100,20.8040,86133366,2023-01-18 23:59:59.999,1900250796.6570,2699838,42404000,936134834.9120,0
2023-01-19,20.8040,21.8790,20.4000,21.4080,50010159,2023-01-19 23:59:59.999,1059390337.5680,1675414,25150821,532935886.2990,0
2023-01-20,21.4080,25.8750,20.9130,25.5130,68902615,2023-01-20 23:59:59.999,1580114616.6300,2464619,35101372,805471789.8100,0
2023-01-21,25.5130,26.6870,24.2640,24.5640,74218424,2023-01-21 23:59:59.999,1876555060.5430,2911438,35992767,910526108.8270,0
2023-01-22,24.5640,25.4700,23.5000,24.1950,43837467,2023-01-22 23:59:59.999,1087528588.1310,1753350,21260568,527611680.8670,0
2023-01-23,24.1960,24.9430,23.7000,24.3470,38229814,2023-01-23 23:59:59.999,933225217.3290,1610601,18595707,454045007.6890,0
2023-01-24,24.3460,25.3000,22.1100,22.7700,40160667,2023-01-24 23:59:59.999,970484596.5120,1608816,19154185,463160811.8700,0
2023-01-25,22.7700,25.4520,22.1870,24.5340,56957881,2023-01-25 23:59:59.999,1346480710.3780,2283525,28002495,662023797.2460,0
2023-01-26,24.5350,25.2510,23.7000,24.3450,36947938,2023-01-26 23:59:59.999,906800679.3480,1527627,17945163,440606060.5940,0
2023-01-27,24.3450,24.9940,23.2420,24.4410,31719064,2023-01-27 23:59:59.999,762000202.1120,1224079,15464339,371676899.1210,0
2023-01-28,24.4410,25.3000,23.7000,24.0020,23656201,2023-01-28 23:59:59.999,574849021.3400,888535,11429004,277877033.1380,0
2023-01-29,24.0020,26.8690,23.7100,26.0900,48584074,2023-01-29 23:59:59.999,1237037149.8920,1850026,24268154,617813627.6670,0
2023-01-30,26.0900,26.3340,22.9100,23.9570,49995022,2023-01-30 23:59:59.999,1226265914.0880,1857392,23807437,583996015.8650,0
2023-01-31,23.9570,24.4940,23.4810,23.9130,30834013,2023-01-31 23:59:59.999,739308800.0740,1219724,15222991,365066908.8060,0
2023-02-01,23.9120,25.2480,22.4500,25.0110,46828526,2023-02-01 23:59:59.999,1113568780.7730,1830740,22979859,546695337.4010,0
2023-02-02,25.0140,26.1730,24.0050,24.3150,43750124,2023-02-02 23:59:59.999,1099135004.8530,1655166,21382808,537352152.5380,0
2023-02-03,24.3200,25.0720,23.9700,24.6830,29817400,2023-02-03 23:59:59.999,730539465.6190,1122446,14622756,358396056.3500,0
2023-02-04,24.6830,24.9430,24.1440,24.3180,13815432,2023-02-04 23:59:59.999,339772253.1090,514494,6652310,163641113.6350,0
2023-02-05,24.3180,24.4600,23.0000,23.4640,24775099,2023-02-05 23:59:59.999,587925820.7920,864606,11871622,281727446.5150,0
2023-02-06,23.4650,23.7170,22.4710,22.6350,24425581,2023-02-06 23:59:59.999,566029649.1590,890814,11875551,275296217.1220,0
2023-02-07,22.6370,23.9530,22.5260,23.8170,28364849,2023-02-07 23:59:59.999,658577760.5280,1014178,14247452,330910260.3220,0
2023-02-08,23.8170,24.2400,22.7810,23.2100,26132339,2023-02-08 23:59:59.999,613523458.2680,932545,12876804,302424230.1900,0
2023-02-09,23.2090,23.3450,19.9900,20.4820,43873804,2023-02-09 23:59:59.999,968879893.7280,1407433,20855570,461168017.6720,0
2023-02-10,20.4820,21.1710,19.6600,20.0880,37272262,2023-02-10 23:59:59.999,769087411.0130,1167498,18375294,379244356.1650,0
2023-02-11,20.0870,20.8880,20.0780,20.7820,14500615,2023-02-11 23:59:59.999,295809396.5240,483819,7353050,149995712.2290,0
2023-02-12,20.7830,22.5290,20.6040,21.4830,28094281,2023-02-12 23:59:59.999,601716455.5300,914727,14257197,305282123.9210,0
2023-02-13,21.4840,21.5950,19.7200,20.7480,40746850,2023-02-13 23:59:59.999,838347021.9100,1286718,20120955,414062459.2550,0
2023-02-14,20.7480,22.3730,20.6390,21.8360,47549012,2023-02-14 23:59:59.999,1021973976.1550,1433260,23691219,509427705.3830,0
2023-02-15,21.8360,23.9960,21.4430,23.8620,36721891,2023-02-15 23:59:59.999,828997881.4370,1173106,18551908,418920030.3810,0
2023-02-16,23.8620,24.1600,22.2030,22.2570,38567693,2023-02-16 23:59:59.999,904827895.1560,1246620,18906823,443715986.2660,0
2023-02-17,22.2570,23.5580,22.0240,23.1460,27049577,2023-02-17 23:59:59.999,617351212.3350,865298,13404141,305922089.9140,0
2023-02-18,23.1470,23.9420,22.9310,23.4640,16391363,2023-02-18 23:59:59.999,383544822.7120,571109,8235557,192725932.6130,0
2023-02-19,23.4640,25.6800,23.2070,24.8530,42196884,2023-02-19 23:59:59.999,1032111095.1410,1555436,20918436,511639427.1010,0
2023-02-20,24.8510,27.1500,24.1000,26.2910,58980060,2023-02-20 23:59:59.999,1539751755.5080,2297146,29256945,763770567.8410,0
2023-02-21,26.2900,26.6480,24.5000,24.9830,39633801,2023-02-21 23:59:59.999,1008255372.6420,1484037,19203005,488632301.0000,0
2023-02-22,24.9830,25.2660,23.2000,24.1450,39972526,2023-02-22 23:59:59.999,954023191.7480,1410011,19656170,469065097.9590,0
2023-02-23,24.1440,24.6850,23.5900,23.9090,25536944,2023-02-23 23:59:59.999,615871865.0770,987748,12693206,306180120.6680,0
2023-02-24,23.9090,24.1230,22.4360,23.0600,27461929,2023-02-24 23:59:59.999,640682418.6040,1006588,13317301,310787569.6300,0
2023-02-25,23.0580,23.3270,21.4000,22.3590,23679643,2023-02-25 23:59:59.999,529757447.6510,865216,11619212,260032938.8410,0
2023-02-26,22.3600,23.5200,22.2010,23.2380,17225068,2023-02-26 23:59:59.999,394207150.6240,636058,8685087,198813944.1210,0
2023-02-27,23.2380,23.4000,22.3090,22.6650,21735815,2023-02-27 23:59:59.999,497158389.8190,820177,10733165,245510253.1480,0
2023-02-28,22.6650,22.7400,21.7330,21.8750,18086846,2023-02-28 23:59:59.999,403113177.6380,687850,8779402,195701673.2010,0
2023-03-01,21.8770,22.9040,21.6390,22.4990,18165243,2023-03-01 23:59:59.999,407625212.0770,660815,9114751,204558802.9010,0
2023-03-02,22.5020,22.6560,21.6540,21.9910,15947599,2023-03-02 23:59:59.999,350663600.9640,551845,7763146,170720407.6780,0
2023-03-03,21.9910,22.0030,20.2910,21.4040,23067626,2023-03-03 23:59:59.999,486354738.2340,773450,11187101,235921611.8460,0
2023-03-04,21.4050,21.6200,20.1750,20.9770,13027430,2023-03-04 23:59:59.999,272721611.4020,460432,6389209,133786995.0170,0
2023-03-05,20.9760,21.7270,20.8210,20.9600,15735280,2023-03-05 23:59:59.999,334087140.7200,553831,7823553,166143754.8270,0
2023-03-06,20.9600,21.1800,20.4360,20.6220,16633661,2023-03-06 23:59:59.999,345902484.2440,595033,8235141,171292166.7110,0
2023-03-07,20.6210,20.9580,19.6820,20.2330,24640344,2023-03-07 23:59:59.999,500755464.2460,808567,11960301,243170110.5780,0
2023-03-08,20.2330,20.3850,18.1000,18.4130,40679810,2023-03-08 23:59:59.999,775412549.7610,1264128,19943788,380183824.6050,0
2023-03-09,18.4120,18.7730,16.6280,17.3180,48509426,2023-03-09 23:59:59.999,870259357.4670,1481862,23981248,430495446.4570,0
2023-03-10,17.3170,18.3440,15.9930,18.1500,66399108,2023-03-10 23:59:59.999,1142207538.6430,2030282,33838276,582409487.6550,0
2023-03-11,18.1510,18.8590,16.9270,18.0610,45339193,2023-03-11 23:59:59.999,804179627.7420,1480175,22896437,406142135.0830,0
2023-03-12,18.0590,20.7000,17.7000,20.1930,38551465,2023-03-12 23:59:59.999,719751989.9820,1234069,19864706,371089693.1690,0
2023-03-13,20.1930,21.4180,18.8720,20.3990,49138900,2023-03-13 23:59:59.999,983428906.9170,1702149,24566496,491780461.1140,0
2023-03-14,20.4030,22.1520,19.7580,20.8700,48954816,2023-03-14 23:59:59.999,1027574622.0420,1880632,23878739,501173357.3470,0
2023-03-15,20.8690,21.4730,18.6330,19.2400,45723600,2023-03-15 23:59:59.999,914227249.2370,1728251,22382310,447718762.7550,0
2023-03-16,19.2390,19.9100,18.8690,19.6620,28052958,2023-03-16 23:59:59.999,545030446.9740,1021933,14056650,273130422.3410,0
2023-03-17,19.6620,21.6960,19.4050,21.5980,33843261,2023-03-17 23:59:59.999,689435905.3780,1161728,17091747,348375568.5400,0
2023-03-18,21.5980,23.0000,21.0540,21.2130,36076747,2023-03-18 23:59:59.999,796520578.9020,1440102,17579256,388239357.3630,0
2023-03-19,21.2120,22.4390,21.2090,21.8640,25316113,2023-03-19 23:59:59.999,553083244.6820,904622,12517071,273436842.3760,0
2023-03-20,21.8640,23.9100,21.3340,22.1210,59603180,2023-03-20 23:59:59.999,1357075610.1640,2208131,29576001,673816554.8690,0
2023-03-21,22.1210,23.3330,21.5160,22.5260,38608173,2023-03-21 23:59:59.999,867080355.2240,1468517,19125400,429681556.2020,0
2023-03-22,22.5230,23.0940,20.9180,21.4040,35497116,2023-03-22 23:59:59.999,785698102.2490,1390568,17365769,384545357.1550,0
2023-03-23,21.4030,22.7500,21.0800,22.1570,24252890,2023-03-23 23:59:59.999,530970181.6940,868737,12240937,268072843.2720,0
2023-03-24,22.1580,22.2680,20.2600,20.6490,22809165,2023-03-24 23:59:59.999,484122023.1420,895372,10830813,229848857.0310,0
2023-03-25,20.6490,20.9660,20.0740,20.3940,12321219,2023-03-25 23:59:59.999,253504849.3080,520572,5980481,123093903.6640,0
2023-03-26,20.3950,21.1270,20.2700,20.9310,10967346,2023-03-26 23:59:59.999,228276807.9140,437996,5514456,114773479.9090,0
2023-03-27,20.9290,20.9780,19.2970,19.8870,18606757,2023-03-27 23:59:59.999,374483728.6880,711489,8890140,178966518.3400,0
2023-03-28,19.8870,20.8980,19.5950,20.4390,19176313,2023-03-28 23:59:59.999,386100608.1150,710164,9666467,194667254.4130,0
2023-03-29,20.4400,21.5500,20.4120,21.0860,17183738,2023-03-29 23:59:59.999,362280534.5930,633076,8540571,180028464.1320,0
2023-03-30,21.0870,21.6610,20.1290,20.5430,20884805,2023-03-30 23:59:59.999,433233141.9530,770159,10220590,212046678.6430,0
2023-03-31,20.5420,21.4860,20.0100,21.1610,15988378,2023-03-31 23:59:59.999,330294656.1020,619609,8050733,166367775.0700,0
2023-04-01,21.1600,21.3440,20.7300,21.0790,9427898,2023-04-01 23:59:59.999,198231354.0150,407920,4571964,96144535.8110,0
2023-04-02,21.0790,21.3060,20.2010,20.5090,10121176,2023-04-02 23:59:59.999,209857386.5320,430990,4865083,100909553.5050,0
2023-04-03,20.5090,20.9890,19.9370,20.4440,18021745,2023-04-03 23:59:59.999,367188211.0010,726090,8753954,178391700.0910,0
2023-04-04,20.4450,21.2690,20.2730,20.9050,12350855,2023-04-04 23:59:59.999,256896395.8590,529328,6193739,128866994.5260,0
2023-04-05,20.9040,21.3400,20.5320,20.9570,13247501,2023-04-05 23:59:59.999,277972414.2630,570671,6456834,135526582.3880,0
2023-04-06,20.9570,20.9870,20.3450,20.6080,9474912,2023-04-06 23:59:59.999,195855313.5220,430457,4569350,94472585.7390,0
2023-04-07,20.6090,20.7710,20.1950,20.4330,7491162,2023-04-07 23:59:59.999,153121106.8420,347051,3596987,73539499.2380,0
2023-04-08,20.4340,20.7260,19.8210,20.0250,6978247,2023-04-08 23:59:59.999,141852775.9160,317269,3204993,65200353.2490,0
2023-04-09,20.0240,20.4390,19.8470,20.2780,7294133,2023-04-09 23:59:59.999,147044586.6410,321262,3695407,74512562.8690,0
2023-04-10,20.2770,20.9500,20.0630,20.8930,9485159,2023-04-10 23:59:59.999,194127229.7510,405334,4822998,98729631.7540,0
2023-04-11,20.8920,23.7000,20.8190,22.9990,62547800,2023-04-11 23:59:59.999,1425155002.7760,2050595,31482854,717185347.5740,0
2023-04-12,22.9990,24.4920,22.3110,23.7980,92018384,2023-04-12 23:59:59.999,2169853131.3310,2834584,46040132,1085709780.9510,0
2023-04-13,23.7980,25.2900,23.6350,24.4240,47668506,2023-04-13 23:59:59.999,1161399048.0510,1596332,24034064,585555061.8380,0
2023-04-14,24.4230,25.5000,23.7250,24.7210,43015095,2023-04-14 23:59:59.999,1063509148.3200,1517247,21011175,519566507.9140,0
2023-04-15,24.7200,24.8090,23.8110,24.0570,16322630,2023-04-15 23:59:59.999,395982245.4390,649731,7827786,189916361.2990,0
2023-04-16,24.0570,25.5380,23.8240,25.3520,21337344,2023-04-16 23:59:59.999,525867017.6990,828548,10755488,265159122.3430,0
2023-04-17,25.3520,26.0670,24.3030,24.5900,37707763,2023-04-17 23:59:59.999,949202776.3850,1376989,18326977,461575864.4250,0
2023-04-18,24.5900,25.4600,24.0000,24.8290,23638577,2023-04-18 23:59:59.999,587508133.8910,917567,11542438,286936630.2300,0
2023-04-19,24.8290,24.9950,21.5170,22.6550,36346604,2023-04-19 23:59:59.999,844719411.2470,1365129,17280403,401695474.9600,0
2023-04-20,22.6540,23.1800,21.6000,22.1840,31198819,2023-04-20 23:59:59.999,699722000.7760,1256042,15292055,343151300.4450,0
2023-04-21,22.1850,22.4000,20.8090,21.2470,24671466,2023-04-21 23:59:59.999,538299714.3340,952869,12062365,263310476.5980,0
2023-04-22,21.2460,21.9900,21.0330,21.7820,11255626,2023-04-22 23:59:59.999,242479309.1590,437320,5593663,120484926.5140,0
2023-04-23,21.7830,22.2450,20.9000,21.4610,18321683,2023-04-23 23:59:59.999,396894458.5800,652168,9026171,195544068.3060,0
2023-04-24,21.4610,22.0000,20.9740,21.3730,20160519,2023-04-24 23:59:59.999,433306141.7920,728990,10048378,216021937.6830,0
2023-04-25,21.3770,21.9590,20.7140,21.9240,21620145,2023-04-25 23:59:59.999,456884819.8390,785834,10673131,225669254.5630,0
2023-04-26,21.9230,22.9770,20.2910,21.2560,34306233,2023-04-26 23:59:59.999,750525263.3340,1235393,16688933,365218593.8670,0
2023-04-27,21.2560,22.5410,21.1550,22.3260,26364203,2023-04-27 23:59:59.999,577813348.0360,968663,13233007,290058626.3550,0
2023-04-28,22.3250,23.4980,22.1350,23.3310,30014479,2023-04-28 23:59:59.999,683949691.1240,1066621,15383173,350629347.5440,0
2023-04-29,23.3300,23.9010,22.8300,23.1750,20170814,2023-04-29 23:59:59.999,470695703.0000,723974,10023932,233953486.1390,0
2023-04-30,23.1750,24.0000,22.6500,22.7290,22259641,2023-04-30 23:59:59.999,520654524.3540,779986,11062771,258842591.5260,0
2023-05-01,22.7280,22.8800,21.5060,21.9390,24319403,2023-05-01 23:59:59.999,536528015.6960,840323,11691426,257951997.0270,0
2023-05-02,21.9390,22.3700,21.7260,22.2440,15028223,2023-05-02 23:59:59.999,331350301.5500,537484,7434993,163966269.4720,0
2023-05-03,22.2430,22.2970,21.2200,22.2270,26639545,2023-05-03 23:59:59.999,576908796.9780,856668,13036501,282331235.0730,0
2023-05-04,22.2270,22.4730,21.6100,21.7260,19665254,2023-05-04 23:59:59.999,433452429.5680,586452,9674284,213227937.2550,0
2023-05-05,21.7260,23.0730,21.5000,22.8130,26338827,2023-05-05 23:59:59.999,586895627.3340,808152,13313301,296730478.1750,0
2023-05-06,22.8130,23.2330,21.5100,21.9080,22947313,2023-05-06 23:59:59.999,512121834.4890,755552,11200478,250079447.7930,0
2023-05-07,21.9090,22.7780,21.6430,21.6590,18994993,2023-05-07 23:59:59.999,422229113.0300,625866,9519631,211668669.2600,0
2023-05-08,21.6590,21.8160,19.8380,20.6150,32169380,2023-05-08 23:59:59.999,675683027.9230,1012968,15457529,324783526.7820,0
2023-05-09,20.6160,20.9810,20.3990,20.6480,17171093,2023-05-09 23:59:59.999,354509085.0720,560510,8446607,174393278.5480,0
2023-05-10,20.6490,21.2940,19.6260,20.9090,26766904,2023-05-10 23:59:59.999,557270703.7680,843981,13202791,274951654.4470,0
2023-05-11,20.9090,20.9220,19.6500,20.1630,23317958,2023-05-11 23:59:59.999,473058443.1940,753341,11469873,232716350.0060,0
2023-05-12,20.1640,20.9380,19.7900,20.8980,22564392,2023-05-12 23:59:59.999,458120716.4710,742556,11294238,229328264.0810,0
2023-05-13,20.8980,21.2900,20.7590,20.8320,13604369,2023-05-13 23:59:59.999,285596487.4100,482056,6893787,144732806.5550,0
2023-05-14,20.8320,21.2900,20.6110,20.9170,11719142,2023-05-14 23:59:59.999,245685296.4350,410710,5901497,123733518.0850,0
2023-05-15,20.9150,21.5180,20.5890,20.9710,18178687,2023-05-15 23:59:59.999,385529789.6600,595860,9209569,195378273.5280,0
2023-05-16,20.9710,21.1210,20.4270,20.6690,15031826,2023-05-16 23:59:59.999,312169478.0610,509556,7299631,151646287.4860,0
2023-05-17,20.6690,21.2000,20.4120,21.0470,19023396,2023-05-17 23:59:59.999,395456595.2240,624371,9552562,198640435.6420,0
2023-05-18,21.0480,21.0850,20.0530,20.3290,16605296,2023-05-18 23:59:59.999,342155161.7380,556180,7897770,162816601.2340,0
2023-05-19,20.3290,20.5860,20.2020,20.3430,9320281,2023-05-19 23:59:59.999,190096787.6610,321950,4687180,95611093.4640,0
2023-05-20,20.3430,20.3580,20.0580,20.2640,6611123,2023-05-20 23:59:59.999,133711283.1250,244655,3320657,67168145.3390,0
2023-05-21,20.2650,20.3890,19.3000,19.6050,12597240,2023-05-21 23:59:59.999,251280699.6700,427446,5795084,115657218.1000,0
2023-05-22,19.6040,20.0260,19.2660,19.5140,15206818,2023-05-22 23:59:59.999,299357702.9280,474893,7685822,151321711.9990,0
2023-05-23,19.5140,20.1700,19.4020,20.0240,17462447,2023-05-23 23:59:59.999,347695964.4580,496809,8771543,174648468.3390,0
2023-05-24,20.0240,20.0680,18.5300,19.2010,25178102,2023-05-24 23:59:59.999,486446573.7980,633547,12050034,232798479.5430,0
2023-05-25,19.2020,19.6150,18.7550,19.2430,14063561,2023-05-25 23:59:59.999,271155371.5790,427649,7118261,137254902.1210,0
2023-05-26,19.2440,19.5520,19.0750,19.3490,10719673,2023-05-26 23:59:59.999,207201078.1660,328805,5284936,102163529.3030,0
2023-05-27,19.3500,20.5350,19.3240,20.4150,13466105,2023-05-27 23:59:59.999,267256835.6550,427778,7020352,139349552.2030,0
2023-05-28,20.4150,21.1870,20.2790,20.7970,19929404,2023-05-28 23:59:59.999,411709828.8750,628155,10016530,206955704.8650,0
2023-05-29,20.7980,20.9710,20.2650,20.5750,14337590,2023-05-29 23:59:59.999,295600800.0920,429996,7001097,144364923.0740,0
2023-05-30,20.5750,21.3900,20.4550,21.2440,21912962,2023-05-30 23:59:59.999,461764645.8920,674891,11100459,233880511.9940,0
2023-05-31,21.2450,21.3290,20.3200,20.8090,14853305,2023-05-31 23:59:59.999,307817770.4020,475856,7172777,148639434.4440,0
2023-06-01,20.8100,20.9710,20.3920,20.4860,12617749,2023-06-01 23:59:59.999,260916231.5770,414676,6161426,127426417.1380,0
2023-06-02,20.4860,21.3780,20.2890,21.2470,14015369,2023-06-02 23:59:59.999,294857414.3550,461307,7255102,152658715.8050,0
2023-06-03,21.2460,21.3400,20.9500,21.1830,7281983,2023-06-03 23:59:59.999,153975017.5220,251645,3587599,75876022.9840,0
2023-06-04,21.1840,22.2970,21.0260,21.8140,17395573,2023-06-04 23:59:59.999,380146970.0420,596658,8957648,195713598.9380,0
2023-06-05,21.8140,22.0470,19.1140,19.9970,31641718,2023-06-05 23:59:59.999,655544637.1610,1002215,15080277,312660528.3130,0
2023-06-06,19.9970,20.6980,19.2290,20.3790,24451434,2023-06-06 23:59:59.999,488234501.0700,803831,12234984,244386777.8310,0
2023-06-07,20.3800,20.5230,18.4990,18.6270,25918025,2023-06-07 23:59:59.999,502557954.2340,832705,12330103,239148348.9340,0
2023-06-08,18.6270,19.1120,18.2120,18.8730,19402118,2023-06-08 23:59:59.999,363136133.7160,648716,9606324,179846858.2670,0
2023-06-09,18.8730,19.3780,17.0950,17.3840,40567556,2023-06-09 23:59:59.999,738702614.2320,1234998,19943025,363268959.9450,0
2023-06-10,17.3850,17.4180,12.6000,15.6050,138711365,2023-06-10 23:59:59.999,2079250134.7770,3795885,69095877,1035759459.1160,0
2023-06-11,15.6060,16.1800,15.1010,15.5340,47606751,2023-06-11 23:59:59.999,740521963.2670,1375163,23703590,368843844.7250,0
2023-06-12,15.5350,15.7030,14.7080,15.1830,46695534,2023-06-12 23:59:59.999,709668735.1040,1235525,23479687,356960067.3200,0
2023-06-13,15.1830,16.0000,14.7510,15.0250,45186127,2023-06-13 23:59:59.999,689259606.9410,1212753,22359158,341181698.8510,0
2023-06-14,15.0260,15.3720,13.9700,14.4760,38991478,2023-06-14 23:59:59.999,581027712.4220,1049480,19116979,285018317.5040,0
2023-06-15,14.4760,15.0890,14.1610,14.7660,43310113,2023-06-15 23:59:59.999,634459092.1970,1132768,21967084,321839474.1160,0
2023-06-16,14.7670,15.4750,14.3150,15.3060,31087776,2023-06-16 23:59:59.999,464200627.1350,859825,15776862,235647030.6880,0
2023-06-17,15.3070,16.2110,15.1540,15.6330,23696764,2023-06-17 23:59:59.999,372573040.5740,671086,12025332,189093364.1040,0
2023-06-18,15.6330,15.8420,15.2500,15.4300,17055510,2023-06-18 23:59:59.999,265858736.9430,502518,8429428,131431308.9780,0
2023-06-19,15.4290,16.1540,15.3200,16.1000,22693231,2023-06-19 23:59:59.999,355396883.8980,573239,11554739,181008019.2250,0
2023-06-20,16.1000,16.6820,15.7150,16.6320,30317499,2023-06-20 23:59:59.999,489257696.1400,851981,15429433,249065556.0240,0
2023-06-21,16.6320,17.3950,16.5110,17.2200,35280796,2023-06-21 23:59:59.999,596886645.5920,936612,17599809,297810907.9340,0
2023-06-22,17.2210,17.7370,16.5380,16.6200,27449030,2023-06-22 23:59:59.999,469219060.3030,782190,13392426,228974160.6760,0
2023-06-23,16.6190,17.5260,16.1290,17.1290,33350114,2023-06-23 23:59:59.999,561016793.4640,872092,16825874,283093907.3010,0
2023-06-24,17.1290,17.5350,16.3200,16.6340,23297568,2023-06-24 23:59:59.999,395813127.5900,689693,11283472,191783757.6400,0
2023-06-25,16.6330,17.3760,16.5550,16.9470,22922844,2023-06-25 23:59:59.999,390409019.5640,677631,11292062,192336480.3290,0
2023-06-26,16.9490,17.1150,15.8880,16.2640,26130622,2023-06-26 23:59:59.999,433815351.3240,730353,12648427,210081903.2180,0
2023-06-27,16.2650,16.9380,16.1210,16.6210,22566923,2023-06-27 23:59:59.999,374190069.4500,646010,11143964,184792747.7270,0
2023-06-28,16.6240,16.6490,15.4730,15.9670,30394269,2023-06-28 23:59:59.999,490824036.8340,856132,14762463,238455214.7350,0
2023-06-29,15.9680,18.2830,15.8570,17.9880,68517446,2023-06-29 23:59:59.999,1197950035.7720,1824078,34644674,605491169.6270,0
2023-06-30,17.9880,20.0380,16.9910,18.8580,94035375,2023-06-30 23:59:59.999,1756450186.0240,2644415,46858893,875465610.3810,0
2023-07-01,18.8580,19.0080,17.9000,18.6770,28671141,2023-07-01 23:59:59.999,526707422.8760,843877,14044686,258028484.4610,0
2023-07-02,18.6760,19.7500,18.4340,19.4530,44007609,2023-07-02 23:59:59.999,841439970.4250,1349413,21964561,420089860.3560,0
2023-07-03,19.4540,19.6580,18.8500,19.2510,26756614,2023-07-03 23:59:59.999,515435760.6340,790331,12897936,248500383.4410,0
2023-07-04,19.2520,19.9500,19.0500,19.1300,28737640,2023-07-04 23:59:59.999,558738928.5330,796378,14287187,277853992.6530,0
2023-07-05,19.1300,19.3750,18.1510,18.9810,23500997,2023-07-05 23:59:59.999,443166107.3390,662154,11458650,216125302.2530,0
2023-07-06,18.9820,20.9800,18.8030,19.5920,81649408,2023-07-06 23:59:59.999,1627402730.7500,2246807,40771363,812614193.4340,0
2023-07-07,19.5920,21.9820,19.2590,21.4840,93134662,2023-07-07 23:59:59.999,1923672592.6510,2561717,46902324,969244491.6200,0
2023-07-08,21.4850,22.4680,21.3150,21.8070,69899997,2023-07-08 23:59:59.999,1526647494.8180,2048174,35645354,778750358.5020,0
2023-07-09,21.8070,22.3920,21.0000,21.3140,41490413,2023-07-09 23:59:59.999,896303986.5310,1186214,20526703,443633246.7240,0
2023-07-10,21.3150,21.7880,20.4340,21.2860,50763248,2023-07-10 23:59:59.999,1069349096.4120,1435878,25354518,534197914.6250,0
2023-07-11,21.2860,22.3800,21.1870,22.0500,48596964,2023-07-11 23:59:59.999,1067017727.5760,1389712,24646248,541246885.8680,0
2023-07-12,22.0490,23.0590,21.7380,21.9280,46746819,2023-07-12 23:59:59.999,1039091795.2220,1337724,23577918,524268648.7880,0
2023-07-13,21.9280,26.8870,21.3490,26.0180,98440251,2023-07-13 23:59:59.999,2375224310.1830,2902750,50193207,1210985752.0680,0
2023-07-14,26.0180,33.5790,25.2200,26.6710,113270586,2023-07-14 23:59:59.999,3166639425.5340,4316664,56461353,1579532357.8000,0
2023-07-15,26.6700,29.1110,26.4240,27.4590,71330112,2023-07-15 23:59:59.999,1993719407.2730,2650136,35338112,987522885.6250,0
2023-07-16,27.4600,28.7080,26.3790,27.4040,47019721,2023-07-16 23:59:59.999,1303538768.4380,1701451,23512544,652099469.5540,0
2023-07-17,27.4030,28.4880,25.5000,26.7900,59543632,2023-07-17 23:59:59.999,1609251224.7840,2080570,29113704,787156275.0230,0
2023-07-18,26.7900,27.0980,24.7510,25.5440,53170948,2023-07-18 23:59:59.999,1361547406.2820,1749643,25867829,662391016.4610,0
2023-07-19,25.5430,26.9840,25.3400,26.2980,46260988,2023-07-19 23:59:59.999,1217709362.4490,1573536,23037445,606476004.2740,0
2023-07-20,26.3000,27.3860,25.0000,25.3650,41224879,2023-07-20 23:59:59.999,1083264609.1920,1445213,20279516,533249770.9130,0
2023-07-21,25.3650,25.9960,25.0290,25.4930,31628377,2023-07-21 23:59:59.999,804816147.9860,1009533,15611062,397257395.3330,0
2023-07-22,25.4940,25.9650,23.9500,24.5120,22403777,2023-07-22 23:59:59.999,567493171.6490,776337,10775469,273189039.4610,0
2023-07-23,24.5120,25.2490,24.1280,24.7520,20529015,2023-07-23 23:59:59.999,507779976.7140,704693,10132767,250645093.2080,0
2023-07-24,24.7520,24.8320,22.7600,23.3540,33135170,2023-07-24 23:59:59.999,784957837.7810,1120417,15906023,376776283.8110,0
2023-07-25,23.3530,23.5800,22.7000,23.2640,24859160,2023-07-25 23:59:59.999,577286263.1170,748007,12259243,284702056.3590,0
2023-07-26,23.2640,25.7220,23.1580,25.1630,52072448,2023-07-26 23:59:59.999,1277847114.4260,1704047,26207236,643291918.0360,0
2023-07-27,25.1640,25.6540,24.6500,25.0800,40162043,2023-07-27 23:59:59.999,1010481840.4120,1234484,19859894,499760990.3680,0
2023-07-28,25.0790,25.5550,24.5180,24.7980,27261834,2023-07-28 23:59:59.999,680982793.0750,839251,13582780,339320434.8110,0
2023-07-29,24.7990,25.3780,24.7240,25.1590,16205230,2023-07-29 23:59:59.999,406836184.6900,499597,7968757,200059379.3820,0
2023-07-30,25.1590,25.2000,23.3960,24.2360,23078472,2023-07-30 23:59:59.999,567683200.9140,688984,11065690,272294779.4290,0
2023-07-31,24.2360,24.7690,23.5000,23.7160,25697469,2023-07-31 23:59:59.999,621561769.8390,740447,12487287,302072301.1040,0
2023-08-01,23.7170,24.0700,22.6000,24.0450,30176764,2023-08-01 23:59:59.999,707233713.0480,887449,14756208,345998971.1510,0
2023-08-02,24.0450,24.2760,22.7430,23.1350,28724668,2023-08-02 23:59:59.999,674149465.3570,803298,13943754,327347154.9440,0
2023-08-03,23.1350,23.3860,22.4020,22.6340,29253560,2023-08-03 23:59:59.999,668460016.6150,749091,14444556,330106179.8320,0
2023-08-04,22.6340,23.5500,22.4320,22.7920,32929242,2023-08-04 23:59:59.999,756920434.7040,874780,16199440,372451212.7320,0
2023-08-05,22.7910,22.9340,22.1700,22.6410,18328186,2023-08-05 23:59:59.999,414783443.0370,523204,8906053,201614536.4700,0
2023-08-06,22.6420,23.4700,22.5700,23.1820,20946976,2023-08-06 23:59:59.999,483569514.5780,598749,10513982,242732701.1430,0
2023-08-07,23.1830,23.6710,22.2500,23.1080,26407905,2023-08-07 23:59:59.999,606612707.6520,735613,13024878,299232578.7790,0
2023-08-08,23.1070,24.7870,23.0070,24.2050,38218031,2023-08-08 23:59:59.999,911774666.7680,1025505,19310097,460729381.6480,0
2023-08-09,24.2050,24.9900,24.0920,24.3750,31577270,2023-08-09 23:59:59.999,775363299.1240,938730,15791293,387847651.9400,0
2023-08-10,24.3740,24.8850,24.1210,24.6140,22457919,2023-08-10 23:59:59.999,550046348.1890,656922,11316051,277174498.7700,0
2023-08-11,24.6150,24.9320,24.3400,24.6130,20806501,2023-08-11 23:59:59.999,511916036.5480,573618,10334373,254273093.5110,0
2023-08-12,24.6130,25.3000,24.3830,24.9020,14310516,2023-08-12 23:59:59.999,353348381.0740,408883,7364312,181876338.8490,0
2023-08-13,24.9030,24.9440,24.2070,24.2160,15293337,2023-08-13 23:59:59.999,376298466.4960,435991,7407599,182285481.5770,0
2023-08-14,24.2170,25.2900,24.0440,25.1750,25166315,2023-08-14 23:59:59.999,621634866.0870,719393,12633663,312135611.8320,0
2023-08-15,25.1760,25.5000,23.4770,23.8890,30969713,2023-08-15 23:59:59.999,762069990.9180,860941,15208241,374349774.5000,0
2023-08-16,23.8880,24.0120,22.3000,22.8110,35746455,2023-08-16 23:59:59.999,830544510.9620,1042041,17345897,403078315.5640,0
2023-08-17,22.8120,23.4260,19.6300,21.6610,51183716,2023-08-17 23:59:59.999,1149603021.4390,1546207,24810408,557614216.2610,0
2023-08-18,21.6640,22.1880,20.8110,21.3360,34373493,2023-08-18 23:59:59.999,743826177.3720,1010500,16857644,364847468.2070,0
2023-08-19,21.3350,22.1700,21.2760,21.8800,17552902,2023-08-19 23:59:59.999,381348276.7380,538028,8798794,191178349.1950,0
2023-08-20,21.8800,22.0160,21.5120,21.7600,13065079,2023-08-20 23:59:59.999,284724191.6160,410394,6373493,138913337.5490,0
2023-08-21,21.7620,21.7670,20.2000,21.1870,28352827,2023-08-21 23:59:59.999,599741936.3970,796025,13700026,289877434.4150,0
2023-08-22,21.1860,21.2630,19.2000,20.5720,33450153,2023-08-22 23:59:59.999,685580689.0990,893347,16309595,334433092.2820,0
2023-08-23,20.5710,21.8210,20.2830,21.7170,30818080,2023-08-23 23:59:59.999,647566165.0960,892206,15671247,329458685.9420,0
2023-08-24,21.7180,21.9990,20.6520,21.0390,26892913,2023-08-24 23:59:59.999,574097366.3450,775041,13185091,281489375.2110,0
2023-08-25,21.0390,21.0430,20.0770,20.4090,26177798,2023-08-25 23:59:59.999,537352230.9940,745134,12994881,266762905.3050,0
2023-08-26,20.4080,20.4340,20.1730,20.2720,10279045,2023-08-26 23:59:59.999,208570191.0820,319858,5057049,102610202.4920,0
2023-08-27,20.2730,20.9160,20.2320,20.7790,14307976,2023-08-27 23:59:59.999,294785309.0910,437325,7193020,148196202.4270,0
2023-08-28,20.7780,20.7850,20.0050,20.5490,21062628,2023-08-28 23:59:59.999,431022063.5680,587215,10372359,212287460.7710,0
2023-08-29,20.5490,22.0630,20.1000,21.7720,41350423,2023-08-29 23:59:59.999,876820798.4240,1081840,20787293,440998248.7540,0
2023-08-30,21.7720,21.9880,20.5780,20.8070,24341151,2023-08-30 23:59:59.999,516063005.7570,692691,11891216,252135596.6530,0
2023-08-31,20.8070,21.0920,19.3560,19.7200,29702728,2023-08-31 23:59:59.999,600730634.3590,800853,14303340,289425673.7300,0
2023-09-01,19.7210,19.9250,19.0090,19.3150,25540447,2023-09-01 23:59:59.999,497915975.9160,679518,12652743,246681439.6450,0
2023-09-02,19.3160,19.7000,19.1140,19.4800,14319110,2023-09-02 23:59:59.999,278673520.1440,439263,7079395,137774890.3810,0
2023-09-03,19.4810,19.6500,19.2100,19.5550,10800734,2023-09-03 23:59:59.999,210120074.3310,359483,5335935,103822167.7070,0
2023-09-04,19.5540,20.0350,19.1380,19.5140,19281445,2023-09-04 23:59:59.999,377385352.1490,550009,9581455,187571408.6800,0
2023-09-05,19.5140,20.6000,19.0180,20.2570,37150533,2023-09-05 23:59:59.999,738844816.1630,968861,18568306,369216376.2520,0
2023-09-06,20.2570,20.3800,19.1000,19.6200,32343010,2023-09-06 23:59:59.999,635723984.1780,841032,15869650,311952914.0360,0
2023-09-07,19.6190,19.9920,19.3120,19.9000,22487074,2023-09-07 23:59:59.999,441744239.9630,559174,11330704,222629833.8460,0
2023-09-08,19.9010,20.2800,19.3410,19.5960,20282172,2023-09-08 23:59:59.999,399771126.1480,558078,10046902,198008114.0520,0
2023-09-09,19.5970,19.5990,19.3520,19.4250,8326344,2023-09-09 23:59:59.999,162295992.7130,254466,4071085,79358027.7040,0
2023-09-10,19.4250,19.4260,17.7330,18.2190,51853103,2023-09-10 23:59:59.999,951172732.9000,1317383,25213061,462334876.0700,0
2023-09-11,18.2200,18.4440,17.3200,17.7150,60716240,2023-09-11 23:59:59.999,1079984186.2300,1414724,30465437,541964153.8020,0
2023-09-12,17.7160,18.8400,17.5540,17.9040,57573091,2023-09-12 23:59:59.999,1041021946.4790,1320954,29519065,533933433.2190,0
2023-09-13,17.9030,18.5990,17.6760,18.3890,57221737,2023-09-13 23:59:59.999,1037987045.8460,1332257,28844437,523377337.9950,0
2023-09-14,18.3900,19.3350,18.3720,18.8350,49070641,2023-09-14 23:59:59.999,926857384.2680,1280561,24979216,471837280.8720,0
2023-09-15,18.8350,19.4950,18.5430,19.1360,29725596,2023-09-15 23:59:59.999,564217059.9310,733284,15112537,286941201.2940,0
2023-09-16,19.1370,19.4590,18.8460,19.1120,19285849,2023-09-16 23:59:59.999,368826674.7970,517850,9618160,183968218.0990,0
2023-09-17,19.1110,19.1260,18.6000,18.7980,15725521,2023-09-17 23:59:59.999,297139476.5010,406087,7643387,144430222.6730,0
2023-09-18,18.7990,20.1500,18.5600,19.6280,42760004,2023-09-18 23:59:59.999,834328552.8140,1087255,21600224,421423143.2510,0
2023-09-19,19.6270,20.4440,19.5530,20.0190,29645789,2023-09-19 23:59:59.999,592882157.7200,907987,14899054,298018126.0900,0
2023-09-20,20.0180,20.5470,19.7760,20.2780,30805255,2023-09-20 23:59:59.999,619843488.2400,833424,15405689,310035766.1860,0
2023-09-21,20.2770,20.2880,19.2730,19.4420,26396483,2023-09-21 23:59:59.999,519528099.3140,688752,12948611,254896752.0940,0
2023-09-22,19.4430,19.8040,19.1300,19.4170,20352103,2023-09-22 23:59:59.999,396839060.0840,526383,10279909,200480315.2090,0
2023-09-23,19.4160,19.5760,19.2740,19.4720,10660145,2023-09-23 23:59:59.999,207072720.8820,304964,5277035,102502928.0740,0
2023-09-24,19.4720,19.6710,19.1700,19.3510,13664134,2023-09-24 23:59:59.999,266543525.3780,365665,6904324,134699272.8290,0
2023-09-25,19.3500,19.7300,19.0580,19.3810,18576003,2023-09-25 23:59:59.999,361752878.4090,464734,9388528,182884080.5650,0
2023-09-26,19.3800,19.5210,18.8120,19.0160,17600640,2023-09-26 23:59:59.999,338728937.4010,431842,8650629,166545182.6660,0
2023-09-27,19.0160,19.4740,18.7160,19.1200,23641492,2023-09-27 23:59:59.999,451195233.2120,548276,11860312,226422325.9940,0
2023-09-28,19.1200,19.9820,19.0850,19.9480,21507958,2023-09-28 23:59:59.999,418116534.9840,553052,11028903,214438068.8250,0
2023-09-29,19.9480,20.4570,19.8310,20.2600,23548560,2023-09-29 23:59:59.999,475258539.5740,595441,11728529,236717015.3890,0
2023-09-30,20.2590,21.7970,20.0550,21.3480,33519444,2023-09-30 23:59:59.999,705647581.0680,816320,16980813,357369316.7680,0
2023-10-01,21.3470,24.5060,21.1180,23.8730,59267947,2023-10-01 23:59:59.999,1358234794.0180,1560835,30517220,698794170.2330,0
2023-10-02,23.8730,24.8300,22.8260,23.3660,67458697,2023-10-02 23:59:59.999,1612967960.7130,1663171,33484732,800848388.0120,0
2023-10-03,23.3660,24.7770,23.1650,23.5940,61010682,2023-10-03 23:59:59.999,1461439967.5020,1579981,30609615,733420984.8550,0
2023-10-04,23.5950,23.8500,22.5430,23.1060,50019138,2023-10-04 23:59:59.999,1157952415.3510,1280717,25055731,580229115.3610,0
2023-10-05,23.1060,23.7500,22.4830,22.6820,41702522,2023-10-05 23:59:59.999,961915959.4930,1073265,20872931,481565367.9530,0
2023-10-06,22.6810,23.7800,22.6480,23.3910,41404412,2023-10-06 23:59:59.999,962256722.1980,1093577,21074790,489873573.9780,0
2023-10-07,23.3910,24.2080,23.0640,23.2790,25241378,2023-10-07 23:59:59.999,593892197.6680,741083,12519382,294624148.9640,0
2023-10-08,23.2790,23.6420,23.0460,23.2040,21066172,2023-10-08 23:59:59.999,491670519.3330,607709,10408354,242951897.9930,0
2023-10-09,23.2040,23.3640,21.5000,22.0770,36992649,2023-10-09 23:59:59.999,829201151.3530,1006683,18094985,405561359.9710,0
2023-10-10,22.0780,22.4770,21.6760,22.1070,26416053,2023-10-10 23:59:59.999,583356092.8350,719571,13175613,290986846.3160,0
2023-10-11,22.1060,22.4000,21.6120,21.9980,30822295,2023-10-11 23:59:59.999,679457253.1860,802191,15380611,339148521.3340,0
2023-10-12,21.9980,22.0450,20.8200,21.2740,29413394,2023-10-12 23:59:59.999,629267410.8410,747134,14149889,302747577.2880,0
2023-10-13,21.2740,22.1960,21.1030,21.8290,23713665,2023-10-13 23:59:59.999,512140597.7960,678075,12129026,261977547.2370,0
2023-10-14,21.8280,22.3680,21.7800,21.9830,15722742,2023-10-14 23:59:59.999,345839812.7910,456093,7847214,172633305.3300,0
2023-10-15,21.9820,22.1710,21.6400,21.9180,15610468,2023-10-15 23:59:59.999,341773332.5220,453535,7770649,170153346.6380,0
2023-10-16,21.9180,25.0480,21.8760,23.9390,57886017,2023-10-16 23:59:59.999,1352444122.7000,1564437,29645026,692599044.6660,0
2023-10-17,23.9390,24.5660,23.3800,23.9300,44618234,2023-10-17 23:59:59.999,1072319246.1790,1229501,22438817,539445968.2110,0
2023-10-18,23.9300,24.4330,23.3450,23.4080,28370163,2023-10-18 23:59:59.999,676626772.2720,819489,14078933,335873615.5780,0
2023-10-19,23.4080,25.9630,23.0680,24.9100,49595775,2023-10-19 23:59:59.999,1214922745.7560,1419826,25397257,622267943.9240,0
2023-10-20,24.9090,27.5200,24.7120,27.0100,69752205,2023-10-20 23:59:59.999,1849481151.9100,1972589,35942349,952947874.0750,0
2023-10-21,27.0100,30.3680,26.6280,29.3120,72105466,2023-10-21 23:59:59.999,2073857924.0340,2337584,36949917,1062582072.5390,0
2023-10-22,29.3120,29.9950,27.9100,29.0310,44413942,2023-10-22 23:59:59.999,1286003384.9370,1513413,22138184,641195194.4740,0
2023-10-23,29.0300,32.9290,28.7200,31.9020,92027939,2023-10-23 23:59:59.999,2782270963.9970,3202715,46246934,1398830520.8350,0
2023-10-24,31.9020,32.6220,29.4540,30.1570,75311731,2023-10-24 23:59:59.999,2352860508.3110,2998618,37236768,1163682893.3400,0
2023-10-25,30.1570,33.9600,29.9720,32.4460,63044534,2023-10-25 23:59:59.999,2036331997.3470,3013632,31697830,1024058474.7270,0
2023-10-26,32.4450,33.2880,30.7120,32.7700,46693851,2023-10-26 23:59:59.999,1495340201.0030,2166650,22935915,734518464.5660,0
2023-10-27,32.7710,33.4220,31.0500,31.7390,41526306,2023-10-27 23:59:59.999,1342913840.1280,1965253,20395014,659810258.8220,0
2023-10-28,31.7390,32.5320,31.2980,31.6140,18714282,2023-10-28 23:59:59.999,598516281.0560,853165,9149328,292698560.9390,0
2023-10-29,31.6150,33.2000,31.2380,32.8260,21937285,2023-10-29 23:59:59.999,710126824.3950,1009512,10999775,356126395.4780,0
2023-10-30,32.8280,35.4090,32.2560,34.9580,39343996,2023-10-30 23:59:59.999,1347145479.9340,1896987,19965545,683785367.6340,0
2023-10-31,34.9580,38.6190,34.8320,38.3720,51827939,2023-10-31 23:59:59.999,1885858489.8430,2520840,26586323,967948622.9290,0
2023-11-01,38.3730,46.8000,37.7590,41.2040,128999836,2023-11-01 23:59:59.999,5312567511.3270,6554793,64628756,2662937027.4680,0
2023-11-02,41.2030,44.5590,38.6460,40.2510,93896013,2023-11-02 23:59:59.999,3914225130.2950,4703770,46394560,1934343007.7360,0
2023-11-03,40.2480,40.3150,37.9170,39.4970,60242220,2023-11-03 23:59:59.999,2354990965.5070,2962822,29902147,1169395875.5600,0
2023-11-04,39.4970,42.7850,39.0350,42.4220,41620866,2023-11-04 23:59:59.999,1722886849.2840,2196841,20635256,854186124.0510,0
2023-11-05,42.4220,42.8960,40,41.1670,27154611,2023-11-05 23:59:59.999,1126256881.8620,1456937,13051185,541544991.1970,0
2023-11-06,41.1670,42.2410,39.6560,42.1810,30320575,2023-11-06 23:59:59.999,1230762608.5460,1591365,14723571,597877511.8920,0
2023-11-07,42.1800,45,40.0870,42.9760,53089394,2023-11-07 23:59:59.999,2242427731.4420,2808578,26281173,1110895737.1230,0
2023-11-08,42.9760,43.9130,42.2700,43.1420,29049408,2023-11-08 23:59:59.999,1252652663.6100,1575810,14116192,608848456.4560,0
2023-11-09,43.1380,49,40.9120,45.3050,78924104,2023-11-09 23:59:59.999,3596384464.9740,3847720,38907967,1774446566.4600,0
2023-11-10,45.3050,57.5730,45.0550,56.6790,79240437,2023-11-10 23:59:59.999,4033379572.1990,4890131,39758240,2024956644.5840,0
2023-11-11,56.6790,64.0360,53.5380,56.4090,92327880,2023-11-11 23:59:59.999,5374392642.5160,6301798,45500459,2649562074.9230,0
2023-11-12,56.4090,61.9430,54.4800,56.3150,60960749,2023-11-12 23:59:59.999,3537448710.4680,4715418,29664070,1721491274.6490,0
2023-11-13,56.3150,59.9590,51.5540,51.6620,68959890,2023-11-13 23:59:59.999,3870034753.3780,4972840,33448389,1878468118.9540,0
2023-11-14,51.6610,58.1910,51.1660,56.8490,67282542,2023-11-14 23:59:59.999,3689371085.5050,4836015,33097760,1815755070.1440,0
2023-11-15,56.8420,67.2280,56.1600,65.5060,64787365,2023-11-15 23:59:59.999,4009528121.0120,4963988,32737200,2026859005.6240,0
2023-11-16,65.5060,68.3560,56.4000,57.8420,66625919,2023-11-16 23:59:59.999,4191880623.3460,5269861,32353876,2036867101.6160,0
2023-11-17,57.8420,60.6180,54.0930,58.4900,57680465,2023-11-17 23:59:59.999,3327328329.0960,4408484,28142832,1623735088.1940,0
2023-11-18,58.4980,59.4000,54.7000,58.5810,35164566,2023-11-18 23:59:59.999,2018459560.8510,2650582,17254007,990722614.6220,0
2023-11-19,58.5810,62.1510,56.5760,61.0990,35510319,2023-11-19 23:59:59.999,2128896662.2030,2594931,17691725,1060616112.4790,0
2023-11-20,61.0990,61.3580,55.9610,56.6030,42246854,2023-11-20 23:59:59.999,2487953681.9100,2951882,20442418,1204339601.1750,0
2023-11-21,56.6030,57.4110,51.2000,51.6820,54102492,2023-11-21 23:59:59.999,2959068692.3360,3870083,26611204,1456258096.3310,0
2023-11-22,51.6840,58.9230,51.4790,57.5790,36385358,2023-11-22 23:59:59.999,2016123471.4500,2425628,18305990,1014188692.2030,0
2023-11-23,57.5750,59.6880,56.1210,56.5370,28977898,2023-11-23 23:59:59.999,1671040805.6850,1984309,14158002,816621728.3560,0
2023-11-24,56.5390,58.8400,56.1960,56.8690,23562196,2023-11-24 23:59:59.999,1357558047.6200,1642505,11679979,673045320.1660,0
2023-11-25,56.8690,59.8690,55.6300,58.8300,21994291,2023-11-25 23:59:59.999,1285781111.0690,1492867,10940423,639844350.9680,0
2023-11-26,58.8300,59.0640,56.1000,57.5930,19194071,2023-11-26 23:59:59.999,1106335621.3800,1295029,9492857,547268774.6900,0
2023-11-27,57.5930,58.1100,53.4120,55.0300,28787690,2023-11-27 23:59:59.999,1591700986.9180,1876063,13900929,768737588.5730,0
2023-11-28,55.0300,58.6700,53.9230,58.1830,28476261,2023-11-28 23:59:59.999,1605329671.3440,1791381,14201722,800661302.5850,0
2023-11-29,58.1840,61.7990,57.7440,59.3240,34572769,2023-11-29 23:59:59.999,2070136566.6450,2291975,17275808,1034497963.5650,0
2023-11-30,59.3240,61.7620,58.7380,59.3090,26126998,2023-11-30 23:59:59.999,1567025717.0890,1838545,13008193,780355645.2000,0
2023-12-01,59.3090,61.9370,58.5850,59.7500,28582330,2023-12-01 23:59:59.999,1730472334.0720,1765626,14216906,861003203.4380,0
2023-12-02,59.7490,63.9540,59.6700,63.6840,25070948,2023-12-02 23:59:59.999,1556209243.5470,1464011,12781319,793378061.2170,0
2023-12-03,63.6840,65.6220,62.2340,63.0150,24796411,2023-12-03 23:59:59.999,1579060258.0700,1419991,12150437,773831532.1000,0
2023-12-04,63.0200,65.3400,59,61.6710,36503268,2023-12-04 23:59:59.999,2278288979.1810,2216097,17650966,1101759409.3690,0
2023-12-05,61.6710,62.6610,59.1040,61.0610,29147610,2023-12-05 23:59:59.999,1769448911.5550,1838719,14207295,862781804,0
2023-12-06,61.0580,66.7970,61.0480,61.8780,46533462,2023-12-06 23:59:59.999,2963315502.9610,3106342,22859213,1456020597.4150,0
2023-12-07,61.8780,69.5460,61.6570,67.8060,42616421,2023-12-07 23:59:59.999,2774061455.0240,2919086,21336477,1389460451.0730,0
2023-12-08,67.8070,75.4600,67.8060,74.9800,43934782,2023-12-08 23:59:59.999,3166430223.1410,3162273,22015820,1586930696.8770,0
2023-12-09,74.9790,77.8790,71.4720,72.3680,35549685,2023-12-09 23:59:59.999,2674281736.7490,2539758,17333299,1304377201.6900,0
2023-12-10,72.3700,74.9610,70.7280,74.9070,23789917,2023-12-10 23:59:59.999,1736343648.5940,1765538,11801663,861467299.5950,0
2023-12-11,74.9040,75.0240,63.5010,70.2860,49937701,2023-12-11 23:59:59.999,3470107802,3594211,24168534,1679922501.7010,0
2023-12-12,70.2820,72.4790,65.7890,68.6440,31474825,2023-12-12 23:59:59.999,2191222766.8890,2362572,15391894,1071958174.6700,0
2023-12-13,68.6350,72.6660,63.6400,70.6680,31564908,2023-12-13 23:59:59.999,2135279555.4580,2413596,15194807,1028736786.7720,0
2023-12-14,70.6690,76.3150,67,75.7510,32617464,2023-12-14 23:59:59.999,2362090365.8850,2397063,16297897,1181239186.0520,0
2023-12-15,75.7510,79.6790,72.1660,72.5520,35683703,2023-12-15 23:59:59.999,2717438061.6840,2719336,17733808,1351115729.7260,0
2023-12-16,72.5580,77.2400,71.2200,73.7370,21559021,2023-12-16 23:59:59.999,1607075724.6090,1718193,10568989,788166787.6520,0
2023-12-17,73.7360,75.1490,70.5510,70.9020,21020260,2023-12-17 23:59:59.999,1533712101.1220,1703227,10138651,739994051.3870,0
2023-12-18,70.9020,75.5150,66.8510,74.4290,30396194,2023-12-18 23:59:59.999,2145130119.8140,2522604,14902554,1052247236.1140,0
2023-12-19,74.4280,76.3840,71.8000,73.0400,24638427,2023-12-19 23:59:59.999,1832596478.5600,2096461,12179894,906258170.3020,0
2023-12-20,73.0300,84.1900,72.9820,82.2430,42091362,2023-12-20 23:59:59.999,3322490086.5000,3762888,21436345,1691898245.9300,0
2023-12-21,82.2430,95.8170,81.0500,93.9270,46777766,2023-12-21 23:59:59.999,4140742197.8990,4826409,23674911,2096931759.1040,0
2023-12-22,93.9290,99.7330,90.5120,97.9620,47249988,2023-12-22 23:59:59.999,4511664714.6950,5118326,23379512,2232866208.7860,0
2023-12-23,97.9620,110.3880,92.8800,107.9650,37733610,2023-12-23 23:59:59.999,3775177220.7070,3788214,19371550,1941455409.3370,0
2023-12-24,107.9660,118.7000,107.3500,112.5710,55154913,2023-12-24 23:59:59.999,6220563504.9280,5990983,27151111,3062850077.9270,0
2023-12-25,112.5720,126.9380,108.0000,120.9420,48279195,2023-12-25 23:59:59.999,5675387118.6780,5713470,24009602,2823650934.2150,0
2023-12-26,120.9470,121.4570,102.3300,112.5430,52112269,2023-12-26 23:59:59.999,5840420473.6940,5612273,25166360,2821426473.0140,0
2023-12-27,112.5330,115.5000,104.8320,107.0950,39570935,2023-12-27 23:59:59.999,4350174118.6130,4606527,19385166,2131633309.1570,0
2023-12-28,107.0890,109.8260,97.3200,101.9130,44966162,2023-12-28 23:59:59.999,4603299026.0260,5358090,22056566,2258582541.1270,0
2023-12-29,101.9140,110.1980,99.5140,106.2250,41688164,2023-12-29 23:59:59.999,4411633771.3630,5008659,20506235,2170681607.0280,0
2023-12-30,106.2350,107.6510,100.6980,101.9710,20780463,2023-12-30 23:59:59.999,2150722565.8540,2364499,10011793,1036413630.8010,0
2023-12-31,101.9740,105.3380,99.6350,101.7780,18960751,2023-12-31 23:59:59.999,1951400777.0980,2079695,9190839,946185501.8960,0
2024-01-01,101.7750,110.0780,101.5300,110.0470,18991982,2024-01-01 23:59:59.999,2000264851.6740,2192910,9496320,1000463919.0390,0
2024-01-02,110.0540,117.1000,106.1000,106.8300,35086492,2024-01-02 23:59:59.999,3916016801.0380,4346805,17016171,1899321847.9550,0
2024-01-03,106.8280,109.9500,83.5100,98.5190,54004295,2024-01-03 23:59:59.999,5420413587.3910,5701139,25537577,2567622853.9610,0
2024-01-04,98.5190,108.3000,96.5880,104.9750,29071370,2024-01-04 23:59:59.999,2961665552.8030,3393276,14273606,1454769306.5910,0
2024-01-05,104.9610,105.5460,95.0000,99.8740,29424332,2024-01-05 23:59:59.999,2939589836.7540,3588341,14082312,1407401380.3280,0
2024-01-06,99.8740,100.2770,91.3980,93.7990,24620579,2024-01-06 23:59:59.999,2340656577.2440,2671221,12033550,1144391708.6250,0
2024-01-07,93.7980,96.7640,87.5000,89.4140,25163821,2024-01-07 23:59:59.999,2346746941.6080,2694697,12160960,1134920477.1460,0
2024-01-08,89.4140,99.9150,85.1000,97.9010,40881349,2024-01-08 23:59:59.999,3804836832.7920,4609026,19977638,1859870445.9960,0
2024-01-09,97.9000,108.0000,95.2570,99.3470,45818730,2024-01-09 23:59:59.999,4575056371.2380,5414329,22505012,2248304260.8760,0
2024-01-10,99.3470,105.5800,92.1220,102.0630,39490104,2024-01-10 23:59:59.999,3850020241.4230,5255820,19300008,1882387055.6210,0
2024-01-11,102.0670,107.3410,97.6000,99.9280,38090107,2024-01-11 23:59:59.999,3887536714.5930,4772639,18491450,1887744743.2070,0
2024-01-12,99.9270,100.5340,85.8000,92.1530,30999486,2024-01-12 23:59:59.999,2961483416.1100,3736083,14380698,1376170152.5700,0
2024-01-13,92.1480,97.0680,89.5000,95.8360,18417475,2024-01-13 23:59:59.999,1713689924.9390,2190149,8970313,834771986.9360,0
2024-01-14,95.8360,102.9490,93.5990,93.8300,26381615,2024-01-14 23:59:59.999,2580167646.2310,2897039,13099351,1281463252.4050,0
2024-01-15,93.8290,97.0000,93.0000,94.3590,16538422,2024-01-15 23:59:59.999,1574370810.3390,2090368,8125680,773734941.8980,0
2024-01-16,94.3600,98.8050,94.1870,97.6370,18098694,2024-01-16 23:59:59.999,1750661194.5920,2177323,8998844,870554368.4200,0
2024-01-17,97.6370,102.8640,96.6300,102.1550,32985152,2024-01-17 23:59:59.999,3304348090.9290,3907588,16437188,1647128948.8650,0
2024-01-18,102.1550,103.6350,91.3590,94.3890,30810082,2024-01-18 23:59:59.999,2997362844.1370,3357382,14761220,1436844046.1030,0
2024-01-19,94.3890,95.5000,87.0050,93.5960,31636549,2024-01-19 23:59:59.999,2918901758.5450,3265944,15332841,1415085634.6760,0
2024-01-20,93.5960,94.2940,90.1760,92.9000,14290066,2024-01-20 23:59:59.999,1317761139.7130,1421647,6965331,642347766.2030,0
2024-01-21,92.9010,93.9670,90.8000,91.1050,9997300,2024-01-21 23:59:59.999,925652945.2810,1047863,4825633,446878712.9070,0
2024-01-22,91.1110,91.9480,82.1000,83.8830,37607145,2024-01-22 23:59:59.999,3269995391.9070,3687257,18276410,1589778014.1070,0
2024-01-23,83.8830,85.9670,78.9600,84.3250,39506666,2024-01-23 23:59:59.999,3231229231.7260,3867437,19453366,1591712150.1010,0
2024-01-24,84.3250,89.3960,83.2940,88.7440,29644028,2024-01-24 23:59:59.999,2556444055.3000,3001448,14855289,1281471504.9800,0
2024-01-25,88.7450,89.6250,85.1000,86.8860,23132645,2024-01-25 23:59:59.999,2023078130.7790,2495160,11488228,1004882534.1290,0
2024-01-26,86.8850,93.7200,85.9550,92.2610,25577002,2024-01-26 23:59:59.999,2313010043.1260,2676887,12936035,1170060669.1350,0
2024-01-27,92.2600,94.4800,90.6360,94.2380,14747490,2024-01-27 23:59:59.999,1363453461.1190,1528344,7380658,682570419.7310,0
2024-01-28,94.2370,99.4280,93.1550,95.9480,28824658,2024-01-28 23:59:59.999,2778016166.2390,2551855,14345354,1382855607.1100,0
2024-01-29,95.9480,102.0350,95.0050,101.6230,26434409,2024-01-29 23:59:59.999,2603458499.4520,2850798,13214781,1301999728.8900,0
2024-01-30,101.6220,106.5000,100.8930,101.3710,30149576,2024-01-30 23:59:59.999,3133393737.8760,3249022,14807011,1539348097.7140,0
2024-01-31,101.3720,102.7190,95.8370,96.9120,36561334,2024-01-31 23:59:59.999,3649654601.9090,3752535,17901861,1787705842.9960,0
2024-02-01,96.9100,98.1300,93.1000,97.7750,27380523,2024-02-01 23:59:59.999,2621129056.6180,2793440,13426877,1285569543.9430,0
2024-02-02,97.7760,102.5730,97.3350,100.5590,25403611,2024-02-02 23:59:59.999,2539905942.2520,2690474,12580840,1257846779.5060,0
2024-02-03,100.5480,101.2000,96.6020,97.9150,12932890,2024-02-03 23:59:59.999,1275146546.2900,1337659,6165664,607967896.9490,0
2024-02-04,97.9140,98.5550,95.0000,95.4510,14378621,2024-02-04 23:59:59.999,1394832872.0340,1471306,6991454,678391978.2220,0
2024-02-05,95.4520,98.6590,94.1020,95.6050,20080020,2024-02-05 23:59:59.999,1934972780.4390,2194434,9813946,945999861.7950,0
2024-02-06,95.6000,97.8690,93.1160,96.8560,21016865,2024-02-06 23:59:59.999,2004346015.6030,2235308,10515961,1002952483.6020,0
2024-02-07,96.8560,101.6220,94.5600,101.1350,19550319,2024-02-07 23:59:59.999,1903435768.2070,2047756,9809638,954803382.3270,0
2024-02-08,101.1360,104.9740,100.5000,102.7420,22978451,2024-02-08 23:59:59.999,2357154660.0640,2396492,11339107,1163515422.7820,0
2024-02-09,102.7420,109.2300,102.7280,106.9210,26650167,2024-02-09 23:59:59.999,2813547710.6830,2702912,13373476,1412280986.7510,0
2024-02-10,106.9200,110.8390,106.8600,108.9760,18329718,2024-02-10 23:59:59.999,1995634767.8830,1884291,9160895,997471070.1980,0
2024-02-11,108.9760,110.7570,107.2020,107.4710,15028326,2024-02-11 23:59:59.999,1636852397.3340,1581141,7422638,808638242.3250,0
2024-02-12,107.4710,112.3330,103.3820,111.7370,29003122,2024-02-12 23:59:59.999,3124225412.3700,2988683,14258345,1536888870.8130,0
2024-02-13,111.7370,115.3330,108.3010,112.5390,28488321,2024-02-13 23:59:59.999,3200003805.3280,2842580,13987781,1571620204.0860,0
2024-02-14,112.5390,118.8370,110.7130,117.0920,22722714,2024-02-14 23:59:59.999,2622802672.3180,2403636,11347360,1310047853.9960,0
2024-02-15,117.0920,118.4900,111.6000,113.5980,24792744,2024-02-15 23:59:59.999,2854753699.5460,2368366,11878125,1367899398.2440,0
2024-02-16,113.5970,114.3620,108.0000,110.3920,20969017,2024-02-16 23:59:59.999,2327941635.0590,2134215,10075864,1118843945.5150,0
2024-02-17,110.3930,111.1630,105.5510,109.0080,16650647,2024-02-17 23:59:59.999,1805302041.3240,1543097,8067205,874906603.1340,0
2024-02-18,109.0090,114.1770,107.5020,112.3450,16186248,2024-02-18 23:59:59.999,1803552249.7320,1587718,7984914,889680219.0150,0
2024-02-19,112.3440,115.0220,110.7850,111.6580,20165574,2024-02-19 23:59:59.999,2274281611.1350,2051925,9816322,1107335897.5520,0
2024-02-20,111.6570,112.2420,102.6250,108.4180,26511474,2024-02-20 23:59:59.999,2871434339.7680,2544846,12565905,1361643244.8430,0
2024-02-21,108.4170,108.5000,100.2550,105.1130,23820780,2024-02-21 23:59:59.999,2474344126.2960,2387963,11516765,1196412281.8690,0
2024-02-22,105.1170,107.1640,101.5550,101.8050,19514784,2024-02-22 23:59:59.999,2040309703.1070,1895542,9627391,1006755066.4860,0
2024-02-23,101.8040,103.2000,98.6740,99.9730,19098514,2024-02-23 23:59:59.999,1935554211.4570,1811660,9216019,934299867.1490,0
2024-02-24,99.9730,104.9300,98.5000,104.1140,13661777,2024-02-24 23:59:59.999,1394047277.2970,1179620,7019443,716414994.0240,0
2024-02-25,104.1130,104.5540,102.0330,103.5690,12334897,2024-02-25 23:59:59.999,1273626561.6980,1103043,6003978,620002053.5370,0
2024-02-26,103.5700,110.9690,100.3500,110.0340,28990706,2024-02-26 23:59:59.999,3063490102.4480,2374218,14516948,1534906770.3570,0
2024-02-27,110.0330,112.5100,105.3600,108.4500,27904505,2024-02-27 23:59:59.999,3060566759.5540,2469634,13698440,1502838098.6310,0
2024-02-28,108.4510,119.4970,104.6000,119.4250,50030857,2024-02-28 23:59:59.999,5631865001.5420,4601289,24606868,2771505932.0400,0
2024-02-29,119.4210,134.8350,117.3780,125.7690,50987060,2024-02-29 23:59:59.999,6491162225.5960,5758558,24896537,3170488079.5300,0
2024-03-01,125.7700,137.9960,125.6400,129.4560,32349389,2024-03-01 23:59:59.999,4301647726.1510,3675691,15840659,2106784479.5280,0
2024-03-02,129.4670,131.9360,127.2000,130.1840,20407930,2024-03-02 23:59:59.999,2636182711.8390,2270618,9929323,1282917082.2360,0
2024-03-03,130.1840,132.3860,123.0530,130.3040,23298629,2024-03-03 23:59:59.999,3007564794.4540,2471134,11212548,1447808600.6560,0
2024-03-04,130.3040,135.2190,127.3000,133.4500,29856218,2024-03-04 23:59:59.999,3912825216.1120,3169422,14405679,1888389286.8740,0
2024-03-05,133.4450,143.1430,103.9900,125.3580,62284980,2024-03-05 23:59:59.999,8077161701.9640,6195405,29744108,3864013984.9830,0
2024-03-06,125.3590,135.1210,120.0900,130.9160,30571774,2024-03-06 23:59:59.999,3940577353.8460,3504629,14865217,1916078743.1090,0
2024-03-07,130.9160,149.6310,130.6060,143.9970,38004489,2024-03-07 23:59:59.999,5399451920.6690,4424130,19015589,2701439574.1610,0
2024-03-08,143.9990,152.9000,141.5000,144.8790,28171739,2024-03-08 23:59:59.999,4136545894.5890,3255447,13985843,2054186653.5260,0
2024-03-09,144.8800,149.3080,143.5030,144.4240,11688254,2024-03-09 23:59:59.999,1710036991.4230,1300783,5594673,818407478.0490,0
2024-03-10,144.4300,148.7000,140.5000,144.4970,15908571,2024-03-10 23:59:59.999,2308607711.3540,1625656,7588245,1101653250.8770,0
2024-03-11,144.5010,150.6120,136.3710,149.0620,25577374,2024-03-11 23:59:59.999,3724116713.4320,2756850,12600123,1834707610.0540,0
2024-03-12,149.0620,155.3000,141.6000,151.2010,34711507,2024-03-12 23:59:59.999,5204430271.0090,3847016,17060537,2558773426.1590,0
2024-03-13,151.2020,166.9670,148.8890,164.0550,27237415,2024-03-13 23:59:59.999,4247706092.3330,3000625,13634482,2127577105.5900,0
2024-03-14,164.0550,178.7000,159.2880,176.8510,42616134,2024-03-14 23:59:59.999,7177460134.8200,4795368,21249154,3579541164.5140,0
2024-03-15,176.8520,189.2500,164.6750,184.1550,69094817,2024-03-15 23:59:59.999,12287766596.6920,8116526,34033571,6055449125.2820,0
2024-03-16,184.1560,198.2690,176.9230,182.1840,46854401,2024-03-16 23:59:59.999,8800331159.3120,5361987,22963223,4314695523.6590,0
2024-03-17,182.1820,205.0000,178.6500,201.9620,35993655,2024-03-17 23:59:59.999,6852051317.0970,4208061,18092775,3447283661.6400,0
2024-03-18,201.9600,210.4250,194.0290,196.1430,38804988,2024-03-18 23:59:59.999,7851546049.3140,4856148,19042502,3853248229.1760,0
2024-03-19,196.1430,198.8750,166.1800,169.9170,58583474,2024-03-19 23:59:59.999,10587970679.3620,7114362,28806222,5205994649.2550,0
2024-03-20,169.9160,193.3900,162.4530,191.9160,44075337,2024-03-20 23:59:59.999,7719545338.1570,5531933,21752819,3812308005.0200,0
2024-03-21,191.9070,195.9330,176.0000,179.5350,28916421,2024-03-21 23:59:59.999,5405152906.5410,3815509,14237556,2662292532.2930,0
2024-03-22,179.5350,182.0520,167.7000,175.2570,24379418,2024-03-22 23:59:59.999,4241878307.5640,3723882,11895903,2069823124.9960,0
2024-03-23,175.2570,179.2630,170.5550,172.7250,16018367,2024-03-23 23:59:59.999,2807963215.9640,2044965,7910231,1386715997.6950,0
2024-03-24,172.7260,186.8870,171.3940,184.0190,15548952,2024-03-24 23:59:59.999,2749926455.0400,1907399,7700606,1361618843.3210,0
2024-03-25,184.0180,194.6990,181.1330,189.1810,21056249,2024-03-25 23:59:59.999,3984608607.2760,2665453,10548835,1996011689.4850,0
2024-03-26,189.1650,196.8080,186.3000,190.6230,18543450,2024-03-26 23:59:59.999,3559426350.5230,2404542,9087205,1744234400.8850,0
2024-03-27,190.6210,193.0000,180.2900,186.4480,19973608,2024-03-27 23:59:59.999,3717961826.9440,2549097,9740601,1813750069.0350,0
2024-03-28,186.4470,191.1800,181.0250,189.8520,15469932,2024-03-28 23:59:59.999,2881555378.0660,2066655,7642508,1423733598.1990,0
2024-03-29,189.8560,193.2460,183.5470,192.2000,15273845,2024-03-29 23:59:59.999,2865499338.2800,1907324,7628198,1431579517.6170,0
2024-03-30,192.2000,200.4000,190.8610,194.3510,15200451,2024-03-30 23:59:59.999,2981580558.1860,1818053,7540055,1479107920.6200,0
2024-03-31,194.3510,203.4590,193.8340,202.6780,11636563,2024-03-31 23:59:59.999,2300585521.0310,1458681,5938982,1174300171.5670,0
2024-04-01,202.6850,204.7550,186.7110,192.3550,21467500,2024-04-01 23:59:59.999,4189576773.5980,2719434,10440213,2037628106.0580,0
2024-04-02,192.3550,192.4150,176.0110,181.6790,25288312,2024-04-02 23:59:59.999,4618705920.7360,3058508,12132076,2215968434.3700,0
2024-04-03,181.6710,191.9760,177.0120,185.1730,21048096,2024-04-03 23:59:59.999,3936407128.6590,2689944,10303054,1926881115.4570,0
2024-04-04,185.1790,190.2950,180.3300,184.1230,15182723,2024-04-04 23:59:59.999,2813652630.2830,2118585,7521330,1394126069.8530,0
2024-04-05,184.1240,185.3240,168.1000,174.4500,21718053,2024-04-05 23:59:59.999,3796859561.4350,2891759,10282162,1797837485.9850,0
2024-04-06,174.4510,180.0000,173.6000,178.7680,15224983,2024-04-06 23:59:59.999,2692262508.5110,1867187,7654136,1353653034.7370,0
2024-04-07,178.7690,182.7890,176.9580,179.6150,13222268,2024-04-07 23:59:59.999,2383742372.1740,1613719,6626649,1194880966.9550,0
2024-04-08,179.6150,184.7990,175.4010,180.8220,15077524,2024-04-08 23:59:59.999,2722460115.0660,2000562,7578653,1368522150.5910,0
2024-04-09,180.8210,181.0840,169.0800,172.5580,16750977,2024-04-09 23:59:59.999,2930389265.6780,2106306,8151667,1426465281.8250,0
2024-04-10,172.5580,175.6110,162.2900,173.4380,20510524,2024-04-10 23:59:59.999,3478839455.0430,2760074,10124322,1717896800.8540,0
2024-04-11,173.4380,176.4800,170.1710,172.4970,16183442,2024-04-11 23:59:59.999,2806590551.6720,2090551,8096889,1404205626.9200,0
2024-04-12,172.4960,176.1200,140.0000,153.1620,27967843,2024-04-12 23:59:59.999,4473787543.3540,3209832,13003223,2086434962.1520,0
2024-04-13,153.1570,154.9870,112.9170,138.4670,53895344,2024-04-13 23:59:59.999,7450940821.5590,5907639,25823053,3574299368.1430,0
2024-04-14,138.4670,152.8620,130.4450,151.1870,37605050,2024-04-14 23:59:59.999,5268414289.7730,4464876,18795873,2633307878.5630,0
2024-04-15,151.1860,156.0480,133.5500,138.4420,30409525,2024-04-15 23:59:59.999,4410841800.9490,3650782,14891833,2159977501.7090,0
2024-04-16,138.4420,140.5120,126.3920,136.1830,31626915,2024-04-16 23:59:59.999,4221174920.2450,3839245,15609151,2083812562.7020,0
2024-04-17,136.1840,142.6220,126.8120,131.7810,35688047,2024-04-17 23:59:59.999,4792676716.3380,3920755,17644041,2369800849.6140,0
2024-04-18,131.7820,143.8800,127.5140,141.9570,31116890,2024-04-18 23:59:59.999,4211664043.9330,3417363,15387844,2083620971.3710,0
2024-04-19,141.9580,147.4910,128.4010,142.4440,34094940,2024-04-19 23:59:59.999,4789338274.1460,4241351,17084446,2399694960.5160,0
2024-04-20,142.4450,152.3980,139.6010,151.1550,15826378,2024-04-20 23:59:59.999,2300086042.3860,1930937,7901063,1148512305.5670,0
2024-04-21,151.1540,153.4520,146.7000,148.7340,13065047,2024-04-21 23:59:59.999,1958354547.8490,1551699,6482634,971859919.1130,0
2024-04-22,148.7330,158.4310,146.5440,156.8810,17566999,2024-04-22 23:59:59.999,2687861905.4950,2174642,8699646,1331480659.8270,0
2024-04-23,156.8810,159.9870,152.9760,154.7230,15174317,2024-04-23 23:59:59.999,2373429601.6960,1906388,7425905,1161713688.4260,0
2024-04-24,154.7220,159.7000,145.5200,147.7010,21716307,2024-04-24 23:59:59.999,3345723507.8070,2530125,10620889,1636429443.6040,0
2024-04-25,147.7000,149.5250,142.0410,144.7860,18960162,2024-04-25 23:59:59.999,2770941179.6310,2102344,9338679,1365201733.9540,0
2024-04-26,144.7860,146.1200,138.4560,139.2020,15417365,2024-04-26 23:59:59.999,2204038401.9220,1738372,7553645,1080168258.1570,0
2024-04-27,139.2020,142.9650,132.3850,141.2420,14741854,2024-04-27 23:59:59.999,2032356975.4040,1505114,7240253,998301072.5890,0
2024-04-28,141.2450,144.6790,136.9560,137.9220,9824061,2024-04-28 23:59:59.999,1394970125.5460,1062795,4820906,684706314.7380,0
2024-04-29,137.9220,138.8850,133.2120,137.7250,16684748,2024-04-29 23:59:59.999,2263980857.0180,1888866,8282662,1124080372.5880,0
2024-04-30,137.7260,139.7210,121.0490,126.6850,27253855,2024-04-30 23:59:59.999,3521307299.0150,2903009,13116532,1694815598.4390,0
2024-05-01,126.6850,135.9430,118.2650,134.5410,30566407,2024-05-01 23:59:59.999,3855646513.5770,3430717,15058719,1899566107.9500,0
2024-05-02,134.5420,140.9520,128.2270,137.5380,23951565,2024-05-02 23:59:59.999,3244974290.4630,2491297,11855458,1606333920.1690,0
2024-05-03,137.5370,144.9680,135.8400,143.6070,19334499,2024-05-03 23:59:59.999,2720301524.8950,2109825,9567557,1346509517.9950,0
2024-05-04,143.6070,149.0800,142.1480,146.0070,11900841,2024-05-04 23:59:59.999,1735481550.3030,1201919,5942599,866857450.2420,0
2024-05-05,146.0080,147.9760,143.1500,145.6730,9597836,2024-05-05 23:59:59.999,1398279236.8160,1006828,4679732,681884216.8870,0
2024-05-06,145.6730,156.8500,145.3160,152.7840,21027652,2024-05-06 23:59:59.999,3202145106.2600,2355723,10472353,1594904987.6960,0
2024-05-07,152.7790,159.1940,147.5250,148.0110,18614768,2024-05-07 23:59:59.999,2873293820.5980,2164378,9234304,1425832349.2920,0
2024-05-08,148.0120,149.8850,139.8920,142.1180,17661222,2024-05-08 23:59:59.999,2574646135.8370,1941262,8706276,1269733713.9790,0
2024-05-09,142.1190,153.3600,140.5350,152.4590,15634073,2024-05-09 23:59:59.999,2280629778.5770,1795242,7818039,1140887127.5570,0
2024-05-10,152.4600,155.7000,144.1770,145.9660,17624510,2024-05-10 23:59:59.999,2640713667.3890,1965976,8624141,1292523335.6540,0
2024-05-11,145.9660,147.6570,143.0680,145.3550,8905712,2024-05-11 23:59:59.999,1292857258.5020,970331,4333713,629196313.4830,0
2024-05-12,145.3550,147.7550,142.1980,143.3640,7947326,2024-05-12 23:59:59.999,1153011046.9520,839044,3964309,575284367.1530,0
2024-05-13,143.3640,150.7800,137.7800,147.4960,19482360,2024-05-13 23:59:59.999,2816499253.9120,2209752,9607457,1389333589.5980,0
2024-05-14,147.4950,149.0360,141.7620,141.9630,14921505,2024-05-14 23:59:59.999,2165766646.0470,1900479,7428351,1078333986.0580,0
2024-05-15,141.9640,158.7410,141.1000,158.4230,19297035,2024-05-15 23:59:59.999,2893851450.2120,2075328,9709617,1457674774.1110,0
2024-05-16,158.4240,164.7690,156.4000,159.3030,18036440,2024-05-16 23:59:59.999,2899144776.7670,2162780,9097461,1462849750.3140,0
2024-05-17,159.3020,172.0000,159.2510,169.3510,16620884,2024-05-17 23:59:59.999,2767836243.4980,2045997,8382551,1396156101.0610,0
2024-05-18,169.3520,175.9000,168.5340,172.2990,11739015,2024-05-18 23:59:59.999,2027994388.5320,1464934,5766450,996368389.1820,0
2024-05-19,172.2980,175.4950,165.9680,169.8530,13260648,2024-05-19 23:59:59.999,2264071530.7970,1646700,6569059,1121791012.4960,0
2024-05-20,169.8520,188.5870,167.5550,186.7010,24253078,2024-05-20 23:59:59.999,4345913065.6530,3046379,12354249,2215091650.5860,0
2024-05-21,186.7010,188.9550,174.3380,178.1500,16797193,2024-05-21 23:59:59.999,3037211988.5960,2184280,8027302,1451787870.6790,0
2024-05-22,178.1500,183.6490,175.0500,177.0300,16850198,2024-05-22 23:59:59.999,3023871942.2930,2082842,8193411,1470823769.6500,0
2024-05-23,177.0200,181.3650,164.6000,176.1820,20134858,2024-05-23 23:59:59.999,3509681601.8370,2407685,9804239,1710016344.6720,0
2024-05-24,176.1810,176.1810,162.4320,167.6570,16087396,2024-05-24 23:59:59.999,2698391026.7870,1898194,7860647,1318625709.6950,0
2024-05-25,167.6570,170.5610,165.8450,168.3560,7364804,2024-05-25 23:59:59.999,1239752784.9180,992713,3568208,600712241.8250,0
2024-05-26,168.3560,168.4080,161.0020,163.5050,10445038,2024-05-26 23:59:59.999,1714610388.4530,1218831,5067332,831844193.5110,0
2024-05-27,163.5060,172.4120,163.4070,170.2490,12121179,2024-05-27 23:59:59.999,2037953650.3750,1563294,5901763,992209475.4440,0
2024-05-28,170.2480,173.3640,165.0090,168.8070,15155077,2024-05-28 23:59:59.999,2557773148.4800,1885537,7386826,1247044553.3390,0
2024-05-29,168.8070,174.0600,167.2590,168.4180,12874234,2024-05-29 23:59:59.999,2187423872.6460,1612526,6254330,1062807048.3110,0
2024-05-30,168.4190,172.7350,163.6400,166.9860,12344245,2024-05-30 23:59:59.999,2074877600.4580,1457727,5946787,999761592.5580,0
2024-05-31,166.9850,171.0740,164.0000,165.7620,10084573,2024-05-31 23:59:59.999,1684173034.0250,1268998,4978802,831483431.4920,0
2024-06-01,165.7610,168.0000,165.7610,166.2810,4545003,2024-06-01 23:59:59.999,759585491.7270,565450,2203768,368325163.7570,0
2024-06-02,166.2800,167.2450,161.3570,163.2510,7236488,2024-06-02 23:59:59.999,1190584965.0620,831671,3504790,576820609.0820,0
2024-06-03,163.2520,167.4050,161.9040,164.9950,10551414,2024-06-03 23:59:59.999,1742293045.5850,1242476,5132005,847557621.1930,0
2024-06-04,164.9950,172.0380,164.3480,171.8880,8733013,2024-06-04 23:59:59.999,1463288351.4690,1017651,4317573,723619946.4930,0
2024-06-05,171.8890,175.7840,171.2000,173.6680,10071690,2024-06-05 23:59:59.999,1746464324.9750,1131543,4987594,864956309.6440,0
2024-06-06,173.6670,174.4900,167.4950,170.2710,7351462,2024-06-06 23:59:59.999,1263733083.4520,836797,3566993,613248180.9510,0
2024-06-07,170.2720,173.0000,152.2200,162.5240,15312749,2024-06-07 23:59:59.999,2530161930.5890,1521956,7040997,1164574715.2990,0
2024-06-08,162.5250,163.8190,157.4000,157.8380,7344457,2024-06-08 23:59:59.999,1181055261.3400,807595,3490624,561449539.0370,0
2024-06-09,157.8410,163.0780,156.5040,162.1160,6250852,2024-06-09 23:59:59.999,1000505199.8910,689107,3047550,487893302.4880,0
2024-06-10,162.1170,163.2000,157.4660,159.0960,8782933,2024-06-10 23:59:59.999,1406005127.6500,984790,4258660,681757623.8590,0
2024-06-11,159.0960,159.7720,145.1210,149.2450,16437240,2024-06-11 23:59:59.999,2497834081.5890,1788222,7663278,1165022668.7380,0
2024-06-12,149.2450,161.7490,145.4000,155.1730,17450255,2024-06-12 23:59:59.999,2704028827.9020,1879118,8713991,1350074021.8940,0
2024-06-13,155.1730,155.1860,146.0000,147.2090,11851796,2024-06-13 23:59:59.999,1776194243.0730,1394628,5702863,854811398.4400,0
2024-06-14,147.2160,149.7110,139.5000,142.9740,14118980,2024-06-14 23:59:59.999,2040385063.5250,1522754,6791984,982024164.1640,0
2024-06-15,142.9730,145.7400,142.8540,145.4500,5510166,2024-06-15 23:59:59.999,796044774.0310,719141,2745503,396633271.3730,0
2024-06-16,145.4500,151.3470,143.0200,151.2450,7365593,2024-06-16 23:59:59.999,1082041041.4370,848610,3693304,542753166.0360,0
2024-06-17,151.2440,151.7470,139.7650,143.1970,14392716,2024-06-17 23:59:59.999,2086160254.7700,1598122,6992808,1013573275.3390,0
2024-06-18,143.1970,143.7490,127.0000,137.3590,25248935,2024-06-18 23:59:59.999,3416999372.8330,2698339,12169704,1647825021.6830,0
2024-06-19,137.3590,141.8760,134.4020,135.5570,13715932,2024-06-19 23:59:59.999,1894032300.0020,1464024,6800535,939186563.6230,0
2024-06-20,135.5570,141.2550,131.8000,133.5000,16594411,2024-06-20 23:59:59.999,2249420513.5470,1764352,8247788,1118274913.8280,0
2024-06-21,133.5000,135.3500,128.6390,134.5340,16176738,2024-06-21 23:59:59.999,2134285380.2520,1699486,7854076,1036489749.0950,0
2024-06-22,134.5340,136.6790,132.9370,133.6270,6224921,2024-06-22 23:59:59.999,837361278.2160,717876,3083991,414887295.9560,0
2024-06-23,133.6280,135.0640,128.1640,128.6610,8055127,2024-06-23 23:59:59.999,1063481326.4660,849795,3892527,514101320.7920,0
2024-06-24,128.6600,132.5790,121.4000,132.2370,25054282,2024-06-24 23:59:59.999,3181534296.5010,2408481,12290223,1561287158.5250,0
2024-06-25,132.2370,139.8570,131.1430,136.5440,14786394,2024-06-25 23:59:59.999,2017593133.3980,1490408,7527263,1027252848.9850,0
2024-06-26,136.5430,140.3800,134.8000,136.8080,10896154,2024-06-26 23:59:59.999,1494795972.6490,1229671,5470799,750482469.7610,0
2024-06-27,136.8150,151.2500,135.1790,149.6510,20723615,2024-06-27 23:59:59.999,3009817051.4490,1946569,10694819,1552775162.5560,0
2024-06-28,149.6500,150.8990,138.9370,139.9800,18609062,2024-06-28 23:59:59.999,2682088425.8530,1764727,9137547,1317285863.0200,0
2024-06-29,139.9790,143.1700,139.6260,140.2340,6631098,2024-06-29 23:59:59.999,939087492.0690,744391,3310980,468940857.1480,0
2024-06-30,140.2360,147.5740,137.1000,146.5820,10829526,2024-06-30 23:59:59.999,1538757955.8520,1166255,5318241,756095097.4330,0
2024-07-01,146.5820,149.3960,145.8020,146.6250,10805989,2024-07-01 23:59:59.999,1594088034.5450,1261462,5209668,768639851.0650,0
2024-07-02,146.6270,154.9150,146.0960,153.9700,13748808,2024-07-02 23:59:59.999,2061790403.2130,1533799,6938882,1040749120.0380,0
2024-07-03,153.9700,154.4170,139.1070,140.7370,20126236,2024-07-03 23:59:59.999,2918862857.3620,1989443,9720218,1409865992.3280,0
2024-07-04,140.7370,142.6850,127.0000,127.7600,25092154,2024-07-04 23:59:59.999,3368336759.9150,2422252,12063463,1620187605.0540,0
2024-07-05,127.7510,136.3880,120.0690,134.2300,35956212,2024-07-05 23:59:59.999,4615294253.0800,3559846,17841801,2292387927.7700,0
2024-07-06,134.2150,144.5000,132.2610,142.9960,14619563,2024-07-06 23:59:59.999,2029657024.4250,1620328,7349733,1020904785.5080,0
2024-07-07,142.9950,143.2900,131.1780,131.5990,14123300,2024-07-07 23:59:59.999,1950907260.3450,1563142,6756049,933629307.0460,0
2024-07-08,131.6000,141.9550,127.6690,139.7400,27229363,2024-07-08 23:59:59.999,3708324854.2520,3009452,13539830,1844468366.4120,0
2024-07-09,139.7410,144.2910,136.3870,141.3910,16105160,2024-07-09 23:59:59.999,2271345097.2800,1916124,7991231,1127112035.5760,0
2024-07-10,141.3910,146.1480,138.5100,141.9270,12280654,2024-07-10 23:59:59.999,1746742696.1740,1383219,6140013,873278023.7410,0
2024-07-11,141.9270,146.0710,135.6020,135.7020,15722280,2024-07-11 23:59:59.999,2210517922.9510,1613884,7599440,1068899401.9440,0
2024-07-12,135.7020,140.5000,133.7800,139.3790,14021378,2024-07-12 23:59:59.999,1919776338.8890,1392015,6929643,949042001.8310,0
2024-07-13,139.3780,143.5710,137.8700,141.8110,7714575,2024-07-13 23:59:59.999,1080353822.1730,807623,3809939,533612000.9220,0
2024-07-14,141.8030,148.5000,141.7880,147.5750,12315793,2024-07-14 23:59:59.999,1788642132.2910,1238634,6138033,891608990.3970,0
2024-07-15,147.5720,159.8500,146.9140,159.2940,14546372,2024-07-15 23:59:59.999,2230500141.3410,1560839,7437162,1140926641.1700,0
2024-07-16,159.2940,162.4470,152.5020,160.5920,17454051,2024-07-16 23:59:59.999,2751825602.7290,1825798,8576091,1352187681.3040,0
2024-07-17,160.5920,163.7220,154.5760,155.4670,13041719,2024-07-17 23:59:59.999,2080056588.1090,1406503,6366870,1015652760.2260,0
2024-07-18,155.4660,161.5760,155.0700,159.1460,11362566,2024-07-18 23:59:59.999,1798650784.3700,1260936,5623039,890159624.2010,0
2024-07-19,159.1470,172.5850,156.0680,169.0640,20024666,2024-07-19 23:59:59.999,3305200916.7470,2097401,10147595,1675332299.3080,0
2024-07-20,169.0640,175.4970,167.1870,173.5320,9571521,2024-07-20 23:59:59.999,1636437721.4480,1173966,4800034,820758012.8100,0
2024-07-21,173.5460,185.3200,170.4580,184.4730,16588618,2024-07-21 23:59:59.999,2925206965.6330,1914462,8445922,1490186044.2770,0
2024-07-22,184.4730,185.0150,176.6670,178.8230,13687634,2024-07-22 23:59:59.999,2464535892.9880,1764629,6707895,1208031982.5780,0
2024-07-23,178.8200,180.5000,170.3500,172.9120,17102920,2024-07-23 23:59:59.999,2996804669.2300,2097439,8323245,1458850385.3210,0
2024-07-24,172.9250,182.5000,170.8780,177.9830,16378948,2024-07-24 23:59:59.999,2906987951.6640,1893571,8104937,1438549550.2530,0
2024-07-25,177.9830,179.5000,165.3040,171.7590,22892041,2024-07-25 23:59:59.999,3902333466.4950,2588079,11205006,1910836640.9070,0
2024-07-26,171.7600,184.0000,171.5820,182.9910,13808338,2024-07-26 23:59:59.999,2469555449.5220,1583138,6997792,1251848661.9510,0
2024-07-27,182.9910,188.3400,178.0270,183.9030,18171014,2024-07-27 23:59:59.999,3337965925.6310,1986762,8948740,1644643966.5180,0
2024-07-28,183.9020,186.6470,181.1100,184.8080,9761734,2024-07-28 23:59:59.999,1798577272.5610,1161430,4796606,883884042.2250,0
2024-07-29,184.8080,193.8930,181.4440,182.5090,19724191,2024-07-29 23:59:59.999,3721645745.8060,2210446,9748870,1840556810.6230,0
2024-07-30,182.5090,184.7730,175.2130,179.0720,15455106,2024-07-30 23:59:59.999,2788988484.8030,1749687,7558712,1364460252.3920,0
2024-07-31,179.0720,184.5720,171.5300,171.6320,16063041,2024-07-31 23:59:59.999,2881153493.5880,1761294,7786337,1397323050.2090,0
2024-08-01,171.6320,172.8590,157.8280,167.2940,23771384,2024-08-01 23:59:59.999,3942115196.7810,2397590,11430050,1895569207.1140,0
2024-08-02,167.3000,169.3570,149.7350,152.7110,28106046,2024-08-02 23:59:59.999,4460679553.0380,2651150,13565631,2154007962.7560,0
2024-08-03,152.7110,153.9960,139.4120,142.4560,24954485,2024-08-03 23:59:59.999,3668381149.0620,2216755,11997899,1764376381.5380,0
2024-08-04,142.4550,145.9840,131.0000,138.2910,30829181,2024-08-04 23:59:59.999,4293411655.0710,2590765,15100522,2103420650.0440,0
2024-08-05,138.2910,139.3430,109.1620,129.7680,98466350,2024-08-05 23:59:59.999,12164526945.0920,9510446,48401220,5979403962.1940,0
2024-08-06,129.7750,149.5000,129.3520,144.3280,37557874,2024-08-06 23:59:59.999,5325179860.5880,3974731,18889736,2678443577.0790,0
2024-08-07,144.3290,154.8880,142.1000,144.7360,37476853,2024-08-07 23:59:59.999,5580344304.6620,3648142,18723390,2788477954.7100,0
2024-08-08,144.7320,163.7120,141.3150,163.0690,35064445,2024-08-08 23:59:59.999,5456765886.8990,3599542,17926399,2791229888.3680,0
2024-08-09,163.0690,163.4960,150.6320,156.1880,21351603,2024-08-09 23:59:59.999,3325342248.4350,2398735,10395302,1618994855.0230,0
2024-08-10,156.1880,158.7050,152.5400,153.9320,10678048,2024-08-10 23:59:59.999,1650063349.7290,1356665,5250074,811397212.7350,0
2024-08-11,153.9330,157.9500,141.0380,141.4920,17584671,2024-08-11 23:59:59.999,2626976499.8010,2064586,8411000,1257420772.7720,0
2024-08-12,141.4930,150.7270,141.1280,146.2410,27375858,2024-08-12 23:59:59.999,3992100800.7840,2944267,13537782,1974188668.6850,0
2024-08-13,146.2410,149.7760,142.8530,146.5650,17458825,2024-08-13 23:59:59.999,2551006426.4850,1987696,8749766,1278628308.3600,0
2024-08-14,146.5660,152.1300,142.2150,143.6440,20074373,2024-08-14 23:59:59.999,2941403670.4800,2162208,9712691,1423691762.0900,0
2024-08-15,143.6430,147.6600,137.6500,142.5380,24397330,2024-08-15 23:59:59.999,3477069243.6470,2504434,11929483,1700297911.0590,0
2024-08-16,142.5380,144.8630,136.0500,138.9860,21779123,2024-08-16 23:59:59.999,3061992092.3830,2186457,10597618,1490387589.9440,0
2024-08-17,138.9850,141.9000,137.5190,141.8300,9517976,2024-08-17 23:59:59.999,1331184568.6930,1047854,4678685,654373428.8370,0
2024-08-18,141.8310,147.4450,140.4620,142.3540,13843849,2024-08-18 23:59:59.999,1994482272.4270,1355061,6863996,988937584.1450,0
2024-08-19,142.3480,146.2000,140.2520,144.2010,15326013,2024-08-19 23:59:59.999,2190799200.7330,1624089,7637702,1091731539.2160,0
2024-08-20,144.2000,148.7780,140.8850,142.2100,15660164,2024-08-20 23:59:59.999,2267217111.4650,1606733,7549065,1092926110.9760,0
2024-08-21,142.2090,144.3000,138.6890,142.7260,15097189,2024-08-21 23:59:59.999,2140000215.3560,1580379,7246003,1027052304.0740,0
2024-08-22,142.7260,144.8280,140.5100,143.1590,9285903,2024-08-22 23:59:59.999,1326279628.0440,1066687,4579881,654135006.0740,0
2024-08-23,143.1580,153.9990,142.5890,153.2280,18256918,2024-08-23 23:59:59.999,2683507296.5260,1631337,9065349,1333188763.2770,0
2024-08-24,153.2280,162.3250,151.8940,160.5580,16233019,2024-08-24 23:59:59.999,2560669173.6200,1588881,8269021,1304728106.8770,0
2024-08-25,160.5590,161.8900,155.2100,158.8800,13066082,2024-08-25 23:59:59.999,2072250884.0370,1273935,6439519,1021475004.3710,0
2024-08-26,158.8810,162.0000,155.4510,157.0520,18723561,2024-08-26 23:59:59.999,2970317566.0280,1688144,9039457,1434227605.8310,0
2024-08-27,157.0530,159.6220,145.0000,146.7270,20282988,2024-08-27 23:59:59.999,3103859089.3040,1763090,9772679,1496123779.0070,0
2024-08-28,146.7330,148.8460,140.4220,143.8920,22501759,2024-08-28 23:59:59.999,3258440623.2720,1924457,10895747,1578445539.0470,0
2024-08-29,143.8920,147.3320,137.9520,139.9480,17072476,2024-08-29 23:59:59.999,2448167569.9370,1470584,8026787,1151002010.3270,0
2024-08-30,139.9480,141.0460,132.0020,137.9210,20160806,2024-08-30 23:59:59.999,2758566256.0100,1754890,9648887,1320651620.4750,0
2024-08-31,137.9210,139.1600,134.4020,135.2660,7138678,2024-08-31 23:59:59.999,975436939.0870,770355,3463078,473216967.9180,0
2024-09-01,135.2660,136.1330,127.6000,128.4110,19102177,2024-09-01 23:59:59.999,2524287347.6650,1826515,9231158,1220389039.3830,0
2024-09-02,128.4110,135.3430,126.7560,134.8650,19348197,2024-09-02 23:59:59.999,2533187829.5670,1806661,9567273,1253205537.4970,0
2024-09-03,134.8650,137.5000,127.0820,127.5060,16066132,2024-09-03 23:59:59.999,2127106502.0450,1583798,7928961,1050245841.2520,0
2024-09-04,127.5050,134.9100,122.0000,133.5640,23042637,2024-09-04 23:59:59.999,2982843728.1790,2165408,11394556,1475875994.1970,0
2024-09-05,133.5640,135.5110,127.7770,129.3370,19016366,2024-09-05 23:59:59.999,2505882772.7360,1864816,9450668,1245591699.7810,0
2024-09-06,129.3370,134.2200,120.4790,124.9590,30806692,2024-09-06 23:59:59.999,3943296166.8930,2569322,14897837,1907833127.4170,0
2024-09-07,124.9590,129.4000,124.1000,127.6560,11109001,2024-09-07 23:59:59.999,1411491388.5100,1159650,5522829,701687449.6230,0
2024-09-08,127.6570,131.6730,126.5420,130.0730,12918741,2024-09-08 23:59:59.999,1666008269.1620,1168735,6425429,828693282.4180,0
2024-09-09,130.0740,137.0640,126.8470,135.0140,20851228,2024-09-09 23:59:59.999,2728985676.4720,1767480,10411585,1363342275.6310,0
2024-09-10,135.0140,137.9830,132.4340,135.5630,13946338,2024-09-10 23:59:59.999,1881456950.6650,1303466,6884867,928967554.3620,0
2024-09-11,135.5640,135.8150,128.1130,132.3460,18955051,2024-09-11 23:59:59.999,2499398985.2800,1725119,9216578,1215303537.2310,0
2024-09-12,132.3450,136.7120,132.2980,135.9970,13160438,2024-09-12 23:59:59.999,1775301807.4530,1227526,6592663,889312702.0590,0
2024-09-13,135.9970,139.8280,131.6050,138.9160,14962558,2024-09-13 23:59:59.999,2026796195.7470,1356816,7557603,1023892087.9730,0
2024-09-14,138.9160,139.7470,135.4000,137.0680,7913634,2024-09-14 23:59:59.999,1088210573.3740,744613,3974141,546312147.5290,0
2024-09-15,137.0620,137.8730,130.3220,131.3190,10475376,2024-09-15 23:59:59.999,1407226185.9250,904386,4981532,669581017.1970,0
2024-09-16,131.3200,132.3450,128.8400,131.4120,13155012,2024-09-16 23:59:59.999,1721503621.3820,1081774,6545615,856576821.9180,0
2024-09-17,131.4110,135.5000,129.8400,131.4670,14957622,2024-09-17 23:59:59.999,1983574939.4870,1194229,7282523,965742178.2520,0
2024-09-18,131.4680,134.3870,126.9600,134.2990,18785364,2024-09-18 23:59:59.999,2444014716.0860,1563046,9044848,1177142389.6180,0
2024-09-19,134.3000,144.0000,134.1300,142.8200,20174958,2024-09-19 23:59:59.999,2821141749.7610,1594377,10005830,1399498427.7030,0
2024-09-20,142.8190,152.5000,141.1310,146.6270,24866257,2024-09-20 23:59:59.999,3676239904.5600,1954912,12604649,1863410983.9300,0
2024-09-21,146.6260,149.7750,144.5400,149.3720,9408301,2024-09-21 23:59:59.999,1385956889.9120,877571,4721318,695552009.2440,0
2024-09-22,149.3720,149.8710,140.9350,144.5870,14191308,2024-09-22 23:59:59.999,2056316614.3040,1255860,6802133,985743018.9120,0
2024-09-23,144.5880,149.0000,142.0240,144.6910,16621499,2024-09-23 23:59:59.999,2406924236.0590,1469526,8150516,1180414458.0070,0
2024-09-24,144.6910,154.0740,143.0060,152.7120,21084703,2024-09-24 23:59:59.999,3107934332.1370,1919106,10647752,1570568518.1990,0
2024-09-25,152.7120,153.8680,147.2100,147.8800,13991016,2024-09-25 23:59:59.999,2107370703.7440,1345357,6762562,1018863151.0650,0
2024-09-26,147.8950,158.2650,146.5050,155.4800,20117810,2024-09-26 23:59:59.999,3087156379.6010,1814437,10221297,1569002872.7250,0
2024-09-27,155.4800,161.2880,153.7560,157.5910,17361301,2024-09-27 23:59:59.999,2739072331.9560,1705440,8556192,1350176356.9130,0
2024-09-28,157.5910,159.3760,154.8310,156.6820,8554944,2024-09-28 23:59:59.999,1342506223.1320,960460,4163511,653372626.9500,0
2024-09-29,156.6830,161.7610,155.0000,158.3850,12159574,2024-09-29 23:59:59.999,1918982165.7250,1295757,5956145,940212473.9100,0
2024-09-30,158.3860,159.7440,151.6580,152.4280,17629415,2024-09-30 23:59:59.999,2745966592.8530,1857141,8596329,1339044458.3480,0
2024-10-01,152.4280,157.2880,142.2000,145.0710,26101046,2024-10-01 23:59:59.999,3904816929.6470,2683773,12640590,1891029998.7030,0
2024-10-02,145.0690,148.8830,138.5000,140.0820,20839652,2024-10-02 23:59:59.999,3005773525.8660,2233862,9991960,1441970107.0920,0
2024-10-03,140.0830,142.8750,133.0020,136.7330,23033357,2024-10-03 23:59:59.999,3160999640.5620,2478958,11101412,1523425470.4760,0
2024-10-04,136.7270,144.4980,135.8640,143.1590,15891285,2024-10-04 23:59:59.999,2235550608.1400,1780627,7899075,1111566840.6580,0
2024-10-05,143.1580,144.8930,141.0040,142.5380,8053999,2024-10-05 23:59:59.999,1151561793.5830,873207,3883369,555373775.4260,0
2024-10-06,142.5410,146.7440,141.9290,146.4120,8026746,2024-10-06 23:59:59.999,1161033364.7040,840876,4026799,582519104.1800,0
2024-10-07,146.3990,152.2800,143.3530,143.9090,18804649,2024-10-07 23:59:59.999,2785392932.0470,1835223,9282404,1375144440.6130,0
2024-10-08,143.9090,145.5210,141.0400,143.4170,12284389,2024-10-08 23:59:59.999,1762769927.5260,1378706,5994944,860417703.7030,0
2024-10-09,143.4170,145.2850,138.6110,139.2660,12317012,2024-10-09 23:59:59.999,1745667791.6390,1345961,5911916,837961815.4800,0
2024-10-10,139.2650,140.9000,135.4270,138.9630,13983053,2024-10-10 23:59:59.999,1933948045.9210,1521142,6678776,923765432.3610,0
2024-10-11,138.9620,146.4480,138.6480,145.4700,12233330,2024-10-11 23:59:59.999,1751452363.5380,1302351,6059778,867835851.3590,0
2024-10-12,145.4690,147.2000,144.6390,146.3180,6661172,2024-10-12 23:59:59.999,974318492.2500,736900,3294685,481950154.3360,0
2024-10-13,146.3180,148.8290,144.3820,147.6450,9517737,2024-10-13 23:59:59.999,1393637852.5210,955093,4772500,698915827.5090,0
2024-10-14,147.6460,159.0000,146.7050,157.5200,15172697,2024-10-14 23:59:59.999,2325656977.5610,1454075,7902679,1211609725.4880,0
2024-10-15,157.5200,159.9800,150.1900,154.6900,19392566,2024-10-15 23:59:59.999,2997393111.6280,1852072,9417430,1455976858.1630,0
2024-10-16,154.6800,158.3600,152.9000,154.1900,12541791,2024-10-16 23:59:59.999,1945367436.6640,1256192,6239204,968230363.4760,0
2024-10-17,154.1900,155.7000,147.6200,150.4500,12040071,2024-10-17 23:59:59.999,1826702989.5240,1152491,5766737,874879922.1400,0
2024-10-18,150.4400,156.6400,149.5500,154.8600,9493576,2024-10-18 23:59:59.999,1458667834.9170,1011450,4752565,730391490.7590,0
2024-10-19,154.8600,159.7800,153.5100,159.7000,6686991,2024-10-19 23:59:59.999,1043583798.1790,706974,3371402,526346753.6180,0
2024-10-20,159.7000,167.9500,157.5400,167.4200,14492089,2024-10-20 23:59:59.999,2341030574.5360,1338069,7479207,1209057955.9690,0
2024-10-21,167.4200,171.9300,161.3500,166.1300,20572950,2024-10-21 23:59:59.999,3430499949.8350,1803983,10035619,1674001914.2730,0
2024-10-22,166.1200,170.9500,162.9600,167.5600,18550830,2024-10-22 23:59:59.999,3099993509.0720,1680534,9080762,1517817850.8740,0
2024-10-23,167.5600,174.3200,164.1000,170.8100,19911966,2024-10-23 23:59:59.999,3343285140.1870,1824657,9977652,1676429583.8140,0
2024-10-24,170.8200,179.3000,170.4600,177.1000,17059255,2024-10-24 23:59:59.999,2982905888.2030,1637251,8821031,1543261695.3460,0
2024-10-25,177.1000,177.5600,159.1200,164.8000,28141641,2024-10-25 23:59:59.999,4785028833.8980,2296690,13555555,2304800979.9910,0
2024-10-26,164.8100,173.2000,162.4100,170.8100,13318207,2024-10-26 23:59:59.999,2237934557.1830,1246233,6610274,1111046790.4370,0
2024-10-27,170.8100,178.2200,170.2000,176.5800,12344381,2024-10-27 23:59:59.999,2161046261.3750,1115145,6233889,1091622212.2710,0
2024-10-28,176.5800,179.8000,172.3100,178.2000,18412953,2024-10-28 23:59:59.999,3241336072.0380,1629857,9388273,1653235483.6760,0
2024-10-29,178.2000,183.3400,176.3100,179.4000,19203560,2024-10-29 23:59:59.999,3461475641.9060,1711359,9793102,1765503217.6610,0
2024-10-30,179.4000,181.3900,171.7000,174.8300,14492159,2024-10-30 23:59:59.999,2557976751.9360,1379784,6921220,1222128331.3210,0
2024-10-31,174.8200,176.5500,167.4600,168.6200,14262476,2024-10-31 23:59:59.999,2451454764.0610,1300552,6752762,1160712471.1190,0
2024-11-01,168.6200,173.9900,163.0000,166.0100,18238325,2024-11-01 23:59:59.999,3057074285.0580,1618325,8836278,1481510869.8390,0
2024-11-02,166.0100,168.5700,162.1000,166.0900,8133835,2024-11-02 23:59:59.999,1344900203.0380,849977,3875520,641030987.5130,0
2024-11-03,166.0900,166.5400,157.7700,162.4400,16503155,2024-11-03 23:59:59.999,2666615832.4590,1512908,7915968,1279065696.3840,0
2024-11-04,162.4500,164.9530,155.0300,157.8700,14406627,2024-11-04 23:59:59.999,2320385730.0920,1407074,7083640,1141455873.2700,0
2024-11-05,157.8600,169.2000,156.8100,166.5500,16511091,2024-11-05 23:59:59.999,2710336563.2930,1376343,8189749,1344472468.2700,0
2024-11-06,166.5500,190.1800,166.2700,186.6100,42154037,2024-11-06 23:59:59.999,7732400028.0980,3351494,21497851,3943291864.9940,0
2024-11-07,186.6000,197.9400,185.8000,196.4700,22390734,2024-11-07 23:59:59.999,4291786627.0710,2046513,11227071,2152469518.3300,0
2024-11-08,196.4600,205.3300,195.6900,199.9200,23316688,2024-11-08 23:59:59.999,4669030180.1530,2161605,11798495,2363075659.3850,0
2024-11-09,199.9300,203.5600,195.0200,199.9400,13720399,2024-11-09 23:59:59.999,2739127418.6600,1304480,6701921,1338231276.3670,0
2024-11-10,199.9500,215.6400,198.7400,210.2900,30355200,2024-11-10 23:59:59.999,6292059694.4120,2947175,15135873,3137479095.4970,0
2024-11-11,210.2900,224.3500,204.2600,222.3300,30106240,2024-11-11 23:59:59.999,6501813146.3770,3041496,15202313,3285223722.1310,0
2024-11-12,222.3300,225.6900,205.0100,211.7700,32526464,2024-11-12 23:59:59.999,6979740091.8490,3355649,15773074,3384740058.1600,0
2024-11-13,211.7700,220.7700,200.8500,215.2800,34913126,2024-11-13 23:59:59.999,7368223494.9460,3754340,16922508,3573045553.2350,0
2024-11-14,215.2900,223.0400,206.8500,209.6500,22654965,2024-11-14 23:59:59.999,4881201806.4620,2532716,11004204,2371945618.0670,0
2024-11-15,209.6400,221.0500,204.5100,218.6800,18069731,2024-11-15 23:59:59.999,3831160337.0010,1981965,8991036,1907229486.6520,0
2024-11-16,218.6900,222.1600,213.4500,215.8700,13541855,2024-11-16 23:59:59.999,2950426162.6050,1579314,6566669,1430771976.4800,0
2024-11-17,215.8600,242.4900,212.1800,237.6100,28728747,2024-11-17 23:59:59.999,6679997672.8470,3046437,14163311,3292540163.4230,0
2024-11-18,237.6200,248.6600,234.1200,239.9600,24598580,2024-11-18 23:59:59.999,5936242089.4030,2770843,12169174,2937714888.6200,0
2024-11-19,239.9700,247.8200,233.4700,237.6900,18794078,2024-11-19 23:59:59.999,4535998833.3440,2141630,8988876,2169459008.4360,0
2024-11-20,237.6800,242.5800,230.5600,235.4700,18243726,2024-11-20 23:59:59.999,4299569337.0360,2158539,8591017,2025135471.1050,0
2024-11-21,235.4600,260.2800,229.3500,256.5900,30928754,2024-11-21 23:59:59.999,7636981046.3390,3363446,15519870,3837948826.4180,0
2024-11-22,256.5900,264.6400,251.5100,257.1000,17569079,2024-11-22 23:59:59.999,4521334814.5380,2232992,8418543,2167575428.3600,0
2024-11-23,257.1100,264.4000,252.8400,255.0700,16673556,2024-11-23 23:59:59.999,4304936311.6060,2073075,8177710,2111726537.8050,0
2024-11-24,255.0700,260.0900,241.1000,252.9400,12955392,2024-11-24 23:59:59.999,3244165860.5700,1748107,6105996,1529414317.7170,0
2024-11-25,252.9500,257.0400,231.2800,234.2900,17798373,2024-11-25 23:59:59.999,4353193044.2960,2279850,8253751,2020066174.9930,0
2024-11-26,234.2800,239.7400,221.7100,230.7300,18134654,2024-11-26 23:59:59.999,4180594196.9960,2334576,8776837,2023869295.4400,0
2024-11-27,230.7200,243.4200,227.4500,242.0500,12947790,2024-11-27 23:59:59.999,3054446811.8700,1782111,6280778,1482716097.7700,0
2024-11-28,242.0400,245.3800,232.7800,237.6000,10245490,2024-11-28 23:59:59.999,2437138201.9660,1374873,4913537,1169086684.7420,0
2024-11-29,237.6000,246.8800,236.5200,243.4400,10695408,2024-11-29 23:59:59.999,2590881189.3260,1415983,5175384,1253946818.2500,0
2024-11-30,243.4400,245.5900,237.5500,237.7300,8022661,2024-11-30 23:59:59.999,1937366989.8830,1141473,3708755,895844230.1180,0
2024-12-01,237.7300,240.0600,234.1800,237.0600,8458821,2024-12-01 23:59:59.999,2006011730.1300,1156289,4067023,964733986.0290,0
2024-12-02,237.0600,238.5900,220.1100,225.8800,20045465,2024-12-02 23:59:59.999,4557886612.6460,2438471,9465618,2152376158.2870,0
2024-12-03,225.8700,239.8100,215.1100,234.1000,22553903,2024-12-03 23:59:59.999,5113577306.1460,2762057,10969773,2489051345.0250,0
2024-12-04,234.1200,241.0700,224.8200,229.3200,18388506,2024-12-04 23:59:59.999,4290426106.7780,2343085,8736718,2038764132.7990,0
2024-12-05,229.3200,245.1200,223.1100,236.0500,27143374,2024-12-05 23:59:59.999,6402409276.2050,3159834,13002444,3068806755.4920,0
2024-12-06,236.0500,247.3200,231.0300,237.0800,17443224,2024-12-06 23:59:59.999,4159955199.5440,2229012,8628961,2058324774.1610,0
2024-12-07,237.0800,243.8900,234.2100,238.3000,10193295,2024-12-07 23:59:59.999,2439614280.2760,1307967,4970212,1189962800.2900,0
2024-12-08,238.2900,241.7600,233.3300,237.2400,8610479,2024-12-08 23:59:59.999,2039932069.7370,1110625,4014606,951377486.0480,0
2024-12-09,237.2300,237.5000,200.0000,216.6500,28754867,2024-12-09 23:59:59.999,6406085369.8590,3289318,13203372,2946685442.3600,0
2024-12-10,216.6600,221.0200,203.1700,213.5800,25334366,2024-12-10 23:59:59.999,5384888911.0440,3277929,12239752,2602253927.5460,0
2024-12-11,213.5800,230.6500,211.4300,227.2900,14804632,2024-12-11 23:59:59.999,3302862097.5490,1940284,7592926,1694408148.0510,0
2024-12-12,227.2900,234.6600,225.6500,226.8800,13569576,2024-12-12 23:59:59.999,3121252717.7800,1740248,6720402,1545900620.8650,0
2024-12-13,226.8800,228.4000,220.5000,224.7100,10894005,2024-12-13 23:59:59.999,2442269256.1850,1378874,5285179,1185022119.2460,0
2024-12-14,224.7100,227.4000,215.0400,219.8400,8996298,2024-12-14 23:59:59.999,1993266311.7310,1127463,4389827,972768153.4230,0
2024-12-15,219.8500,225.5100,215.5500,224.2100,9172478,2024-12-15 23:59:59.999,2017987787.9050,1171925,4531892,997135980.7100,0
2024-12-16,224.2100,227.4100,213.1200,216.0800,14612870,2024-12-16 23:59:59.999,3200991267.0220,1760152,6864221,1504283157.1640,0
2024-12-17,216.0900,228.9000,211.1500,223.1600,20082370,2024-12-17 23:59:59.999,4449838430.1180,2364341,9714646,2153093875.3460,0
2024-12-18,223.1700,225.9900,204.6100,206.4600,23104778,2024-12-18 23:59:59.999,4946333807.6890,2690037,11075104,2372281594.2430,0
2024-12-19,206.4600,211.9900,187.0000,193.7100,31013628,2024-12-19 23:59:59.999,6209854315.1490,3466694,14465650,2896963747.0800,0
2024-12-20,193.7100,199.6100,175.2000,194.2800,37082041,2024-12-20 23:59:59.999,6919750458.8460,4406718,17620452,3290244502.9270,0
2024-12-21,194.2800,201.9400,178.3100,181.3700,22071597,2024-12-21 23:59:59.999,4158534249.5880,2479943,10771621,2030335729.3090,0
2024-12-22,181.3600,187.7700,176.7700,180.4400,17366764,2024-12-22 23:59:59.999,3162885643.4840,2026716,8398951,1529883165.6210,0
2024-12-23,180.4300,193.3800,176.3600,190.0600,20626605,2024-12-23 23:59:59.999,3802821985.8440,2470183,10213188,1882957994.4510,0
2024-12-24,190.0600,198.9000,186.0500,196.9900,13181443,2024-12-24 23:59:59.999,2552223811.1770,1642810,6578430,1273748174.8380,0
2024-12-25,196.9800,201.7700,194.9500,197.3500,9243424,2024-12-25 23:59:59.999,1831786293.7060,1290604,4538783,899639247.9320,0
2024-12-26,197.3600,199.6300,186.5300,188.3700,12013169,2024-12-26 23:59:59.999,2295833148.0400,1504307,5824782,1113110367.3710,0
2024-12-27,188.3700,194.2900,182.6600,184.1800,11933455,2024-12-27 23:59:59.999,2242989445.9190,1492638,5895993,1108094696.5760,0
2024-12-28,184.1800,195.9800,183.7100,195.3900,7418865,2024-12-28 23:59:59.999,1408298033.1550,987973,3690453,700688753.5830,0
2024-12-29,195.3900,197.6800,188.5000,189.8500,9006037,2024-12-29 23:59:59.999,1746524939.2250,1162501,4526885,878212659.1940,0
2024-12-30,189.8500,196.4000,185.8100,191.2600,12920378,2024-12-30 23:59:59.999,2470389161.1800,1700301,6469487,1236860827.0670,0
2024-12-31,191.2600,199.1600,187.9100,189.2200,11023732,2024-12-31 23:59:59.999,2133803372.8570,1421762,5369991,1039558243.6890,0
2025-01-01,189.2200,195.2900,187.8200,194.2200,7977746,2025-01-01 23:59:59.999,1525021537.8300,1045867,4004981,765760556.2150,0
2025-01-02,194.2200,210.4700,193.3400,208.1700,15488351,2025-01-02 23:59:59.999,3174714368.9800,1787780,8105179,1661805845.8250,0
2025-01-03,208.1700,219.6900,205.5100,217.9100,13641745,2025-01-03 23:59:59.999,2906476870.0880,1583328,7023834,1497093346.9550,0
2025-01-04,217.9200,218.0800,213.4500,216.5600,7095808,2025-01-04 23:59:59.999,1532628689.7160,880233,3471550,749857590.5330,0
2025-01-05,216.5700,218.9800,211.2700,213.3000,7443139,2025-01-05 23:59:59.999,1596842064.8430,901180,3565070,764791487.9050,0
2025-01-06,213.3100,223.1400,211.4100,218.1100,11758842,2025-01-06 23:59:59.999,2558352752.5190,1387027,5795706,1261154885.8590,0
2025-01-07,218.1000,219.0400,201.3600,202.0700,16172122,2025-01-07 23:59:59.999,3385569221.1380,1769388,7757946,1624543034.6010,0
2025-01-08,202.0600,203.2000,188.2300,197.3700,21459230,2025-01-08 23:59:59.999,4209065336.4150,2246927,10609200,2081406664.5390,0
2025-01-09,197.3700,198.9800,181.8500,184.8800,16441467,2025-01-09 23:59:59.999,3116387254.4760,1856201,7914178,1500428252.2540,0
2025-01-10,184.8700,192.9300,183.3800,187.5900,14664976,2025-01-10 23:59:59.999,2763083900.3930,1775413,7251257,1366073974.6380,0
2025-01-11,187.5900,191.8200,184.0100,187.9900,7318839,2025-01-11 23:59:59.999,1368424816.0500,955758,3636389,679958487.4230,0
2025-01-12,187.9900,190.9800,185.0400,188.4300,6414635,2025-01-12 23:59:59.999,1204371819.5590,823140,3184654,597971121.9240,0
2025-01-13,188.4300,191.9400,167.7100,182.7800,24909157,2025-01-13 23:59:59.999,4463991913.2110,2590729,11848531,2125015573.3970,0
2025-01-14,182.7700,190.0800,181.7700,187.4600,11207604,2025-01-14 23:59:59.999,2090970601.1140,1257979,5570720,1039553263.6070,0
2025-01-15,187.4500,205.9400,185.7600,205.7600,16281403,2025-01-15 23:59:59.999,3171412151.4010,1674491,8235662,1605441801.0110,0
2025-01-16,205.7600,217.1400,198.4200,211.0200,22599445,2025-01-16 23:59:59.999,4718273066.9600,2372297,11144728,2326668804.9250,0
2025-01-17,211.0300,222.0900,209.7100,219.4600,18335847,2025-01-17 23:59:59.999,3984455541.5530,1985447,8911924,1936496943.5410,0
2025-01-18,219.4600,270.7000,217.1800,261.9000,64476581,2025-01-18 23:59:59.999,15676400460.9840,7282154,32697237,7945825239.3700,0
2025-01-19,261.9100,295.6000,237.6900,252.5200,73470822,2025-01-19 23:59:59.999,19674237963.8230,9806933,35654864,9560416740.9610,0
2025-01-20,252.4900,273.0000,229.2700,241.8900,51782047,2025-01-20 23:59:59.999,12943712158.8850,7325204,25379569,6345840870.4120,0
2025-01-21,241.8800,259.8900,230.3000,250.2600,27837731,2025-01-21 23:59:59.999,6741174177.4960,4406237,13697675,3317819188.4480,0
2025-01-22,250.2500,272.0500,248.2400,257.3000,25551650,2025-01-22 23:59:59.999,6627522100.5080,3598655,12834405,3328698244.9310,0
2025-01-23,257.3100,258.3800,242.0100,253.0100,26797640,2025-01-23 23:59:59.999,6687392006.8540,3934854,13099596,3269623168.1380,0
2025-01-24,253.0100,270.1100,247.0900,253.2200,20558642,2025-01-24 23:59:59.999,5353659711.8500,3029511,10110049,2633589674.9410,0
2025-01-25,253.2200,260.7600,246.0900,256.3200,14384756,2025-01-25 23:59:59.999,3632281526.7980,2031794,7157887,1807572070.6540,0
2025-01-26,256.3200,259.9900,240.1600,240.3200,12427133,2025-01-26 23:59:59.999,3145277678.5030,1731622,5984047,1516185191.5100,0
2025-01-27,240.3200,242.5300,220.7600,234.7700,34871094,2025-01-27 23:59:59.999,8050449053.2420,4580449,16728151,3862018360.3330,0
2025-01-28,234.7900,243.7700,225.0000,226.9100,17754677,2025-01-28 23:59:59.999,4173248404.3570,2367555,8783075,2065563723.5980,0
2025-01-29,226.9200,238.5900,222.4500,228.0400,19766679,2025-01-29 23:59:59.999,4558915039.8530,2534734,9750614,2249453319.3090,0
2025-01-30,228.0400,244.5900,226.7100,238.1500,14062399,2025-01-30 23:59:59.999,3361746754.3860,1701669,6917771,1653905358.9250,0
2025-01-31,238.1500,241.8000,228.1000,231.5900,13247461,2025-01-31 23:59:59.999,3121444996.0280,1596426,6503363,1532568597.2230,0
2025-02-01,231.6000,234.0200,212.5800,212.8900,12487995,2025-02-01 23:59:59.999,2801626077.9310,1501316,5842875,1311459155.4420,0
2025-02-02,212.8800,218.7100,191.8500,203.4200,32839924,2025-02-02 23:59:59.999,6781262632.1800,3874478,16072099,3321430458.9560,0
2025-02-03,203.4200,218.4200,173.3300,216.2000,48288452,2025-02-03 23:59:59.999,9525171551.6690,6649588,23230263,4591768277.1990,0
2025-02-04,216.1900,219.8900,201.7560,206.4800,27239923,2025-02-04 23:59:59.999,5724973623.2910,3507167,13359749,2807877093.3830,0
2025-02-05,206.4900,209.2600,195.0500,196.0300,15772491,2025-02-05 23:59:59.999,3195017079.9120,2060611,7693048,1558728867.2400,0
2025-02-06,196.0300,203.8600,187.1600,189.4500,17548603,2025-02-06 23:59:59.999,3431270479.8970,2213571,8552361,1673051837.4180,0
2025-02-07,189.4500,203.3100,188.0000,191.8400,19668969,2025-02-07 23:59:59.999,3844932058.8370,2362772,9624941,1881381440.9730,0
2025-02-08,191.8400,200.7500,189.6700,199.2100,9516816,2025-02-08 23:59:59.999,1848034270.7870,1207515,4614659,896391789.9190,0
2025-02-09,199.2200,207.2600,193.2200,200.3200,14085475,2025-02-09 23:59:59.999,2827113414.1120,1599783,7129726,1430831632.2400,0
2025-02-10,200.3100,208.9000,195.7100,200.3200,15332965,2025-02-10 23:59:59.999,3109434925.3680,1902778,7702037,1562451540.8470,0
2025-02-11,200.3200,206.0700,194.9400,197.8700,14219966,2025-02-11 23:59:59.999,2853670664.7450,1635033,6932149,1391336332.5330,0
2025-02-12,197.8600,198.4900,188.3000,196.7100,16639131,2025-02-12 23:59:59.999,3227525998.7670,1984192,8260977,1602827210.1210,0
2025-02-13,196.7100,198.4000,188.7000,194.1200,11143522,2025-02-13 23:59:59.999,2151448962.0400,1368161,5385886,1039888822.8860,0
2025-02-14,194.1200,205.3000,194.0200,199.3100,13253377,2025-02-14 23:59:59.999,2642668189.8380,1557586,6733538,1342716832.3270,0
2025-02-15,199.3100,200.2100,192.3000,194.3500,7532129,2025-02-15 23:59:59.999,1473301783.8620,960242,3640739,712192874.5730,0
2025-02-16,194.3500,196.1800,186.0000,188.1400,10972253,2025-02-16 23:59:59.999,2095136818.1560,1169160,5107478,975602682.6600,0
2025-02-17,188.1500,189.6100,174.5500,177.4700,21533353,2025-02-17 23:59:59.999,3913264020.4150,2052527,10074828,1831642588.7040,0
2025-02-18,177.4700,178.9900,160.7700,169.2100,34977765,2025-02-18 23:59:59.999,5875341774.9500,3308547,16845829,2828472230.6130,0
2025-02-19,169.2200,174.2400,163.6400,168.8500,21567609,2025-02-19 23:59:59.999,3654223014.4380,2006025,10720259,1816591021.7020,0
2025-02-20,168.8600,176.5900,167.5200,175.9000,15676873,2025-02-20 23:59:59.999,2710200220.5240,1587415,7881339,1362680106.0830,0
2025-02-21,175.9000,180.4800,167.1000,168.8300,23614218,2025-02-21 23:59:59.999,4116074682.9040,2272438,11506414,2006959565.7410,0
2025-02-22,168.8400,174.6700,167.9800,171.9800,9539412,2025-02-22 23:59:59.999,1643188678.4660,1014369,4671926,804731695.0560,0
2025-02-23,171.9900,172.9900,166.3200,167.8400,8522631,2025-02-23 23:59:59.999,1443069387.6200,891007,4081866,691094709.7090,0
2025-02-24,167.8400,169.5800,137.1600,141.7300,40738410,2025-02-24 23:59:59.999,6266379309.3280,3605479,19138739,2947907097.0940,0
2025-02-25,141.7300,147.0000,131.7200,144.2400,58424968,2025-02-25 23:59:59.999,8135265001.8150,5506287,29067857,4048630865.1940,0
2025-02-26,144.2500,145.1600,130.5400,135.2700,35461521,2025-02-26 23:59:59.999,4857935286.1300,3095884,17540988,2403668102.3560,0
2025-02-27,135.2800,142.8000,134.6100,137.6000,25190372,2025-02-27 23:59:59.999,3490909303.4400,2384792,12424161,1722379151.0600,0
2025-02-28,137.6000,148.6900,125.5200,148.1000,50846289,2025-02-28 23:59:59.999,6913128803.4930,4249526,25788996,3508929213.1490,0
2025-03-01,148.1000,151.1500,138.5000,143.5800,22723905,2025-03-01 23:59:59.999,3260327550.9250,1948319,11507398,1651989408.0470,0
2025-03-02,143.5700,180.0000,139.9600,178.6400,56906128,2025-03-02 23:59:59.999,9234334967.2220,5305725,28362694,4600516328.7880,0
2025-03-03,178.6400,179.4400,139.1900,142.0500,54165734,2025-03-03 23:59:59.999,8486931451.7910,5133746,26398620,4135191441.7730,0
2025-03-04,142.0500,146.8000,130.5200,144.7000,50888782,2025-03-04 23:59:59.999,7037997102.3140,4581948,25300338,3500793633.9960,0
2025-03-05,144.6900,149.6600,140.1200,146.1600,25732247,2025-03-05 23:59:59.999,3710961451.1630,2449815,12696198,1830879116.3000,0
2025-03-06,146.1700,152.8500,142.3200,143.2200,23968768,2025-03-06 23:59:59.999,3535617520.7490,2509526,11774653,1736332149.9570,0
2025-03-07,143.2200,150.8600,135.0000,139.3100,36719254,2025-03-07 23:59:59.999,5248705203.8480,3563717,18003618,2574102268.5280,0
2025-03-08,139.3100,140.9900,135.1900,136.9200,12033588,2025-03-08 23:59:59.999,1661095613.0990,1258237,5797075,800423260.2460,0
2025-03-09,136.9300,139.7900,125.3700,126.4200,22039157,2025-03-09 23:59:59.999,2901135651.3460,2038129,10735222,1412734262.0770,0
2025-03-10,126.4200,131.5000,115.4300,118.2600,38703346,2025-03-10 23:59:59.999,4760102004.8220,3178341,18924134,2328283031.0100,0
2025-03-11,118.2700,128.3600,111.8300,125.2800,37472663,2025-03-11 23:59:59.999,4560385760.7960,3089309,18284348,2227088466.6660,0
2025-03-12,125.2700,131.2600,121.1600,126.5500,28491735,2025-03-12 23:59:59.999,3566589700.9640,2270097,14080619,1762442717.7690,0
2025-03-13,126.5400,128.7900,120.6600,123.3200,21642285,2025-03-13 23:59:59.999,2694723663.5210,1825692,10883977,1354983935.3140,0
2025-03-14,123.3200,136.0700,122.8900,133.4900,21467520,2025-03-14 23:59:59.999,2785703895.2640,1778056,10746075,1394977884.7100,0
2025-03-15,133.4800,136.4700,132.3600,135.7900,11738984,2025-03-15 23:59:59.999,1576852669.2250,1052166,5946594,798810404.6040,0
2025-03-16,135.8000,136.6800,125.1100,126.0500,20105042,2025-03-16 23:59:59.999,2623667285.6990,1604170,9796203,1278603724.1890,0
2025-03-17,126.0500,130.5600,125.4400,127.9300,18702871,2025-03-17 23:59:59.999,2396631183.1660,1418719,9118064,1168365395.0440,0
2025-03-18,127.9200,128.1000,121.6600,125.2500,17764133,2025-03-18 23:59:59.999,2205642676.7790,1369303,8750308,1086658733.2170,0
2025-03-19,125.2500,136.0600,124.1400,135.3000,24365586,2025-03-19 23:59:59.999,3159831962.2480,1788715,12192817,1581948801.7320,0
2025-03-20,135.3000,136.0800,126.5600,127.5300,16400296,2025-03-20 23:59:59.999,2147459352.5130,1332632,8017037,1049283260.7680,0
2025-03-21,127.5300,130.3800,124.7400,128.3800,16153936,2025-03-21 23:59:59.999,2059132889.5750,1247779,7752238,988241462.8720,0
2025-03-22,128.3900,131.7700,127.7100,128.4400,9696405,2025-03-22 23:59:59.999,1255584067.2070,814958,4684133,606654783.1660,0
2025-03-23,128.4300,133.9900,128.1200,132.7700,11218657,2025-03-23 23:59:59.999,1476761830.3100,884686,5691831,749272191.6270,0
2025-03-24,132.7700,144.9000,131.9500,140.9500,25856117,2025-03-24 23:59:59.999,3624378177.4770,1914579,12928344,1812088048.3290,0
2025-03-25,140.9500,147.4100,138.0900,143.5900,23211915,2025-03-25 23:59:59.999,3318998271.5450,1696792,11535953,1649993197.8810,0
2025-03-26,143.6000,145.4100,135.7800,137.2600,20546321,2025-03-26 23:59:59.999,2895393384.0100,1532967,10026642,1413036936.5560,0
2025-03-27,137.2700,140.1400,135.5000,138.3700,16038347,2025-03-27 23:59:59.999,2217761474.3560,1337517,7884650,1090364222.9070,0
2025-03-28,138.3600,138.9800,127.4800,129.3900,22555136,2025-03-28 23:59:59.999,2979827220.6740,1663728,10863761,1435295016.3500,0
2025-03-29,129.3900,130.4500,122.5200,124.5000,18346484,2025-03-29 23:59:59.999,2312363384.2780,1346771,8814367,1111179329.0850,0
2025-03-30,124.4900,127.0100,122.8100,124.7300,13928820,2025-03-30 23:59:59.999,1740825776.5940,1109851,6906660,863274150.5180,0
2025-03-31,124.7400,127.8100,122.5800,124.4800,22378735,2025-03-31 23:59:59.999,2804193000.5610,1700047,11173317,1400240364.3410,0
2025-04-01,124.4700,130.3900,123.6500,126.6000,21006831,2025-04-01 23:59:59.999,2670482399.8950,1664899,10585117,1345606366.4400,0
2025-04-02,126.6000,136.2000,117.0200,117.3400,34002918,2025-04-02 23:59:59.999,4310834366.1460,2864977,16550495,2100555663.2260,0
2025-04-03,117.3600,120.8900,112.1700,117.0800,29903708,2025-04-03 23:59:59.999,3477501007.8800,2421548,14551378,1692671859.7560,0
2025-04-04,117.0900,123.9600,113.1900,122.7200,36088746,2025-04-04 23:59:59.999,4266282533.9130,2976699,17806906,2105352260.3610,0
2025-04-05,122.7200,122.8000,117.0800,120.2400,13027534,2025-04-05 23:59:59.999,1558377770.1640,1080077,6508968,778560779.8290,0
2025-04-06,120.2500,121.0800,103.7600,105.8400,35535972,2025-04-06 23:59:59.999,3963515837.5470,2580375,17038092,1899972180.1470,0
2025-04-07,105.8400,113.1800,95.1900,106.9100,75490750,2025-04-07 23:59:59.999,7822292709.0950,5633751,37341021,3870444038.6790,0
2025-04-08,106.9100,112.5000,102.8700,105.3200,38525999,2025-04-08 23:59:59.999,4156408037.2230,2828903,19115984,2061832615.7090,0
2025-04-09,105.3200,120.6900,101.2300,119.0100,55935969.67,2025-04-09 23:59:59.999,6145552540.412900,4562345,27934482.27,3069763435.942800,0
2025-04-10,119.0000,119.2900,108.2100,112.7300,28127517.86,2025-04-10 23:59:59.999,3187912179.826400,2633835,13843149.81,1568901681.580700,0
2025-04-11,112.7300,122.6500,112.0900,121.3300,27279629.32,2025-04-11 23:59:59.999,3225973050.203080,2594514,13793672.26,1631475279.987080,0
2025-04-12,121.3300,134.0000,119.2900,132.1700,28569981.02,2025-04-12 23:59:59.999,3639129914.247160,2808367,14538622.39,1851451872.811060,0
2025-04-13,132.1600,133.9400,125.2800,128.3000,27394711.92,2025-04-13 23:59:59.999,3549711016.600840,2917949,13592336.61,1761198490.174080,0
2025-04-14,128.3000,136.0900,127.9000,129.3400,29949323.07,2025-04-14 23:59:59.999,3946675915.423020,3320880,14921753.28,1967067033.197020,0
2025-04-15,129.3300,134.4100,125.7300,126.0500,23439427.56,2025-04-15 23:59:59.999,3051296105.120220,2559860,11560305.25,1505312126.900860,0
2025-04-16,126.0500,133.8800,123.4100,131.3000,33465149.25,2025-04-16 23:59:59.999,4267991232.209380,3223043,16710969.00,2132262171.044680,0
2025-04-17,131.2900,136.2600,129.4000,134.7600,25846477.73,2025-04-17 23:59:59.999,3443935495.363390,2878687,13204161.82,1759467331.858560,0
2025-04-18,134.7700,135.9500,132.3600,133.9700,14526323.09,2025-04-18 23:59:59.999,1948510320.219560,1869694,7212681.01,967630636.591660,0
2025-04-19,133.9700,140.7100,133.5000,139.7700,17774304.83,2025-04-19 23:59:59.999,2458297733.249480,2036077,9185430.52,1270262372.187460,0
2025-04-20,139.7700,141.8700,135.5000,137.7600,18365965.07,2025-04-20 23:59:59.999,2540662291.226540,1951026,9035727.30,1249891986.729620,0
2025-04-21,137.7700,143.2500,133.7500,136.4400,28218108.99,2025-04-21 23:59:59.999,3909054007.441260,2840050,13770327.34,1908202751.731480,0
2025-04-22,136.4400,150.2900,134.4000,148.7100,29965103.05,2025-04-22 23:59:59.999,4278616766.709220,3447197,15382735.91,2198061989.123300,0
2025-04-23,148.7200,154.1400,147.0000,151.0500,27343533.75,2025-04-23 23:59:59.999,4122695404.339490,3368497,13518038.48,2038847886.905440,0
2025-04-24,151.0500,152.9600,145.0600,152.4800,22251059.18,2025-04-24 23:59:59.999,3320960499.677120,2608460,11146584.24,1664128819.794050,0
2025-04-25,152.4800,157.2400,149.7500,150.7600,24478171.33,2025-04-25 23:59:59.999,3745310743.088960,2948868,12099093.88,1852071210.839870,0
2025-04-26,150.7500,153.1500,147.6600,149.1400,12075945.42,2025-04-26 23:59:59.999,1809760403.487660,1765368,5924203.42,888152993.117960,0
2025-04-27,149.1500,150.3700,145.3900,147.9100,12993152.23,2025-04-27 23:59:59.999,1924888735.444310,1886185,6383919.78,946195161.565070,0
2025-04-28,147.9000,153.3500,144.5300,147.7600,23903006.42,2025-04-28 23:59:59.999,3553633481.988020,3029358,11831200.87,1759240106.570740,0
2025-04-29,147.7600,150.3700,144.7900,146.1800,16872983.15,2025-04-29 23:59:59.999,2493274398.619250,2183379,8199778.46,1212054815.075170,0
2025-04-30,146.1900,148.6400,140.2500,147.4700,21901577.94,2025-04-30 23:59:59.999,3168870418.828400,2492111,10602502.79,1534247516.520510,0
2025-05-01,147.4700,153.8800,147.4700,150.7300,18745811.77,2025-05-01 23:59:59.999,2826928278.595950,1976960,9441421.66,1423966437.370190,0
2025-05-02,150.7300,151.8600,147.2000,147.9300,15209536.57,2025-05-02 23:59:59.999,2278372150.085990,1795783,7465332.51,1118639080.701950,0
2025-05-03,147.9300,149.0000,145.7400,146.6200,10168422.72,2025-05-03 23:59:59.999,1500516467.368340,1308350,4998930.08,737906250.401660,0
2025-05-04,146.6200,147.7900,143.5500,143.8700,12173978.16,2025-05-04 23:59:59.999,1776616934.635460,1563743,5872186.35,857147951.503860,0
2025-05-05,143.8600,147.6700,142.4200,146.6600,16486753.69,2025-05-05 23:59:59.999,2394014590.971330,1999985,8199792.59,1190830432.455280,0
2025-05-06,146.6600,147.1700,141.3000,146.8300,17113484.10,2025-05-06 23:59:59.999,2466744460.416210,2065988,8502018.04,1226012516.693160,0
2025-05-07,146.8300,149.4700,144.5900,147.2700,18771685.63,2025-05-07 23:59:59.999,2755692325.060350,2013445,9419025.14,1382819109.127130,0
2025-05-08,147.2700,164.6100,147.0100,164.4200,31298406.83,2025-05-08 23:59:59.999,4897171225.890950,3189064,16405547.97,2566605871.162580,0
2025-05-09,164.4100,176.1600,161.0200,172.7400,34425684.55,2025-05-09 23:59:59.999,5808984740.243580,4151302,16937561.78,2857614647.216990,0
2025-05-10,172.7400,178.9300,168.6800,177.8600,19265992.83,2025-05-10 23:59:59.999,3323468710.195350,2534320,9566571.18,1650940725.426250,0
2025-05-11,177.8500,180.2900,169.1300,173.1100,22311448.47,2025-05-11 23:59:59.999,3887153266.722910,3052036,10769452.52,1876715721.416710,0
2025-05-12,173.1000,181.4400,168.2700,174.1400,33710598.96,2025-05-12 23:59:59.999,5913623058.203520,4313040,16684466.27,2928796979.730990,0
2025-05-13,174.1500,184.8000,166.1200,183.7000,26894880.87,2025-05-13 23:59:59.999,4712088652.640720,3361404,13292456.80,2331660194.654270,0
2025-05-14,183.7000,184.8700,173.1500,176.5100,22610580.37,2025-05-14 23:59:59.999,4053510095.446090,3043544,10968661.98,1966763865.722240,0
2025-05-15,176.5100,178.2300,166.5500,169.0600,25491932.66,2025-05-15 23:59:59.999,4368660559.396310,3330630,12440583.41,2132520598.496100,0
2025-05-16,169.0600,174.1600,166.2200,167.3300,18061064.71,2025-05-16 23:59:59.999,3092433892.320580,2571960,8787793.60,1504828676.800710,0
2025-05-17,167.3300,169.9500,163.9100,165.8700,16744002.36,2025-05-17 23:59:59.999,2791983025.602870,2413073,8158404.50,1360369627.834740,0
2025-05-18,165.8700,176.7300,164.5000,173.2400,22124057.51,2025-05-18 23:59:59.999,3770916490.043230,2835392,10808380.36,1841809387.601670,0
2025-05-19,173.2500,173.8700,159.2800,166.7600,27244529.53,2025-05-19 23:59:59.999,4478284844.156330,3303113,12953509.69,2130387778.231600,0
2025-05-20,166.7600,173.0600,164.4000,168.5100,21947126.47,2025-05-20 23:59:59.999,3679410821.409840,2921818,10739390.10,1800619650.237200,0
2025-05-21,168.5100,175.9200,165.3400,173.5000,33065481.41,2025-05-21 23:59:59.999,5615034929.289960,3743875,16167134.12,2744712982.736060,0
2025-05-22,173.5000,180.8200,172.4000,179.6000,23205120.54,2025-05-22 23:59:59.999,4117482141.103140,3005848,11528810.65,2045470926.500420,0
2025-05-23,179.6100,187.6700,173.1800,173.9200,37351156.03,2025-05-23 23:59:59.999,6744159081.145380,4506115,18530640.75,3346710534.860150,0
2025-05-24,173.9200,178.2200,172.5200,175.8100,14265329.48,2025-05-24 23:59:59.999,2504363818.625930,2136880,7011455.13,1231058312.061170,0
2025-05-25,175.8200,176.8200,169.0500,175.6500,18127420.56,2025-05-25 23:59:59.999,3118928034.690200,2370149,8963249.83,1542670366.508130,0
2025-05-26,175.6400,178.9600,173.3700,174.8000,14813072.89,2025-05-26 23:59:59.999,2613947065.553670,2119598,7342215.83,1295867917.842340,0
2025-05-27,174.8000,179.3700,171.0600,176.6400,18734251.84,2025-05-27 23:59:59.999,3297438061.850870,2545748,9267056.27,1631624126.861630,0
2025-05-28,176.6400,177.3800,168.8000,172.1100,16915674.20,2025-05-28 23:59:59.999,2915393055.976040,2289209,8283688.71,1428126657.279310,0
2025-05-29,172.1200,175.2800,165.8700,166.6200,18527620.84,2025-05-29 23:59:59.999,3162342956.999550,2307525,8673638.19,1480665319.842270,0
2025-05-30,166.6100,167.4100,155.0100,156.1200,25265495.15,2025-05-30 23:59:59.999,4077467012.719260,2964917,11873636.32,1916795070.149700,0
2025-05-31,156.1100,157.9200,152.0600,156.3500,16603647.07,2025-05-31 23:59:59.999,2572639926.025280,2263299,8109151.81,1256722949.570290,0
2025-06-01,156.3600,157.8500,150.4800,157.6200,15529303.58,2025-06-01 23:59:59.999,2392545486.894760,2002361,7642931.51,1177626941.989140,0
2025-06-02,157.6100,158.8400,151.5200,156.7400,19012258.20,2025-06-02 23:59:59.999,2937008967.225850,2388440,9380380.07,1449384436.341870,0
2025-06-03,156.7500,163.5700,154.0000,155.0800,21721022.99,2025-06-03 23:59:59.999,3467151622.842460,2508152,10634517.27,1697734827.323210,0
2025-06-04,155.0800,157.9300,152.7800,153.1800,15709766.86,2025-06-04 23:59:59.999,2448718871.023250,1979503,7684206.66,1198026968.482480,0
2025-06-05,153.1800,154.5900,141.4300,144.2100,28298589.49,2025-06-05 23:59:59.999,4209307968.774700,3070416,13449144.94,2001163103.737390,0
2025-06-06,144.2000,152.5600,144.0200,147.7600,18358705.23,2025-06-06 23:59:59.999,2733120762.710720,2033717,9105461.44,1355266190.426280,0
2025-06-07,147.7700,152.8000,146.8400,149.9800,11344603.37,2025-06-07 23:59:59.999,1708349293.516810,1427922,5832969.75,878171782.132900,0
2025-06-08,149.9700,155.3000,147.5900,152.3700,12551487.59,2025-06-08 23:59:59.999,1898566904.783960,1518452,6369056.06,963681355.306000,0
2025-06-09,152.3700,161.7000,149.5000,161.0900,20936187.40,2025-06-09 23:59:59.999,3241582117.226980,2338528,10760655.33,1666735102.766450,0
2025-06-10,161.0900,165.6200,156.2300,165.0600,28358983.76,2025-06-10 23:59:59.999,4554998235.514540,2983807,14027488.04,2253527260.077770,0
2025-06-11,165.0600,168.3000,159.1400,160.8800,26429145.95,2025-06-11 23:59:59.999,4356174379.227900,3022536,12809011.60,2112095465.665190,0
2025-06-12,160.8800,161.2400,151.9200,152.2300,22581557.08,2025-06-12 23:59:59.999,3557538494.868490,2462057,10742405.56,1693371528.252010,0
2025-06-13,152.2400,152.5500,140.7300,148.5400,35569510.74,2025-06-13 23:59:59.999,5164558091.845040,3871310,17461155.94,2535191873.244100,0
2025-06-14,148.5400,148.6500,141.8700,144.5500,11962875.31,2025-06-14 23:59:59.999,1734822405.227310,1524627,5801004.86,841495693.485060,0
2025-06-15,144.5500,153.6600,144.1500,152.8900,21690910.20,2025-06-15 23:59:59.999,3234432681.960450,2388299,11113754.95,1657438999.078170,0
2025-06-16,152.8800,158.6800,150.2400,150.6700,24626504.09,2025-06-16 23:59:59.999,3828878278.159890,2773376,12086157.78,1879194150.507780,0
2025-06-17,150.6700,154.2900,145.5500,147.4900,27895774.66,2025-06-17 23:59:59.999,4172082541.896950,2906589,13884848.57,2076671680.461660,0
2025-06-18,147.5000,149.2000,143.5800,146.2800,20087338.81,2025-06-18 23:59:59.999,2937088683.444420,2375927,9733504.63,1423337754.136030,0
2025-06-19,146.2900,147.8300,142.8300,146.9600,14582386.71,2025-06-19 23:59:59.999,2118440141.964500,1708592,7436168.80,1080489024.590760,0
2025-06-20,146.9600,148.7500,135.5700,140.0200,28044691.88,2025-06-20 23:59:59.999,3999869387.818570,2720764,13421202.60,1914874022.413660,0
2025-06-21,140.0100,142.5300,130.4600,135.3200,22467235.87,2025-06-21 23:59:59.999,3099049932.173000,2316454,10689548.04,1475057474.251540,0
2025-06-22,135.3200,137.5200,125.8300,131.6400,34962126.62,2025-06-22 23:59:59.999,4586891456.615640,3714479,17214807.10,2259008084.021640,0
2025-06-23,131.6400,146.8800,130.6000,144.4100,36063182.90,2025-06-23 23:59:59.999,4936961815.422040,3550105,18605621.66,2549052143.063660,0
2025-06-24,144.4100,146.6600,142.2100,145.8300,19374914.19,2025-06-24 23:59:59.999,2795519646.467600,2358188,9519080.70,1373760518.398820,0
2025-06-25,145.8300,147.9300,142.1200,143.4800,17755994.86,2025-06-25 23:59:59.999,2578184524.120500,2128703,8709894.00,1265017183.983100,0
2025-06-26,143.4900,147.9900,138.5400,138.9800,20832109.46,2025-06-26 23:59:59.999,2982922158.805390,2241979,10321701.47,1478681512.802800,0
2025-06-27,138.9800,145.0000,137.0000,142.0500,19109197.10,2025-06-27 23:59:59.999,2704515562.145320,2113166,9688351.14,1371552866.184180,0
2025-06-28,142.0500,152.6800,141.0700,150.6700,17720768.26,2025-06-28 23:59:59.999,2611863451.629970,2068366,9323689.90,1373801197.971490,0
2025-06-29,150.6700,154.7700,149.3000,153.2100,14170474.54,2025-06-29 23:59:59.999,2145063461.052330,1613177,7213697.21,1092430604.813080,0
2025-06-30,153.2200,160.0000,149.3600,154.7300,28552469.25,2025-06-30 23:59:59.999,4402137111.464710,2813690,14249049.39,2197581289.870230,0
2025-07-01,154.7400,155.5800,144.6700,146.7900,21960463.41,2025-07-01 23:59:59.999,3271666492.858440,2245956,10747802.76,1602165861.647860,0
2025-07-02,146.7800,154.4400,145.6400,152.2100,22774588.15,2025-07-02 23:59:59.999,3424860298.448870,2314461,11203085.88,1684979786.799570,0
2025-07-03,152.2100,156.3300,149.5900,152.2900,19994063.02,2025-07-03 23:59:59.999,3061894611.327340,2132296,9849551.25,1508391102.367360,0
2025-07-04,152.2900,153.8400,145.1100,147.6000,17734643.73,2025-07-04 23:59:59.999,2647165809.625360,2034499,8434387.56,1258890083.839250,0
2025-07-05,147.6000,148.6300,145.7900,147.5000,8746155.20,2025-07-05 23:59:59.999,1288858739.510440,1124167,4328831.01,637957190.581260,0
2025-07-06,147.5000,154.0000,146.6600,151.8000,15591227.48,2025-07-06 23:59:59.999,2345421615.080610,1711098,7976427.79,1200138673.808600,0
2025-07-07,151.8000,153.5500,147.6000,148.8200,18352449.44,2025-07-07 23:59:59.999,2766591811.653170,1927982,9067840.29,1367156743.906640,0
2025-07-08,148.8200,152.8300,147.7500,151.5900,16236679.16,2025-07-08 23:59:59.999,2446093776.523220,1766016,8118045.07,1223068386.624430,0
2025-07-09,151.5900,157.9000,150.4400,156.9900,20926187.98,2025-07-09 23:59:59.999,3228254426.445620,2103672,10522553.03,1623808013.909400,0
2025-07-10,157.0000,165.3600,155.5000,164.2900,23247094.55,2025-07-10 23:59:59.999,3706114563.567330,2423176,11761972.73,1875826705.706420,0
2025-07-11,164.3000,168.1800,159.4900,162.8700,28976307.23,2025-07-11 23:59:59.999,4755973418.777700,2925883,14267597.42,2342577801.144550,0
2025-07-12,162.8700,163.8700,157.6600,160.6300,14093423.02,2025-07-12 23:59:59.999,2266048841.393000,1691906,6897380.76,1109294174.814340,0
2025-07-13,160.6400,164.1200,159.5500,161.0400,12288736.96,2025-07-13 23:59:59.999,1989246685.177000,1542165,6075693.00,983780718.725140,0
2025-07-14,161.0500,169.7600,160.5300,162.1300,24484678.37,2025-07-14 23:59:59.999,4054561881.745700,2708907,12031639.26,1992654792.684000,0
2025-07-15,162.1200,164.2600,157.1100,163.9900,23089869.29,2025-07-15 23:59:59.999,3706124546.100690,2649535,11158352.80,1791744856.771350,0
2025-07-16,163.9900,176.0000,161.5000,173.6400,30652081.80,2025-07-16 23:59:59.999,5183050130.363840,2987503,15331091.17,2593343352.274670,0
2025-07-17,173.6500,178.1700,168.7100,175.8200,32107258.56,2025-07-17 23:59:59.999,5587531205.801090,3322916,15542151.79,2705115831.967760,0
2025-07-18,175.8100,185.0000,173.1360,177.2100,33907533.20,2025-07-18 23:59:59.999,6083057162.305010,3564624,16409874.31,2945951328.211190,0
2025-07-19,177.2200,178.6200,173.9400,176.9300,14737476.22,2025-07-19 23:59:59.999,2605807738.703810,1746456,6838559.43,1209048279.419840,0
2025-07-20,176.9300,183.6700,176.3000,181.4200,28723496.60,2025-07-20 23:59:59.999,5170433405.754610,2748480,12767997.70,2299687525.908430,0
2025-07-21,181.4200,199.4800,178.1800,195.7500,40118132.49,2025-07-21 23:59:59.999,7682155805.912250,4537446,19804127.31,3793260239.045380,0
2025-07-22,195.7500,206.4400,193.7400,205.7800,51605026.55,2025-07-22 23:59:59.999,10328260517.566540,6141843,25162819.83,5038521501.906070,0
2025-07-23,205.7900,205.8600,184.0000,189.4000,37333738.64,2025-07-23 23:59:59.999,7212718859.308930,4212171,17664569.30,3413257439.765450,0
2025-07-24,189.4000,191.8700,179.2000,182.8000,35960020.47,2025-07-24 23:59:59.999,6689584290.667120,4229470,17257258.10,3210849945.314820,0
2025-07-25,182.8100,186.7900,175.5000,186.6900,30691791.63,2025-07-25 23:59:59.999,5514878238.867380,3764656,15160846.62,2725034246.279220,0
2025-07-26,186.6900,189.7500,184.1900,184.8200,12820253.74,2025-07-26 23:59:59.999,2394445764.471810,1506701,5989857.50,1119165803.385270,0
2025-07-27,184.8200,190.6700,184.4700,188.5500,14496844.03,2025-07-27 23:59:59.999,2716056823.761130,1984757,7187246.13,1346551956.036660,0
2025-07-28,188.5600,195.3200,182.0600,183.0300,25940458.88,2025-07-28 23:59:59.999,4899665615.710010,3356323,12325919.10,2329474156.944040,0
2025-07-29,183.0300,186.5000,178.1800,181.3900,21000820.28,2025-07-29 23:59:59.999,3825301372.318570,2693689,10136577.12,1847064971.959400,0
2025-07-30,181.3800,182.4800,170.0000,177.6800,23708179.11,2025-07-30 23:59:59.999,4212717668.218390,2926141,11153266.50,1982733802.480150,0
2025-07-31,177.6700,182.6600,171.3600,172.1500,20801269.36,2025-07-31 23:59:59.999,3691428968.766700,2430968,9754447.23,1732122129.222270,0
2025-08-01,172.1500,172.1900,159.0200,162.6100,34960240.73,2025-08-01 23:59:59.999,5841891232.468410,4244334,16471448.98,2754110974.644600,0
2025-08-02,162.6100,165.1900,155.7200,158.4000,20285340.89,2025-08-02 23:59:59.999,3265317440.807010,2503749,9636513.85,1552313744.642370,0
2025-08-03,158.4000,163.0700,156.1700,161.8400,12791815.46,2025-08-03 23:59:59.999,2057777405.212380,1691196,6191963.26,996256883.871090,0
2025-08-04,161.8500,169.7300,161.1600,169.4600,20821616.66,2025-08-04 23:59:59.999,3442261558.034980,2587284,10532127.35,1741770703.365090,0
2025-08-05,169.4700,171.6600,161.1700,163.9900,22666447.82,2025-08-05 23:59:59.999,3773355917.707120,2866636,10831526.93,1803669579.974750,0
2025-08-06,163.9900,169.8800,161.0400,168.0300,17077862.42,2025-08-06 23:59:59.999,2825956709.387640,2428371,8416546.02,1392850823.653620,0
2025-08-07,168.0400,175.4500,166.6100,175.2600,20589923.32,2025-08-07 23:59:59.999,3515793903.367320,2535044,10265705.45,1753275206.305470,0
2025-08-08,175.2700,179.6100,173.3600,176.7000,22243511.03,2025-08-08 23:59:59.999,3920596336.619380,2718153,10678049.50,1882737061.563160,0
2025-08-09,176.6900,183.4900,176.5300,179.8500,18788175.58,2025-08-09 23:59:59.999,3392870941.103110,2200056,9105972.94,1644365840.373880,0
2025-08-10,179.8600,186.1300,177.4200,182.5900,22851229.45,2025-08-10 23:59:59.999,4154878278.834080,2750832,11097431.99,2018587753.616570,0
2025-08-11,182.5800,186.7600,173.3400,174.7500,28729395.19,2025-08-11 23:59:59.999,5181405390.093960,3354652,13338407.78,2408079201.166000,0
2025-08-12,174.7400,193.7900,173.4900,191.7600,31885550.21,2025-08-12 23:59:59.999,5820125585.445750,3298903,16232240.87,2964460836.445660,0
2025-08-13,191.7700,205.0700,191.4700,201.5800,47586539.63,2025-08-13 23:59:59.999,9465121983.957440,4855789,23690252.18,4711908049.667580,0
2025-08-14,201.5700,210.1000,186.4700,192.3900,59620138.44,2025-08-14 23:59:59.999,11842377160.115050,6712209,28594553.73,5684068257.347600,0
2025-08-15,192.4000,197.9800,183.2300,185.6200,33158668.97,2025-08-15 23:59:59.999,6300760346.524440,3777898,16033478.46,3046567529.029580,0
2025-08-16,185.6100,190.0000,185.0900,189.5200,15638444.07,2025-08-16 23:59:59.999,2933475094.718560,1959412,7697683.15,1444331553.073150,0
2025-08-17,189.5300,195.7500,187.2600,190.9200,19287111.80,2025-08-17 23:59:59.999,3706373184.743320,2071836,9442500.81,1814568339.133550,0
2025-08-18,190.9200,191.2600,179.8400,182.8400,28158445.86,2025-08-18 23:59:59.999,5162171448.921990,3107248,13332414.13,2443123647.708700,0
2025-08-19,182.8400,185.7900,175.5700,176.1300,27235774.29,2025-08-19 23:59:59.999,4894052517.341040,3246301,13008076.06,2338024767.670320,0
2025-08-20,176.1200,187.9100,175.9200,187.9000,28076091.31,2025-08-20 23:59:59.999,5114281445.274260,3253733,14202224.99,2588203527.491770,0
2025-08-21,187.8900,190.0800,179.3300,180.2500,26678119.38,2025-08-21 23:59:59.999,4921879167.139180,3202271,13134221.25,2423773481.085080,0
2025-08-22,180.2400,202.5000,177.1400,200.6800,44122419.78,2025-08-22 23:59:59.999,8375125769.968480,4718459,21884740.56,4157768506.691780,0
2025-08-23,200.6800,208.8200,195.3100,204.2100,28329595.01,2025-08-23 23:59:59.999,5750324066.705500,3252131,13990556.29,2840482404.542230,0
2025-08-24,204.2200,212.2200,201.0100,206.0900,42845981.22,2025-08-24 23:59:59.999,8862067040.032960,4868414,21190818.33,4384190807.020150,0
2025-08-25,206.0900,213.6600,185.1200,187.0900,53210905.50,2025-08-25 23:59:59.999,10591311397.360890,6428172,25387551.82,5055158544.095260,0
2025-08-26,187.0800,198.0700,185.4400,195.7700,30037349.95,2025-08-26 23:59:59.999,5723846642.653500,3961998,15094248.92,2877249713.659260,0
2025-08-27,195.7800,212.1100,193.7100,202.9400,47299095.42,2025-08-27 23:59:59.999,9677664016.116400,5697236,23794764.90,4870792253.469650,0
2025-08-28,202.9400,216.8700,201.6600,214.2900,45914420.73,2025-08-28 23:59:59.999,9714002242.477370,5367003,23314389.19,4932522266.591730,0
2025-08-29,214.3000,217.9500,199.7400,204.9800,55052712.36,2025-08-29 23:59:59.999,11505120679.319460,6685567,27131394.55,5673019477.344060,0
2025-08-30,204.9700,206.9900,197.4300,202.5900,23448345.56,2025-08-30 23:59:59.999,4743162711.137900,2799341,11484885.88,2324213986.655530,0
2025-08-31,202.5900,206.6400,200.2000,200.5700,19520228.89,2025-08-31 23:59:59.999,3981439731.618350,2321204,9601504.02,1958712012.671040,0
2025-09-01,200.5700,204.4500,194.0600,197.2200,30974374.07,2025-09-01 23:59:59.999,6163041948.133350,3917238,14849869.36,2954936931.291560,0
2025-09-02,197.2100,209.5900,196.6700,209.5400,36474394.47,2025-09-02 23:59:59.999,7397486558.704590,4348987,18513803.91,3755775017.917300,0
2025-09-03,209.5400,212.9500,207.2900,210.6500,25379855.36,2025-09-03 23:59:59.999,5331901571.570620,3338571,12882949.87,2706910816.392480,0
2025-09-04,210.6500,211.8700,201.7000,202.2300,22223029.91,2025-09-04 23:59:59.999,4577902315.007860,2829937,10733993.30,2211225543.987880,0
2025-09-05,202.2200,209.9500,200.8000,203.3000,29707954.66,2025-09-05 23:59:59.999,6094654109.138740,3585394,14416943.40,2957620337.424690,0
2025-09-06,203.2900,204.6000,199.1300,200.0600,10695588.16,2025-09-06 23:59:59.999,2157089752.376770,1854209,4907962.49,990083071.495400,0
2025-09-07,200.0600,207.9300,200.0000,206.2900,14475445.08,2025-09-07 23:59:59.999,2949568512.270830,1704729,7262819.95,1479876402.203880,0
2025-09-08,206.2800,216.9700,205.5300,214.0200,29106097.14,2025-09-08 23:59:59.999,6184298271.795060,3579359,14780387.58,3139880607.425220,0
2025-09-09,214.0200,219.7400,210.8000,217.1100,28765250.02,2025-09-09 23:59:59.999,6206363219.785300,3516664,14428986.88,3113489527.684640,0
2025-09-10,217.1100,225.9500,215.0200,223.9400,29447276.75,2025-09-10 23:59:59.999,6517972225.451160,3643303,14789531.77,3273349208.937830,0
2025-09-11,223.9400,229.0000,221.5900,228.6200,27753781.10,2025-09-11 23:59:59.999,6262080471.178560,3694676,13709858.61,3094036434.238720,0
2025-09-12,228.6100,244.0000,228.0000,242.0700,35260659.79,2025-09-12 23:59:59.999,8386057229.417140,3939060,17711069.06,4211635405.642610,0
2025-09-13,242.0700,244.0000,235.5400,242.2500,20094434.75,2025-09-13 23:59:59.999,4836968057.707910,2605224,9680338.21,2330994726.577590,0
2025-09-14,242.2400,249.5500,239.0700,239.6300,25598571.09,2025-09-14 23:59:59.999,6269673056.777880,3534188,12368528.19,3030198521.533670,0
2025-09-15,239.6200,243.9200,230.0200,234.1800,30288245.64,2025-09-15 23:59:59.999,7144806883.058290,4104920,14700198.74,3468264197.958090,0
2025-09-16,234.1900,240.8700,231.1800,236.8600,21437574.53,2025-09-16 23:59:59.999,5055429655.765340,2865943,10629974.42,2507140900.248200,0
2025-09-17,236.8600,246.5500,231.5300,244.7500,30359492.90,2025-09-17 23:59:59.999,7190256597.740260,3826764,15066902.86,3569602779.355890,0
2025-09-18,244.7400,253.4900,242.4800,247.3400,24679081.67,2025-09-18 23:59:59.999,6104830721.098440,3194814,12043654.28,2980497143.482640,0
2025-09-19,247.3500,248.4200,234.9700,238.4000,21918177.66,2025-09-19 23:59:59.999,5276999827.225820,2724890,10262988.17,2471749312.401860,0
2025-09-20,238.3900,241.1300,236.7200,239.3800,9544307.63,2025-09-20 23:59:59.999,2279248964.867700,1393063,4820898.04,1151545359.586080,0
2025-09-21,239.3700,241.7300,235.2200,236.0500,10023635.31,2025-09-21 23:59:59.999,2389788562.635910,1465235,4749005.04,1132446283.554770,0
2025-09-22,236.0400,236.8700,212.2900,220.2800,37000069.78,2025-09-22 23:59:59.999,8278237529.754230,4199243,17775497.36,3975681948.497450,0
2025-09-23,220.2800,221.6600,212.2800,213.1800,24189411.90,2025-09-23 23:59:59.999,5255419412.944730,3322141,11673068.61,2536634495.278790,0
2025-09-24,213.1800,216.3500,204.7300,211.4500,26850918.06,2025-09-24 23:59:59.999,5674693951.030330,3438300,12942100.72,2735380580.639100,0
2025-09-25,211.4400,212.3300,191.1200,192.6000,45553346.51,2025-09-25 23:59:59.999,9163487178.896390,5347386,21590133.72,4346306025.715890,0
2025-09-26,192.6000,205.3400,190.7200,205.0100,31879000.73,2025-09-26 23:59:59.999,6278901873.134370,4548888,16175109.02,3187016100.773970,0
2025-09-27,205.0000,205.3000,199.7700,203.3200,12461940.82,2025-09-27 23:59:59.999,2524891849.457140,1763747,5952181.23,1206137174.451900,0
2025-09-28,203.3300,210.8800,197.8500,210.7000,15935348.05,2025-09-28 23:59:59.999,3241683942.354560,2142892,8109623.65,1651055699.082160,0
2025-09-29,210.7000,214.6800,204.4600,212.5900,23187328.95,2025-09-29 23:59:59.999,4860577645.989170,3017462,11289367.77,2367180391.282180,0
2025-09-30,212.5900,213.5200,204.1700,208.6000,22016808.03,2025-09-30 23:59:59.999,4584502035.104270,3167385,10913579.54,2272487781.731730,0
2025-10-01,208.6100,222.6900,206.2600,221.9100,24943731.13,2025-10-01 23:59:59.999,5376982121.964600,3097739,12521069.18,2699055453.206480,0
2025-10-02,221.9200,234.9100,219.3800,234.6000,26162976.53,2025-10-02 23:59:59.999,5931616494.412440,3430933,13084863.21,2968387190.550650,0
2025-10-03,234.6100,236.8800,227.0000,232.7400,27208282.69,2025-10-03 23:59:59.999,6303973505.589890,3616514,13261685.88,3074002544.831180,0
2025-10-04,232.7400,233.9800,224.0000,227.7200,14985651.73,2025-10-04 23:59:59.999,3417020632.530910,1909104,7086986.02,1615830869.005960,0
2025-10-05,227.7200,237.2400,226.3800,228.4500,22296510.23,2025-10-05 23:59:59.999,5162253917.216260,2901026,10846892.67,2510526443.766500,0
2025-10-06,228.4500,237.7400,227.4000,232.2700,22274358.57,2025-10-06 23:59:59.999,5196739694.325430,3174036,10765785.12,2511789671.246170,0
2025-10-07,232.2700,235.1700,219.5700,219.8400,28149857.27,2025-10-07 23:59:59.999,6384373280.279460,3862908,13058921.10,2962373640.406380,0
2025-10-08,219.8400,229.6900,217.2000,228.9500,21254576.03,2025-10-08 23:59:59.999,4741340893.690300,3465248,10545235.77,2352653287.431390,0
2025-10-09,228.9600,229.6100,216.1700,220.8000,26624843.48,2025-10-09 23:59:59.999,5922285888.669930,3918374,12890357.27,2867390783.853450,0
2025-10-10,220.8100,224.3500,141.2800,187.6500,62336461.14,2025-10-10 23:59:59.999,12449562933.370320,7848804,29420473.10,5884770195.904220,0
2025-10-11,187.6600,190.6400,172.3200,177.2200,38039410.71,2025-10-11 23:59:59.999,6939729482.652840,6124871,17943026.93,3273739514.762130,0
2025-10-12,177.2300,198.8300,172.6000,196.8800,50813259.67,2025-10-12 23:59:59.999,9428185561.908820,6129062,25413150.07,4715656122.049580,0
2025-10-13,196.8800,209.2200,190.0000,208.5700,54073828.43,2025-10-13 23:59:59.999,10697165542.980830,5880722,26629469.51,5268335755.022290,0
2025-10-14,208.5800,211.2900,190.9500,202.3400,53686484.62,2025-10-14 23:59:59.999,10701210339.017920,7168105,26510336.02,5285141994.234800,0
2025-10-15,202.3500,208.8500,191.9100,193.7300,30102572.10,2025-10-15 23:59:59.999,6036607252.387310,5439915,14686101.06,2946394359.831450,0
2025-10-16,193.7300,198.3400,181.9300,184.7600,34621319.50,2025-10-16 23:59:59.999,6606423137.494130,6141403,16826515.54,3212152919.570250,0
