open_time,Open,High,Low,Close,volume,close_time,quote_asset_volume,number_of_trades,taker_buy_base_asset_volume,taker_buy_quote_asset_volume,ignore
2020-10-18,0.002587,0.002607,0.002581,0.002588,1903692683,2020-10-18 23:59:59.999,4928388.627095,18178,952298626,2464850.499064,0
2020-10-19,0.002588,0.002621,0.002570,0.002593,2415786425,2020-10-19 23:59:59.999,6259756.522185,29226,1207545317,3128536.241766,0
2020-10-20,0.002593,0.002622,0.002580,0.002594,791270865,2020-10-20 23:59:59.999,2055338.512533,21137,388729925,1010302.104339,0
2020-10-21,0.002594,0.002665,0.002594,0.002627,1112437851,2020-10-21 23:59:59.999,2920249.065123,22017,496806182,1305156.966690,0
2020-10-22,0.002626,0.002698,0.002624,0.002649,776563916,2020-10-22 23:59:59.999,2069459.886613,20249,383475805,1022382.709242,0
2020-10-23,0.002649,0.002691,0.002623,0.002645,776781230,2020-10-23 23:59:59.999,2066895.903225,19794,361996512,963616.030039,0
2020-10-24,0.002645,0.002645,0.002609,0.002638,412487585,2020-10-24 23:59:59.999,1084445.045036,18679,191609589,503955.335437,0
2020-10-25,0.002639,0.002674,0.002619,0.002653,661190723,2020-10-25 23:59:59.999,1750783.397345,19163,383053862,1014453.696182,0
2020-10-26,0.002653,0.002912,0.002629,0.002669,4454836618,2020-10-26 23:59:59.999,12416824.452288,67094,2162600752,6034678.177621,0
2020-10-27,0.002669,0.002708,0.002612,0.002671,1130296817,2020-10-27 23:59:59.999,3019599.593633,25440,532861773,1425234.181624,0
2020-10-28,0.002671,0.002695,0.002561,0.002582,1513797468,2020-10-28 23:59:59.999,3965411.975520,32320,700687378,1836223.143837,0
2020-10-29,0.002582,0.002613,0.002506,0.002576,815101818,2020-10-29 23:59:59.999,2095501.097073,26092,387452975,997420.188817,0
2020-10-30,0.002576,0.002596,0.002503,0.002583,1430931398,2020-10-30 23:59:59.999,3664705.959449,27753,729347016,1868887.044837,0
2020-10-31,0.002584,0.002602,0.002551,0.002568,718914518,2020-10-31 23:59:59.999,1849467.329773,31717,367192062,944699.635179,0
2020-11-01,0.002568,0.002588,0.002552,0.002575,818024138,2020-11-01 23:59:59.999,2102483.022080,33392,407495353,1047182.429620,0
2020-11-02,0.002574,0.002590,0.002508,0.002514,1292758511,2020-11-02 23:59:59.999,3286865.467062,34566,623350075,1584806.365755,0
2020-11-03,0.002513,0.002526,0.002455,0.002519,755393101,2020-11-03 23:59:59.999,1886737.884679,37636,345224125,862850.711672,0
2020-11-04,0.002518,0.002559,0.002484,0.002541,1331130484,2020-11-04 23:59:59.999,3354781.424620,31152,667141350,1681349.587454,0
2020-11-05,0.002541,0.002673,0.002541,0.002635,1097362967,2020-11-05 23:59:59.999,2858953.376625,39450,579577391,1510968.890731,0
2020-11-06,0.002635,0.002821,0.002630,0.002759,2816120885,2020-11-06 23:59:59.999,7763395.893352,48389,1414409268,3900030.828018,0
2020-11-07,0.002759,0.002833,0.002601,0.002666,2968056353,2020-11-07 23:59:59.999,8154176.897670,45380,1410996936,3878179.616595,0
2020-11-08,0.002667,0.002742,0.002645,0.002705,992715002,2020-11-08 23:59:59.999,2688183.943100,23484,479301788,1297370.939366,0
2020-11-09,0.002705,0.002792,0.002661,0.002674,1183853398,2020-11-09 23:59:59.999,3226300.024834,28885,553759250,1510808.035271,0
2020-11-10,0.002674,0.002894,0.002656,0.002761,1855574887,2020-11-10 23:59:59.999,5179570.510217,43820,983973119,2747707.284032,0
2020-11-11,0.002762,0.002871,0.002740,0.002757,1306325787,2020-11-11 23:59:59.999,3662919.449056,28666,635179174,1781490.902595,0
2020-11-12,0.002756,0.002806,0.002718,0.002779,615593489,2020-11-12 23:59:59.999,1702549.252957,22009,307692331,851457.774036,0
2020-11-13,0.002779,0.002854,0.002769,0.002817,939887251,2020-11-13 23:59:59.999,2645397.836577,25208,426050068,1199325.383242,0
2020-11-14,0.002818,0.002828,0.002708,0.002776,898263080,2020-11-14 23:59:59.999,2487763.720293,23372,433450346,1201358.669032,0
2020-11-15,0.002776,0.002821,0.002723,0.002776,1038738954,2020-11-15 23:59:59.999,2888270.826729,25972,521011932,1448945.807975,0
2020-11-16,0.002775,0.003050,0.002756,0.002897,4169009009,2020-11-16 23:59:59.999,12114992.977834,56798,2045587132,5944395.706555,0
2020-11-17,0.002898,0.003023,0.002887,0.002947,2716080517,2020-11-17 23:59:59.999,7977737.487782,46727,1328274719,3902772.030123,0
2020-11-18,0.002948,0.003029,0.002813,0.002911,2999996640,2020-11-18 23:59:59.999,8739287.411011,58960,1436807451,4187565.660835,0
2020-11-19,0.002911,0.002982,0.002858,0.002916,1916570314,2020-11-19 23:59:59.999,5599892.520863,41681,912670100,2667081.625522,0
2020-11-20,0.002915,0.003032,0.002906,0.002998,2342929512,2020-11-20 23:59:59.999,6964886.745355,46024,1150056964,3419055.874599,0
2020-11-21,0.002998,0.003620,0.002988,0.003522,9536649180,2020-11-21 23:59:59.999,31959342.403124,148334,4558815014,15257728.637041,0
2020-11-22,0.003523,0.003715,0.003147,0.003344,6592100020,2020-11-22 23:59:59.999,22335524.450911,117399,3109963334,10548939.229985,0
2020-11-23,0.003344,0.003706,0.003228,0.003690,5030942545,2020-11-23 23:59:59.999,17204919.834132,87977,2302299475,7884122.099049,0
2020-11-24,0.003689,0.004304,0.003533,0.004273,13561264187,2020-11-24 23:59:59.999,52907033.496414,257242,6347225363,24813206.318668,0
2020-11-25,0.004271,0.004319,0.003579,0.003722,7061733413,2020-11-25 23:59:59.999,28263384.300752,160571,3276710279,13117895.997565,0
2020-11-26,0.003723,0.003808,0.002943,0.003254,8265542377,2020-11-26 23:59:59.999,27073613.464549,176701,3940648730,12904013.543436,0
2020-11-27,0.003255,0.003362,0.003080,0.003278,2314045441,2020-11-27 23:59:59.999,7469171.137264,49969,1129938608,3651108.061116,0
2020-11-28,0.003277,0.003488,0.003235,0.003395,1936345289,2020-11-28 23:59:59.999,6539402.283124,37626,858643702,2899356.646509,0
2020-11-29,0.003395,0.003530,0.003339,0.003443,1010505181,2020-11-29 23:59:59.999,3463836.115402,27046,472695913,1621636.250995,0
2020-11-30,0.003444,0.003600,0.003387,0.003568,1826957026,2020-11-30 23:59:59.999,6420175.655032,45214,863958542,3040284.014532,0
2020-12-01,0.003566,0.003593,0.003247,0.003325,2126879184,2020-12-01 23:59:59.999,7285052.449714,60296,990127380,3392138.539352,0
2020-12-02,0.003324,0.003439,0.003267,0.003363,1183106222,2020-12-02 23:59:59.999,3980273.692250,35873,584208066,1965505.966557,0
2020-12-03,0.003362,0.003523,0.003339,0.003424,1556133132,2020-12-03 23:59:59.999,5336228.951839,38454,710896705,2438697.633966,0
2020-12-04,0.003423,0.003444,0.003265,0.003287,1288605108,2020-12-04 23:59:59.999,4319028.344529,33911,621492414,2084040.273667,0
2020-12-05,0.003286,0.003417,0.003245,0.003398,797785234,2020-12-05 23:59:59.999,2679607.186300,20396,386812012,1299144.722665,0
2020-12-06,0.003398,0.003448,0.003343,0.003391,564809646,2020-12-06 23:59:59.999,1919014.114325,20422,246307162,837400.455580,0
2020-12-07,0.003391,0.003406,0.003303,0.003341,427527036,2020-12-07 23:59:59.999,1438975.392329,13979,217437142,731899.877473,0
2020-12-08,0.003340,0.003364,0.003107,0.003176,1076869765,2020-12-08 23:59:59.999,3501697.643574,22262,505416362,1643097.165925,0
2020-12-09,0.003176,0.003185,0.003003,0.003150,1020299434,2020-12-09 23:59:59.999,3176526.591631,21540,479316257,1492487.003600,0
2020-12-10,0.003151,0.003171,0.003057,0.003096,525283399,2020-12-10 23:59:59.999,1634447.012618,13630,231966691,721884.163883,0
2020-12-11,0.003100,0.003107,0.003000,0.003069,949285980,2020-12-11 23:59:59.999,2907182.277914,21689,429895422,1316565.700638,0
2020-12-12,0.003070,0.003189,0.003066,0.003153,760549836,2020-12-12 23:59:59.999,2388628.096620,22757,406473059,1275007.045731,0
2020-12-13,0.003154,0.003275,0.003142,0.003260,999837337,2020-12-13 23:59:59.999,3217500.368997,20986,494188063,1590713.442049,0
2020-12-14,0.003260,0.003283,0.003190,0.003224,675069936,2020-12-14 23:59:59.999,2181331.909351,16859,325916559,1053101.220962,0
2020-12-15,0.003225,0.003256,0.003166,0.003206,684980304,2020-12-15 23:59:59.999,2195315.964283,16839,321285729,1029420.927383,0
2020-12-16,0.003207,0.003434,0.003175,0.003422,1908833423,2020-12-16 23:59:59.999,6334887.345785,29997,950250433,3153667.033776,0
2020-12-17,0.003422,0.004139,0.003403,0.003732,7844233058,2020-12-17 23:59:59.999,29957454.103790,147550,3912017587,14947156.710951,0
2020-12-18,0.003728,0.004006,0.003600,0.003866,3390531520,2020-12-18 23:59:59.999,12882877.233833,67124,1589498727,6049443.086582,0
2020-12-19,0.003867,0.004050,0.003798,0.003930,2551219594,2020-12-19 23:59:59.999,10044054.478287,63267,1214747177,4784057.826704,0
2020-12-20,0.003927,0.004756,0.003817,0.004642,16279135613,2020-12-20 23:59:59.999,72395805.817818,293444,7994731584,35576142.536344,0
2020-12-21,0.004641,0.005445,0.004300,0.004778,18755209024,2020-12-21 23:59:59.999,91885962.574239,423478,9228819393,45259597.517026,0
2020-12-22,0.004777,0.004846,0.004329,0.004521,6379411827,2020-12-22 23:59:59.999,29287562.239190,142093,3149147829,14467203.980344,0
2020-12-23,0.004525,0.004775,0.003581,0.003755,5772921591,2020-12-23 23:59:59.999,24571234.957638,131156,2742062548,11692454.132460,0
2020-12-24,0.003756,0.004599,0.003658,0.004575,4472929810,2020-12-24 23:59:59.999,18715860.688418,101905,2213356501,9248173.345116,0
2020-12-25,0.004579,0.004642,0.004367,0.004565,3819609004,2020-12-25 23:59:59.999,17227654.256493,77629,1857106402,8380560.771273,0
2020-12-26,0.004565,0.004673,0.004401,0.004519,3090781583,2020-12-26 23:59:59.999,13973177.724547,67274,1508125992,6821977.522518,0
2020-12-27,0.004519,0.004841,0.004387,0.004554,4044523113,2020-12-27 23:59:59.999,18691269.214078,92311,1974958307,9126175.011582,0
2020-12-28,0.004551,0.004744,0.004495,0.004609,2313272273,2020-12-28 23:59:59.999,10710222.327888,58842,1104753525,5116137.742841,0
2020-12-29,0.004608,0.004644,0.004240,0.004498,2431306696,2020-12-29 23:59:59.999,10814294.452048,58532,1194621710,5315907.708224,0
2020-12-30,0.004502,0.004752,0.004438,0.004635,2061932177,2020-12-30 23:59:59.999,9464873.506321,50114,1027811170,4717848.296584,0
2020-12-31,0.004638,0.004775,0.004522,0.004678,1791408661,2020-12-31 23:59:59.999,8319117.943345,47221,882038224,4098919.245403,0
2021-01-01,0.004679,0.005690,0.004617,0.005680,4582399306,2021-01-01 23:59:59.999,23460125.460313,120943,2345548944,12021369.862878,0
2021-01-02,0.005680,0.014076,0.005550,0.010542,98909809915,2021-01-02 23:59:59.999,909020979.933275,3083681,50311577501,462352800.872049,0
2021-01-03,0.010543,0.014000,0.009331,0.009877,58969892265,2021-01-03 23:59:59.999,676762352.617866,2599936,29352983734,337176735.382894,0
2021-01-04,0.009878,0.011554,0.007700,0.009796,26513693076,2021-01-04 23:59:59.999,253660279.317062,1180473,13114889367,125539243.335110,0
2021-01-05,0.009796,0.010345,0.008848,0.010000,9898853432,2021-01-05 23:59:59.999,94740845.877904,454700,4829454488,46236849.361548,0
2021-01-06,0.009994,0.011077,0.009533,0.010468,9302684365,2021-01-06 23:59:59.999,95398129.026560,377486,4321812356,44387052.072669,0
2021-01-07,0.010468,0.010634,0.008908,0.009767,5072262793,2021-01-07 23:59:59.999,50633857.364843,238234,2300313325,22954462.656314,0
2021-01-08,0.009775,0.010353,0.008767,0.009755,4745569525,2021-01-08 23:59:59.999,45219640.528681,247792,2263314220,21586382.221107,0
2021-01-09,0.009758,0.010809,0.009660,0.010202,4922822551,2021-01-09 23:59:59.999,50242413.630711,244389,2292885541,23417186.373686,0
2021-01-10,0.010205,0.010981,0.009000,0.009841,5116967631,2021-01-10 23:59:59.999,52015339.310729,252153,2375829280,24183685.828274,0
2021-01-11,0.009842,0.009890,0.006660,0.008801,8037098845,2021-01-11 23:59:59.999,66322227.675188,372247,3953250535,32606398.232784,0
2021-01-12,0.008800,0.009154,0.007825,0.008067,3816093963,2021-01-12 23:59:59.999,31968969.199271,185904,1873047288,15686114.979705,0
2021-01-13,0.008063,0.008686,0.007729,0.008675,2595745235,2021-01-13 23:59:59.999,21193161.204937,132489,1192593274,9741503.323043,0
2021-01-14,0.008671,0.010109,0.008328,0.009419,5379574575,2021-01-14 23:59:59.999,49897142.597267,228505,2607789661,24212550.487109,0
2021-01-15,0.009421,0.009899,0.008308,0.009370,4811000772,2021-01-15 23:59:59.999,44669938.881464,235604,2189264490,20362156.463552,0
2021-01-16,0.009370,0.009600,0.009069,0.009245,2330401038,2021-01-16 23:59:59.999,21711887.217541,129941,1082778232,10094665.466820,0
2021-01-17,0.009241,0.009438,0.008764,0.009120,2475254242,2021-01-17 23:59:59.999,22637381.905682,136323,1156278973,10582286.472709,0
2021-01-18,0.009116,0.009366,0.008930,0.009197,1877829693,2021-01-18 23:59:59.999,17191208.909995,105669,867756573,7951910.328239,0
2021-01-19,0.009196,0.009688,0.008926,0.009048,2680863591,2021-01-19 23:59:59.999,24904262.297903,128372,1201123533,11169168.489821,0
2021-01-20,0.009055,0.009179,0.008501,0.009070,2147914094,2021-01-20 23:59:59.999,19136029.462089,117281,992521885,8845078.165958,0
2021-01-21,0.009079,0.009124,0.008000,0.008148,2241925996,2021-01-21 23:59:59.999,19075129.597807,123133,1043307085,8879581.845718,0
2021-01-22,0.008149,0.008765,0.007527,0.008520,2396122981,2021-01-22 23:59:59.999,19755979.054788,103478,1151013428,9495974.610789,0
2021-01-23,0.008511,0.008810,0.008351,0.008586,1547384028,2021-01-23 23:59:59.999,13323707.053632,76128,714954753,6160451.855410,0
2021-01-24,0.008587,0.008982,0.008485,0.008724,1714852689,2021-01-24 23:59:59.999,14922214.091510,82919,787725398,6857911.313882,0
2021-01-25,0.008722,0.008901,0.008178,0.008355,1784604947,2021-01-25 23:59:59.999,15395659.113946,83506,807821187,6979286.602219,0
2021-01-26,0.008354,0.008472,0.007933,0.008234,1353054515,2021-01-26 23:59:59.999,11139475.448659,67317,646017767,5320231.297016,0
2021-01-27,0.008228,0.008237,0.007235,0.007416,2291399287,2021-01-27 23:59:59.999,17499197.098183,90647,1090978165,8322326.489948,0
2021-01-28,0.007414,0.038000,0.007270,0.036324,171184215324,2021-01-28 23:59:59.999,3118898156.708398,5301033,85605108356,1565149441.281114,0
2021-01-29,0.036367,0.088700,0.031500,0.045883,118303297172,2021-01-29 23:59:59.999,6087730361.178434,13477454,58787483410,3029847185.741913,0
2021-01-30,0.045873,0.050646,0.022147,0.027990,62852216868,2021-01-30 23:59:59.999,1999784448.624020,7206483,31175001659,992433006.882725,0
2021-01-31,0.027990,0.047891,0.026516,0.036885,41815094949,2021-01-31 23:59:59.999,1447946010.292546,4869814,20841206713,722311574.944151,0
2021-02-01,0.036868,0.043949,0.032650,0.034835,22740530552,2021-02-01 23:59:59.999,876013760.296476,3084452,11035743391,425436110.797741,0
2021-02-02,0.034837,0.035382,0.028768,0.031357,11457707755,2021-02-02 23:59:59.999,368152255.670911,1448724,5653212878,181781231.275702,0
2021-02-03,0.031366,0.039878,0.031065,0.037360,12354356352,2021-02-03 23:59:59.999,429107676.919648,1461709,6079789675,211399985.432431,0
2021-02-04,0.037360,0.061316,0.035955,0.052782,52499797204,2021-02-04 23:59:59.999,2583071107.453231,6638102,26022847280,1281710755.291609,0
2021-02-05,0.052781,0.054279,0.043200,0.046830,15972015450,2021-02-05 23:59:59.999,751309780.722023,2293487,7845157432,369316443.901433,0
2021-02-06,0.046857,0.059119,0.043959,0.057716,17119105089,2021-02-06 23:59:59.999,878181604.716270,2425118,8365029966,429817507.358154,0
2021-02-07,0.057716,0.087810,0.052740,0.078030,39258351272,2021-02-07 23:59:59.999,2663381745.746014,5761583,19569142213,1328942877.110916,0
2021-02-08,0.078030,0.086134,0.063154,0.079054,28236424803,2021-02-08 23:59:59.999,2136033168.372039,4977685,13916336339,1053896504.913200,0
2021-02-09,0.079053,0.084614,0.063647,0.070186,16841386224,2021-02-09 23:59:59.999,1250812955.478011,2864151,8159469964,605997967.019286,0
2021-02-10,0.070194,0.082722,0.065000,0.072645,14042973932,2021-02-10 23:59:59.999,1043057988.474400,2883513,6859410649,509925286.244326,0
2021-02-11,0.072645,0.075900,0.068133,0.069763,6060839531,2021-02-11 23:59:59.999,436430616.197035,1071744,2892754282,208395032.381049,0
2021-02-12,0.069740,0.073498,0.061374,0.069928,7224823899,2021-02-12 23:59:59.999,487344613.771201,1336110,3457091049,233364979.587670,0
2021-02-13,0.069935,0.072183,0.065748,0.066373,3817971230,2021-02-13 23:59:59.999,262484823.758558,773693,1810776288,124536372.139577,0
2021-02-14,0.066363,0.066764,0.055600,0.062711,9205733242,2021-02-14 23:59:59.999,565821919.357306,1612791,4463933913,274340041.847563,0
2021-02-15,0.062711,0.064400,0.046005,0.056511,12758593350,2021-02-15 23:59:59.999,722909754.747756,2062692,6149029114,348381339.686771,0
2021-02-16,0.056514,0.059981,0.050653,0.053591,6549110308,2021-02-16 23:59:59.999,365936735.225089,1238571,3200802841,178840209.387191,0
2021-02-17,0.053598,0.055280,0.047825,0.049527,5461403619,2021-02-17 23:59:59.999,284474001.281136,917175,2616119373,136426679.314118,0
2021-02-18,0.049527,0.064735,0.049046,0.058838,12738875400,2021-02-18 23:59:59.999,716000516.862115,1874489,6207861564,349216784.370844,0
2021-02-19,0.058828,0.059839,0.054000,0.055190,5525192213,2021-02-19 23:59:59.999,311776289.047040,885692,2581639672,145773569.097782,0
2021-02-20,0.055172,0.061578,0.050264,0.054153,7603284797,2021-02-20 23:59:59.999,428385094.087772,1221377,3559006643,200819877.040800,0
2021-02-21,0.054154,0.059850,0.053250,0.056063,5256189523,2021-02-21 23:59:59.999,296092279.062476,827883,2551678886,143821155.797877,0
2021-02-22,0.056090,0.061123,0.045000,0.053657,7875401899,2021-02-22 23:59:59.999,436078635.494503,1279722,3754172460,208144907.369094,0
2021-02-23,0.053635,0.053913,0.041390,0.047680,6429794100,2021-02-23 23:59:59.999,303359536.733159,1109427,3110853459,146826736.653754,0
2021-02-24,0.047680,0.060384,0.045925,0.056731,9787125409,2021-02-24 23:59:59.999,541928941.113274,1352264,4883572349,270576694.530523,0
2021-02-25,0.056747,0.058097,0.049294,0.049879,4729276638,2021-02-25 23:59:59.999,255428776.518794,679720,2342974024,126590003.192465,0
2021-02-26,0.049880,0.052550,0.048416,0.050426,3493416615,2021-02-26 23:59:59.999,175892509.365420,531611,1711667825,86238878.070283,0
2021-02-27,0.050444,0.052263,0.049067,0.050115,2262252639,2021-02-27 23:59:59.999,114484144.469875,314448,1082330295,54797481.762722,0
2021-02-28,0.050099,0.050286,0.044600,0.048171,2600455626,2021-02-28 23:59:59.999,124145328.164719,394954,1274778696,60907389.584473,0
2021-03-01,0.048147,0.052958,0.047883,0.050613,2657735387,2021-03-01 23:59:59.999,133204545.016582,351704,1329672003,66680308.999247,0
2021-03-02,0.050615,0.052463,0.049104,0.050227,1925846828,2021-03-02 23:59:59.999,97645582.473921,272633,921495477,46709087.949403,0
2021-03-03,0.050225,0.052298,0.049778,0.050425,1764127924,2021-03-03 23:59:59.999,90175011.143020,258432,818974374,41852181.225034,0
2021-03-04,0.050429,0.051227,0.047520,0.049999,1800644009,2021-03-04 23:59:59.999,89877033.207227,263459,842159850,42048863.585981,0
2021-03-05,0.049999,0.051122,0.048000,0.049530,1708055244,2021-03-05 23:59:59.999,84446200.255058,255803,824071151,40750042.609504,0
2021-03-06,0.049524,0.052759,0.049037,0.050930,2964704101,2021-03-06 23:59:59.999,151468602.065482,404549,1427481183,72970643.327538,0
2021-03-07,0.050949,0.052735,0.050400,0.052056,1432549398,2021-03-07 23:59:59.999,73649430.148238,200248,708266999,36442051.684908,0
2021-03-08,0.052080,0.063240,0.051650,0.063076,6914041457,2021-03-08 23:59:59.999,390142653.199995,1003066,3396929716,191807023.792838,0
2021-03-09,0.063041,0.063170,0.056040,0.058013,3368967810,2021-03-09 23:59:59.999,197699354.946717,511452,1570953254,92203913.450404,0
2021-03-10,0.058013,0.058889,0.054396,0.055951,2276952348,2021-03-10 23:59:59.999,128241033.630552,363725,1047730857,59012966.044708,0
2021-03-11,0.055940,0.057093,0.054328,0.056056,1771955457,2021-03-11 23:59:59.999,98449847.574981,274726,861582865,47879605.797996,0
2021-03-12,0.056051,0.057162,0.054103,0.055367,1635930605,2021-03-12 23:59:59.999,90907640.162885,257901,791874534,44011097.929286,0
2021-03-13,0.055363,0.063079,0.054768,0.062816,3601684088,2021-03-13 23:59:59.999,211896317.954252,530769,1756902980,103406321.563903,0
2021-03-14,0.062822,0.064000,0.058168,0.058168,4508165067,2021-03-14 23:59:59.999,275728162.962155,732735,2101034500,128599481.863395,0
2021-03-15,0.058168,0.059973,0.054975,0.057080,2566102773,2021-03-15 23:59:59.999,146618592.548077,403183,1237732889,70755564.214270,0
2021-03-16,0.057047,0.059211,0.055350,0.058765,1823934734,2021-03-16 23:59:59.999,104895859.546104,307843,879030282,50572317.908362,0
2021-03-17,0.058766,0.059111,0.056585,0.057990,1142594487,2021-03-17 23:59:59.999,66114243.263247,191767,546857260,31658340.301324,0
2021-03-18,0.058003,0.059443,0.057030,0.057427,1424752061,2021-03-18 23:59:59.999,82914281.217560,217454,678883252,39522869.846563,0
2021-03-19,0.057416,0.059980,0.056410,0.058323,1788564460,2021-03-19 23:59:59.999,104619691.651020,272245,859921979,50324409.868401,0
2021-03-20,0.058343,0.060729,0.058045,0.058961,1771895240,2021-03-20 23:59:59.999,105486325.370465,263146,849571626,50595536.951177,0
2021-03-21,0.058961,0.059693,0.056718,0.057580,1271568676,2021-03-21 23:59:59.999,73785063.528457,207236,599266815,34785683.119177,0
2021-03-22,0.057580,0.058079,0.054310,0.054912,1385118576,2021-03-22 23:59:59.999,78488931.184226,220875,639596250,36269049.677608,0
2021-03-23,0.054919,0.056203,0.052489,0.053431,1578771408,2021-03-23 23:59:59.999,86095705.967145,246500,779901505,42561340.889444,0
2021-03-24,0.053452,0.056737,0.050628,0.051532,2089166201,2021-03-24 23:59:59.999,113099932.278969,287596,974739945,52823702.751744,0
2021-03-25,0.051503,0.052505,0.049594,0.051311,1748593813,2021-03-25 23:59:59.999,89315912.706158,270368,877163597,44834112.279659,0
2021-03-26,0.051310,0.054088,0.051280,0.053992,910230175,2021-03-26 23:59:59.999,48077386.781920,153842,432183006,22821926.327871,0
2021-03-27,0.053969,0.055532,0.053462,0.054474,1169958460,2021-03-27 23:59:59.999,63742836.782524,181652,568140324,30954180.326943,0
2021-03-28,0.054471,0.054983,0.053041,0.053726,783748307,2021-03-28 23:59:59.999,42377280.960546,124987,376703673,20366804.689770,0
2021-03-29,0.053726,0.054772,0.053280,0.054191,941670981,2021-03-29 23:59:59.999,50939339.290913,139975,433593907,23454468.515258,0
2021-03-30,0.054180,0.055751,0.053801,0.054096,1479637008,2021-03-30 23:59:59.999,80859712.059285,202010,691104831,37771953.927850,0
2021-03-31,0.054107,0.054633,0.051495,0.053814,1314302348,2021-03-31 23:59:59.999,70200828.499584,214768,602505450,32195509.337455,0
2021-04-01,0.053828,0.070450,0.053716,0.062151,20004335658,2021-04-01 23:59:59.999,1253014151.647973,2460372,10002052019,626736479.424280,0
2021-04-02,0.062155,0.062937,0.057322,0.057769,3088848497,2021-04-02 23:59:59.999,183305889.664928,464668,1456199631,86437912.611092,0
2021-04-03,0.057772,0.059745,0.055539,0.055574,2118809097,2021-04-03 23:59:59.999,123132778.624182,303735,970375814,56407332.614895,0
2021-04-04,0.055560,0.058308,0.055100,0.057457,1491605437,2021-04-04 23:59:59.999,84780240.067320,217919,720612580,40962157.538623,0
2021-04-05,0.057473,0.060916,0.056309,0.060085,2976420990,2021-04-05 23:59:59.999,173429655.346187,378856,1441214060,84020856.623948,0
2021-04-06,0.060082,0.065591,0.058023,0.064450,5427022749,2021-04-06 23:59:59.999,332834261.387741,680205,2593584064,159206016.478759,0
2021-04-07,0.064448,0.067555,0.057037,0.058838,5106092931,2021-04-07 23:59:59.999,316018061.665039,702150,2442374667,151228990.300002,0
2021-04-08,0.058833,0.062408,0.058694,0.061880,1840507953,2021-04-08 23:59:59.999,112451126.384309,237797,892285755,54508900.020461,0
2021-04-09,0.061881,0.064371,0.060594,0.061700,2719276628,2021-04-09 23:59:59.999,169318509.749960,318891,1325611234,82563666.807819,0
2021-04-10,0.061704,0.065454,0.061078,0.063790,3090900169,2021-04-10 23:59:59.999,196669406.628926,389350,1479130589,94154547.691709,0
2021-04-11,0.063820,0.080221,0.063541,0.074548,16828625597,2021-04-11 23:59:59.999,1230172057.725391,2292390,8228701527,601794794.826513,0
2021-04-12,0.074551,0.075672,0.068847,0.070802,4483273664,2021-04-12 23:59:59.999,322202553.320709,675034,2120521051,152449127.195078,0
2021-04-13,0.070801,0.096607,0.070792,0.094752,15820107379,2021-04-13 23:59:59.999,1354160243.203189,2342388,7849425395,672446878.066526,0
2021-04-14,0.094744,0.145678,0.092521,0.121712,46244474443,2021-04-14 23:59:59.999,5750949447.761896,8806118,23050903189,2868133649.756048,0
2021-04-15,0.121715,0.191163,0.120100,0.181654,29608716241,2021-04-15 23:59:59.999,4565072775.667006,6825389,14766237106,2277716921.619716,0
2021-04-16,0.181646,0.459535,0.178591,0.365462,66578827757,2021-04-16 23:59:59.999,20377998780.374284,27963083,33409665167,10219652641.300875,0
2021-04-17,0.365462,0.381853,0.234656,0.282716,29483321129,2021-04-17 23:59:59.999,8672532454.700591,15881089,14657369251,4313303418.537224,0
2021-04-18,0.282732,0.352159,0.231307,0.322905,22268639112,2021-04-18 23:59:59.999,6762260375.867345,11616674,11078718409,3365080060.995597,0
2021-04-19,0.322945,0.437976,0.308473,0.409251,25093775445,2021-04-19 23:59:59.999,9610968278.746075,14049617,12412196955,4754591249.687139,0
2021-04-20,0.409191,0.426976,0.270800,0.317516,26986008868,2021-04-20 23:59:59.999,9674298082.762374,15031995,13383144623,4797634925.536874,0
2021-04-21,0.317475,0.346854,0.295935,0.305983,13058132421,2021-04-21 23:59:59.999,4133646016.616980,7476521,6507256323,2060778631.598561,0
2021-04-22,0.305983,0.309534,0.252715,0.260918,16036450485,2021-04-22 23:59:59.999,4498168779.233939,7822099,7977533893,2238036364.541111,0
2021-04-23,0.260779,0.269667,0.161000,0.249846,24935047702,2021-04-23 23:59:59.999,5482138734.807901,10257780,12448109237,2739097501.515069,0
2021-04-24,0.249827,0.290000,0.227573,0.270031,13388704351,2021-04-24 23:59:59.999,3552876481.119627,6537632,6740657149,1789281042.643982,0
2021-04-25,0.270045,0.288744,0.224000,0.251418,8794483595,2021-04-25 23:59:59.999,2305520047.387858,4374999,4406032096,1155681702.304174,0
2021-04-26,0.251418,0.280951,0.246797,0.271959,5842284969,2021-04-26 23:59:59.999,1557431345.517375,2984872,2850161244,759968990.331734,0
2021-04-27,0.271924,0.280490,0.264522,0.272527,3566438620,2021-04-27 23:59:59.999,971353069.813687,1706877,1717391497,467912646.556810,0
2021-04-28,0.272541,0.345670,0.255153,0.323484,16073481138,2021-04-28 23:59:59.999,4944430240.100573,7400642,7919355263,2436591689.523677,0
2021-04-29,0.323483,0.325000,0.295378,0.305181,4554167366,2021-04-29 23:59:59.999,1415468892.976940,2493433,2217948292,689497090.332861,0
2021-04-30,0.305200,0.340487,0.302308,0.337754,4414201679,2021-04-30 23:59:59.999,1421155780.572201,2248119,2163289825,696581840.661573,0
2021-05-01,0.337806,0.398200,0.328041,0.391209,7644087358,2021-05-01 23:59:59.999,2779728711.355317,4011217,3720799983,1353721665.593361,0
2021-05-02,0.391282,0.401118,0.360444,0.374584,5795718650,2021-05-02 23:59:59.999,2217560388.178645,3215177,2801327275,1072172689.737037,0
2021-05-03,0.374575,0.449790,0.374332,0.441713,7401785182,2021-05-03 23:59:59.999,3040257077.307983,4024639,3610426286,1483496508.657700,0
2021-05-04,0.441641,0.613590,0.390692,0.538730,27116343562,2021-05-04 23:59:59.999,14069837385.905642,16427809,13321782728,6914958740.786470,0
2021-05-05,0.538729,0.697237,0.527432,0.654868,21713961754,2021-05-05 23:59:59.999,13668906630.549913,16587539,10687603954,6726212120.620112,0
2021-05-06,0.654821,0.667527,0.541234,0.581771,9441247424,2021-05-06 23:59:59.999,5691607071.733271,8023998,4604344792,2777368235.800942,0
2021-05-07,0.581790,0.735000,0.518629,0.691522,13720257353,2021-05-07 23:59:59.999,8640365197.426978,11759948,6731932229,4242417272.652853,0
2021-05-08,0.691311,0.744178,0.600000,0.637855,13752224545,2021-05-08 23:59:59.999,9343617562.493040,11577826,6683603443,4541720554.109871,0
2021-05-09,0.637878,0.703155,0.423000,0.570961,31017630718,2021-05-09 23:59:59.999,16363755549.655674,22467841,15340307652,8089258476.574989,0
2021-05-10,0.570871,0.572255,0.417818,0.450736,12040368003,2021-05-10 23:59:59.999,6014334709.032963,8472523,5872009482,2935653070.942743,0
2021-05-11,0.450793,0.547500,0.442700,0.493740,9013439094,2021-05-11 23:59:59.999,4481450956.171495,6292285,4446541516,2211746472.676796,0
2021-05-12,0.493740,0.523340,0.377100,0.390810,6236459310,2021-05-12 23:59:59.999,2925496372.305523,4201299,2990302643,1405294923.517919,0
2021-05-13,0.390820,0.519700,0.348553,0.489590,12722331880,2021-05-13 23:59:59.999,5411855203.490100,8687412,6377402518,2715307392.233301,0
2021-05-14,0.489500,0.590920,0.464000,0.559930,10763233974,2021-05-14 23:59:59.999,5752059644.115888,7927122,5282311589,2825008907.107381,0
2021-05-15,0.559930,0.564180,0.490000,0.508490,5254525687,2021-05-15 23:59:59.999,2737610625.742402,4134619,2569507487,1338991178.003462,0
2021-05-16,0.508410,0.550000,0.449380,0.513510,4924406217,2021-05-16 23:59:59.999,2533424623.104004,3893384,2386800617,1228717089.132593,0
2021-05-17,0.513400,0.516360,0.455900,0.487890,4188606628,2021-05-17 23:59:59.999,2050463145.919175,3189592,2052683758,1004924086.532955,0
2021-05-18,0.487860,0.515940,0.468590,0.476010,2860038597,2021-05-18 23:59:59.999,1395269932.657902,2130095,1385404644,676031298.731124,0
2021-05-19,0.476100,0.479680,0.195800,0.329490,9876730352,2021-05-19 23:59:59.999,3735859561.515171,6206260,4860222092,1840974640.468661,0
2021-05-20,0.329460,0.435020,0.294060,0.397360,9913741424,2021-05-20 23:59:59.999,3793726845.713433,5513534,4981308397,1904077635.728548,0
2021-05-21,0.397350,0.411930,0.312870,0.357740,6078425496,2021-05-21 23:59:59.999,2228862785.052471,3680670,3017834793,1106656822.945615,0
2021-05-22,0.357570,0.364000,0.316280,0.342000,5005830923,2021-05-22 23:59:59.999,1712216237.931940,2656541,2492146081,852626490.983754,0
2021-05-23,0.341980,0.350790,0.246910,0.306200,7612111774,2021-05-23 23:59:59.999,2286649558.521353,3820045,3830662547,1150109955.800437,0
2021-05-24,0.306180,0.376810,0.294820,0.365350,6437227744,2021-05-24 23:59:59.999,2144390178.062058,2976701,3204629454,1067669913.139567,0
2021-05-25,0.365490,0.379900,0.321400,0.345780,4828804122,2021-05-25 23:59:59.999,1672045387.138726,2304847,2390061284,827608008.901853,0
2021-05-26,0.345780,0.366780,0.335920,0.352480,3011446776,2021-05-26 23:59:59.999,1054030897.714808,1366346,1463381770,512271469.816942,0
2021-05-27,0.352580,0.352800,0.326420,0.333930,2315618217,2021-05-27 23:59:59.999,781571177.613251,1089835,1113824704,375951917.051058,0
2021-05-28,0.333890,0.347740,0.300160,0.311280,4174310985,2021-05-28 23:59:59.999,1329706213.286395,1735017,2078248054,662043788.239622,0
2021-05-29,0.311280,0.317960,0.279100,0.302810,3109893772,2021-05-29 23:59:59.999,929586897.018550,1340440,1550687208,463601858.592704,0
2021-05-30,0.302830,0.310800,0.286450,0.301810,2457410538,2021-05-30 23:59:59.999,741269290.389995,1042702,1237248095,373247741.310480,0
2021-05-31,0.301890,0.330080,0.293700,0.325560,2895309962,2021-05-31 23:59:59.999,900021432.611778,1139498,1445124293,449191148.564339,0
2021-06-01,0.325570,0.384880,0.311140,0.370470,6990631875,2021-06-01 23:59:59.999,2395342275.613127,2824366,3434296282,1176529826.275101,0
2021-06-02,0.370440,0.447000,0.351150,0.423750,18180508273,2021-06-02 23:59:59.999,7437878004.683828,6828418,8979863007,3674159571.102605,0
2021-06-03,0.423730,0.442030,0.377100,0.400830,11541216581,2021-06-03 23:59:59.999,4733519825.017202,4434809,5600633335,2297637627.744798,0
2021-06-04,0.400830,0.402560,0.350000,0.376210,10170257472,2021-06-04 23:59:59.999,3809069413.577403,3814958,5013909162,1878156022.668418,0
2021-06-05,0.376250,0.395040,0.359460,0.371130,6037389520,2021-06-05 23:59:59.999,2280062958.244310,2308270,2967448340,1120787896.905389,0
2021-06-06,0.371130,0.376900,0.366360,0.371460,2600118107,2021-06-06 23:59:59.999,964584295.281003,1006276,1282674964,475911727.329588,0
2021-06-07,0.371460,0.380000,0.327070,0.331330,4371538268,2021-06-07 23:59:59.999,1563370162.641917,1556357,2086927521,746332699.471883,0
2021-06-08,0.331330,0.341360,0.295000,0.325720,6926460846,2021-06-08 23:59:59.999,2231760455.701343,2291629,3490327873,1124952134.465261,0
2021-06-09,0.325720,0.355000,0.312020,0.343210,5366473764,2021-06-09 23:59:59.999,1777714111.928990,1918645,2681694806,888216922.654491,0
2021-06-10,0.343230,0.345000,0.322340,0.326190,3336899619,2021-06-10 23:59:59.999,1112403681.831693,1319431,1644456804,548274461.978478,0
2021-06-11,0.326200,0.333510,0.310460,0.318650,2866430049,2021-06-11 23:59:59.999,920951189.001529,1113914,1414880057,454610551.775878,0
2021-06-12,0.318660,0.319280,0.300020,0.312100,2932743869,2021-06-12 23:59:59.999,907759062.711860,1083846,1461928863,452558129.534048,0
2021-06-13,0.312080,0.330230,0.307300,0.324010,2137839434,2021-06-13 23:59:59.999,674793919.805075,776766,1046900272,330442007.223772,0
2021-06-14,0.323960,0.337960,0.319790,0.327690,2390370111,2021-06-14 23:59:59.999,779923467.841451,922508,1131483983,369244535.789332,0
2021-06-15,0.327700,0.330600,0.316230,0.320210,1862675091,2021-06-15 23:59:59.999,603391312.977677,731180,880184029,285161634.825853,0
2021-06-16,0.320210,0.321480,0.304910,0.307900,1863007022,2021-06-16 23:59:59.999,582716205.712939,710217,890952848,278709978.242878,0
2021-06-17,0.307860,0.314170,0.302600,0.306290,1415148619,2021-06-17 23:59:59.999,436573718.064196,534697,681170775,210189862.939782,0
2021-06-18,0.306290,0.307740,0.279430,0.293190,2679105318,2021-06-18 23:59:59.999,787658575.317046,923055,1288949558,378889056.638639,0
2021-06-19,0.293150,0.297970,0.285520,0.285610,1610372801,2021-06-19 23:59:59.999,469185182.805603,626705,800398293,233220221.011271,0
2021-06-20,0.285590,0.289590,0.254880,0.280210,3493202871,2021-06-20 23:59:59.999,954050068.627459,1203072,1722920757,470517441.528394,0
2021-06-21,0.280220,0.281050,0.165000,0.178350,16150707490,2021-06-21 23:59:59.999,3463143901.677572,4844510,8081813109,1733110761.383282,0
2021-06-22,0.178320,0.216500,0.162750,0.190610,23802952080,2021-06-22 23:59:59.999,4477694605.740888,6052454,12072938467,2271091785.545267,0
2021-06-23,0.190680,0.248460,0.180000,0.234720,15240751168,2021-06-23 23:59:59.999,3387858669.011770,4015707,7662665818,1703755141.473512,0
2021-06-24,0.234740,0.269000,0.221620,0.263460,10464102628,2021-06-24 23:59:59.999,2526868662.319539,2750281,5292477641,1278672148.624468,0
2021-06-25,0.263510,0.289410,0.228670,0.237280,18154832879,2021-06-25 23:59:59.999,4674146178.976711,4809077,9156426977,2357624555.699435,0
2021-06-26,0.237220,0.255320,0.230570,0.245800,9464698093,2021-06-26 23:59:59.999,2276347635.064803,2493922,4811543558,1157439675.872838,0
2021-06-27,0.245780,0.267560,0.240050,0.264620,6091206138,2021-06-27 23:59:59.999,1505755939.715704,1585205,3067385953,758515636.726209,0
2021-06-28,0.264630,0.267220,0.250000,0.256810,4799314000,2021-06-28 23:59:59.999,1232334560.599471,1285241,2322959981,596591532.916992,0
2021-06-29,0.256810,0.275760,0.252010,0.263390,5097317319,2021-06-29 23:59:59.999,1347841886.801860,1337597,2449731650,647832925.998201,0
2021-06-30,0.263400,0.263900,0.237410,0.253790,4843117059,2021-06-30 23:59:59.999,1212835493.175515,1289038,2375114671,594672697.671593,0
2021-07-01,0.253760,0.274900,0.237840,0.243690,6905804832,2021-07-01 23:59:59.999,1726488343.125217,2121275,3455560740,864342561.786478,0
2021-07-02,0.243690,0.249300,0.238270,0.245010,3281545712,2021-07-02 23:59:59.999,796866291.108028,967402,1639483096,398204538.994490,0
2021-07-03,0.245010,0.250480,0.242000,0.246240,2051189024,2021-07-03 23:59:59.999,505808091.873927,563151,995842570,245577275.730460,0
2021-07-04,0.246260,0.253250,0.243200,0.246340,2077071243,2021-07-04 23:59:59.999,515621447.634813,552143,983653809,244199152.772292,0
2021-07-05,0.246350,0.246350,0.225090,0.230890,3258964610,2021-07-05 23:59:59.999,769412106.263222,890527,1585403821,374287782.351317,0
2021-07-06,0.230890,0.242000,0.229120,0.234080,2666777480,2021-07-06 23:59:59.999,626736004.368093,819181,1315525580,309246040.233724,0
2021-07-07,0.234090,0.238670,0.220430,0.223740,2051755760,2021-07-07 23:59:59.999,476024939.818968,616998,956124566,221971123.553135,0
2021-07-08,0.223780,0.224680,0.201180,0.206940,3634035636,2021-07-08 23:59:59.999,775769125.812173,1039789,1792824784,382830434.516778,0
2021-07-09,0.206940,0.229500,0.195000,0.219560,8011611491,2021-07-09 23:59:59.999,1733536510.142257,2037776,4060215194,878884115.982845,0
2021-07-10,0.219560,0.228170,0.209550,0.213730,2929111698,2021-07-10 23:59:59.999,636529668.526315,826604,1431882248,311244579.731589,0
2021-07-11,0.213740,0.219270,0.210520,0.216000,1736919889,2021-07-11 23:59:59.999,372370739.542734,562928,864361932,185321103.341682,0
2021-07-12,0.215990,0.219000,0.203770,0.207700,2445687037,2021-07-12 23:59:59.999,517145875.958889,732733,1172778486,247980739.915650,0
2021-07-13,0.207660,0.208880,0.197400,0.199910,2379489572,2021-07-13 23:59:59.999,482234916.244305,746389,1155302704,234229560.246416,0
2021-07-14,0.199920,0.204550,0.187250,0.197590,3612784914,2021-07-14 23:59:59.999,706199130.171608,1079141,1797296610,351374635.262135,0
2021-07-15,0.197570,0.200890,0.180410,0.185320,3075177465,2021-07-15 23:59:59.999,581905492.714175,922843,1510298612,285701919.954214,0
2021-07-16,0.185310,0.188310,0.171020,0.171930,3930502480,2021-07-16 23:59:59.999,706867989.866615,1054566,1940922876,349249502.628060,0
2021-07-17,0.171880,0.205140,0.168650,0.187390,9246046828,2021-07-17 23:59:59.999,1709053465.693762,2216674,4677636735,864446704.035334,0
2021-07-18,0.187420,0.196000,0.180040,0.181440,5454605572,2021-07-18 23:59:59.999,1023138762.764085,1472932,2723240574,510898366.630699,0
2021-07-19,0.181440,0.184270,0.170290,0.173570,4307078433,2021-07-19 23:59:59.999,756831953.579986,1126529,2154002219,378533409.143390,0
2021-07-20,0.173570,0.179950,0.159330,0.170370,7788975282,2021-07-20 23:59:59.999,1311753808.967204,1753775,3919835576,660332993.970390,0
2021-07-21,0.170370,0.214370,0.168220,0.190390,17467075533,2021-07-21 23:59:59.999,3377497429.769981,3898370,8585701220,1659495222.927764,0
2021-07-22,0.190430,0.196480,0.186210,0.191190,5488885598,2021-07-22 23:59:59.999,1048737946.347801,1476540,2702932042,516550227.405665,0
2021-07-23,0.191200,0.199790,0.182800,0.194910,4460520562,2021-07-23 23:59:59.999,851747376.941725,1223015,2143507407,409407614.174583,0
2021-07-24,0.194930,0.204470,0.191140,0.196870,4150491901,2021-07-24 23:59:59.999,813036913.387705,1127629,2010097905,393901858.541431,0
2021-07-25,0.196880,0.200830,0.190900,0.197920,3448081939,2021-07-25 23:59:59.999,675865836.742385,978879,1681058800,329621682.591777,0
2021-07-26,0.197890,0.233290,0.196760,0.203710,11040499063,2021-07-26 23:59:59.999,2400344561.980268,2805615,5349820909,1163369298.930614,0
2021-07-27,0.203700,0.209500,0.195000,0.205740,4531170516,2021-07-27 23:59:59.999,915784989.501176,1294675,2194234789,443533594.052430,0
2021-07-28,0.205740,0.213880,0.201540,0.205710,4011486851,2021-07-28 23:59:59.999,829739163.295721,1174660,1943575497,402107488.665132,0
2021-07-29,0.205700,0.206670,0.200300,0.204990,2120473480,2021-07-29 23:59:59.999,432533769.082051,656256,1012354101,206537909.623129,0
2021-07-30,0.204990,0.210830,0.195690,0.208760,3107052568,2021-07-30 23:59:59.999,632835926.475732,859073,1488974240,303356596.110649,0
2021-07-31,0.208760,0.214650,0.204780,0.207710,2802684489,2021-07-31 23:59:59.999,583785595.997337,797179,1352857014,281879645.377787,0
2021-08-01,0.207710,0.218000,0.200320,0.204090,3757863524,2021-08-01 23:59:59.999,793558894.241138,982826,1770403702,374059143.346396,0
2021-08-02,0.204120,0.210000,0.201640,0.203350,2063079883,2021-08-02 23:59:59.999,423211433.855026,657954,981018776,201291535.863008,0
2021-08-03,0.203350,0.205210,0.193110,0.196310,2426008063,2021-08-03 23:59:59.999,480387027.882032,814980,1137699906,225320873.011788,0
2021-08-04,0.196290,0.203400,0.194220,0.201610,2089904052,2021-08-04 23:59:59.999,415733813.915377,668666,1018242805,202567570.821788,0
2021-08-05,0.201610,0.202600,0.194410,0.201080,2257756279,2021-08-05 23:59:59.999,448783585.564213,670502,1051988743,209121103.607894,0
2021-08-06,0.201080,0.212250,0.198510,0.204990,2696144941,2021-08-06 23:59:59.999,549103835.084777,794278,1291599142,263149283.941559,0
2021-08-07,0.204990,0.263330,0.203670,0.261940,13677185425,2021-08-07 23:59:59.999,3200013738.801741,3433917,6703977766,1569322054.269091,0
2021-08-08,0.261950,0.284890,0.235040,0.240080,16279599832,2021-08-08 23:59:59.999,4216986594.281042,4221634,7848703376,2033656974.766333,0
2021-08-09,0.240050,0.266710,0.230600,0.256140,11525063990,2021-08-09 23:59:59.999,2892579160.668514,2952844,5583043435,1401224137.030833,0
2021-08-10,0.256180,0.263800,0.245280,0.257690,7332490917,2021-08-10 23:59:59.999,1869367182.057394,2070957,3485191855,888882173.519219,0
2021-08-11,0.257670,0.283500,0.256470,0.264550,9737498847,2021-08-11 23:59:59.999,2637230854.742983,2600478,4581860328,1241354088.675431,0
2021-08-12,0.264560,0.295500,0.251710,0.264270,10589631123,2021-08-12 23:59:59.999,2876650726.180649,2825508,5081585015,1381439977.435707,0
2021-08-13,0.264290,0.287930,0.261700,0.286900,6355721317,2021-08-13 23:59:59.999,1752321201.212677,1687292,3047967690,840483737.721884,0
2021-08-14,0.286890,0.299360,0.275860,0.294460,8231893860,2021-08-14 23:59:59.999,2373896854.066785,2315773,3899228720,1124890161.110741,0
2021-08-15,0.294460,0.349780,0.286110,0.340360,13541906478,2021-08-15 23:59:59.999,4215560234.570191,3673787,6511369697,2028949952.574832,0
2021-08-16,0.340360,0.352220,0.310000,0.319750,11757932178,2021-08-16 23:59:59.999,3930631064.954798,3330798,5594233310,1870864478.353479,0
2021-08-17,0.319730,0.340780,0.294000,0.299450,9785864187,2021-08-17 23:59:59.999,3146601433.407352,2975871,4663186756,1500920858.040247,0
2021-08-18,0.299530,0.325430,0.276000,0.303370,11259741253,2021-08-18 23:59:59.999,3408932393.113732,3218621,5456353684,1653034059.240477,0
2021-08-19,0.303400,0.319780,0.293910,0.318110,6489981438,2021-08-19 23:59:59.999,1980661185.836724,2029100,3135788148,957369640.558108,0
2021-08-20,0.318110,0.334330,0.314050,0.327420,5603075351,2021-08-20 23:59:59.999,1810991983.744965,1755760,2649238398,856476615.254849,0
2021-08-21,0.327410,0.329860,0.313690,0.316980,4459087289,2021-08-21 23:59:59.999,1439012725.004692,1441244,2069460254,668101294.163663,0
2021-08-22,0.316980,0.321990,0.305010,0.314920,3449293346,2021-08-22 23:59:59.999,1084350940.543357,1159294,1619222008,509144073.673301,0
2021-08-23,0.314910,0.328650,0.313000,0.318240,4332198009,2021-08-23 23:59:59.999,1387974382.841730,1429920,2034439738,652023421.402887,0
2021-08-24,0.318210,0.320050,0.272100,0.288840,5522396939,2021-08-24 23:59:59.999,1657261561.646301,1686933,2540016456,762174022.910860,0
2021-08-25,0.288830,0.297010,0.279600,0.292800,3979670900,2021-08-25 23:59:59.999,1150732781.835334,1294306,1900225912,549590094.150289,0
2021-08-26,0.292800,0.296550,0.264100,0.268340,4625915700,2021-08-26 23:59:59.999,1275524939.069810,1367223,2201072163,607041092.907752,0
2021-08-27,0.268370,0.295270,0.265100,0.294630,3753562684,2021-08-27 23:59:59.999,1048350508.218639,1182890,1836036883,512685148.137580,0
2021-08-28,0.294620,0.299790,0.283090,0.286230,2552071310,2021-08-28 23:59:59.999,738357982.826443,883129,1193523412,345457526.735201,0
2021-08-29,0.286230,0.291980,0.276560,0.281260,2556707740,2021-08-29 23:59:59.999,722330581.090637,835801,1229355295,347348758.362154,0
2021-08-30,0.281260,0.290910,0.269840,0.272060,3104820005,2021-08-30 23:59:59.999,867241866.777245,1075624,1462454560,408646323.059842,0
2021-08-31,0.272110,0.286220,0.269790,0.278490,3070536086,2021-08-31 23:59:59.999,852089213.884268,1034324,1472624103,408754159.285382,0
2021-09-01,0.278480,0.295370,0.273120,0.294700,3022181637,2021-09-01 23:59:59.999,858963265.765084,1003108,1473385458,418859003.093553,0
2021-09-02,0.294700,0.310190,0.292010,0.294860,6116652987,2021-09-02 23:59:59.999,1844123416.383469,1778922,2864983518,864184241.162445,0
2021-09-03,0.294860,0.305220,0.286600,0.296460,3885158616,2021-09-03 23:59:59.999,1153815472.674785,1275190,1784345861,530112773.045973,0
2021-09-04,0.296460,0.309560,0.293370,0.299790,4166191096,2021-09-04 23:59:59.999,1251699575.093279,1326880,1942626578,583751497.007056,0
2021-09-05,0.299780,0.316000,0.296160,0.314760,4179329574,2021-09-05 23:59:59.999,1276324669.548918,1368161,1956466255,597794131.655977,0
2021-09-06,0.314740,0.320950,0.299560,0.309280,4597137236,2021-09-06 23:59:59.999,1427760002.728589,1422372,2074181358,644493438.377022,0
2021-09-07,0.309240,0.311760,0.202250,0.255470,10170690643,2021-09-07 23:59:59.999,2700863985.687059,2949909,4778506925,1265223917.849925,0
2021-09-08,0.255470,0.263650,0.233450,0.256690,4920907061,2021-09-08 23:59:59.999,1234486395.063956,1634770,2393183273,600432926.286101,0
2021-09-09,0.256670,0.259870,0.248580,0.252700,2716228777,2021-09-09 23:59:59.999,691198427.941067,971803,1308481537,333039029.838391,0
2021-09-10,0.252690,0.262260,0.235290,0.239750,3199729256,2021-09-10 23:59:59.999,790809947.555582,1100651,1541242172,381055563.958687,0
2021-09-11,0.239770,0.247970,0.237600,0.241000,1659109679,2021-09-11 23:59:59.999,402833126.231823,697902,810689628,196862098.130422,0
2021-09-12,0.241010,0.255360,0.238800,0.250420,2158166708,2021-09-12 23:59:59.999,531893427.361070,784211,1053534176,259644040.591833,0
2021-09-13,0.250460,0.252460,0.228030,0.235860,3289295429,2021-09-13 23:59:59.999,781753774.616764,1131753,1563542559,371636265.287453,0
2021-09-14,0.235840,0.241720,0.233460,0.240650,1446632651,2021-09-14 23:59:59.999,344235821.247980,621729,700983586,166830995.608830,0
2021-09-15,0.240630,0.248390,0.238850,0.247840,1396768503,2021-09-15 23:59:59.999,339459028.198537,566057,673790091,163756743.001657,0
2021-09-16,0.247840,0.248030,0.233000,0.242120,1709047580,2021-09-16 23:59:59.999,413323852.838516,664704,783684979,189586292.944869,0
2021-09-17,0.242120,0.260120,0.237380,0.240210,3648955690,2021-09-17 23:59:59.999,903221342.936825,1392893,1709655211,423478001.754713,0
2021-09-18,0.240220,0.247500,0.238000,0.241460,1371181046,2021-09-18 23:59:59.999,332779468.612484,586088,654291621,158844806.393989,0
2021-09-19,0.241460,0.241560,0.230640,0.233080,1224940177,2021-09-19 23:59:59.999,290340456.555220,470168,563198324,133536929.841370,0
2021-09-20,0.233080,0.233490,0.198800,0.208620,4153691239,2021-09-20 23:59:59.999,889475094.699640,1397863,2013829322,430992794.953940,0
2021-09-21,0.208620,0.218510,0.197390,0.200690,3429757550,2021-09-21 23:59:59.999,709884680.956590,1208930,1693568209,350649964.329090,0
2021-09-22,0.200710,0.230600,0.199780,0.224440,3638167343,2021-09-22 23:59:59.999,781832753.135820,1244215,1818702932,391073955.594780,0
2021-09-23,0.224440,0.227300,0.217390,0.224420,1814088040,2021-09-23 23:59:59.999,403712316.179400,697954,889994117,198113653.690610,0
2021-09-24,0.224440,0.229280,0.196320,0.209020,2963575696,2021-09-24 23:59:59.999,623418426.969600,1075744,1423125134,299428836.908270,0
2021-09-25,0.209010,0.212560,0.204190,0.208270,1615995093,2021-09-25 23:59:59.999,337161720.619920,717742,787530551,164354701.180850,0
2021-09-26,0.208280,0.208820,0.193960,0.204770,2015660855,2021-09-26 23:59:59.999,409384356.106770,732850,980538985,199197106.004490,0
2021-09-27,0.204790,0.209300,0.199340,0.199550,1362517377,2021-09-27 23:59:59.999,278589518.946160,504751,652957036,133509233.068810,0
2021-09-28,0.199530,0.202690,0.195860,0.196400,1570567635,2021-09-28 23:59:59.999,313595576.422890,544939,758797022,151529319.224090,0
2021-09-29,0.196380,0.204200,0.194510,0.198530,1589617461,2021-09-29 23:59:59.999,316790274.818010,557176,769558232,153398500.026040,0
2021-09-30,0.198540,0.205960,0.197500,0.204240,1476173272,2021-09-30 23:59:59.999,298160633.921490,560016,721337940,145719998.124900,0
2021-10-01,0.204250,0.225350,0.201710,0.222770,2394918560,2021-10-01 23:59:59.999,510508408.996300,763902,1187196233,253214629.624950,0
2021-10-02,0.222770,0.225200,0.215040,0.218600,1865768745,2021-10-02 23:59:59.999,411189514.745110,584194,883895359,194845690.084820,0
2021-10-03,0.218590,0.226930,0.215330,0.221900,1797621402,2021-10-03 23:59:59.999,397076388.592780,617715,853158418,188506098.654310,0
2021-10-04,0.221910,0.249060,0.212120,0.241750,6605228773,2021-10-04 23:59:59.999,1518058809.528908,1993301,3171142747,729168496.610436,0
2021-10-05,0.241730,0.268200,0.232600,0.251970,7941805618,2021-10-05 23:59:59.999,1988762907.573879,2415071,3771496081,944770174.977493,0
2021-10-06,0.252020,0.271990,0.242280,0.254300,7958695746,2021-10-06 23:59:59.999,2026793763.860286,2464149,3771304881,960726002.928237,0
2021-10-07,0.254290,0.257250,0.235200,0.243110,4513665102,2021-10-07 23:59:59.999,1111236424.585082,1505992,2121740479,522582918.031080,0
2021-10-08,0.243110,0.255340,0.241500,0.244290,2940592804,2021-10-08 23:59:59.999,726773490.315740,993605,1393021732,344327854.798299,0
2021-10-09,0.244300,0.252900,0.240710,0.246970,2057026915,2021-10-09 23:59:59.999,508256681.781244,743822,966619781,238873673.274478,0
2021-10-10,0.246970,0.249100,0.225000,0.228810,2181504389,2021-10-10 23:59:59.999,524393659.999549,849302,952967224,229329810.428270,0
2021-10-11,0.228810,0.239550,0.224670,0.231280,2036097876,2021-10-11 23:59:59.999,474759993.688030,829613,963572838,224783901.805500,0
2021-10-12,0.231280,0.231800,0.215590,0.226230,2510893057,2021-10-12 23:59:59.999,561079235.864100,943787,1207295733,269887393.120550,0
2021-10-13,0.226190,0.234350,0.220500,0.232720,2071886116,2021-10-13 23:59:59.999,469547658.536130,822574,1001831956,227141865.968810,0
2021-10-14,0.232750,0.240410,0.230830,0.232900,2141776478,2021-10-14 23:59:59.999,505207908.359300,820441,1002331045,236491252.660830,0
2021-10-15,0.232910,0.243830,0.224030,0.234370,2731411337,2021-10-15 23:59:59.999,637135228.431032,1083194,1276266104,297804823.098802,0
2021-10-16,0.234360,0.245960,0.234050,0.237470,2535637017,2021-10-16 23:59:59.999,607195581.330414,949397,1182535903,283238780.269301,0
2021-10-17,0.237470,0.242350,0.224840,0.238020,2319195038,2021-10-17 23:59:59.999,548202881.592022,888536,1082482361,256059007.516942,0
2021-10-18,0.238030,0.273590,0.237150,0.247490,10769292446,2021-10-18 23:59:59.999,2764060389.072459,3163884,5180096897,1330284391.955585,0
2021-10-19,0.247490,0.255140,0.240000,0.245650,3311564714,2021-10-19 23:59:59.999,816799548.564904,1147533,1549155485,382295391.086544,0
2021-10-20,0.245650,0.262230,0.242240,0.255010,3425659292,2021-10-20 23:59:59.999,862257446.967301,1180463,1598040653,402284874.560959,0
2021-10-21,0.255000,0.258970,0.240000,0.242600,3277084891,2021-10-21 23:59:59.999,821117127.055503,1287479,1477498652,370414342.375471,0
2021-10-22,0.242650,0.253180,0.235000,0.244940,3470389627,2021-10-22 23:59:59.999,850385655.336416,1245298,1614135454,395716159.451576,0
2021-10-23,0.244940,0.254450,0.241080,0.251440,2767089009,2021-10-23 23:59:59.999,685596522.769734,1062267,1312674262,325382070.821783,0
2021-10-24,0.251440,0.283330,0.246040,0.276030,10152098499,2021-10-24 23:59:59.999,2656809278.428506,3066583,4847969060,1269894436.896200,0
2021-10-25,0.276030,0.281090,0.257500,0.265480,6120789257,2021-10-25 23:59:59.999,1641037380.653279,2009527,2840287652,761865010.332316,0
2021-10-26,0.265480,0.274720,0.250000,0.256030,4926201038,2021-10-26 23:59:59.999,1309189144.726266,1609995,2212903817,588557037.287295,0
2021-10-27,0.256020,0.263940,0.210000,0.238040,10365708653,2021-10-27 23:59:59.999,2522123063.716583,3106129,4869612404,1186066781.481108,0
2021-10-28,0.238020,0.341000,0.232390,0.300000,35836799655,2021-10-28 23:59:59.999,10852734149.471990,11437529,17209671169,5212859997.034719,0
2021-10-29,0.300040,0.307340,0.273700,0.288470,10268961833,2021-10-29 23:59:59.999,2993836860.669328,3608196,4800715066,1400310949.337168,0
2021-10-30,0.288440,0.295300,0.257190,0.269180,5963350609,2021-10-30 23:59:59.999,1662316397.000281,2149711,2675860414,746982374.881130,0
2021-10-31,0.269180,0.285320,0.252000,0.280210,6870137331,2021-10-31 23:59:59.999,1847925323.638299,2576122,3258924594,877199480.546089,0
2021-11-01,0.280230,0.287070,0.263290,0.271850,4493605114,2021-11-01 23:59:59.999,1226411839.248020,1833968,2100819070,573526684.807568,0
2021-11-02,0.271860,0.281430,0.267000,0.274390,3466139464,2021-11-02 23:59:59.999,950264270.715843,1400642,1609200370,441333315.419813,0
2021-11-03,0.274390,0.277900,0.261000,0.269190,3417882950,2021-11-03 23:59:59.999,924547612.447661,1401094,1567495720,424159958.929022,0
2021-11-04,0.269190,0.271340,0.253700,0.263110,2902164083,2021-11-04 23:59:59.999,761712542.560604,1183841,1342575599,352492106.203561,0
2021-11-05,0.263110,0.271240,0.256670,0.261060,2426959333,2021-11-05 23:59:59.999,636748101.040063,1065412,1139339885,299045913.829442,0
2021-11-06,0.261070,0.267770,0.249520,0.262070,2195891297,2021-11-06 23:59:59.999,570167645.929234,985797,1023739335,265992754.522362,0
2021-11-07,0.262080,0.270340,0.258500,0.266790,2110247137,2021-11-07 23:59:59.999,557807736.214965,997389,982830999,259832277.021218,0
2021-11-08,0.266790,0.297540,0.264670,0.282150,8032591288,2021-11-08 23:59:59.999,2266121283.868992,2669321,3811414450,1075617035.207802,0
2021-11-09,0.282150,0.291000,0.270100,0.273960,4035961882,2021-11-09 23:59:59.999,1128190387.769228,1598679,1839806414,514491668.183954,0
2021-11-10,0.273960,0.277770,0.230000,0.255320,5389304432,2021-11-10 23:59:59.999,1413532851.010433,2006262,2380554272,625030081.547727,0
2021-11-11,0.255310,0.271900,0.253200,0.260710,3170655843,2021-11-11 23:59:59.999,829214296.502878,1246876,1542097017,403420253.171275,0
2021-11-12,0.260680,0.268940,0.248130,0.259450,2986481221,2021-11-12 23:59:59.999,770665744.485377,1240066,1390994744,359095804.951863,0
2021-11-13,0.259500,0.262520,0.254380,0.261320,1444234207,2021-11-13 23:59:59.999,373514953.771958,718820,688083638,177968506.034596,0
2021-11-14,0.261370,0.272550,0.259750,0.263040,2181960070,2021-11-14 23:59:59.999,575460494.157270,967929,1023860079,270166156.380428,0
2021-11-15,0.263050,0.265410,0.255310,0.256980,1834588263,2021-11-15 23:59:59.999,478391886.524470,793605,837544090,218431283.948259,0
2021-11-16,0.256970,0.256980,0.221220,0.236650,4151991568,2021-11-16 23:59:59.999,1001251053.625224,1505856,1877007272,452917969.586613,0
2021-11-17,0.236670,0.241430,0.229110,0.237560,2016887417,2021-11-17 23:59:59.999,476320895.205160,859180,977939054,231022537.405710,0
2021-11-18,0.237550,0.241550,0.215000,0.221150,2964060889,2021-11-18 23:59:59.999,674706562.748380,1123015,1381451687,314682931.134830,0
2021-11-19,0.221220,0.237070,0.215750,0.232960,2118512659,2021-11-19 23:59:59.999,481587114.480030,870581,1027076119,233488348.946630,0
2021-11-20,0.232980,0.235850,0.225150,0.233270,1445215186,2021-11-20 23:59:59.999,334376653.295150,631392,680523291,157489515.083950,0
2021-11-21,0.233280,0.233600,0.225250,0.225820,1237139210,2021-11-21 23:59:59.999,283432351.438780,562941,568421753,130247626.700780,0
2021-11-22,0.225840,0.227470,0.216380,0.219570,1690487786,2021-11-22 23:59:59.999,375237913.724980,714691,769889239,170950530.211480,0
2021-11-23,0.219580,0.237280,0.213090,0.226900,3799586388,2021-11-23 23:59:59.999,862632273.763960,1277858,1821682876,413716154.571970,0
2021-11-24,0.226880,0.230690,0.210700,0.217220,2163420847,2021-11-24 23:59:59.999,472787457.945990,811205,992316064,216853210.870240,0
2021-11-25,0.217220,0.229450,0.214140,0.221450,2201278407,2021-11-25 23:59:59.999,486388815.147720,779445,1033667405,228474919.722300,0
2021-11-26,0.221410,0.222090,0.182210,0.201920,4670908496,2021-11-26 23:59:59.999,946963362.645970,1419078,2166730263,439276608.651390,0
2021-11-27,0.201940,0.209400,0.200800,0.204960,1439281082,2021-11-27 23:59:59.999,296423698.200710,526845,697521653,143682263.271810,0
2021-11-28,0.204960,0.207540,0.190440,0.207270,1975057505,2021-11-28 23:59:59.999,394914651.781720,686985,946686827,189389764.020950,0
2021-11-29,0.207270,0.225390,0.202500,0.215040,4383615642,2021-11-29 23:59:59.999,944461584.763920,1196726,2152223956,463646375.897950,0
2021-11-30,0.215050,0.227610,0.212500,0.214670,4022103949,2021-11-30 23:59:59.999,882320812.562940,1284862,1910756501,419290587.119110,0
2021-12-01,0.214700,0.218900,0.205800,0.209290,1916132471,2021-12-01 23:59:59.999,408475594.865550,675986,914087519,194933180.747990,0
2021-12-02,0.209300,0.223460,0.201120,0.209660,4226236455,2021-12-02 23:59:59.999,903754552.960890,1266778,2049253624,438444134.273770,0
2021-12-03,0.209650,0.212390,0.187880,0.199850,2522795882,2021-12-03 23:59:59.999,513439051.334280,847827,1160371527,236384759.373870,0
2021-12-04,0.199850,0.200500,0.125700,0.178160,9540039903,2021-12-04 23:59:59.999,1586571483.635445,2292985,4457786075,741158441.704340,0
2021-12-05,0.178140,0.180990,0.161600,0.171230,2955442188,2021-12-05 23:59:59.999,507851273.468660,868581,1416725009,243396286.413770,0
2021-12-06,0.171230,0.180380,0.158640,0.177450,3675651275,2021-12-06 23:59:59.999,620611139.704880,1093795,1798704686,303711105.666460,0
2021-12-07,0.177460,0.184000,0.174360,0.176220,1974275336,2021-12-07 23:59:59.999,353775260.686040,697656,955515998,171256273.672000,0
2021-12-08,0.176210,0.182030,0.171930,0.179050,1816338034,2021-12-08 23:59:59.999,322692129.751490,623260,896614598,159326912.615090,0
2021-12-09,0.179050,0.182900,0.168300,0.168860,2300820655,2021-12-09 23:59:59.999,403497779.802880,730508,1139614131,199918815.226500,0
2021-12-10,0.168860,0.174670,0.163050,0.163940,1906174839,2021-12-10 23:59:59.999,321855414.323430,598612,918214984,155090334.807980,0
2021-12-11,0.163940,0.169950,0.161010,0.168860,1349053213,2021-12-11 23:59:59.999,224762600.411820,438243,671124791,111817127.854250,0
2021-12-12,0.168870,0.173870,0.165460,0.169540,1404855988,2021-12-12 23:59:59.999,237786221.836990,417343,684479704,115877260.338710,0
2021-12-13,0.169540,0.170380,0.151210,0.157200,2308147569,2021-12-13 23:59:59.999,369952551.162230,716537,1105813359,177218452.744950,0
2021-12-14,0.157200,0.219750,0.154710,0.190750,26058006832,2021-12-14 23:59:59.999,5037917503.823410,5900122,13154070366,2542880833.769600,0
2021-12-15,0.190750,0.191180,0.170290,0.180920,8645268671,2021-12-15 23:59:59.999,1554638836.575100,2337491,4250293331,764368019.914080,0
2021-12-16,0.180870,0.185340,0.172160,0.173090,3185718281,2021-12-16 23:59:59.999,571233403.923530,1025781,1540973611,276433253.551160,0
2021-12-17,0.173100,0.176610,0.161280,0.168400,3134444029,2021-12-17 23:59:59.999,531828962.825640,1029513,1498311965,254310869.823700,0
2021-12-18,0.168400,0.175730,0.165840,0.172270,1640641024,2021-12-18 23:59:59.999,281062404.211250,664007,802489212,137468861.233040,0
2021-12-19,0.172290,0.174670,0.168970,0.169350,1400328050,2021-12-19 23:59:59.999,240410964.560100,553702,675000403,115918218.625830,0
2021-12-20,0.169350,0.170710,0.161000,0.167140,2123638440,2021-12-20 23:59:59.999,351670162.622850,741718,1020384892,168964984.256070,0
2021-12-21,0.167150,0.172380,0.165570,0.170730,1709990612,2021-12-21 23:59:59.999,290315227.357770,574154,837730084,142248877.554810,0
2021-12-22,0.170740,0.180000,0.169610,0.172970,2367771369,2021-12-22 23:59:59.999,412370899.747020,783245,1144672831,199447090.662040,0
2021-12-23,0.172980,0.185100,0.171110,0.185040,2676015864,2021-12-23 23:59:59.999,476766955.482380,847854,1324574947,236007569.570640,0
2021-12-24,0.185050,0.195680,0.179120,0.186230,3499099435,2021-12-24 23:59:59.999,654814449.934130,1050792,1672757011,313209213.665060,0
2021-12-25,0.186240,0.196500,0.184790,0.190810,2524079513,2021-12-25 23:59:59.999,480218618.490000,790452,1217408286,231628274.526720,0
2021-12-26,0.190820,0.192470,0.184910,0.189760,1602630413,2021-12-26 23:59:59.999,302794605.450920,567434,755254505,142716221.686990,0
2021-12-27,0.189790,0.192870,0.186000,0.187850,1718081633,2021-12-27 23:59:59.999,327156661.282950,591578,793286945,151112509.329700,0
2021-12-28,0.187860,0.187910,0.171550,0.173730,2771005162,2021-12-28 23:59:59.999,496158602.451400,822007,1291267992,231233019.286890,0
2021-12-29,0.173740,0.177360,0.165400,0.167890,2004348001,2021-12-29 23:59:59.999,344819346.469940,639437,956788575,164657400.229810,0
2021-12-30,0.167880,0.175700,0.164750,0.171010,1487554376,2021-12-30 23:59:59.999,255123489.094700,430591,726978683,124664422.976540,0
2021-12-31,0.171030,0.175810,0.166000,0.170280,1671065389,2021-12-31 23:59:59.999,286939201.213800,518296,807149735,138663849.567530,0
2022-01-01,0.170280,0.173700,0.169590,0.173160,946904749,2022-01-01 23:59:59.999,162661661.976720,403489,454318217,78052502.212900,0
2022-01-02,0.173150,0.176330,0.170400,0.174390,1071421835,2022-01-02 23:59:59.999,185714764.912170,448852,512945767,88925425.153290,0
2022-01-03,0.174400,0.174420,0.167260,0.170220,1504965567,2022-01-03 23:59:59.999,257123860.043020,510710,690618711,118025904.159240,0
2022-01-04,0.170210,0.172600,0.166500,0.168350,1553879850,2022-01-04 23:59:59.999,264158799.839400,411777,737315588,125375284.354610,0
2022-01-05,0.168360,0.170990,0.146850,0.158870,2826806450,2022-01-05 23:59:59.999,458662668.498390,744261,1285955755,208813871.061710,0
2022-01-06,0.158870,0.162000,0.153720,0.159880,1957531907,2022-01-06 23:59:59.999,308576520.984330,526201,953500284,150335280.752050,0
2022-01-07,0.159860,0.160250,0.148860,0.155060,2733370783,2022-01-07 23:59:59.999,420587541.948520,664012,1322108032,203429020.622530,0
2022-01-08,0.155050,0.157800,0.145010,0.150940,1750682059,2022-01-08 23:59:59.999,266468886.167870,494615,845339185,128628438.671530,0
2022-01-09,0.150890,0.153720,0.148430,0.150420,1282988101,2022-01-09 23:59:59.999,193977996.149430,348184,613798391,92815739.070230,0
2022-01-10,0.150420,0.152050,0.135890,0.142950,2488981041,2022-01-10 23:59:59.999,359382663.969290,622962,1184881818,171080833.308340,0
2022-01-11,0.142950,0.166600,0.141630,0.153700,7579322444,2022-01-11 23:59:59.999,1171840237.721710,1448345,3691610454,571400800.405480,0
2022-01-12,0.153680,0.163550,0.151000,0.162690,3008655769,2022-01-12 23:59:59.999,472508628.422410,737932,1444442711,226861439.158570,0
2022-01-13,0.162680,0.177760,0.161200,0.171680,8202932755,2022-01-13 23:59:59.999,1386472799.878410,1871184,4028029255,680936744.513790,0
2022-01-14,0.171630,0.215000,0.170230,0.183180,20763564190,2022-01-14 23:59:59.999,3983124491.485780,4856180,10180915927,1953787988.610730,0
2022-01-15,0.183180,0.194800,0.181450,0.184420,6317054426,2022-01-15 23:59:59.999,1191295001.731060,1674375,3065641676,578309648.452000,0
2022-01-16,0.184430,0.184670,0.173230,0.176590,4102921568,2022-01-16 23:59:59.999,735381601.041940,1176148,1975112809,354182408.640300,0
2022-01-17,0.176600,0.178350,0.165360,0.170870,4881994844,2022-01-17 23:59:59.999,831316285.310520,1268953,2348291253,399938307.753690,0
2022-01-18,0.170870,0.174390,0.161550,0.164980,3909792778,2022-01-18 23:59:59.999,650280720.049240,1037590,1890292774,314492892.837640,0
2022-01-19,0.164970,0.169540,0.158700,0.161520,3702935072,2022-01-19 23:59:59.999,606657882.955280,1039192,1822549047,298715895.417580,0
2022-01-20,0.161550,0.169220,0.153170,0.155220,2897674493,2022-01-20 23:59:59.999,471391155.401300,906083,1367809305,222677702.538820,0
2022-01-21,0.155200,0.157480,0.139410,0.141890,5274095798,2022-01-21 23:59:59.999,788525250.708570,1416203,2546897453,380998595.393790,0
2022-01-22,0.141890,0.145230,0.119520,0.133140,6930515524,2022-01-22 23:59:59.999,911974289.512650,1718612,3426748805,450751235.689650,0
2022-01-23,0.133140,0.144480,0.131900,0.141690,4013924837,2022-01-23 23:59:59.999,555514657.990130,1121588,2011466171,278403564.273350,0
2022-01-24,0.141710,0.141750,0.125240,0.137180,4832645513,2022-01-24 23:59:59.999,639756613.810640,1407175,2402024178,318018134.228970,0
2022-01-25,0.137180,0.150910,0.132420,0.142650,5191738832,2022-01-25 23:59:59.999,730602498.482890,1385330,2556825537,359855627.239920,0
2022-01-26,0.142660,0.153400,0.140700,0.143090,3997740007,2022-01-26 23:59:59.999,587824146.929550,1177943,1940070255,285394136.110970,0
2022-01-27,0.143100,0.145930,0.136060,0.141410,2528359925,2022-01-27 23:59:59.999,356373736.146810,865434,1224246239,172598254.095810,0
2022-01-28,0.141410,0.142610,0.137700,0.141350,2070623354,2022-01-28 23:59:59.999,290135193.182200,726479,991823599,138968805.191120,0
2022-01-29,0.141350,0.144160,0.140020,0.142890,1561641864,2022-01-29 23:59:59.999,222379247.888970,555175,755701386,107611731.700580,0
2022-01-30,0.142880,0.143660,0.137910,0.139040,1578071660,2022-01-30 23:59:59.999,222718201.798200,512072,749835045,105824737.164360,0
2022-01-31,0.139040,0.142460,0.136170,0.141480,1855543641,2022-01-31 23:59:59.999,257990976.272700,577094,911721480,126796321.858990,0
2022-02-01,0.141480,0.144340,0.140680,0.142230,1604828775,2022-02-01 23:59:59.999,228531659.057770,541556,764581516,108882658.333470,0
2022-02-02,0.142230,0.146520,0.135440,0.136880,2072943461,2022-02-02 23:59:59.999,293214238.857790,641558,1010641783,143018566.413800,0
2022-02-03,0.136890,0.138770,0.134590,0.137840,1674306660,2022-02-03 23:59:59.999,228944000.500670,545507,806550342,110251373.127020,0
2022-02-04,0.137810,0.148030,0.136800,0.147760,2211026521,2022-02-04 23:59:59.999,312299850.296780,567242,1112772567,157270730.821510,0
2022-02-05,0.147750,0.150680,0.144710,0.146860,1946700437,2022-02-05 23:59:59.999,288370526.200350,507561,924362625,136918161.904010,0
2022-02-06,0.146850,0.155730,0.144320,0.153940,2340341743,2022-02-06 23:59:59.999,350462235.920990,579868,1113287505,166749251.272130,0
2022-02-07,0.153940,0.173040,0.151200,0.165320,4828046115,2022-02-07 23:59:59.999,780210666.293070,1194800,2323807776,375451396.226330,0
2022-02-08,0.165330,0.169730,0.152860,0.158110,3388624917,2022-02-08 23:59:59.999,543350335.189540,914264,1576000038,252733329.297960,0
2022-02-09,0.158120,0.162400,0.154100,0.159230,2112039265,2022-02-09 23:59:59.999,334100501.145680,570564,1017907993,161018149.308250,0
2022-02-10,0.159240,0.160660,0.149760,0.151380,2779677279,2022-02-10 23:59:59.999,433077597.250540,732170,1305499083,203368411.617240,0
2022-02-11,0.151380,0.154150,0.141540,0.144500,2135876771,2022-02-11 23:59:59.999,319585258.825890,611362,1005695571,150600487.754150,0
2022-02-12,0.144480,0.147440,0.140000,0.144270,1691846426,2022-02-12 23:59:59.999,242938421.050240,497240,817762632,117438328.682270,0
2022-02-13,0.144240,0.157770,0.143560,0.147990,6682889789,2022-02-13 23:59:59.999,1017337660.709670,1367107,3283298807,499905075.495900,0
2022-02-14,0.147990,0.150990,0.142450,0.145720,3426323795,2022-02-14 23:59:59.999,499337703.980080,800176,1694965973,247123324.427080,0
2022-02-15,0.145730,0.152350,0.144740,0.151600,2102577819,2022-02-15 23:59:59.999,313877308.740220,536885,994037317,148399713.948350,0
2022-02-16,0.151610,0.151640,0.146150,0.148650,1744747043,2022-02-16 23:59:59.999,259753964.994970,460592,819853572,122064125.615990,0
2022-02-17,0.148660,0.149990,0.136610,0.138310,2237004404,2022-02-17 23:59:59.999,322809142.536820,576844,1056889995,152631870.875290,0
2022-02-18,0.138320,0.142120,0.135840,0.138450,1720597230,2022-02-18 23:59:59.999,239828030.878880,425687,832021858,115975482.369460,0
2022-02-19,0.138450,0.146420,0.138280,0.140770,2798186206,2022-02-19 23:59:59.999,397193914.480220,598839,1346411026,191085915.795380,0
2022-02-20,0.140800,0.140980,0.134550,0.136590,1860639469,2022-02-20 23:59:59.999,255208576.731910,404130,908168799,124570417.851750,0
2022-02-21,0.136590,0.141950,0.127000,0.128140,3218165449,2022-02-21 23:59:59.999,437703998.093580,667090,1571413215,213833363.847000,0
2022-02-22,0.128150,0.131770,0.123490,0.131200,2279336304,2022-02-22 23:59:59.999,292526431.411390,526089,1100943285,141354429.542050,0
2022-02-23,0.131200,0.135500,0.127070,0.127250,1885632914,2022-02-23 23:59:59.999,248423191.234320,449669,917625819,120894459.963840,0
2022-02-24,0.127260,0.127590,0.106240,0.123940,5893625654,2022-02-24 23:59:59.999,685377139.971720,1239219,2870861209,333746362.320320,0
2022-02-25,0.123920,0.128220,0.120400,0.127490,2695294791,2022-02-25 23:59:59.999,334535574.289600,600184,1310763504,162661738.928940,0
2022-02-26,0.127500,0.130470,0.125570,0.127600,1537110979,2022-02-26 23:59:59.999,196128330.200180,459359,749246667,95588331.290970,0
2022-02-27,0.127600,0.128330,0.120990,0.122820,2030819523,2022-02-27 23:59:59.999,253924334.902470,505099,980639582,122633338.931550,0
2022-02-28,0.122830,0.138840,0.121210,0.133430,2349018476,2022-02-28 23:59:59.999,298278360.906640,581644,1160070317,147497820.760510,0
2022-03-01,0.133420,0.138910,0.129580,0.134060,2291677537,2022-03-01 23:59:59.999,305833224.162610,629801,1081581518,144367713.786110,0
2022-03-02,0.134060,0.137250,0.130530,0.133020,1999601805,2022-03-02 23:59:59.999,267041525.459380,532905,950935263,127012168.066100,0
2022-03-03,0.133010,0.133790,0.127010,0.129550,1456627428,2022-03-03 23:59:59.999,190463780.870920,429201,682853507,89300102.592450,0
2022-03-04,0.129570,0.130080,0.119850,0.122490,1899663220,2022-03-04 23:59:59.999,238549750.268320,497099,920289634,115563517.948670,0
2022-03-05,0.122490,0.125530,0.120730,0.124910,988165049,2022-03-05 23:59:59.999,121996655.875750,291508,444700058,54924660.726390,0
2022-03-06,0.124910,0.125530,0.119000,0.120550,1222588500,2022-03-06 23:59:59.999,149863140.321430,370355,580059280,71089012.159590,0
2022-03-07,0.120550,0.122580,0.113040,0.116640,1754507880,2022-03-07 23:59:59.999,208395324.233140,479480,828876842,98480096.229730,0
2022-03-08,0.116620,0.119920,0.115200,0.116930,1524857191,2022-03-08 23:59:59.999,179629493.857390,420965,730302297,86036089.659530,0
2022-03-09,0.116930,0.124440,0.116350,0.121450,1635998912,2022-03-09 23:59:59.999,198674893.158990,436333,788530940,95787409.629000,0
2022-03-10,0.121450,0.121930,0.114310,0.116770,1718882599,2022-03-10 23:59:59.999,201147987.562340,425466,807617602,94515046.022800,0
2022-03-11,0.116780,0.118540,0.113560,0.115420,1334675033,2022-03-11 23:59:59.999,154880047.754890,370423,638013782,74040303.587520,0
2022-03-12,0.115420,0.117280,0.114500,0.114730,819892312,2022-03-12 23:59:59.999,95235956.602850,223490,383590867,44566829.095500,0
2022-03-13,0.114730,0.116280,0.109770,0.111330,1413909633,2022-03-13 23:59:59.999,160704559.547550,365241,666074907,75732575.189380,0
2022-03-14,0.111330,0.122120,0.110130,0.113790,3219438458,2022-03-14 23:59:59.999,370319612.909420,656112,1569474564,180548946.685870,0
2022-03-15,0.113780,0.114210,0.110000,0.112560,1425202794,2022-03-15 23:59:59.999,160098787.806160,351750,681492214,76570165.319000,0
2022-03-16,0.112550,0.117050,0.112020,0.116970,1969292053,2022-03-16 23:59:59.999,225024118.338310,422518,960942779,109806227.729460,0
2022-03-17,0.116980,0.119300,0.115710,0.116340,1253062310,2022-03-17 23:59:59.999,146807156.226250,276275,610514031,71536449.897950,0
2022-03-18,0.116330,0.119530,0.114150,0.119090,1330852617,2022-03-18 23:59:59.999,154897570.285450,296541,630347577,73389673.355620,0
2022-03-19,0.119100,0.124980,0.118250,0.123510,1920358906,2022-03-19 23:59:59.999,234209896.849140,405148,919620210,112171592.064260,0
2022-03-20,0.123500,0.124020,0.117400,0.119130,1214574555,2022-03-20 23:59:59.999,146291644.163510,313543,558442912,67258005.066970,0
2022-03-21,0.119130,0.121660,0.117550,0.119160,1466587272,2022-03-21 23:59:59.999,175391894.931490,295339,710937296,85025758.300180,0
2022-03-22,0.119160,0.125750,0.118530,0.122360,1913687786,2022-03-22 23:59:59.999,235315001.163030,387438,923519488,113593439.172070,0
2022-03-23,0.122360,0.131330,0.120930,0.129810,3138630549,2022-03-23 23:59:59.999,396524138.533230,633152,1530512054,193400982.283340,0
2022-03-24,0.129810,0.144340,0.127570,0.136730,6388543351,2022-03-24 23:59:59.999,869161676.782030,1308768,3112828390,423641861.976240,0
2022-03-25,0.136740,0.137750,0.127100,0.130840,3141743234,2022-03-25 23:59:59.999,419611092.636870,697796,1453324662,194208144.284340,0
2022-03-26,0.130850,0.136830,0.128820,0.136010,2132973446,2022-03-26 23:59:59.999,284400601.689720,506806,1032901826,137707161.318210,0
2022-03-27,0.136010,0.145650,0.135390,0.144710,5011160317,2022-03-27 23:59:59.999,705136251.708080,1110476,2406202261,338711468.678720,0
2022-03-28,0.144700,0.153880,0.140380,0.142420,4742575106,2022-03-28 23:59:59.999,706407651.534380,1031686,2272768862,338643456.508470,0
2022-03-29,0.142430,0.148900,0.140300,0.144400,2888521363,2022-03-29 23:59:59.999,419391182.935770,710842,1363423048,197992683.840190,0
2022-03-30,0.144410,0.145640,0.137800,0.143160,2594693052,2022-03-30 23:59:59.999,369970555.547380,675343,1214209064,173202991.380740,0
2022-03-31,0.143160,0.148110,0.135910,0.138160,3121042529,2022-03-31 23:59:59.999,444681984.483200,741526,1463974504,208641440.721270,0
2022-04-01,0.138140,0.143090,0.132000,0.141380,2537753276,2022-04-01 23:59:59.999,349377277.639350,608204,1201753709,165597257.642450,0
2022-04-02,0.141410,0.144580,0.138000,0.138780,2136365963,2022-04-02 23:59:59.999,303128661.197650,579908,980174145,139113856.483500,0
2022-04-03,0.138800,0.149690,0.136130,0.146610,3312513411,2022-04-03 23:59:59.999,478214068.768120,877250,1567810996,226443831.150660,0
2022-04-04,0.146610,0.156870,0.141150,0.148530,7865464102,2022-04-04 23:59:59.999,1166809904.547110,1860707,3727986743,553620441.758840,0
2022-04-05,0.148530,0.179500,0.147170,0.172660,17923489898,2022-04-05 23:59:59.999,2933105642.909920,4107002,8700352784,1424016683.621570,0
2022-04-06,0.172660,0.174880,0.140500,0.143240,13248834268,2022-04-06 23:59:59.999,2064239418.642170,3481764,6233485627,971281560.779180,0
2022-04-07,0.143220,0.148270,0.140000,0.145820,4844992620,2022-04-07 23:59:59.999,699554741.216930,1461252,2343841644,338531148.756520,0
2022-04-08,0.145820,0.153320,0.140210,0.142320,6181202092,2022-04-08 23:59:59.999,913055064.783140,1826684,2932099694,433274382.271750,0
2022-04-09,0.142300,0.144590,0.140420,0.144130,1856652214,2022-04-09 23:59:59.999,265247091.468340,746830,890064210,127164939.919060,0
2022-04-10,0.144140,0.157610,0.143520,0.148210,9235762953,2022-04-10 23:59:59.999,1401590874.016390,2393211,4544944044,689787885.583330,0
2022-04-11,0.148200,0.151380,0.132750,0.134060,6408990944,2022-04-11 23:59:59.999,912333252.593540,1830112,3021930277,430540492.630240,0
2022-04-12,0.134050,0.144400,0.133090,0.137920,4609281226,2022-04-12 23:59:59.999,639347874.292110,1411415,2237498679,310331067.631570,0
2022-04-13,0.137930,0.143420,0.136170,0.139910,3427972930,2022-04-13 23:59:59.999,478868230.275030,1138935,1630307030,227733057.119280,0
2022-04-14,0.139910,0.147770,0.136500,0.144090,7737517180,2022-04-14 23:59:59.999,1103439580.693970,1870235,3714086559,529973264.225080,0
2022-04-15,0.144090,0.149680,0.141600,0.145810,5326019939,2022-04-15 23:59:59.999,777012290.585240,1420437,2566181894,374543061.815860,0
2022-04-16,0.145840,0.147910,0.141080,0.143430,2318837050,2022-04-16 23:59:59.999,335003824.888100,776267,1064545897,153841768.957090,0
2022-04-17,0.143420,0.144920,0.138150,0.139100,2568118169,2022-04-17 23:59:59.999,366261712.158530,773522,1209484036,172552825.218500,0
2022-04-18,0.139090,0.140430,0.131510,0.140130,3605188969,2022-04-18 23:59:59.999,492947574.307650,943723,1707342682,233601388.928350,0
2022-04-19,0.140120,0.144590,0.139020,0.142540,2603072709,2022-04-19 23:59:59.999,368137288.647450,742570,1279432368,181018590.840480,0
2022-04-20,0.142540,0.146700,0.138870,0.140680,4254733832,2022-04-20 23:59:59.999,608386375.761730,1095156,2050829696,293284593.705090,0
2022-04-21,0.140680,0.142950,0.133750,0.136200,2954364803,2022-04-21 23:59:59.999,412344349.368670,900159,1368570643,191106426.528640,0
2022-04-22,0.136200,0.138170,0.134560,0.136270,1998085810,2022-04-22 23:59:59.999,272433044.286440,679697,938013550,127912329.261330,0
2022-04-23,0.136270,0.136740,0.133000,0.133830,1217925811,2022-04-23 23:59:59.999,164229724.665010,493958,583045596,78636726.223840,0
2022-04-24,0.133820,0.134720,0.130730,0.131710,1684632487,2022-04-24 23:59:59.999,223865446.585530,551847,791958291,105254371.504300,0
2022-04-25,0.131700,0.171090,0.122220,0.158110,28810277383,2022-04-25 23:59:59.999,4314755211.833370,5285294,14356096052,2149721315.426410,0
2022-04-26,0.158110,0.166880,0.135040,0.137580,28718261903,2022-04-26 23:59:59.999,4394875914.430260,5250451,13932824187,2132256287.359610,0
2022-04-27,0.137570,0.145530,0.134890,0.139860,10865080450,2022-04-27 23:59:59.999,1524674361.778100,2315074,5273530722,740042089.122710,0
2022-04-28,0.139850,0.143240,0.135000,0.137390,5665859087,2022-04-28 23:59:59.999,787956293.064750,1383471,2665780533,370758410.637030,0
2022-04-29,0.137400,0.144980,0.132420,0.134880,7597763528,2022-04-29 23:59:59.999,1052570459.804930,1795196,3588629073,497311548.954080,0
2022-04-30,0.134890,0.136790,0.123570,0.127240,3630059976,2022-04-30 23:59:59.999,477411454.414620,1091537,1678107736,220697749.992390,0
2022-05-01,0.127230,0.136560,0.125770,0.132570,3934722188,2022-05-01 23:59:59.999,516588977.349090,1109956,1892679156,248560754.111980,0
2022-05-02,0.132560,0.133850,0.127460,0.130660,2703313830,2022-05-02 23:59:59.999,353924616.443770,826408,1337522252,175140464.789790,0
2022-05-03,0.130670,0.131970,0.126190,0.129390,2225226857,2022-05-03 23:59:59.999,288712688.854180,659384,1075265870,139525575.476270,0
2022-05-04,0.129390,0.136200,0.128920,0.135910,3176244212,2022-05-04 23:59:59.999,418676908.872240,865795,1551511773,204567747.190910,0
2022-05-05,0.135900,0.137690,0.124180,0.128040,4946191370,2022-05-05 23:59:59.999,649071383.255460,1288397,2351606418,308765126.422170,0
2022-05-06,0.128050,0.129860,0.123160,0.127700,3504338724,2022-05-06 23:59:59.999,444728123.909940,932185,1719403912,218272709.090130,0
2022-05-07,0.127710,0.132330,0.124230,0.127400,3258699145,2022-05-07 23:59:59.999,418387563.012950,903496,1557381813,200049056.266190,0
2022-05-08,0.127390,0.128200,0.122000,0.124050,2692221327,2022-05-08 23:59:59.999,337310021.676300,764439,1286481033,161241467.369460,0
2022-05-09,0.124060,0.125270,0.099690,0.101680,6638237104,2022-05-09 23:59:59.999,752017686.868820,1529861,3155473215,357770618.008590,0
2022-05-10,0.101640,0.118310,0.098880,0.107980,6767986443,2022-05-10 23:59:59.999,744946662.549290,1550035,3339346951,367549066.437180,0
2022-05-11,0.107970,0.110900,0.070380,0.085130,11121846388,2022-05-11 23:59:59.999,1037236827.802530,2216086,5436350646,507074975.654850,0
2022-05-12,0.085130,0.089850,0.068400,0.082600,12445253996,2022-05-12 23:59:59.999,987153099.572520,2248128,6164675449,489535555.321320,0
2022-05-13,0.082560,0.096660,0.081960,0.088060,7337047339,2022-05-13 23:59:59.999,662948140.182060,1413924,3657996408,330481995.149680,0
2022-05-14,0.088050,0.091950,0.083450,0.089400,3782950077,2022-05-14 23:59:59.999,332306163.249740,662592,1868660033,164239275.118820,0
2022-05-15,0.089400,0.093230,0.086290,0.093080,2495806330,2022-05-15 23:59:59.999,222917589.321220,495323,1204881836,107657833.655890,0
2022-05-16,0.093090,0.093110,0.085700,0.087920,2648162470,2022-05-16 23:59:59.999,233705754.697100,513304,1298817247,114631735.377430,0
2022-05-17,0.087920,0.091350,0.086750,0.090120,2437487548,2022-05-17 23:59:59.999,217886524.154620,460909,1195457905,106856601.426270,0
2022-05-18,0.090110,0.090960,0.083020,0.083330,2033183136,2022-05-18 23:59:59.999,176549973.431480,422639,986676552,85701756.813920,0
2022-05-19,0.083330,0.087620,0.081240,0.086580,2531965133,2022-05-19 23:59:59.999,214708086.400040,478268,1253939174,106313531.611420,0
2022-05-20,0.086590,0.088000,0.082430,0.083840,1810774007,2022-05-20 23:59:59.999,154329595.199170,440943,898657929,76588709.262290,0
2022-05-21,0.083830,0.085380,0.082310,0.084340,1158891076,2022-05-21 23:59:59.999,97515884.228360,254750,558334722,46988558.757720,0
2022-05-22,0.084340,0.086670,0.083710,0.085820,1311683302,2022-05-22 23:59:59.999,111998441.418980,271575,638377237,54514666.797970,0
2022-05-23,0.085820,0.088450,0.081960,0.083290,2380264029,2022-05-23 23:59:59.999,204737539.984530,447776,1161810128,99955660.301610,0
2022-05-24,0.083260,0.084330,0.080000,0.083620,1883025056,2022-05-24 23:59:59.999,155865457.084310,392523,919531360,76136818.100780,0
2022-05-25,0.083600,0.084510,0.082010,0.082910,1586845032,2022-05-25 23:59:59.999,131890788.798690,338006,764449881,63541033.579080,0
2022-05-26,0.082910,0.083690,0.074890,0.077780,3232703360,2022-05-26 23:59:59.999,255462779.927670,542977,1595456045,126073727.154240,0
2022-05-27,0.077790,0.090170,0.075990,0.081500,10288646332,2022-05-27 23:59:59.999,845793826.694420,1439710,5052094609,415507787.301040,0
2022-05-28,0.081500,0.083330,0.080750,0.081790,2855488543,2022-05-28 23:59:59.999,233694387.431650,527100,1384975672,113378275.844380,0
2022-05-29,0.081790,0.083290,0.079710,0.082670,1835158746,2022-05-29 23:59:59.999,149856626.053110,339431,891025037,72765463.711590,0
2022-05-30,0.082670,0.088500,0.082060,0.087950,3612937746,2022-05-30 23:59:59.999,308846014.973570,610228,1800894396,153999081.729080,0
2022-05-31,0.087950,0.088480,0.083060,0.085880,3187118372,2022-05-31 23:59:59.999,274140910.592760,559409,1536942624,132236981.409920,0
2022-06-01,0.085870,0.089500,0.078650,0.081000,3293286378,2022-06-01 23:59:59.999,278572258.970450,630055,1576503342,133423530.855990,0
2022-06-02,0.081000,0.083090,0.079950,0.082720,1763117833,2022-06-02 23:59:59.999,143607776.502410,372848,846106404,68921132.860110,0
2022-06-03,0.082740,0.082930,0.079310,0.080260,1601264528,2022-06-03 23:59:59.999,129530980.282790,343107,756373530,61194329.174370,0
2022-06-04,0.080260,0.082500,0.079250,0.081840,1198612395,2022-06-04 23:59:59.999,97372487.286140,278777,581486139,47243725.389340,0
2022-06-05,0.081820,0.082220,0.080520,0.081000,895501848,2022-06-05 23:59:59.999,72981218.178200,232023,431087716,35138315.150430,0
2022-06-06,0.081010,0.084720,0.080800,0.082450,2066919117,2022-06-06 23:59:59.999,171474195.191380,402749,1019727285,84629748.580760,0
2022-06-07,0.082450,0.082550,0.077500,0.080310,2393042438,2022-06-07 23:59:59.999,191445647.926200,464565,1152383964,92239446.406900,0
2022-06-08,0.080310,0.081650,0.078660,0.079230,1388464012,2022-06-08 23:59:59.999,111111307.607890,273364,644890659,51616707.235130,0
2022-06-09,0.079240,0.081030,0.078840,0.079310,1058390827,2022-06-09 23:59:59.999,84434702.766150,227257,514569590,41055250.090320,0
2022-06-10,0.079320,0.079700,0.074150,0.075330,1780300910,2022-06-10 23:59:59.999,136935363.859340,339413,825705251,63521427.181090,0
2022-06-11,0.075320,0.076510,0.067820,0.069860,2160338537,2022-06-11 23:59:59.999,154877927.704500,433778,1028014500,73688875.384850,0
2022-06-12,0.069880,0.070310,0.063310,0.063440,3461122026,2022-06-12 23:59:59.999,229615727.360770,587469,1679751384,111457227.385740,0
2022-06-13,0.063440,0.066210,0.052240,0.054150,9480188760,2022-06-13 23:59:59.999,540258813.045020,1414333,4719813042,269265993.151730,0
2022-06-14,0.054150,0.058750,0.049620,0.055530,5936500471,2022-06-14 23:59:59.999,324206261.094300,900759,3031632811,165638519.662520,0
2022-06-15,0.055530,0.063920,0.050360,0.062830,6634922886,2022-06-15 23:59:59.999,364839708.408250,1006997,3336771015,183652075.604630,0
2022-06-16,0.062830,0.062840,0.054170,0.055190,5395709497,2022-06-16 23:59:59.999,310829161.242760,740191,2691106127,154947355.259620,0
2022-06-17,0.055190,0.058140,0.054560,0.056880,2305409636,2022-06-17 23:59:59.999,130545127.561210,381739,1168936335,66206846.105320,0
2022-06-18,0.056880,0.057870,0.049010,0.052870,4993484080,2022-06-18 23:59:59.999,264962995.629920,703040,2508259051,133197624.315550,0
2022-06-19,0.052860,0.062980,0.051090,0.060430,12197932167,2022-06-19 23:59:59.999,695671596.328660,1476807,6177206921,352511093.828520,0
2022-06-20,0.060420,0.061630,0.057390,0.060000,4352279871,2022-06-20 23:59:59.999,258178141.604670,627078,2152239392,127683548.169310,0
2022-06-21,0.060010,0.069900,0.058890,0.065770,8049915357,2022-06-21 23:59:59.999,525201902.847900,1160486,3969977979,258917128.930290,0
2022-06-22,0.065780,0.065820,0.060700,0.061640,4841911927,2022-06-22 23:59:59.999,304389943.665320,760092,2351387002,147884024.390750,0
2022-06-23,0.061660,0.064700,0.061500,0.063940,2951748814,2022-06-23 23:59:59.999,187396869.661550,486380,1433223584,91000280.504870,0
2022-06-24,0.063940,0.068590,0.063860,0.066900,3296660612,2022-06-24 23:59:59.999,217876683.205290,505394,1637879365,108266175.372970,0
2022-06-25,0.066900,0.069360,0.065010,0.068490,2643689069,2022-06-25 23:59:59.999,178041672.048050,455978,1289936276,86886831.346230,0
2022-06-26,0.068480,0.077580,0.067100,0.072920,8192026928,2022-06-26 23:59:59.999,598378648.615510,1108395,4166257110,304349632.081090,0
2022-06-27,0.072930,0.078800,0.070470,0.072120,11974528454,2022-06-27 23:59:59.999,896739014.431860,1457679,6056640006,453734312.630640,0
2022-06-28,0.072130,0.073420,0.065350,0.066040,5776231528,2022-06-28 23:59:59.999,404347037.769470,770611,2828969395,198159254.476970,0
2022-06-29,0.066040,0.071590,0.064000,0.069520,5793462332,2022-06-29 23:59:59.999,391636470.909510,801971,2876475348,194532992.912280,0
2022-06-30,0.069530,0.069710,0.062140,0.066360,5768397540,2022-06-30 23:59:59.999,374943515.999760,838428,2854305754,185542922.828500,0
2022-07-01,0.066350,0.068460,0.063810,0.066420,4092147973,2022-07-01 23:59:59.999,269770930.818220,645811,2053821194,135439403.739180,0
2022-07-02,0.066430,0.068000,0.065400,0.066610,2910792450,2022-07-02 23:59:59.999,194447917.196260,438991,1446608267,96658242.875840,0
2022-07-03,0.066620,0.067480,0.064740,0.067160,2129157744,2022-07-03 23:59:59.999,140789129.981650,343452,1059899879,70088967.782800,0
2022-07-04,0.067170,0.069780,0.065480,0.069350,3101062606,2022-07-04 23:59:59.999,209904784.972040,469081,1556410714,105403559.797010,0
2022-07-05,0.069340,0.070000,0.065470,0.067110,3186886348,2022-07-05 23:59:59.999,215628013.080120,504626,1538360066,104130294.189170,0
2022-07-06,0.067110,0.069310,0.066100,0.068380,2904136594,2022-07-06 23:59:59.999,196900327.382300,457956,1460412391,99033572.162680,0
2022-07-07,0.068390,0.071190,0.067840,0.070510,2529303812,2022-07-07 23:59:59.999,175921454.066800,407132,1259247596,87593400.005670,0
2022-07-08,0.070520,0.073550,0.068160,0.069020,3184731442,2022-07-08 23:59:59.999,223193475.410090,493564,1545766969,108387433.988930,0
2022-07-09,0.069030,0.070150,0.068750,0.069430,1425326260,2022-07-09 23:59:59.999,99072277.332190,254131,700747588,48715164.060840,0
2022-07-10,0.069420,0.069460,0.066200,0.067230,1627532884,2022-07-10 23:59:59.999,110040226.369220,292135,756691559,51155491.564310,0
2022-07-11,0.067240,0.067250,0.061120,0.061700,2222493501,2022-07-11 23:59:59.999,142715145.586970,372785,1018200250,65382566.633940,0
2022-07-12,0.061700,0.063100,0.059640,0.059740,2195929385,2022-07-12 23:59:59.999,134860976.575520,339658,1081510116,66434546.350780,0
2022-07-13,0.059740,0.062350,0.057330,0.061880,3381302241,2022-07-13 23:59:59.999,202843669.525360,472544,1733056897,103952349.685280,0
2022-07-14,0.061860,0.062800,0.059400,0.062420,2483754708,2022-07-14 23:59:59.999,151801812.632730,369501,1226427934,74946481.593440,0
2022-07-15,0.062420,0.064430,0.061560,0.062880,2496965459,2022-07-15 23:59:59.999,157506649.740290,389605,1230561443,77635285.171830,0
2022-07-16,0.062870,0.064820,0.061680,0.064360,1753708047,2022-07-16 23:59:59.999,111049147.133300,305704,855093085,54164327.789390,0
2022-07-17,0.064360,0.065510,0.062810,0.063030,1743655927,2022-07-17 23:59:59.999,111861829.918170,289102,846043015,54281306.595160,0
2022-07-18,0.063020,0.068940,0.062940,0.067530,3890160847,2022-07-18 23:59:59.999,258642699.032500,546066,1916491767,127448054.386010,0
2022-07-19,0.067520,0.070260,0.065340,0.068990,3726125649,2022-07-19 23:59:59.999,253019499.862820,584117,1847272699,125493646.908850,0
2022-07-20,0.069000,0.076980,0.067640,0.070120,9405090828,2022-07-20 23:59:59.999,682532312.581710,1214514,4598687647,333846733.658440,0
2022-07-21,0.070120,0.070900,0.066880,0.069950,4084688408,2022-07-21 23:59:59.999,281193844.216000,577054,1986343725,136790902.321710,0
2022-07-22,0.069940,0.071370,0.066610,0.067390,2882044088,2022-07-22 23:59:59.999,199946538.210120,445768,1364451504,94704264.375320,0
2022-07-23,0.067390,0.069490,0.065830,0.067980,2267580858,2022-07-23 23:59:59.999,153281234.945500,380162,1075068687,72722194.170460,0
2022-07-24,0.067980,0.068920,0.067100,0.067520,1786321152,2022-07-24 23:59:59.999,121876472.778350,287602,844063861,57594732.640810,0
2022-07-25,0.067510,0.067980,0.061660,0.061870,2654484825,2022-07-25 23:59:59.999,171802765.352650,409186,1226170774,79395057.899550,0
2022-07-26,0.061870,0.062650,0.060000,0.062460,2194110106,2022-07-26 23:59:59.999,134557325.867650,371990,1043616924,64016598.595130,0
2022-07-27,0.062480,0.067180,0.061730,0.067160,2694286788,2022-07-27 23:59:59.999,172222817.156350,421542,1341024164,85852419.654740,0
2022-07-28,0.067170,0.070860,0.065140,0.069100,3195453670,2022-07-28 23:59:59.999,216324061.209840,503048,1587873833,107535037.520170,0
2022-07-29,0.069110,0.072490,0.067200,0.068800,3634625702,2022-07-29 23:59:59.999,252817038.703440,575102,1721537698,119820697.027850,0
2022-07-30,0.068790,0.074550,0.067860,0.069620,4078105176,2022-07-30 23:59:59.999,290521962.009210,599475,1958580552,139618650.120280,0
2022-07-31,0.069630,0.072250,0.067750,0.068050,2446186015,2022-07-31 23:59:59.999,171592202.985150,411783,1175205958,82464943.979130,0
2022-08-01,0.068040,0.071300,0.066710,0.068420,2797750022,2022-08-01 23:59:59.999,191894426.312960,452117,1351964781,92771984.210920,0
2022-08-02,0.068450,0.069170,0.065390,0.066460,2264874329,2022-08-02 23:59:59.999,151505487.999700,396725,1065774762,71296676.624430,0
2022-08-03,0.066470,0.068400,0.065030,0.066160,1752080603,2022-08-03 23:59:59.999,117515042.863570,306749,812607256,54549435.486060,0
2022-08-04,0.066160,0.067640,0.065660,0.067230,1778266689,2022-08-04 23:59:59.999,118636799.848770,292707,878179258,58593600.474250,0
2022-08-05,0.067230,0.070320,0.067140,0.069800,2514485499,2022-08-05 23:59:59.999,173255719.411690,377105,1233874278,85032372.885090,0
2022-08-06,0.069810,0.071330,0.068350,0.068630,1968237646,2022-08-06 23:59:59.999,137391861.960770,294979,946451403,66100682.807980,0
2022-08-07,0.068620,0.070000,0.067280,0.068900,1327048901,2022-08-07 23:59:59.999,91282235.995050,229324,628469073,43255715.502450,0
2022-08-08,0.068900,0.072590,0.068760,0.070080,2786116589,2022-08-08 23:59:59.999,196453867.405360,392435,1360699409,95980667.831150,0
2022-08-09,0.070080,0.074300,0.067500,0.068990,5245734578,2022-08-09 23:59:59.999,372587204.460920,666352,2455842357,174573468.901950,0
2022-08-10,0.068990,0.071480,0.066550,0.071260,3167603796,2022-08-10 23:59:59.999,220536634.036880,451467,1534911298,106935040.472350,0
2022-08-11,0.071260,0.075650,0.070360,0.070820,4003587723,2022-08-11 23:59:59.999,289610910.898030,567355,1905189679,137871816.777120,0
2022-08-12,0.070820,0.072740,0.069570,0.072300,2272859831,2022-08-12 23:59:59.999,161495646.256120,339161,1087255074,77288402.534050,0
2022-08-13,0.072300,0.075190,0.071780,0.072900,3394502927,2022-08-13 23:59:59.999,249413821.423890,466030,1641660740,120653567.112610,0
2022-08-14,0.072910,0.084680,0.072590,0.081630,14737129841,2022-08-14 23:59:59.999,1167019496.293670,1599810,7365013905,583380971.552830,0
2022-08-15,0.081640,0.082040,0.074630,0.076600,7781109077,2022-08-15 23:59:59.999,606052730.621130,926042,3729349835,290481458.216780,0
2022-08-16,0.076590,0.089550,0.076100,0.086720,23463812635,2022-08-16 23:59:59.999,2000164700.301560,2486477,11926765681,1017108076.089190,0
2022-08-17,0.086710,0.088910,0.079290,0.080190,12105605095,2022-08-17 23:59:59.999,1017336596.878210,1414596,5950010391,500224651.603820,0
2022-08-18,0.080190,0.082250,0.073250,0.074690,6772792174,2022-08-18 23:59:59.999,537313165.708840,853762,3243770197,257601085.222580,0
2022-08-19,0.074700,0.075260,0.066940,0.067710,10110690605,2022-08-19 23:59:59.999,711948052.202400,1119608,4877528023,343576952.300990,0
2022-08-20,0.067730,0.071140,0.067560,0.069290,5282787370,2022-08-20 23:59:59.999,366582979.191300,651810,2631257886,182599189.866830,0
2022-08-21,0.069300,0.070760,0.067270,0.069260,4185068796,2022-08-21 23:59:59.999,289478474.039380,511955,2048040444,141703378.040450,0
2022-08-22,0.069260,0.069380,0.065130,0.068380,5598559527,2022-08-22 23:59:59.999,374808399.934740,635565,2781986629,186206351.161770,0
2022-08-23,0.068380,0.069210,0.066830,0.068810,3144768440,2022-08-23 23:59:59.999,214851212.949980,444503,1550237222,105910764.975730,0
2022-08-24,0.068810,0.069640,0.066970,0.067860,3035522529,2022-08-24 23:59:59.999,206857604.491930,416436,1476650709,100665104.832560,0
2022-08-25,0.067870,0.071810,0.067520,0.068920,4381055784,2022-08-25 23:59:59.999,303843989.939890,578730,2103086634,145897700.287100,0
2022-08-26,0.068910,0.069520,0.062650,0.063460,5701484874,2022-08-26 23:59:59.999,380709354.102640,757671,2736196576,182840151.022900,0
2022-08-27,0.063460,0.064090,0.062170,0.063470,2997147585,2022-08-27 23:59:59.999,189720711.067730,436631,1489978090,94332888.847530,0
2022-08-28,0.063460,0.064300,0.061230,0.061720,2543876442,2022-08-28 23:59:59.999,161205656.558000,380794,1233579132,78195757.063330,0
2022-08-29,0.061720,0.064100,0.060820,0.063800,2941545650,2022-08-29 23:59:59.999,183794840.240400,429313,1453011782,90805791.599790,0
2022-08-30,0.063800,0.064460,0.060000,0.061490,3042805545,2022-08-30 23:59:59.999,190332258.085990,420185,1486602953,93039793.359830,0
2022-08-31,0.061510,0.063420,0.060670,0.061290,2962717578,2022-08-31 23:59:59.999,184789956.974360,371542,1486702818,92755469.959900,0
2022-09-01,0.061290,0.062610,0.059810,0.062360,3093425465,2022-09-01 23:59:59.999,189145638.060380,410723,1516437028,92738960.711570,0
2022-09-02,0.062360,0.062850,0.060630,0.061600,2481944751,2022-09-02 23:59:59.999,153575153.956800,304324,1210900228,74944613.017190,0
2022-09-03,0.061610,0.064000,0.061070,0.062680,2656681520,2022-09-03 23:59:59.999,165628013.292060,323847,1361608440,84923864.654190,0
2022-09-04,0.062690,0.063880,0.061810,0.063200,2505634552,2022-09-04 23:59:59.999,157756282.429980,289473,1255043788,79038931.279700,0
2022-09-05,0.063190,0.063730,0.060870,0.062720,2275135453,2022-09-05 23:59:59.999,141549477.286610,259353,1114283564,69340140.926460,0
2022-09-06,0.062720,0.065300,0.057850,0.058850,4576431427,2022-09-06 23:59:59.999,282468228.494740,543293,2234341617,138127911.389650,0
2022-09-07,0.058840,0.061500,0.057300,0.060940,2898304560,2022-09-07 23:59:59.999,172605982.371040,327419,1428800133,85101287.286230,0
2022-09-08,0.060940,0.061400,0.059600,0.060940,2263720778,2022-09-08 23:59:59.999,137158691.747150,265699,1145149013,69390706.737700,0
2022-09-09,0.060950,0.064850,0.060860,0.063830,3881471927,2022-09-09 23:59:59.999,244947444.665430,449865,1962062585,123823345.822390,0
2022-09-10,0.063840,0.065550,0.063110,0.064660,2675337849,2022-09-10 23:59:59.999,171564594.631150,340651,1343116642,86155258.231200,0
2022-09-11,0.064650,0.065280,0.062520,0.063660,2090735389,2022-09-11 23:59:59.999,133702338.307050,284146,1008096545,64478560.208120,0
2022-09-12,0.063660,0.065450,0.062560,0.063920,3013041873,2022-09-12 23:59:59.999,192417922.201210,375295,1484953786,94838236.058030,0
2022-09-13,0.063920,0.064150,0.059150,0.059600,3818432420,2022-09-13 23:59:59.999,234747088.925650,438278,1820123560,111897867.491700,0
2022-09-14,0.059600,0.061460,0.059090,0.061130,2704812318,2022-09-14 23:59:59.999,163853914.137520,348185,1325468955,80290770.345760,0
2022-09-15,0.061130,0.061180,0.058420,0.058560,2675158279,2022-09-15 23:59:59.999,160259082.423570,326031,1233672187,73934238.777910,0
2022-09-16,0.058560,0.060460,0.058030,0.060400,1875505237,2022-09-16 23:59:59.999,111374484.762400,253014,928305387,55135985.302360,0
2022-09-17,0.060410,0.062380,0.060150,0.062150,1614657567,2022-09-17 23:59:59.999,99014803.607290,201956,824703342,50589561.972810,0
2022-09-18,0.062160,0.062230,0.055900,0.057400,2412719937,2022-09-18 23:59:59.999,143808296.301520,297699,1098608844,65543984.227850,0
2022-09-19,0.057400,0.058780,0.055760,0.058500,2373470519,2022-09-19 23:59:59.999,135753604.901670,324355,1152563737,65929041.238710,0
2022-09-20,0.058500,0.060600,0.057550,0.058350,2558268657,2022-09-20 23:59:59.999,150469672.560930,322016,1260031149,74140746.721600,0
2022-09-21,0.058350,0.060900,0.056000,0.057110,3598066676,2022-09-21 23:59:59.999,211055426.580480,440135,1742477033,102292316.415600,0
2022-09-22,0.057100,0.060040,0.056760,0.059560,2329380014,2022-09-22 23:59:59.999,136622405.721340,280993,1208269046,70867666.510360,0
2022-09-23,0.059560,0.064300,0.059060,0.063340,6750243245,2022-09-23 23:59:59.999,417608785.456510,779857,3428039887,212174281.777910,0
2022-09-24,0.063340,0.068280,0.062030,0.063040,10753035948,2022-09-24 23:59:59.999,706506631.229490,1103498,5349247377,351660934.239660,0
2022-09-25,0.063050,0.063850,0.060000,0.061130,3959239611,2022-09-25 23:59:59.999,246987549.568110,389338,1909343907,119143124.680560,0
2022-09-26,0.061120,0.061850,0.059700,0.061100,3131963285,2022-09-26 23:59:59.999,190770114.991000,335899,1532870189,93387415.071740,0
2022-09-27,0.061090,0.063040,0.059690,0.060440,3202446744,2022-09-27 23:59:59.999,197459850.656230,333804,1580458426,97493392.770490,0
2022-09-28,0.060450,0.061100,0.058450,0.060470,2648799238,2022-09-28 23:59:59.999,158876060.927420,275139,1302504203,78137146.052010,0
2022-09-29,0.060470,0.061070,0.059230,0.060850,2031847425,2022-09-29 23:59:59.999,122318031.286320,219846,974368152,58656767.734390,0
2022-09-30,0.060850,0.062240,0.059520,0.061650,3472963080,2022-09-30 23:59:59.999,211033243.550390,342918,1706018812,103691662.608510,0
2022-10-01,0.061650,0.063410,0.060180,0.060560,3265022982,2022-10-01 23:59:59.999,200736371.723090,326892,1600272037,98461247.192390,0
2022-10-02,0.060550,0.060950,0.058710,0.059230,1901541557,2022-10-02 23:59:59.999,114046323.539800,195471,896380414,53779823.226450,0
2022-10-03,0.059230,0.060560,0.058740,0.060280,1870907820,2022-10-03 23:59:59.999,112038705.940460,200659,914717761,54772340.354570,0
2022-10-04,0.060280,0.066440,0.059910,0.065810,9882177301,2022-10-04 23:59:59.999,633438681.100530,828231,5037903908,323128658.251420,0
2022-10-05,0.065800,0.066870,0.062550,0.064730,9573870293,2022-10-05 23:59:59.999,617735299.856980,819305,4773754208,308096494.129170,0
2022-10-06,0.064730,0.066830,0.062690,0.063430,5051416360,2022-10-06 23:59:59.999,327561096.186910,463398,2495221229,161887967.830780,0
2022-10-07,0.063420,0.063830,0.061180,0.062330,2810072250,2022-10-07 23:59:59.999,175624697.606370,315481,1372985725,85829284.532880,0
2022-10-08,0.062320,0.062650,0.061100,0.061590,1324118012,2022-10-08 23:59:59.999,82221395.643950,170463,629896827,39129635.612100,0
2022-10-09,0.061590,0.062390,0.061110,0.062090,1325302683,2022-10-09 23:59:59.999,81955595.684150,156861,642646983,39741687.025040,0
2022-10-10,0.062080,0.062480,0.058990,0.059340,2553405388,2022-10-10 23:59:59.999,155186052.186320,252936,1163655847,70742070.712530,0
2022-10-11,0.059340,0.060840,0.057380,0.060210,2957558071,2022-10-11 23:59:59.999,176010077.982340,313587,1415755344,84301760.433410,0
2022-10-12,0.060220,0.060980,0.059060,0.059780,2156782284,2022-10-12 23:59:59.999,129599059.147820,229651,1074062982,64545382.583630,0
2022-10-13,0.059780,0.060220,0.054910,0.059580,4697623525,2022-10-13 23:59:59.999,272392886.831090,469367,2254467827,130855001.150530,0
2022-10-14,0.059580,0.061040,0.058040,0.058600,2385508820,2022-10-14 23:59:59.999,142772289.443100,262840,1133111536,67844825.603000,0
2022-10-15,0.058610,0.059740,0.057890,0.058530,1525077901,2022-10-15 23:59:59.999,89647647.193520,181956,750641228,44135685.433950,0
2022-10-16,0.058540,0.059440,0.058420,0.058860,1194305125,2022-10-16 23:59:59.999,70401598.318230,154656,583229959,34381417.472770,0
2022-10-17,0.058850,0.060170,0.058490,0.059940,1518317250,2022-10-17 23:59:59.999,90220831.704020,193750,750797298,44617420.452380,0
2022-10-18,0.059940,0.061180,0.058490,0.059730,3043480735,2022-10-18 23:59:59.999,181248747.889180,283085,1510758031,89988811.571770,0
2022-10-19,0.059720,0.060750,0.058120,0.058620,3756521445,2022-10-19 23:59:59.999,223322023.493440,364678,1813412147,107820317.774160,0
2022-10-20,0.058630,0.060350,0.058120,0.059390,2593643903,2022-10-20 23:59:59.999,154472610.919080,273170,1275365081,75964708.937430,0
2022-10-21,0.059400,0.059470,0.057010,0.059310,2322458711,2022-10-21 23:59:59.999,135886365.208670,254468,1111360389,65060472.682760,0
2022-10-22,0.059310,0.059920,0.059060,0.059660,1113772999,2022-10-22 23:59:59.999,66228073.988910,147377,573924630,34134267.924180,0
2022-10-23,0.059660,0.060480,0.058570,0.060350,1463779444,2022-10-23 23:59:59.999,87185919.238100,176737,735624232,43844466.874140,0
2022-10-24,0.060360,0.060900,0.058600,0.059400,2469345520,2022-10-24 23:59:59.999,146978222.729710,238703,1183492635,70458645.204730,0
2022-10-25,0.059410,0.064280,0.059090,0.062990,5912369320,2022-10-25 23:59:59.999,365125871.441420,539273,2996604747,185064901.740930,0
2022-10-26,0.062980,0.073590,0.062560,0.072620,20252743873,2022-10-26 23:59:59.999,1398026683.235250,1670291,10135336730,699557898.239950,0
2022-10-27,0.072620,0.085490,0.071680,0.076840,50410293476,2022-10-27 23:59:59.999,3936931255.109340,4015095,25036576062,1955847712.956920,0
2022-10-28,0.076840,0.088500,0.072480,0.083810,60843514903,2022-10-28 23:59:59.999,4967894465.081020,4910688,30495823807,2492012941.354820,0
2022-10-29,0.083810,0.151870,0.082760,0.121710,113648118617,2022-10-29 23:59:59.999,13181354591.135570,13508671,57516866152,6661346380.555030,0
2022-10-30,0.121690,0.143500,0.110900,0.117680,63518615275,2022-10-30 23:59:59.999,7882018660.731590,9762380,31362209200,3893080182.426090,0
2022-10-31,0.117680,0.131860,0.113670,0.126760,56301081618,2022-10-31 23:59:59.999,6915186485.575100,7854478,28021182887,3443479661.176730,0
2022-11-01,0.126770,0.158880,0.124290,0.142000,73195767344,2022-11-01 23:59:59.999,10365437233.727600,9906839,36582824791,5182766874.006890,0
2022-11-02,0.142010,0.148050,0.121600,0.127600,49627883204,2022-11-02 23:59:59.999,6701002220.820000,7460140,24188849479,3268214065.782860,0
2022-11-03,0.127600,0.136970,0.119520,0.122500,24024437593,2022-11-03 23:59:59.999,3126559844.461950,4089120,11731563466,1528185802.657690,0
2022-11-04,0.122510,0.129090,0.115450,0.126030,27188504702,2022-11-04 23:59:59.999,3320067721.286050,4060499,13332086997,1628817308.799450,0
2022-11-05,0.126020,0.135870,0.119360,0.124380,16705113601,2022-11-05 23:59:59.999,2142934912.058660,2898907,8024756913,1030135329.029000,0
2022-11-06,0.124370,0.127750,0.111600,0.114660,12730668265,2022-11-06 23:59:59.999,1550509761.191810,2109422,5986821453,730087725.259660,0
2022-11-07,0.114640,0.119090,0.107110,0.111160,15812332628,2022-11-07 23:59:59.999,1817886773.329930,2346505,7715512260,887401479.955020,0
2022-11-08,0.111160,0.113100,0.076360,0.088190,42560956324,2022-11-08 23:59:59.999,4179096054.986710,5580751,20523900794,2017215568.624210,0
2022-11-09,0.088190,0.092190,0.070240,0.074450,36689385191,2022-11-09 23:59:59.999,3071269949.288950,5371606,18014850578,1508743621.898960,0
2022-11-10,0.074450,0.094260,0.072950,0.089720,24753301058,2022-11-10 23:59:59.999,2101458043.171270,3794931,12315352129,1045754772.570980,0
2022-11-11,0.089720,0.093950,0.080000,0.085040,14625309112,2022-11-11 23:59:59.999,1246992272.220060,2289638,7105952258,606023032.336810,0
2022-11-12,0.085060,0.095290,0.078360,0.088090,26530581854,2022-11-12 23:59:59.999,2365023085.499320,3540903,13129016905,1171042901.865260,0
2022-11-13,0.088090,0.091560,0.082540,0.084920,13911895023,2022-11-13 23:59:59.999,1212336428.012180,1850698,6798233212,592604956.515520,0
2022-11-14,0.084920,0.091450,0.079080,0.085910,17183608829,2022-11-14 23:59:59.999,1465058916.406130,2383619,8472607222,722484829.113850,0
2022-11-15,0.085900,0.089990,0.084700,0.087020,9116389717,2022-11-15 23:59:59.999,794357536.643120,1345062,4464169098,389147605.628720,0
2022-11-16,0.087020,0.091220,0.083250,0.085430,10828874856,2022-11-16 23:59:59.999,939365747.139270,1429972,5215309470,452626452.436320,0
2022-11-17,0.085430,0.087240,0.082320,0.084610,7921998382,2022-11-17 23:59:59.999,671596715.370150,995836,3852705587,326670419.470160,0
2022-11-18,0.084620,0.086740,0.083550,0.084690,5333846645,2022-11-18 23:59:59.999,454133163.857990,641988,2654194741,226056619.215790,0
2022-11-19,0.084690,0.084990,0.082970,0.084490,3670344063,2022-11-19 23:59:59.999,308428677.540770,441579,1811663555,152259660.098010,0
2022-11-20,0.084490,0.085800,0.076110,0.077010,7848463753,2022-11-20 23:59:59.999,639649259.627070,917649,3675962677,299860795.307360,0
2022-11-21,0.077000,0.077360,0.071200,0.074640,13268068385,2022-11-21 23:59:59.999,995450561.838330,1343542,6545764941,491268519.206940,0
2022-11-22,0.074640,0.079810,0.073020,0.078720,9967607740,2022-11-22 23:59:59.999,758897727.351720,1033305,5103314269,388624963.978800,0
2022-11-23,0.078720,0.083520,0.077760,0.081930,8423214476,2022-11-23 23:59:59.999,681224197.522930,993785,4194268895,339242937.319470,0
2022-11-24,0.081920,0.084360,0.080370,0.081410,4948349127,2022-11-24 23:59:59.999,405352958.013730,618641,2458386234,201459842.178470,0
2022-11-25,0.081410,0.091920,0.080410,0.089430,17551265118,2022-11-25 23:59:59.999,1530273095.133630,1834352,8899660933,776033550.149090,0
2022-11-26,0.089430,0.095660,0.086900,0.088860,15120368174,2022-11-26 23:59:59.999,1393363577.758560,1723271,7527246604,694113897.218290,0
2022-11-27,0.088880,0.108000,0.088740,0.098640,31368803031,2022-11-27 23:59:59.999,3165668305.068860,3395310,15688088626,1582504462.129580,0
2022-11-28,0.098640,0.099780,0.090510,0.095070,23557475314,2022-11-28 23:59:59.999,2236402216.880980,2594122,11573082897,1099058847.736790,0
2022-11-29,0.095060,0.105250,0.093550,0.101410,23175044924,2022-11-29 23:59:59.999,2358512541.943190,2499902,11634916625,1184106238.150640,0
2022-11-30,0.101410,0.110450,0.099240,0.106710,20960648530,2022-11-30 23:59:59.999,2208021747.961600,2409318,10448249233,1101121337.971780,0
2022-12-01,0.106700,0.107780,0.100150,0.101680,14318467005,2022-12-01 23:59:59.999,1478667814.775890,1629518,6936865674,716635493.231440,0
2022-12-02,0.101670,0.103530,0.096170,0.102020,12955646962,2022-12-02 23:59:59.999,1286906520.224030,1373591,6318105200,627883684.549890,0
2022-12-03,0.102030,0.103090,0.097000,0.099650,10524130056,2022-12-03 23:59:59.999,1059194653.233780,1178089,5135535768,517079687.487220,0
2022-12-04,0.099640,0.105750,0.099480,0.103980,12520170150,2022-12-04 23:59:59.999,1293081579.946940,1353261,6318437983,652675270.643770,0
2022-12-05,0.103980,0.111800,0.099000,0.101430,14522285189,2022-12-05 23:59:59.999,1525922512.996890,1693671,7022088617,738330607.598580,0
2022-12-06,0.101430,0.102720,0.097570,0.100120,7893116875,2022-12-06 23:59:59.999,791746393.014030,968553,3791461887,380400004.722370,0
2022-12-07,0.100120,0.101180,0.092200,0.095700,8378205557,2022-12-07 23:59:59.999,809908120.139320,1014712,4014168852,388078577.517530,0
2022-12-08,0.095700,0.099170,0.094500,0.098430,7371608281,2022-12-08 23:59:59.999,712981376.933030,846119,3715856886,359465894.409500,0
2022-12-09,0.098430,0.099400,0.094440,0.096660,5330104508,2022-12-09 23:59:59.999,519456682.075620,672446,2596870027,253165359.797130,0
2022-12-10,0.096650,0.097410,0.096000,0.096270,2985322761,2022-12-10 23:59:59.999,288815907.909200,372725,1512281753,146322865.696670,0
2022-12-11,0.096270,0.097140,0.091330,0.092620,3803591118,2022-12-11 23:59:59.999,362313617.346490,458150,1728560219,164781518.095420,0
2022-12-12,0.092610,0.092970,0.080200,0.090220,10124911419,2022-12-12 23:59:59.999,897287911.168750,1115024,4873350903,431950966.156680,0
2022-12-13,0.090210,0.095790,0.086780,0.091000,11567203348,2022-12-13 23:59:59.999,1050801674.843170,1237989,5712462111,518981795.825770,0
2022-12-14,0.091000,0.092440,0.086330,0.088210,7887387254,2022-12-14 23:59:59.999,711781715.272990,885178,3881922180,350459977.392660,0
2022-12-15,0.088200,0.088780,0.083990,0.084800,6277536731,2022-12-15 23:59:59.999,543870631.174440,658826,3066339751,265757355.077050,0
2022-12-16,0.084790,0.086840,0.073710,0.075650,11676881225,2022-12-16 23:59:59.999,947181017.890020,1177361,5626277790,456966795.091250,0
2022-12-17,0.075640,0.079450,0.075450,0.079130,7868555432,2022-12-17 23:59:59.999,608474607.399890,732023,3924682305,303518313.186840,0
2022-12-18,0.079130,0.080000,0.077540,0.078430,5223755178,2022-12-18 23:59:59.999,411045152.680490,491108,2576169898,202739324.690930,0
2022-12-19,0.078430,0.079490,0.069520,0.071300,11915868603,2022-12-19 23:59:59.999,891801573.844530,1031001,5700142985,426900269.824200,0
2022-12-20,0.071300,0.075640,0.070980,0.074780,9910826852,2022-12-20 23:59:59.999,733153882.790100,810856,5030685705,372093823.353850,0
2022-12-21,0.074790,0.075010,0.071290,0.073660,7085302615,2022-12-21 23:59:59.999,517789987.761300,613229,3487636663,254907833.652550,0
2022-12-22,0.073670,0.077760,0.073230,0.076820,12012817849,2022-12-22 23:59:59.999,907680240.122140,966469,6049123491,457114735.644520,0
2022-12-23,0.076830,0.079010,0.075820,0.077150,8931897065,2022-12-23 23:59:59.999,692564114.313010,761960,4441866328,344485439.340380,0
2022-12-24,0.077150,0.078130,0.076560,0.077470,3182319656,2022-12-24 23:59:59.999,246012598.837520,302222,1578145236,122010548.420150,0
2022-12-25,0.077470,0.077620,0.072770,0.075950,7555905210,2022-12-25 23:59:59.999,570662146.262740,640632,3646862416,275535005.648570,0
2022-12-26,0.075950,0.076620,0.073980,0.075660,4370313881,2022-12-26 23:59:59.999,330250226.870090,408039,2144032001,162058779.472280,0
2022-12-27,0.075660,0.076140,0.072500,0.073680,5516711829,2022-12-27 23:59:59.999,410000298.571400,480399,2701686562,200813587.159010,0
2022-12-28,0.073680,0.073890,0.069060,0.070340,10275461736,2022-12-28 23:59:59.999,732228910.941790,799188,4925715695,351102007.488400,0
2022-12-29,0.070350,0.071600,0.069200,0.070890,6522649920,2022-12-29 23:59:59.999,460305670.578050,473929,3308608306,233529470.473950,0
2022-12-30,0.070900,0.071440,0.065520,0.068370,9232848005,2022-12-30 23:59:59.999,630451136.548350,651748,4424574963,302159957.022610,0
2022-12-31,0.068360,0.071350,0.067910,0.070210,6773928283,2022-12-31 23:59:59.999,473533410.201790,489170,3456176869,241588343.063700,0
2023-01-01,0.070220,0.070850,0.069010,0.070200,4429240490,2023-01-01 23:59:59.999,309131801.638620,325274,2219242477,154899439.127550,0
2023-01-02,0.070200,0.073890,0.069010,0.071350,7103856603,2023-01-02 23:59:59.999,507487391.400150,523053,3559235998,254341010.363030,0
2023-01-03,0.071360,0.072290,0.069130,0.070460,5858035676,2023-01-03 23:59:59.999,415706101.775310,414312,2861810697,203144564.402490,0
2023-01-04,0.070460,0.073600,0.070160,0.073080,7985356853,2023-01-04 23:59:59.999,576259520.903970,572578,4033448394,291112063.943510,0
2023-01-05,0.073090,0.075300,0.070000,0.071480,8069141753,2023-01-05 23:59:59.999,590014334.837110,636603,3853549451,281929651.025660,0
2023-01-06,0.071480,0.072780,0.069260,0.072380,7005327575,2023-01-06 23:59:59.999,499045260.381570,529140,3427102607,244214792.368830,0
2023-01-07,0.072390,0.073060,0.071660,0.072180,2941624732,2023-01-07 23:59:59.999,212547955.138770,266575,1467539431,106052982.538920,0
2023-01-08,0.072180,0.074000,0.071170,0.073610,4526860098,2023-01-08 23:59:59.999,327071551.381330,366962,2254615126,162942672.260690,0
2023-01-09,0.073610,0.079640,0.072930,0.075660,14278338658,2023-01-09 23:59:59.999,1093485176.842510,1074176,6977140596,534340596.142150,0
2023-01-10,0.075660,0.077910,0.073500,0.077850,8441179338,2023-01-10 23:59:59.999,644893963.437490,678453,4133323845,315919357.278270,0
2023-01-11,0.077840,0.078620,0.074610,0.078140,7025782295,2023-01-11 23:59:59.999,538618097.216220,612092,3412342763,261657866.117170,0
2023-01-12,0.078130,0.081350,0.073700,0.080260,12121494002,2023-01-12 23:59:59.999,955945623.589760,1042787,5977093662,471668383.519960,0
2023-01-13,0.080260,0.085280,0.078330,0.084530,9262958605,2023-01-13 23:59:59.999,750009584.834140,799133,4628855957,375098232.953060,0
2023-01-14,0.084530,0.092900,0.082100,0.087320,14490796666,2023-01-14 23:59:59.999,1266507800.333090,1494108,6967012849,609325682.945380,0
2023-01-15,0.087330,0.088020,0.082760,0.086150,7127200083,2023-01-15 23:59:59.999,606518675.458690,653538,3499588736,297907332.560250,0
2023-01-16,0.086150,0.088430,0.081420,0.083720,7846787418,2023-01-16 23:59:59.999,666644230.224290,760233,3744695402,318211582.064270,0
2023-01-17,0.083730,0.085130,0.081710,0.082840,5553628018,2023-01-17 23:59:59.999,465266159.407830,573797,2684904665,224963465.782930,0
2023-01-18,0.082840,0.089790,0.076480,0.079980,16104492349,2023-01-18 23:59:59.999,1365811611.742400,1650359,7716034469,654884897.828860,0
2023-01-19,0.079980,0.082150,0.079710,0.081600,5473488805,2023-01-19 23:59:59.999,443240233.959560,475223,2678330347,216932159.254100,0
2023-01-20,0.081600,0.087270,0.080580,0.086230,7113390798,2023-01-20 23:59:59.999,591835636.496670,589818,3578413073,297942949.177640,0
2023-01-21,0.086240,0.089280,0.083500,0.084720,8870272396,2023-01-21 23:59:59.999,770086582.992030,893580,4213482301,365984952.745250,0
2023-01-22,0.084710,0.093470,0.084340,0.088280,10811220423,2023-01-22 23:59:59.999,957576886.141640,1090211,5292256083,468906859.330720,0
2023-01-23,0.088280,0.091640,0.086190,0.088600,8773413991,2023-01-23 23:59:59.999,780509111.526880,821733,4200125623,373767127.903210,0
2023-01-24,0.088600,0.090940,0.082000,0.083900,7440172919,2023-01-24 23:59:59.999,653709951.268450,754653,3492600920,307228373.286330,0
2023-01-25,0.083910,0.088240,0.081520,0.086590,7747990195,2023-01-25 23:59:59.999,655808804.007120,782793,3760507889,318375576.053110,0
2023-01-26,0.086600,0.087810,0.084380,0.086380,5498920310,2023-01-26 23:59:59.999,474348181.976550,617436,2641406050,227912242.165520,0
2023-01-27,0.086390,0.088090,0.083500,0.087290,4834546097,2023-01-27 23:59:59.999,415665714.545230,573045,2333195306,200676166.081600,0
2023-01-28,0.087280,0.093960,0.086650,0.087740,8074143618,2023-01-28 23:59:59.999,722444058.127300,894729,3886789057,347995476.175940,0
2023-01-29,0.087730,0.091040,0.087250,0.090170,5908158832,2023-01-29 23:59:59.999,529119924.086960,672721,2854182762,255639905.401760,0
2023-01-30,0.090170,0.092980,0.084260,0.088310,11137923390,2023-01-30 23:59:59.999,980368500.618330,1244560,5373793577,473055789.470200,0
2023-01-31,0.088300,0.097910,0.088240,0.096170,22518974942,2023-01-31 23:59:59.999,2105644187.833980,2512021,11130752036,1041242936.124690,0
2023-02-01,0.096170,0.097250,0.087800,0.094120,14188229421,2023-02-01 23:59:59.999,1305825506.837600,1687888,6690200742,616183847.228850,0
2023-02-02,0.094120,0.096210,0.090010,0.091020,8782770801,2023-02-02 23:59:59.999,820863725.413300,1083288,4103836082,383838958.366770,0
2023-02-03,0.091010,0.093440,0.090310,0.093010,6280078012,2023-02-03 23:59:59.999,577438742.218810,788176,3062728795,281668517.272110,0
2023-02-04,0.093010,0.099850,0.092550,0.095740,12712651925,2023-02-04 23:59:59.999,1218813831.802240,1457353,6164545456,591234165.746340,0
2023-02-05,0.095740,0.097020,0.090100,0.092040,8799314852,2023-02-05 23:59:59.999,822581767.056820,1061723,4153121702,388378283.021260,0
2023-02-06,0.092040,0.093290,0.088400,0.089540,5294706785,2023-02-06 23:59:59.999,484312672.107410,720113,2500772771,228868006.354090,0
2023-02-07,0.089540,0.092760,0.089380,0.092530,4947598635,2023-02-07 23:59:59.999,450958936.560850,684971,2426075568,221169030.400680,0
2023-02-08,0.092520,0.093480,0.088460,0.090170,5331606585,2023-02-08 23:59:59.999,485409998.015590,678013,2541497173,231481363.737870,0
2023-02-09,0.090170,0.090960,0.078610,0.081440,10271665711,2023-02-09 23:59:59.999,876235745.919530,1183439,4809909320,410760666.645540,0
2023-02-10,0.081430,0.083040,0.079100,0.080800,6520339626,2023-02-10 23:59:59.999,532273481.854290,736016,3234622283,264097929.959120,0
2023-02-11,0.080810,0.082560,0.080590,0.082220,2792875472,2023-02-11 23:59:59.999,228252637.192060,395563,1397318905,114192198.161050,0
2023-02-12,0.082220,0.085800,0.081090,0.082110,6162385021,2023-02-12 23:59:59.999,514562392.458630,713064,3042077243,254015341.812380,0
2023-02-13,0.082110,0.086440,0.079230,0.082020,10226975861,2023-02-13 23:59:59.999,840438357.808810,1039687,4973935302,408952913.514850,0
2023-02-14,0.082020,0.083720,0.079860,0.083580,5891764432,2023-02-14 23:59:59.999,484612263.395810,686929,2907728202,239224160.013280,0
2023-02-15,0.083570,0.089610,0.082610,0.089250,11279651910,2023-02-15 23:59:59.999,975869151.948840,1307203,5616780607,486011975.199660,0
2023-02-16,0.089250,0.092040,0.084420,0.084900,10986388915,2023-02-16 23:59:59.999,973988562.268240,1257043,5273474013,467839958.009940,0
2023-02-17,0.084910,0.088550,0.084260,0.087770,5800828804,2023-02-17 23:59:59.999,503362348.403920,742103,2819491724,244678423.591730,0
2023-02-18,0.087770,0.090510,0.086790,0.088880,4847456047,2023-02-18 23:59:59.999,428449752.807500,626453,2344080494,207233949.299350,0
2023-02-19,0.088890,0.090130,0.085480,0.087040,5797448442,2023-02-19 23:59:59.999,511288316.842230,766942,2783959157,245610833.873820,0
2023-02-20,0.087030,0.088830,0.085100,0.088350,4321929394,2023-02-20 23:59:59.999,379483113.457130,618419,2090717179,183622655.375410,0
2023-02-21,0.088350,0.088960,0.084160,0.085460,5601915650,2023-02-21 23:59:59.999,485282928.767290,754754,2669532826,231354653.309460,0
2023-02-22,0.085450,0.090760,0.082810,0.085500,9909026155,2023-02-22 23:59:59.999,845180645.283290,1251422,4912139060,419245236.569400,0
2023-02-23,0.085500,0.086440,0.083480,0.084230,4388038714,2023-02-23 23:59:59.999,372914928.188980,609161,2145940219,182377977.075400,0
2023-02-24,0.084230,0.085000,0.079070,0.080880,5685991780,2023-02-24 23:59:59.999,467492124.262600,805984,2690495361,221350755.747120,0
2023-02-25,0.080880,0.082150,0.078220,0.080710,3536039634,2023-02-25 23:59:59.999,284991262.488340,491900,1735674808,139925059.482560,0
2023-02-26,0.080700,0.082640,0.080360,0.082130,2293351133,2023-02-26 23:59:59.999,186901258.346790,377644,1119487793,91234759.161000,0
2023-02-27,0.082130,0.082310,0.079880,0.081340,3840695510,2023-02-27 23:59:59.999,311857343.635580,467150,1871843898,152006363.716340,0
2023-02-28,0.081330,0.083130,0.079840,0.080830,4926800056,2023-02-28 23:59:59.999,402387641.339580,633906,2424272424,198058668.141670,0
2023-03-01,0.080830,0.082850,0.080180,0.081900,3019689602,2023-03-01 23:59:59.999,247036266.225070,433435,1476070695,120768178.968890,0
2023-03-02,0.081910,0.082280,0.079570,0.080560,2775181013,2023-03-02 23:59:59.999,223690437.994310,394960,1339512318,107969485.906890,0
2023-03-03,0.080570,0.080630,0.071850,0.076820,6207038925,2023-03-03 23:59:59.999,470062620.585240,814870,2889382213,218748834.635780,0
2023-03-04,0.076820,0.077240,0.072500,0.074580,3324296758,2023-03-04 23:59:59.999,249196048.034750,429832,1596488133,119665416.808810,0
2023-03-05,0.074580,0.076030,0.074240,0.074710,2753934097,2023-03-05 23:59:59.999,207171128.612480,368538,1375894687,103514854.692230,0
2023-03-06,0.074720,0.075110,0.073130,0.074760,3041120958,2023-03-06 23:59:59.999,225532817.092250,404505,1504497685,111582855.462970,0
2023-03-07,0.074750,0.075950,0.072190,0.074040,4256800204,2023-03-07 23:59:59.999,315979882.130440,573964,2077303429,154235745.275320,0
2023-03-08,0.074050,0.074300,0.069760,0.071080,4757198955,2023-03-08 23:59:59.999,345437944.503420,607994,2313831861,168079874.218450,0
2023-03-09,0.071080,0.072270,0.063800,0.065900,7553644401,2023-03-09 23:59:59.999,517484434.204500,874348,3525647102,241927410.086790,0
2023-03-10,0.065900,0.066140,0.062440,0.065670,7148858832,2023-03-10 23:59:59.999,463364391.827410,876190,3481420296,225697026.913240,0
2023-03-11,0.065670,0.068160,0.063050,0.066010,6217322828,2023-03-11 23:59:59.999,406656167.039230,778386,3069256474,200790633.993470,0
2023-03-12,0.066020,0.070850,0.065120,0.070500,5133532853,2023-03-12 23:59:59.999,346663472.612840,651194,2616176103,176695673.117120,0
2023-03-13,0.070500,0.073490,0.068100,0.072760,7228522821,2023-03-13 23:59:59.999,512055502.814450,903269,3564876113,252534898.730830,0
2023-03-14,0.072760,0.077680,0.071060,0.074610,8965152280,2023-03-14 23:59:59.999,667462051.137760,1105473,4418718765,329042943.492350,0
2023-03-15,0.074600,0.075960,0.067300,0.069600,8381687718,2023-03-15 23:59:59.999,600498407.919040,1031860,4050729597,290259075.715540,0
2023-03-16,0.069600,0.074060,0.068690,0.072530,6349053612,2023-03-16 23:59:59.999,447958393.754250,715230,3168138409,223588200.390580,0
2023-03-17,0.072540,0.077260,0.071420,0.076420,7340967900,2023-03-17 23:59:59.999,545840410.229440,955970,3667878150,272738654.336070,0
2023-03-18,0.076420,0.078950,0.072030,0.072940,8344469258,2023-03-18 23:59:59.999,635124242.250000,1048950,3978852486,303095736.602120,0
2023-03-19,0.072940,0.076540,0.072930,0.074500,5416970567,2023-03-19 23:59:59.999,405129490.128480,647521,2665354141,199355311.507370,0
2023-03-20,0.074510,0.075590,0.070220,0.071330,6901186517,2023-03-20 23:59:59.999,504425500.265800,871286,3250482543,237736394.134560,0
2023-03-21,0.071330,0.077900,0.070250,0.076600,9030734451,2023-03-21 23:59:59.999,673795300.342800,1065227,4478385341,334213876.942870,0
2023-03-22,0.076590,0.078130,0.071230,0.073820,9082823636,2023-03-22 23:59:59.999,683451281.783340,1300133,4388001249,330359989.308330,0
2023-03-23,0.073820,0.079550,0.072890,0.077330,8420693418,2023-03-23 23:59:59.999,645679201.549170,978481,4217942936,323460822.810640,0
2023-03-24,0.077330,0.077470,0.072660,0.074480,5369743847,2023-03-24 23:59:59.999,402534644.323290,722029,2563009410,192189400.838460,0
2023-03-25,0.074480,0.075940,0.072340,0.073980,3372132911,2023-03-25 23:59:59.999,251009880.469460,531171,1607416873,119744173.737690,0
2023-03-26,0.073980,0.075440,0.073280,0.074310,2819641614,2023-03-26 23:59:59.999,209770512.154560,389085,1377276968,102516456.218000,0
2023-03-27,0.074300,0.076150,0.071160,0.072840,5496361868,2023-03-27 23:59:59.999,404993592.579190,733523,2632558456,194129539.302120,0
2023-03-28,0.072840,0.074010,0.071590,0.073780,3569163664,2023-03-28 23:59:59.999,259461455.996310,495654,1788766418,130091398.486830,0
2023-03-29,0.073780,0.076820,0.073460,0.075530,4437686272,2023-03-29 23:59:59.999,335428527.311060,619605,2235176938,168929983.274540,0
2023-03-30,0.075530,0.076840,0.072920,0.074170,4268069538,2023-03-30 23:59:59.999,319226457.727580,551944,1996125876,149411076.454580,0
2023-03-31,0.074160,0.077890,0.073310,0.076900,4354658692,2023-03-31 23:59:59.999,329178091.961180,584108,2226024668,168313208.747430,0
2023-04-01,0.076910,0.083370,0.075820,0.081830,9567261977,2023-04-01 23:59:59.999,762839688.056830,1201393,4759791529,379497861.112170,0
2023-04-02,0.081820,0.085590,0.077060,0.079000,13451451564,2023-04-02 23:59:59.999,1101117031.038790,1515247,6507125571,533252105.807360,0
2023-04-03,0.078990,0.105230,0.075520,0.095960,51762383502,2023-04-03 23:59:59.999,4836269172.566870,5639570,25551037768,2387830634.544890,0
2023-04-04,0.095970,0.103570,0.092020,0.095140,43309996742,2023-04-04 23:59:59.999,4237824719.974550,5176380,21389250785,2094002913.037800,0
2023-04-05,0.095140,0.099210,0.090290,0.092690,21202647713,2023-04-05 23:59:59.999,2027188679.369790,2896780,10303213672,985690564.377150,0
2023-04-06,0.092680,0.092760,0.084000,0.085390,21203556421,2023-04-06 23:59:59.999,1888610516.375590,2537270,10239108449,912576404.392000,0
2023-04-07,0.085380,0.086200,0.081000,0.082170,13961609854,2023-04-07 23:59:59.999,1158971329.548810,1506428,6771729012,562082500.578300,0
2023-04-08,0.082170,0.083800,0.080000,0.081300,7415225567,2023-04-08 23:59:59.999,611272602.755040,837428,3556380127,293267735.540640,0
2023-04-09,0.081290,0.083930,0.081020,0.083130,6611563644,2023-04-09 23:59:59.999,545507636.617840,809245,3285343717,271145397.006600,0
2023-04-10,0.083140,0.085380,0.082160,0.084710,5798113535,2023-04-10 23:59:59.999,484409619.411960,699859,2820085821,235691165.164610,0
2023-04-11,0.084700,0.085740,0.083520,0.084060,5724203273,2023-04-11 23:59:59.999,484973373.074020,655388,2746682374,232768022.566110,0
2023-04-12,0.084060,0.084780,0.079980,0.083430,8416610726,2023-04-12 23:59:59.999,693355377.321130,967877,4079500149,336222750.874340,0
2023-04-13,0.083430,0.088880,0.082810,0.087310,10123612330,2023-04-13 23:59:59.999,874003618.410290,1193735,5096166912,440005670.381050,0
2023-04-14,0.087300,0.091500,0.085070,0.088690,13028877160,2023-04-14 23:59:59.999,1158027024.657750,1449911,6375863900,566974512.495700,0
2023-04-15,0.088680,0.090640,0.087100,0.088910,5170366696,2023-04-15 23:59:59.999,459873004.871460,715015,2507723576,223148487.444970,0
2023-04-16,0.088900,0.091960,0.087620,0.090450,6825496362,2023-04-16 23:59:59.999,613985132.899060,823948,3441624653,309636365.585450,0
2023-04-17,0.090450,0.095000,0.088030,0.091410,18793225323,2023-04-17 23:59:59.999,1734325476.031800,2004796,9176654279,847384097.867360,0
2023-04-18,0.091410,0.095380,0.089740,0.094150,11262756051,2023-04-18 23:59:59.999,1045735707.275550,1261259,5516741085,512536419.564620,0
2023-04-19,0.094140,0.094150,0.083500,0.087820,15155930667,2023-04-19 23:59:59.999,1354430834.768050,1834273,7065707516,632050725.533490,0
2023-04-20,0.087820,0.093530,0.082380,0.083860,29227525253,2023-04-20 23:59:59.999,2591365121.520000,3086625,14184754673,1259091251.239790,0
2023-04-21,0.083860,0.084670,0.075890,0.078370,12023332484,2023-04-21 23:59:59.999,982347249.717920,1292286,5537868493,453266759.806380,0
2023-04-22,0.078370,0.080960,0.078110,0.080250,4973725909,2023-04-22 23:59:59.999,395667449.496010,533815,2473871626,196782381.844290,0
2023-04-23,0.080250,0.080820,0.076260,0.078730,5377274872,2023-04-23 23:59:59.999,425108401.400670,606807,2537144267,200652254.417120,0
2023-04-24,0.078730,0.080040,0.077080,0.078690,5451359205,2023-04-24 23:59:59.999,429496504.775910,608053,2680328088,211213500.014640,0
2023-04-25,0.078700,0.079940,0.077430,0.079740,4661078930,2023-04-25 23:59:59.999,366650426.670100,558472,2341619672,184216077.695020,0
2023-04-26,0.079740,0.083570,0.074520,0.078530,10271556317,2023-04-26 23:59:59.999,818794874.698320,1121240,5020532294,400838335.526760,0
2023-04-27,0.078530,0.080970,0.078320,0.080100,6324202345,2023-04-27 23:59:59.999,504809477.766740,719976,3202086925,255659920.390540,0
2023-04-28,0.080090,0.080720,0.078930,0.080290,3358142946,2023-04-28 23:59:59.999,268658797.542080,379458,1643610267,131504133.043680,0
2023-04-29,0.080290,0.081920,0.080130,0.081530,3121725737,2023-04-29 23:59:59.999,253141012.313540,399377,1581348955,128244294.543260,0
2023-04-30,0.081530,0.081730,0.079180,0.079470,3278448990,2023-04-30 23:59:59.999,264489790.509300,434176,1628245713,131386882.739700,0
2023-05-01,0.079460,0.079990,0.077220,0.078750,4172486903,2023-05-01 23:59:59.999,327404095.951970,530966,1993999355,156489249.218000,0
2023-05-02,0.078750,0.079070,0.077460,0.078710,2862973989,2023-05-02 23:59:59.999,224710876.202340,347284,1392167901,109281519.990700,0
2023-05-03,0.078720,0.080700,0.077030,0.079580,4904741675,2023-05-03 23:59:59.999,384609158.557390,554880,2498357563,196069475.265910,0
2023-05-04,0.079590,0.079680,0.077870,0.078330,3308204753,2023-05-04 23:59:59.999,260516355.960660,411341,1599171218,125971988.300710,0
2023-05-05,0.078330,0.081480,0.076690,0.080160,5092144787,2023-05-05 23:59:59.999,402931318.674950,588972,2587169826,204962458.155740,0
2023-05-06,0.080150,0.080480,0.075450,0.076680,4360392150,2023-05-06 23:59:59.999,339244388.706740,575028,1857611814,144530362.969710,0
2023-05-07,0.076680,0.077460,0.076100,0.076480,2503924288,2023-05-07 23:59:59.999,192593612.353060,314378,1214138022,93408083.199870,0
2023-05-08,0.076480,0.077120,0.069280,0.072340,6490445723,2023-05-08 23:59:59.999,475963424.740110,784181,2978106702,218412076.397450,0
2023-05-09,0.072330,0.073280,0.072000,0.073040,3375169353,2023-05-09 23:59:59.999,245246522.347000,357789,1667496045,121167950.820010,0
2023-05-10,0.073040,0.074670,0.070200,0.073080,5666649050,2023-05-10 23:59:59.999,413521452.790900,615888,2809104236,205118955.510600,0
2023-05-11,0.073090,0.073140,0.068820,0.071900,6140336232,2023-05-11 23:59:59.999,437782049.111800,716099,2961507740,211284537.650630,0
2023-05-12,0.071910,0.072730,0.069280,0.072290,6406274007,2023-05-12 23:59:59.999,455307516.596150,692861,3170750304,225600931.052700,0
2023-05-13,0.072300,0.072360,0.071260,0.071640,2120340195,2023-05-13 23:59:59.999,152268658.494230,288370,1063146762,76353118.967330,0
2023-05-14,0.071650,0.072630,0.071000,0.071910,1937641594,2023-05-14 23:59:59.999,139279840.291920,297047,957791152,68846737.171760,0
2023-05-15,0.071910,0.073650,0.070800,0.071860,3210362404,2023-05-15 23:59:59.999,232575831.738770,481150,1584424597,114826750.318630,0
2023-05-16,0.071860,0.073230,0.070820,0.072710,2940915041,2023-05-16 23:59:59.999,211654403.767330,441813,1490537951,107321883.676460,0
2023-05-17,0.072700,0.075450,0.072240,0.074790,6111695836,2023-05-17 23:59:59.999,450447542.139610,660831,3006924601,221660706.396430,0
2023-05-18,0.074800,0.074900,0.071540,0.073390,6079765063,2023-05-18 23:59:59.999,447675819.974790,625543,2966777391,218713726.791950,0
2023-05-19,0.073400,0.074030,0.072920,0.073460,2870636172,2023-05-19 23:59:59.999,211015660.305270,339335,1417792286,104228318.263900,0
2023-05-20,0.073450,0.073870,0.073010,0.073570,1471195397,2023-05-20 23:59:59.999,107965808.849140,220603,720976071,52917687.104800,0
2023-05-21,0.073570,0.073980,0.071840,0.072070,2223653197,2023-05-21 23:59:59.999,161855793.410040,294308,970191874,70665950.948700,0
2023-05-22,0.072060,0.074000,0.070630,0.072870,3878480437,2023-05-22 23:59:59.999,281397594.804430,465595,2026482295,147186336.085750,0
2023-05-23,0.072880,0.073950,0.072390,0.072840,2178696147,2023-05-23 23:59:59.999,159132377.886370,298876,1081504423,78996300.218270,0
2023-05-24,0.072840,0.072860,0.069010,0.070590,4141639183,2023-05-24 23:59:59.999,293812783.536200,488319,1872305075,132797327.845330,0
2023-05-25,0.070590,0.071230,0.068280,0.070850,2917046040,2023-05-25 23:59:59.999,204908367.718210,357454,1444212618,101482977.909160,0
2023-05-26,0.070840,0.071350,0.070320,0.070920,2256693315,2023-05-26 23:59:59.999,159826547.804960,232784,1118981776,79251835.294560,0
2023-05-27,0.070910,0.073450,0.070620,0.072540,2704957379,2023-05-27 23:59:59.999,194443932.343730,288716,1458232739,104897542.160780,0
2023-05-28,0.072540,0.073980,0.071790,0.073510,3010308928,2023-05-28 23:59:59.999,219133189.214940,288754,1454900653,105931016.280800,0
2023-05-29,0.073500,0.074010,0.072590,0.073100,2286541760,2023-05-29 23:59:59.999,167462142.105850,213246,1119222823,81981306.000130,0
2023-05-30,0.073100,0.073450,0.071940,0.072270,2450940055,2023-05-30 23:59:59.999,178035507.490050,262893,1194273935,86761567.828290,0
2023-05-31,0.072270,0.072640,0.070400,0.071610,2410989542,2023-05-31 23:59:59.999,172404964.148770,265636,1162502383,83139076.666860,0
2023-06-01,0.071600,0.072180,0.070630,0.071390,2285473286,2023-06-01 23:59:59.999,163659033.855290,231182,1103820370,79051350.885150,0
2023-06-02,0.071390,0.073320,0.070770,0.072570,2469262463,2023-06-02 23:59:59.999,178122278.800560,258503,1276297816,92094398.979150,0
2023-06-03,0.072560,0.072970,0.072090,0.072680,1333209641,2023-06-03 23:59:59.999,96680349.932050,146377,648664157,47041238.864930,0
2023-06-04,0.072680,0.073350,0.072270,0.072460,1583569053,2023-06-04 23:59:59.999,115283234.553950,162412,771379262,56163142.623300,0
2023-06-05,0.072460,0.072700,0.062720,0.066350,6239838401,2023-06-05 23:59:59.999,424910449.982480,650773,2772250956,188866564.173030,0
2023-06-06,0.066360,0.071990,0.065740,0.070210,7532640388,2023-06-06 23:59:59.999,517510170.433910,800935,3837372061,264042237.556710,0
2023-06-07,0.070210,0.070290,0.066610,0.067230,4519594506,2023-06-07 23:59:59.999,307696055.663250,553154,2093144642,142562680.790780,0
2023-06-08,0.067230,0.068520,0.066930,0.067910,2252452872,2023-06-08 23:59:59.999,152753332.496000,283142,1112899864,75470851.773300,0
2023-06-09,0.067910,0.071160,0.067240,0.069430,4995528868,2023-06-09 23:59:59.999,345899513.403430,596476,2570390860,178099166.732520,0
2023-06-10,0.069430,0.072170,0.052580,0.061680,14615673655,2023-06-10 23:59:59.999,911558825.185100,1314767,6751888492,422161784.270800,0
2023-06-11,0.061690,0.062870,0.060790,0.061470,4099654413,2023-06-11 23:59:59.999,253372765.610540,386012,1987609757,122853337.209890,0
2023-06-12,0.061470,0.061670,0.059620,0.061390,3423742773,2023-06-12 23:59:59.999,208851352.448740,364892,1687371857,102931143.349640,0
2023-06-13,0.061380,0.062880,0.060340,0.061700,3711109387,2023-06-13 23:59:59.999,228574024.871120,338338,1827726651,112596909.161570,0
2023-06-14,0.061710,0.062160,0.058030,0.060320,4041467411,2023-06-14 23:59:59.999,245241000.530620,359708,1967020720,119401557.195850,0
2023-06-15,0.060320,0.061950,0.059710,0.061500,4256952929,2023-06-15 23:59:59.999,259126379.234510,388421,2125582952,129409876.882080,0
2023-06-16,0.061500,0.062850,0.060660,0.062150,3452559525,2023-06-16 23:59:59.999,213089484.254820,318322,1727758487,106673234.685570,0
2023-06-17,0.062140,0.062980,0.061680,0.062140,2101567461,2023-06-17 23:59:59.999,131019201.585280,230405,1023781959,63835304.794650,0
2023-06-18,0.062150,0.063950,0.060950,0.062050,4640434033,2023-06-18 23:59:59.999,289548141.945180,421478,2292030692,143042868.628190,0
2023-06-19,0.062050,0.062840,0.061440,0.062400,2388421155,2023-06-19 23:59:59.999,148146292.013040,273229,1192548197,73977977.074470,0
2023-06-20,0.062400,0.063100,0.060660,0.063100,3106385932,2023-06-20 23:59:59.999,192709852.138760,334128,1492611179,92621416.182490,0
2023-06-21,0.063090,0.066760,0.062770,0.065550,6201226741,2023-06-21 23:59:59.999,401282225.291040,591743,3085995695,199722313.813770,0
2023-06-22,0.065550,0.069350,0.064760,0.065530,6240599821,2023-06-22 23:59:59.999,418328930.156840,593722,3066695265,205605099.012990,0
2023-06-23,0.065520,0.070130,0.065110,0.068220,4616076098,2023-06-23 23:59:59.999,311399365.879470,488299,2334042959,157545292.689430,0
2023-06-24,0.068230,0.068400,0.064760,0.066650,3677989768,2023-06-24 23:59:59.999,246918235.439380,396775,1777530672,119395798.536480,0
2023-06-25,0.066650,0.068000,0.066290,0.066690,2674220599,2023-06-25 23:59:59.999,179689480.740350,299782,1304005822,87642241.107440,0
2023-06-26,0.066690,0.066780,0.063030,0.064670,3722673346,2023-06-26 23:59:59.999,243098295.386580,418354,1713645284,111952035.744020,0
2023-06-27,0.064670,0.065780,0.064160,0.065530,3102506251,2023-06-27 23:59:59.999,202251979.226260,314484,1577026560,102815551.959960,0
2023-06-28,0.065530,0.065930,0.059690,0.062510,4532773917,2023-06-28 23:59:59.999,287577512.472760,525210,2091763653,132800977.042150,0
2023-06-29,0.062500,0.064050,0.062330,0.063380,2515240432,2023-06-29 23:59:59.999,158838345.937780,303375,1246357741,78728629.303990,0
2023-06-30,0.063370,0.066940,0.060580,0.066420,7024042271,2023-06-30 23:59:59.999,456779148.118000,766459,3470104943,225836402.081230,0
2023-07-01,0.066420,0.071380,0.066340,0.068500,7288708532,2023-07-01 23:59:59.999,501073387.402820,839133,3652840585,251166241.559120,0
2023-07-02,0.068490,0.069190,0.065770,0.068020,5258336534,2023-07-02 23:59:59.999,355704863.824770,535181,2584860711,174910270.029910,0
2023-07-03,0.068010,0.068780,0.067220,0.068430,3395149417,2023-07-03 23:59:59.999,230899197.691620,382876,1649827062,112219217.844480,0
2023-07-04,0.068420,0.071880,0.067620,0.068880,7987836495,2023-07-04 23:59:59.999,554601829.518410,758878,3892206179,270391298.814790,0
2023-07-05,0.068890,0.069510,0.065300,0.066950,4362911877,2023-07-05 23:59:59.999,293372306.563100,459118,2045076168,137590756.098640,0
2023-07-06,0.066960,0.068560,0.064560,0.064790,4639576041,2023-07-06 23:59:59.999,308502778.568590,455772,2158786700,143627793.323860,0
2023-07-07,0.064790,0.065840,0.064000,0.065340,2996966107,2023-07-07 23:59:59.999,195552840.838720,309098,1441406741,94059040.459580,0
2023-07-08,0.065330,0.066050,0.064660,0.065680,2082666920,2023-07-08 23:59:59.999,136065781.576720,219531,1018027024,66517000.828300,0
2023-07-09,0.065680,0.066330,0.065030,0.065310,1975007383,2023-07-09 23:59:59.999,129787302.640700,210805,949619678,62406500.594360,0
2023-07-10,0.065310,0.066170,0.063000,0.065200,4444421031,2023-07-10 23:59:59.999,287814827.105210,431565,2184413639,141524825.598900,0
2023-07-11,0.065200,0.065450,0.064320,0.065240,2274814673,2023-07-11 23:59:59.999,147653313.879110,234437,1072970729,69653787.433290,0
2023-07-12,0.065240,0.065680,0.063550,0.064980,2928525696,2023-07-12 23:59:59.999,190009071.132350,303644,1474456898,95664737.832630,0
2023-07-13,0.064990,0.071730,0.064500,0.070420,10042112595,2023-07-13 23:59:59.999,687862983.065210,913631,5155676050,353250383.648690,0
2023-07-14,0.070420,0.073190,0.065810,0.068450,10340671767,2023-07-14 23:59:59.999,726623015.465010,1016828,4969418597,349505702.834110,0
2023-07-15,0.068460,0.075250,0.067630,0.071930,14954595409,2023-07-15 23:59:59.999,1085146360.010600,1397518,7435030985,539482708.270900,0
2023-07-16,0.071930,0.072200,0.068750,0.069480,6657392637,2023-07-16 23:59:59.999,470039566.682840,653122,3169122688,223846263.570310,0
2023-07-17,0.069480,0.073240,0.067190,0.069800,7962692038,2023-07-17 23:59:59.999,557718940.940730,816180,3837681733,269032789.639120,0
2023-07-18,0.069790,0.070290,0.066790,0.068620,4258912628,2023-07-18 23:59:59.999,292182149.999750,471884,2042422303,140178152.657010,0
2023-07-19,0.068610,0.072500,0.068200,0.070000,7657799220,2023-07-19 23:59:59.999,536098453.931420,770561,3849937027,269541335.842970,0
2023-07-20,0.069990,0.073880,0.069190,0.070560,9798156507,2023-07-20 23:59:59.999,699625298.757050,930328,4765800669,340427888.072000,0
2023-07-21,0.070560,0.076850,0.070220,0.073180,13836416347,2023-07-21 23:59:59.999,1016681027.187330,1210034,6921022814,508658226.666320,0
2023-07-22,0.073180,0.073280,0.069000,0.070440,5527048401,2023-07-22 23:59:59.999,395770374.111210,581812,2573753753,184400931.476000,0
2023-07-23,0.070430,0.072950,0.069910,0.071760,4673411329,2023-07-23 23:59:59.999,335502597.199410,492024,2338971513,167931198.960830,0
2023-07-24,0.071760,0.078230,0.070110,0.074170,31773805028,2023-07-24 23:59:59.999,2376420416.037170,2913328,15762838948,1179592301.273230,0
2023-07-25,0.074170,0.083870,0.073560,0.081830,39897720601,2023-07-25 23:59:59.999,3149053971.350360,3604759,20178368077,1593001921.890020,0
2023-07-26,0.081820,0.082270,0.076400,0.077900,22650353397,2023-07-26 23:59:59.999,1793618790.526110,2027832,11066418074,876596428.985680,0
2023-07-27,0.077890,0.079940,0.076580,0.077580,11034358724,2023-07-27 23:59:59.999,864061388.166890,1052517,5446218134,426556856.669360,0
2023-07-28,0.077570,0.077870,0.075670,0.077140,7248223751,2023-07-28 23:59:59.999,557859566.595090,672346,3550431286,273278563.386590,0
2023-07-29,0.077140,0.082750,0.076760,0.080200,9686410681,2023-07-29 23:59:59.999,768991232.866980,927098,4865448423,386341075.754690,0
2023-07-30,0.080200,0.080500,0.075760,0.077980,9284031148,2023-07-30 23:59:59.999,733876700.998220,880558,4452741034,352207889.506750,0
2023-07-31,0.077970,0.079790,0.076500,0.077800,7661614114,2023-07-31 23:59:59.999,600340327.657690,726503,3763753400,295016043.386280,0
2023-08-01,0.077790,0.079300,0.074800,0.078110,7289059674,2023-08-01 23:59:59.999,560029247.905760,696900,3607792537,277347556.927240,0
2023-08-02,0.078120,0.078320,0.073660,0.074180,7637937453,2023-08-02 23:59:59.999,578848887.705740,686641,3603709207,273276808.677470,0
2023-08-03,0.074180,0.074980,0.072290,0.073550,6908434588,2023-08-03 23:59:59.999,511175911.051980,611173,3383414975,250448830.141950,0
2023-08-04,0.073540,0.074900,0.072400,0.073420,5681547372,2023-08-04 23:59:59.999,420046473.218660,548361,2749922407,203340794.228010,0
2023-08-05,0.073410,0.077100,0.072860,0.075690,9230774525,2023-08-05 23:59:59.999,697085503.885290,831887,4622663628,349096624.305730,0
2023-08-06,0.075680,0.076470,0.074010,0.074250,5279275995,2023-08-06 23:59:59.999,396953960.680760,517759,2580463582,194072847.779330,0
2023-08-07,0.074250,0.075690,0.071320,0.073520,6328647644,2023-08-07 23:59:59.999,467074313.259830,624764,3017505952,222850026.191130,0
2023-08-08,0.073510,0.075490,0.073160,0.074940,5039641866,2023-08-08 23:59:59.999,374657291.316270,509585,2498102745,185762938.377530,0
2023-08-09,0.074940,0.076190,0.074150,0.075390,4476799206,2023-08-09 23:59:59.999,336661824.684690,457682,2215952098,166656486.355840,0
2023-08-10,0.075390,0.076930,0.075110,0.075840,6069813199,2023-08-10 23:59:59.999,460614561.822540,561240,3015013230,228853915.853800,0
2023-08-11,0.075840,0.076080,0.074700,0.075690,3288015280,2023-08-11 23:59:59.999,248399421.632710,334111,1560204913,117886238.825380,0
2023-08-12,0.075690,0.077460,0.075570,0.076670,4597725145,2023-08-12 23:59:59.999,352221461.044730,457516,2303043453,176449934.581120,0
2023-08-13,0.076660,0.076850,0.074110,0.074730,3689125275,2023-08-13 23:59:59.999,279170228.712480,401459,1736690913,131466122.251950,0
2023-08-14,0.074730,0.077130,0.073550,0.074660,6679770684,2023-08-14 23:59:59.999,500660603.992830,702165,3276237321,245685177.405310,0
2023-08-15,0.074660,0.074940,0.067600,0.070850,6562499964,2023-08-15 23:59:59.999,475615101.448060,682058,2929027302,212541474.523620,0
2023-08-16,0.070860,0.071210,0.065900,0.067150,6780441934,2023-08-16 23:59:59.999,467647644.441830,684538,3235994397,223277155.695480,0
2023-08-17,0.067140,0.068390,0.055000,0.060980,11698126662,2023-08-17 23:59:59.999,744623419.507980,1125017,5579919501,355229602.833170,0
2023-08-18,0.060980,0.063810,0.059820,0.063200,8387125654,2023-08-18 23:59:59.999,521672404.727700,742062,4060538802,252668201.342190,0
2023-08-19,0.063200,0.064470,0.063020,0.063750,3551022255,2023-08-19 23:59:59.999,225792058.217700,342940,1749703833,111271966.366390,0
2023-08-20,0.063760,0.064760,0.063310,0.063790,2820786932,2023-08-20 23:59:59.999,180413786.761470,281789,1395269132,89248296.293670,0
2023-08-21,0.063800,0.064090,0.060220,0.062480,4982310799,2023-08-21 23:59:59.999,311562032.185300,446010,2433508742,152207011.091670,0
2023-08-22,0.062480,0.063500,0.060100,0.062550,5610772277,2023-08-22 23:59:59.999,349151354.986020,509878,2780002368,173059839.788530,0
2023-08-23,0.062550,0.066100,0.062400,0.063730,5235456307,2023-08-23 23:59:59.999,332923901.091280,480060,2600331999,165403395.957230,0
2023-08-24,0.063740,0.064000,0.061700,0.063030,3376985675,2023-08-24 23:59:59.999,212884192.227620,338393,1627943796,102616844.680230,0
2023-08-25,0.063030,0.063130,0.061600,0.063080,3208034313,2023-08-25 23:59:59.999,200056537.144010,342748,1586178272,98923888.303270,0
2023-08-26,0.063080,0.063370,0.062550,0.062840,1196623632,2023-08-26 23:59:59.999,75328130.988870,157468,578361185,36410368.425280,0
2023-08-27,0.062840,0.063760,0.062650,0.063130,1693488491,2023-08-27 23:59:59.999,106949864.371930,191434,838708975,52965805.765390,0
2023-08-28,0.063130,0.063660,0.061820,0.063420,2873742789,2023-08-28 23:59:59.999,180392183.972570,318154,1470250679,92330842.890020,0
2023-08-29,0.063410,0.068600,0.062360,0.066360,9208998557,2023-08-29 23:59:59.999,606280644.513810,786438,4617346013,303925645.653610,0
2023-08-30,0.066370,0.066450,0.064200,0.065830,3926345713,2023-08-30 23:59:59.999,256636732.637420,382901,1888556855,123454022.609790,0
2023-08-31,0.065830,0.067000,0.062530,0.063760,6618561392,2023-08-31 23:59:59.999,430824289.337140,608897,3198155360,208286824.107740,0
2023-09-01,0.063750,0.064270,0.062210,0.063840,4032190622,2023-09-01 23:59:59.999,255924249.513580,414489,2021344165,128326768.106020,0
2023-09-02,0.063830,0.064990,0.062510,0.063450,3169097014,2023-09-02 23:59:59.999,201660926.241700,354051,1539410377,97995349.514050,0
2023-09-03,0.063450,0.063720,0.062700,0.063130,1604413311,2023-09-03 23:59:59.999,101501994.291950,220923,765457117,48430976.436990,0
2023-09-04,0.063130,0.063810,0.061980,0.063230,2471763349,2023-09-04 23:59:59.999,155913058.564500,294940,1200401699,75743725.538470,0
2023-09-05,0.063230,0.064330,0.062820,0.064000,3619157778,2023-09-05 23:59:59.999,230806373.861940,390026,1788633442,114082917.940050,0
2023-09-06,0.064000,0.064610,0.062380,0.063600,3481530466,2023-09-06 23:59:59.999,221657344.417990,367026,1732494604,110317967.906350,0
2023-09-07,0.063610,0.063810,0.062730,0.063630,2351430545,2023-09-07 23:59:59.999,148873025.930460,244222,1179108580,74657779.739590,0
2023-09-08,0.063630,0.063990,0.062310,0.063690,2395819678,2023-09-08 23:59:59.999,151357501.602950,283299,1174101420,74184308.463020,0
2023-09-09,0.063680,0.063890,0.063120,0.063350,1332475684,2023-09-09 23:59:59.999,84597290.026450,175560,617249261,39191966.540650,0
2023-09-10,0.063360,0.063370,0.059200,0.061260,4001969188,2023-09-10 23:59:59.999,246072175.602200,446341,1814633159,111590133.746100,0
2023-09-11,0.061270,0.061980,0.059100,0.060440,5311288359,2023-09-11 23:59:59.999,320986793.040210,514890,2589517289,156549436.676700,0
2023-09-12,0.060440,0.062430,0.060380,0.060860,4564835057,2023-09-12 23:59:59.999,280308638.513730,431883,2308475104,141785779.157400,0
2023-09-13,0.060850,0.061780,0.060440,0.061210,3343718978,2023-09-13 23:59:59.999,204157492.667590,334531,1677278651,102421554.440000,0
2023-09-14,0.061210,0.062500,0.061040,0.062030,3656887793,2023-09-14 23:59:59.999,225392685.131250,346641,1781211217,109818977.918790,0
2023-09-15,0.062030,0.062930,0.061320,0.062460,2624456422,2023-09-15 23:59:59.999,162840519.607210,285765,1296280441,80446683.072670,0
2023-09-16,0.062470,0.062960,0.061700,0.062090,2418043674,2023-09-16 23:59:59.999,150534904.106780,260303,1148397040,71504931.433820,0
2023-09-17,0.062100,0.062520,0.060850,0.061410,2858039704,2023-09-17 23:59:59.999,176565594.282350,306469,1382985418,85466871.786690,0
2023-09-18,0.061420,0.062800,0.060900,0.061950,4082775639,2023-09-18 23:59:59.999,252876156.723290,399568,2044375549,126652804.334120,0
2023-09-19,0.061950,0.063210,0.061760,0.062640,3428301095,2023-09-19 23:59:59.999,214452186.851190,332469,1704481993,106648443.612920,0
2023-09-20,0.062640,0.063000,0.061230,0.062590,3401880434,2023-09-20 23:59:59.999,211836031.362660,354627,1681981973,104749824.730170,0
2023-09-21,0.062590,0.063460,0.060970,0.061250,4366883710,2023-09-21 23:59:59.999,270871828.097340,425556,2142398505,132962930.682820,0
2023-09-22,0.061260,0.061840,0.060530,0.061480,2389453816,2023-09-22 23:59:59.999,146731916.715030,269110,1169945213,71855066.431460,0
2023-09-23,0.061490,0.061980,0.061210,0.061470,1819692850,2023-09-23 23:59:59.999,111971902.591570,197312,893764648,55003194.152260,0
2023-09-24,0.061480,0.061710,0.060180,0.060640,1741542147,2023-09-24 23:59:59.999,106605521.206700,198819,830622916,50873259.095050,0
2023-09-25,0.060640,0.061210,0.060030,0.060900,1778129431,2023-09-25 23:59:59.999,108095106.922350,209939,901991503,54841474.861050,0
2023-09-26,0.060900,0.061120,0.058940,0.060590,2740199116,2023-09-26 23:59:59.999,165738047.271450,243349,1330173150,80478710.419430,0
2023-09-27,0.060590,0.061440,0.060110,0.060480,3000069586,2023-09-27 23:59:59.999,182183339.132440,261521,1504242436,91372257.023920,0
2023-09-28,0.060480,0.061660,0.060330,0.061480,3806853377,2023-09-28 23:59:59.999,232508832.117810,309985,1950697873,119154221.962440,0
2023-09-29,0.061470,0.062480,0.061260,0.062080,3801603498,2023-09-29 23:59:59.999,234961611.460330,313864,1888493334,116728260.933950,0
2023-09-30,0.062090,0.062710,0.061680,0.062030,2745958988,2023-09-30 23:59:59.999,170603983.555580,220461,1397198224,86811592.347980,0
2023-10-01,0.062030,0.063560,0.061620,0.063170,3538844584,2023-10-01 23:59:59.999,221371072.979480,308552,1762009079,110249747.456700,0
2023-10-02,0.063180,0.064180,0.060330,0.061960,6094902316,2023-10-02 23:59:59.999,382537315.489430,491409,2972553217,186644863.919060,0
2023-10-03,0.061960,0.062270,0.061030,0.061320,3066714445,2023-10-03 23:59:59.999,189075446.881030,264974,1480208116,91273602.526960,0
2023-10-04,0.061330,0.061530,0.059940,0.061410,3282662360,2023-10-04 23:59:59.999,199827968.864220,316251,1569176102,95537520.671280,0
2023-10-05,0.061400,0.061620,0.060530,0.060830,2638894614,2023-10-05 23:59:59.999,161041933.826020,235011,1303609536,79550504.522790,0
2023-10-06,0.060830,0.061550,0.060650,0.061320,2369300062,2023-10-06 23:59:59.999,144738691.958410,209783,1194947167,72998369.502100,0
2023-10-07,0.061330,0.061640,0.061010,0.061400,1237445147,2023-10-07 23:59:59.999,75944073.921000,144997,602604430,36984051.287330,0
2023-10-08,0.061400,0.061580,0.060600,0.060900,1391189546,2023-10-08 23:59:59.999,84981324.394910,159320,663433358,40531111.697530,0
2023-10-09,0.060900,0.060980,0.056380,0.058690,5338629770,2023-10-09 23:59:59.999,315342761.637380,409442,2473624444,146089070.112230,0
2023-10-10,0.058690,0.059180,0.058410,0.059070,2478924460,2023-10-10 23:59:59.999,145737586.410560,201492,1235125806,72617148.246450,0
2023-10-11,0.059070,0.059450,0.057490,0.058470,3255092179,2023-10-11 23:59:59.999,190418338.331190,285338,1592514202,93188545.985870,0
2023-10-12,0.058480,0.058490,0.056780,0.057850,2366651254,2023-10-12 23:59:59.999,136900352.868470,208845,1144436283,66213302.448710,0
2023-10-13,0.057860,0.059450,0.057750,0.058360,2703290225,2023-10-13 23:59:59.999,157644223.007220,246695,1379697530,80452914.822120,0
2023-10-14,0.058370,0.059970,0.058310,0.059830,1925541039,2023-10-14 23:59:59.999,113913781.288800,186197,993429677,58781743.919700,0
2023-10-15,0.059830,0.059840,0.058950,0.059290,1594608076,2023-10-15 23:59:59.999,94680959.888910,177036,776382049,46094026.170530,0
2023-10-16,0.059300,0.061800,0.059030,0.059950,5211022799,2023-10-16 23:59:59.999,313377273.511790,394247,2594071360,155987115.050120,0
2023-10-17,0.059950,0.060130,0.058000,0.058990,2736901072,2023-10-17 23:59:59.999,162371350.262150,236626,1323504536,78518901.955050,0
2023-10-18,0.059000,0.059310,0.058220,0.058540,2478121356,2023-10-18 23:59:59.999,145547645.067750,207142,1209229985,71021953.614060,0
2023-10-19,0.058540,0.058960,0.057210,0.058810,2688454352,2023-10-19 23:59:59.999,156750061.109590,219513,1334096428,77800029.906220,0
2023-10-20,0.058820,0.060460,0.058590,0.059870,3626230626,2023-10-20 23:59:59.999,216515735.010290,267536,1771639055,105786025.732110,0
2023-10-21,0.059880,0.061440,0.059370,0.061170,3094269062,2023-10-21 23:59:59.999,187836065.823320,244843,1535051998,93179807.858470,0
2023-10-22,0.061170,0.061730,0.059610,0.061670,3246461310,2023-10-22 23:59:59.999,197895123.084480,277796,1588317473,96841432.208880,0
2023-10-23,0.061660,0.067960,0.061270,0.067450,12987455118,2023-10-23 23:59:59.999,834315957.988740,1069654,6440256041,413604038.599620,0
2023-10-24,0.067450,0.070130,0.063800,0.066610,12361432802,2023-10-24 23:59:59.999,830789413.764480,1107895,5996854933,403182001.533560,0
2023-10-25,0.066610,0.069850,0.064590,0.068360,10177841021,2023-10-25 23:59:59.999,685062508.897260,961063,5039211605,339343445.963460,0
2023-10-26,0.068350,0.075230,0.067820,0.071890,16925877846,2023-10-26 23:59:59.999,1216307044.209130,1798871,8226202192,591290835.547330,0
2023-10-27,0.071880,0.072480,0.067030,0.067790,7039732439,2023-10-27 23:59:59.999,492726576.667790,831797,3303739856,231318142.638510,0
2023-10-28,0.067780,0.069880,0.067520,0.069030,4004358577,2023-10-28 23:59:59.999,275510389.058910,445953,2007301625,138115172.884040,0
2023-10-29,0.069030,0.070280,0.067190,0.069390,3180978273,2023-10-29 23:59:59.999,219401355.742740,419847,1537538408,106082651.600460,0
2023-10-30,0.069400,0.070490,0.067520,0.069630,4697400907,2023-10-30 23:59:59.999,325162048.588470,584431,2225670561,154110081.237200,0
2023-10-31,0.069640,0.070930,0.065490,0.068260,6907880187,2023-10-31 23:59:59.999,474492218.192210,810583,3253407552,223626756.071810,0
2023-11-01,0.068270,0.069770,0.065550,0.068970,6365505310,2023-11-01 23:59:59.999,429913495.374100,786160,3077799902,207943463.949000,0
2023-11-02,0.068980,0.070990,0.066610,0.067930,6770783058,2023-11-02 23:59:59.999,466342547.556130,848545,3219971819,221869474.762370,0
2023-11-03,0.067930,0.068290,0.066190,0.068130,2955901670,2023-11-03 23:59:59.999,199204709.366630,464235,1439311025,97005066.255320,0
2023-11-04,0.068120,0.069350,0.067890,0.069140,2281103204,2023-11-04 23:59:59.999,156583799.146120,361257,1091559910,74948491.320260,0
2023-11-05,0.069140,0.071790,0.068860,0.071110,5730141303,2023-11-05 23:59:59.999,403232056.211540,803292,2816883916,198303616.038120,0
2023-11-06,0.071120,0.076580,0.070270,0.076430,9651570256,2023-11-06 23:59:59.999,711429301.096790,1254602,4757797380,350884834.111480,0
2023-11-07,0.076430,0.076540,0.071500,0.073410,9500737115,2023-11-07 23:59:59.999,701760386.725140,1350870,4563858136,337158641.815810,0
2023-11-08,0.073410,0.077380,0.072800,0.075400,6002919845,2023-11-08 23:59:59.999,449117945.263330,878116,2945323960,220397557.062890,0
2023-11-09,0.075400,0.078040,0.064140,0.073580,12164955665,2023-11-09 23:59:59.999,898314601.035830,1714610,5735092120,423924180.846680,0
2023-11-10,0.073580,0.075650,0.072400,0.075470,5768626843,2023-11-10 23:59:59.999,427612638.830480,1042953,2837886177,210444485.625170,0
2023-11-11,0.075470,0.081980,0.074430,0.078500,13782374008,2023-11-11 23:59:59.999,1085382319.423690,2210958,6763411387,532586251.729990,0
2023-11-12,0.078510,0.080460,0.075000,0.078010,6678066754,2023-11-12 23:59:59.999,521772672.754370,1208732,3164918698,247330690.866200,0
2023-11-13,0.078020,0.079630,0.073350,0.074550,8406785025,2023-11-13 23:59:59.999,645945175.766680,1430938,3987151934,306555004.266020,0
2023-11-14,0.074560,0.075670,0.068350,0.072470,7897403636,2023-11-14 23:59:59.999,578985202.433140,1212190,3706103472,272061057.225650,0
2023-11-15,0.072470,0.076600,0.072280,0.076290,5395542225,2023-11-15 23:59:59.999,400890417.449410,743673,2701635737,200744641.999080,0
2023-11-16,0.076280,0.083540,0.075970,0.079490,19673722903,2023-11-16 23:59:59.999,1556565294.075610,2873543,9569301025,757526056.096530,0
2023-11-17,0.079490,0.087630,0.079110,0.086450,27106973456,2023-11-17 23:59:59.999,2251855055.521670,3505926,13449789069,1117776550.122940,0
2023-11-18,0.086450,0.086670,0.079200,0.080320,19089788028,2023-11-18 23:59:59.999,1575097925.317660,2504767,9304220276,767793089.616150,0
2023-11-19,0.080320,0.080690,0.077390,0.080500,8944157677,2023-11-19 23:59:59.999,705499025.699190,1026168,4305120582,339612563.508760,0
2023-11-20,0.080500,0.082300,0.076420,0.077740,9234204350,2023-11-20 23:59:59.999,739561785.820870,1242543,4478530460,358944586.018080,0
2023-11-21,0.077740,0.078800,0.070500,0.071760,10323890972,2023-11-21 23:59:59.999,777011296.355960,1470238,4764120630,358774112.623700,0
2023-11-22,0.071760,0.076610,0.071530,0.075740,5181648168,2023-11-22 23:59:59.999,387231560.944390,707142,2576059848,192491664.045190,0
2023-11-23,0.075740,0.076400,0.074920,0.076200,3283667043,2023-11-23 23:59:59.999,248974076.737350,466944,1587880054,120412749.814920,0
2023-11-24,0.076210,0.078660,0.076020,0.078160,4957419600,2023-11-24 23:59:59.999,384231641.721320,674327,2448974548,189833872.913030,0
2023-11-25,0.078160,0.079170,0.077540,0.078950,3137491513,2023-11-25 23:59:59.999,246389840.209580,482819,1540428966,120984144.062410,0
2023-11-26,0.078940,0.079010,0.075240,0.078650,4315584537,2023-11-26 23:59:59.999,334436664.339640,556251,2045019219,158523284.001820,0
2023-11-27,0.078650,0.081590,0.076750,0.078830,9198079108,2023-11-27 23:59:59.999,728372789.933640,1203269,4484237550,355238003.240150,0
2023-11-28,0.078830,0.081250,0.076670,0.080870,7763001899,2023-11-28 23:59:59.999,615449218.688190,924949,3977465764,315418083.760170,0
2023-11-29,0.080860,0.083180,0.079580,0.080470,7752801361,2023-11-29 23:59:59.999,629252329.518540,941372,3879940189,314967955.290250,0
2023-11-30,0.080460,0.084440,0.080400,0.083470,7445642421,2023-11-30 23:59:59.999,613376583.119470,925635,3855143296,317644291.561820,0
2023-12-01,0.083470,0.085110,0.082300,0.083850,6435976512,2023-12-01 23:59:59.999,538871189.625220,789352,3165250391,265092302.766290,0
2023-12-02,0.083850,0.086680,0.083250,0.086230,4696519979,2023-12-02 23:59:59.999,398383588.882720,630213,2385502559,202442356.834600,0
2023-12-03,0.086230,0.087500,0.083590,0.085740,5668386635,2023-12-03 23:59:59.999,483196745.250490,725059,2773252194,236445233.025330,0
2023-12-04,0.085750,0.092710,0.084620,0.091970,12953854744,2023-12-04 23:59:59.999,1148963980.686090,1619936,6435818277,570977155.614900,0
2023-12-05,0.091980,0.095940,0.087260,0.094390,11050426241,2023-12-05 23:59:59.999,1009627937.067620,1540564,5389784777,492733121.539570,0
2023-12-06,0.094400,0.106590,0.093440,0.095000,23534663791,2023-12-06 23:59:59.999,2359181579.669610,3320155,11462725926,1149683378.881990,0
2023-12-07,0.095010,0.098380,0.093000,0.095950,10998117425,2023-12-07 23:59:59.999,1051851141.690720,1494759,5398387645,516353589.804170,0
2023-12-08,0.095950,0.103990,0.095630,0.101740,8220681428,2023-12-08 23:59:59.999,812787799.666900,1138986,4019820434,397657701.971740,0
2023-12-09,0.101730,0.104980,0.097270,0.098560,8771065928,2023-12-09 23:59:59.999,890630091.321060,1173625,4180395257,424643805.079990,0
2023-12-10,0.098560,0.102840,0.096690,0.101970,5461680820,2023-12-10 23:59:59.999,547478008.054160,833995,2694437556,270120433.727140,0
2023-12-11,0.101970,0.107580,0.089020,0.094130,17190996617,2023-12-11 23:59:59.999,1680377864.008930,2319601,8268117733,808851029.873400,0
2023-12-12,0.094130,0.098090,0.091300,0.093850,7873840029,2023-12-12 23:59:59.999,746639542.809070,1123546,3848187370,365002935.772810,0
2023-12-13,0.093840,0.097590,0.089730,0.096470,6986462141,2023-12-13 23:59:59.999,650416793.121690,1041099,3392004911,315915228.547480,0
2023-12-14,0.096470,0.098810,0.092900,0.098370,5957415737,2023-12-14 23:59:59.999,575509596.413880,852913,2940259055,284125834.036800,0
2023-12-15,0.098370,0.098870,0.092100,0.093050,4525268735,2023-12-15 23:59:59.999,432161874.819040,682067,2135782991,203994430.856090,0
2023-12-16,0.093050,0.097300,0.091620,0.097150,4625374285,2023-12-16 23:59:59.999,437417911.669440,712051,2312400761,218738146.782960,0
2023-12-17,0.097150,0.097900,0.092400,0.092990,4609273114,2023-12-17 23:59:59.999,437508277.392070,747501,2197858747,208640861.807360,0
2023-12-18,0.093000,0.093840,0.086370,0.092150,6821762451,2023-12-18 23:59:59.999,613809532.110490,1053118,3301378196,297132071.119310,0
2023-12-19,0.092140,0.093550,0.089300,0.090250,4524255587,2023-12-19 23:59:59.999,414365898.131080,708421,2218258315,203210775.788220,0
2023-12-20,0.090260,0.093430,0.089490,0.091580,5525937000,2023-12-20 23:59:59.999,505191847.499640,848985,2760690923,252422260.690430,0
2023-12-21,0.091580,0.098100,0.090710,0.095090,7943436478,2023-12-21 23:59:59.999,748867642.735410,1103628,3901499829,367919433.347720,0
2023-12-22,0.095090,0.095700,0.092000,0.095050,5494735558,2023-12-22 23:59:59.999,515001411.979010,846542,2669430909,250236708.475940,0
2023-12-23,0.095050,0.095120,0.092070,0.093530,2845472809,2023-12-23 23:59:59.999,265301862.375490,479589,1334051444,124399435.327760,0
2023-12-24,0.093520,0.094980,0.090220,0.091760,4998056245,2023-12-24 23:59:59.999,467034596.029420,744032,2388240304,223248688.880890,0
2023-12-25,0.091760,0.095640,0.091270,0.094450,3926448209,2023-12-25 23:59:59.999,367096242.387950,586081,1926916714,180157432.459320,0
2023-12-26,0.094450,0.094560,0.085500,0.091430,5501263775,2023-12-26 23:59:59.999,503185314.845570,848270,2559752452,234265240.589140,0
2023-12-27,0.091440,0.093970,0.089590,0.093780,4150345188,2023-12-27 23:59:59.999,382952015.507360,668887,2064827761,190591793.896160,0
2023-12-28,0.093780,0.095100,0.091080,0.091800,4851369692,2023-12-28 23:59:59.999,451184104.010700,729218,2341438149,217732348.109310,0
2023-12-29,0.091810,0.093100,0.087540,0.091030,4540789859,2023-12-29 23:59:59.999,415031698.717960,714987,2134464012,195211950.425620,0
2023-12-30,0.091020,0.091510,0.089250,0.090070,2227692781,2023-12-30 23:59:59.999,201579277.858290,379042,1079106822,97668747.168730,0
2023-12-31,0.090070,0.091000,0.088000,0.089570,2026378830,2023-12-31 23:59:59.999,182532904.869280,372772,989010177,89113971.763080,0
2024-01-01,0.089580,0.092200,0.088520,0.092090,2204894963,2024-01-01 23:59:59.999,199675665.987100,402393,1101500317,99768061.593400,0
2024-01-02,0.092080,0.094500,0.090400,0.091150,4800668323,2024-01-02 23:59:59.999,444095404.808740,704234,2370119225,219257433.159260,0
2024-01-03,0.091160,0.092220,0.073580,0.081970,10115305028,2024-01-03 23:59:59.999,848756379.514170,1331433,4608686692,386717118.150970,0
2024-01-04,0.081980,0.084660,0.080910,0.084000,4608012237,2024-01-04 23:59:59.999,382232034.732900,599756,2292486490,190170291.984230,0
2024-01-05,0.084000,0.084820,0.078550,0.082660,6287285750,2024-01-05 23:59:59.999,517768880.296340,730826,3084102326,254017731.765460,0
2024-01-06,0.082670,0.082680,0.078300,0.080580,4244037881,2024-01-06 23:59:59.999,341940238.431170,600431,2106548593,169769180.424110,0
2024-01-07,0.080570,0.081510,0.076950,0.078210,4024559416,2024-01-07 23:59:59.999,320794205.820220,653824,1989609765,158689933.577700,0
2024-01-08,0.078200,0.081760,0.074080,0.081340,6753393531,2024-01-08 23:59:59.999,527965536.145270,848137,3297824072,257953497.182280,0
2024-01-09,0.081330,0.084050,0.076080,0.079230,11769930740,2024-01-09 23:59:59.999,934982060.021860,1607994,5818510809,462295272.868230,0
2024-01-10,0.079220,0.084980,0.076170,0.083090,7270889910,2024-01-10 23:59:59.999,578741844.159100,1163056,3557027136,283306119.777160,0
2024-01-11,0.083100,0.087950,0.082020,0.084570,7701675815,2024-01-11 23:59:59.999,653227102.383000,1161154,3769324420,319717207.045550,0
2024-01-12,0.084570,0.085520,0.076780,0.080080,5964677695,2024-01-12 23:59:59.999,492069978.084940,975748,2863899483,236497823.393610,0
2024-01-13,0.080080,0.081390,0.078580,0.080930,2674845188,2024-01-13 23:59:59.999,215223748.522970,428558,1314061144,105737144.279420,0
2024-01-14,0.080930,0.083940,0.079650,0.080030,4719538142,2024-01-14 23:59:59.999,386080068.326980,699338,2311352522,189126849.875450,0
2024-01-15,0.080020,0.081800,0.079860,0.081080,2776968668,2024-01-15 23:59:59.999,224861515.774220,435966,1353294610,109588904.998900,0
2024-01-16,0.081080,0.082600,0.079840,0.081360,3288378303,2024-01-16 23:59:59.999,267321310.075100,518493,1609394476,130829845.681710,0
2024-01-17,0.081360,0.081620,0.079300,0.080600,2514072706,2024-01-17 23:59:59.999,202593500.344840,383412,1190728701,95961146.094360,0
2024-01-18,0.080590,0.080830,0.076830,0.078090,3566373592,2024-01-18 23:59:59.999,281987319.588450,494642,1662140453,131411028.480040,0
2024-01-19,0.078080,0.078860,0.074790,0.078580,4106915950,2024-01-19 23:59:59.999,317500773.089300,582536,2024709029,156574761.008440,0
2024-01-20,0.078580,0.090560,0.078210,0.087760,8060976711,2024-01-20 23:59:59.999,674967413.986950,1085470,4086341190,342083223.430630,0
2024-01-21,0.087760,0.090480,0.084690,0.085470,11209520628,2024-01-21 23:59:59.999,979246658.746340,1451095,5532245831,483336133.692010,0
2024-01-22,0.085480,0.085630,0.080040,0.080550,8141427172,2024-01-22 23:59:59.999,676482535.816110,1241603,3998920345,332332244.649760,0
2024-01-23,0.080560,0.081880,0.075870,0.078170,6054194423,2024-01-23 23:59:59.999,473628824.133710,953333,2919328429,228353021.505390,0
2024-01-24,0.078160,0.080630,0.077600,0.079040,4066029304,2024-01-24 23:59:59.999,321445470.145070,575328,1999835928,158083189.863750,0
2024-01-25,0.079040,0.079260,0.077080,0.077930,2976225392,2024-01-25 23:59:59.999,231939967.963350,423803,1445987763,112711920.807930,0
2024-01-26,0.077940,0.080320,0.077510,0.079840,2877949165,2024-01-26 23:59:59.999,227738653.435110,432931,1426532293,112912936.527400,0
2024-01-27,0.079850,0.080700,0.078990,0.080100,1840476624,2024-01-27 23:59:59.999,146923058.791030,329315,928431135,74117410.443290,0
2024-01-28,0.080100,0.081480,0.078130,0.078790,2714136897,2024-01-28 23:59:59.999,216760763.615990,435579,1272209115,101614804.353830,0
2024-01-29,0.078800,0.083050,0.078140,0.081350,5962009215,2024-01-29 23:59:59.999,483392322.085860,919962,2943546083,238618466.527600,0
2024-01-30,0.081350,0.082160,0.079340,0.079700,3102449120,2024-01-30 23:59:59.999,251714765.119400,489662,1518241770,123200802.565790,0
2024-01-31,0.079700,0.080260,0.077900,0.078700,2895502307,2024-01-31 23:59:59.999,229573229.939060,500711,1354244432,107394405.396970,0
2024-02-01,0.078700,0.079830,0.077200,0.079330,2167583426,2024-02-01 23:59:59.999,170869293.999510,379680,1042713766,82225438.341450,0
2024-02-02,0.079330,0.079940,0.078540,0.079250,1832345463,2024-02-02 23:59:59.999,145365411.505080,290689,881532306,69934055.208770,0
2024-02-03,0.079250,0.079500,0.078500,0.078720,1097150939,2024-02-03 23:59:59.999,86757140.769150,200313,525114770,41528483.041060,0
2024-02-04,0.078710,0.079960,0.077500,0.078280,1789108578,2024-02-04 23:59:59.999,141160428.288140,295128,838817370,66208033.913540,0
2024-02-05,0.078270,0.080310,0.077260,0.078310,2754734561,2024-02-05 23:59:59.999,216995165.210520,430125,1336920666,105355237.384270,0
2024-02-06,0.078310,0.079220,0.077680,0.078490,1651633433,2024-02-06 23:59:59.999,129651558.120510,275327,807716700,63408532.279050,0
2024-02-07,0.078480,0.080320,0.078120,0.080130,1954698270,2024-02-07 23:59:59.999,154759835.784080,293761,978108167,77469956.312900,0
2024-02-08,0.080120,0.080860,0.079520,0.079860,2418711887,2024-02-08 23:59:59.999,193886794.586670,326244,1180092623,94606688.970850,0
2024-02-09,0.079860,0.082230,0.079850,0.081570,3407289704,2024-02-09 23:59:59.999,276928952.483710,434323,1719600332,139754523.298940,0
2024-02-10,0.081560,0.082170,0.080280,0.081410,1839753310,2024-02-10 23:59:59.999,149462122.895710,248858,918601041,74630983.143420,0
2024-02-11,0.081400,0.083800,0.080710,0.081230,3298852255,2024-02-11 23:59:59.999,270942198.143600,413232,1637595901,134552037.209990,0
2024-02-12,0.081220,0.082920,0.079400,0.082290,3833729763,2024-02-12 23:59:59.999,311168062.620990,506712,1860342592,151020329.712460,0
2024-02-13,0.082280,0.083090,0.079620,0.081100,3830245546,2024-02-13 23:59:59.999,312436487.482030,544079,1856364922,151460314.478800,0
2024-02-14,0.081110,0.087090,0.080520,0.085580,7362154140,2024-02-14 23:59:59.999,620128837.615620,825455,3744351296,315404477.373980,0
2024-02-15,0.085570,0.088310,0.083940,0.085340,6379066669,2024-02-15 23:59:59.999,548614860.150840,821064,3061343290,263300726.257370,0
2024-02-16,0.085340,0.088110,0.083910,0.085950,4599397820,2024-02-16 23:59:59.999,395113014.672410,604841,2222176911,190937348.470870,0
2024-02-17,0.085960,0.086130,0.081880,0.083610,3364046488,2024-02-17 23:59:59.999,282188055.990290,457936,1592477547,133601711.611370,0
2024-02-18,0.083620,0.085800,0.082840,0.085230,3084963577,2024-02-18 23:59:59.999,259901471.683870,416138,1530462752,128927178.142490,0
2024-02-19,0.085230,0.090910,0.085080,0.089490,6031555707,2024-02-19 23:59:59.999,528214563.183360,784457,2999064121,262711948.024060,0
2024-02-20,0.089490,0.091710,0.081810,0.086180,7109568834,2024-02-20 23:59:59.999,617870930.879200,1123559,3406134309,296195819.871310,0
2024-02-21,0.086190,0.086330,0.081960,0.084620,4118268183,2024-02-21 23:59:59.999,345041880.142840,643356,1967621176,164869887.159160,0
2024-02-22,0.084620,0.085600,0.083060,0.084170,2980537917,2024-02-22 23:59:59.999,252173552.219670,536647,1448127154,122530366.137390,0
2024-02-23,0.084170,0.085620,0.082900,0.084570,3687383085,2024-02-23 23:59:59.999,310305071.129780,652705,1796776369,151216528.480500,0
2024-02-24,0.084570,0.086450,0.083900,0.086220,2621303702,2024-02-24 23:59:59.999,223890006.741220,412461,1300854193,111137255.221730,0
2024-02-25,0.086220,0.086890,0.085270,0.086180,2470389581,2024-02-25 23:59:59.999,213089447.122650,383731,1179573332,101760280.459980,0
2024-02-26,0.086190,0.090150,0.084210,0.089330,4517097057,2024-02-26 23:59:59.999,392274408.043400,665834,2284579613,198560396.947630,0
2024-02-27,0.089330,0.100710,0.088560,0.097680,15438395355,2024-02-27 23:59:59.999,1477223083.966380,2215238,7770763379,743587221.415700,0
2024-02-28,0.097690,0.123690,0.094100,0.115960,27263889469,2024-02-28 23:59:59.999,2932094455.447720,4506180,13521156778,1455385221.124300,0
2024-02-29,0.115970,0.135230,0.111330,0.117430,24836989582,2024-02-29 23:59:59.999,3123485074.000410,5903725,12013383277,1512013879.182380,0
2024-03-01,0.117430,0.145800,0.117020,0.139530,19044188254,2024-03-01 23:59:59.999,2468446031.635390,4338089,9537188766,1237391190.042220,0
2024-03-02,0.139520,0.151470,0.136010,0.142190,15111767967,2024-03-02 23:59:59.999,2159313340.477370,4196855,7340073568,1049474502.467980,0
2024-03-03,0.142180,0.156550,0.119900,0.153650,15876559147,2024-03-03 23:59:59.999,2256913733.967590,4722518,7763993750,1106091411.080880,0
2024-03-04,0.153660,0.185860,0.144510,0.182180,23483076976,2024-03-04 23:59:59.999,3945479826.812820,7098374,11566492914,1943402751.988140,0
2024-03-05,0.182160,0.207110,0.120350,0.153020,34530407634,2024-03-05 23:59:59.999,5823715701.252340,10759039,16595473107,2807475581.405230,0
2024-03-06,0.153060,0.179970,0.146070,0.157970,16763292268,2024-03-06 23:59:59.999,2705640162.711770,5894161,8151784548,1316395961.753430,0
2024-03-07,0.157970,0.162450,0.146600,0.157810,12556498716,2024-03-07 23:59:59.999,1939778911.135010,4537287,6193112467,957141589.055730,0
2024-03-08,0.157830,0.176310,0.154670,0.164670,15279281290,2024-03-08 23:59:59.999,2543778780.914680,5994176,7524088385,1252916563.595000,0
2024-03-09,0.164660,0.185110,0.163110,0.179010,11296684050,2024-03-09 23:59:59.999,1963611309.569610,4094829,5603241771,974602773.343080,0
2024-03-10,0.179010,0.179900,0.165420,0.170070,7929279016,2024-03-10 23:59:59.999,1375460722.117540,2854266,3800459449,659768290.181100,0
2024-03-11,0.170080,0.183490,0.159580,0.182360,9413349360,2024-03-11 23:59:59.999,1630629955.901760,3635108,4653291284,806613480.973810,0
2024-03-12,0.182360,0.183890,0.151150,0.168270,9287035245,2024-03-12 23:59:59.999,1570448715.402980,3583328,4369363306,739154240.836080,0
2024-03-13,0.168270,0.174750,0.164880,0.169110,6410675531,2024-03-13 23:59:59.999,1090197813.891630,2695699,3145634520,535118322.689630,0
2024-03-14,0.169110,0.193940,0.163920,0.177420,22814109179,2024-03-14 23:59:59.999,4104041285.849810,8016610,11118982754,2001401625.493110,0
2024-03-15,0.177410,0.181650,0.150720,0.163700,15258341767,2024-03-15 23:59:59.999,2508355394.502660,5230956,7302919591,1200778542.644360,0
2024-03-16,0.163710,0.165470,0.138020,0.142610,11894028124,2024-03-16 23:59:59.999,1796732651.100060,3634116,5768484908,871652605.461950,0
2024-03-17,0.142620,0.159390,0.136730,0.154390,10672546679,2024-03-17 23:59:59.999,1585116721.285200,3209911,5385806606,800327433.053860,0
2024-03-18,0.154390,0.154430,0.140100,0.143620,8189696925,2024-03-18 23:59:59.999,1201286441.359190,2596002,3962970003,581176288.445520,0
2024-03-19,0.143620,0.145280,0.125310,0.128870,15296758458,2024-03-19 23:59:59.999,2022931854.228000,3992724,7521100203,994475066.771970,0
2024-03-20,0.128870,0.153450,0.122520,0.152230,15288846221,2024-03-20 23:59:59.999,2087624859.641270,4074160,7682565857,1050250840.932360,0
2024-03-21,0.152220,0.160380,0.146750,0.155490,11260948202,2024-03-21 23:59:59.999,1720489857.635420,3799125,5558488509,849498710.063900,0
2024-03-22,0.155490,0.165190,0.145330,0.153040,11836950298,2024-03-22 23:59:59.999,1831040900.689980,4207111,5756515739,890390040.452800,0
2024-03-23,0.153050,0.175110,0.151740,0.162020,12109268521,2024-03-23 23:59:59.999,1992302381.066220,4216344,6047657565,995045943.059070,0
2024-03-24,0.162020,0.180360,0.161280,0.176600,12234824720,2024-03-24 23:59:59.999,2106040077.182820,4519243,6217407657,1069894146.240530,0
2024-03-25,0.176600,0.187300,0.170110,0.175390,10515387262,2024-03-25 23:59:59.999,1865458923.952880,3860137,5235400811,928983743.340510,0
2024-03-26,0.175390,0.187500,0.173800,0.182450,10748721232,2024-03-26 23:59:59.999,1939453268.509980,4172288,5314589299,959153479.428060,0
2024-03-27,0.182440,0.192290,0.178230,0.190700,16070494043,2024-03-27 23:59:59.999,2987885221.809040,6738467,7975098828,1483279476.993090,0
2024-03-28,0.190710,0.229300,0.189400,0.220220,22509933466,2024-03-28 23:59:59.999,4770560285.944630,9338615,11333719308,2401467582.506340,0
2024-03-29,0.220220,0.225060,0.208040,0.213190,12291094076,2024-03-29 23:59:59.999,2642689495.365980,4896940,6067706154,1304545718.983380,0
2024-03-30,0.213180,0.217170,0.196180,0.199290,8120251970,2024-03-30 23:59:59.999,1678202889.664660,2928910,3895887248,805584592.072990,0
2024-03-31,0.199290,0.224780,0.199260,0.220240,7696864873,2024-03-31 23:59:59.999,1630527316.290490,2816498,3840515749,814124703.751330,0
2024-04-01,0.220230,0.220320,0.196400,0.205130,11400935843,2024-04-01 23:59:59.999,2351287223.268640,4077858,5571652953,1149214108.668160,0
2024-04-02,0.205130,0.205440,0.180030,0.182600,13675860469,2024-04-02 23:59:59.999,2564908061.666540,4399639,6607709765,1239047361.041110,0
2024-04-03,0.182590,0.187650,0.170190,0.175350,11343293149,2024-04-03 23:59:59.999,2046027667.513630,3522813,5513410622,995179321.593230,0
2024-04-04,0.175330,0.188460,0.172000,0.180060,8574368842,2024-04-04 23:59:59.999,1548852932.522200,2713529,4195728729,757954508.228680,0
2024-04-05,0.180060,0.180960,0.167490,0.177330,7112183944,2024-04-05 23:59:59.999,1239368409.066780,2434661,3463175754,603744209.287080,0
2024-04-06,0.177330,0.188000,0.176530,0.185850,5646664855,2024-04-06 23:59:59.999,1031367450.832560,1954066,2799936571,511446142.721550,0
2024-04-07,0.185860,0.205360,0.185560,0.199020,9587595451,2024-04-07 23:59:59.999,1892442828.143400,3020948,4826622517,952796629.349500,0
2024-04-08,0.199020,0.209270,0.195600,0.202770,7687361187,2024-04-08 23:59:59.999,1563034411.311760,2724272,3790293249,770869390.294700,0
2024-04-09,0.202760,0.203640,0.186000,0.189270,7829366427,2024-04-09 23:59:59.999,1518883458.539230,2594104,3758381734,729240182.104130,0
2024-04-10,0.189260,0.202450,0.180200,0.199900,9951528941,2024-04-10 23:59:59.999,1906539232.646100,3479424,4928116558,944765549.015350,0
2024-04-11,0.199900,0.203780,0.189770,0.193930,8207686608,2024-04-11 23:59:59.999,1605797411.927800,2832757,3949319409,772905271.329470,0
2024-04-12,0.193930,0.201510,0.153050,0.174060,14469183350,2024-04-12 23:59:59.999,2660435996.642380,4771317,6855286441,1262728140.093290,0
2024-04-13,0.174070,0.175950,0.124000,0.152560,20182665249,2024-04-13 23:59:59.999,3122967022.799210,5587314,9631076783,1491850344.216060,0
2024-04-14,0.152570,0.165000,0.143660,0.161970,13617487056,2024-04-14 23:59:59.999,2085232857.958040,4075685,6733553370,1031264210.809550,0
2024-04-15,0.161970,0.168930,0.150200,0.161150,14028761674,2024-04-15 23:59:59.999,2221970246.145480,4074126,6994742307,1107769442.496040,0
2024-04-16,0.161160,0.162450,0.146170,0.155940,11138242201,2024-04-16 23:59:59.999,1714057205.513270,3522380,5456853724,839854735.042180,0
2024-04-17,0.155950,0.158660,0.144150,0.147470,8686238358,2024-04-17 23:59:59.999,1312712200.825660,2750920,4299723687,650101359.095470,0
2024-04-18,0.147470,0.153660,0.140790,0.152150,8976329715,2024-04-18 23:59:59.999,1328708523.120930,2598487,4415474951,653644225.027190,0
2024-04-19,0.152150,0.157150,0.138740,0.156270,10135487854,2024-04-19 23:59:59.999,1517281516.729590,2932440,5006384823,749868727.027080,0
2024-04-20,0.156260,0.165100,0.150540,0.162510,7060624214,2024-04-20 23:59:59.999,1112977888.584070,2337728,3477825318,548443082.566130,0
2024-04-21,0.162520,0.165780,0.155010,0.158150,5771562589,2024-04-21 23:59:59.999,925840898.988740,2187351,2849978791,457411378.843380,0
2024-04-22,0.158140,0.163320,0.156310,0.161150,5420672851,2024-04-22 23:59:59.999,867315917.815100,2105881,2663430351,426271458.444200,0
2024-04-23,0.161150,0.162970,0.156700,0.159720,4239473770,2024-04-23 23:59:59.999,677564386.589690,1604206,2070845582,331029045.154740,0
2024-04-24,0.159720,0.164500,0.149230,0.151300,7492860623,2024-04-24 23:59:59.999,1182047084.435320,2411841,3647774913,575610327.247320,0
2024-04-25,0.151310,0.154320,0.147330,0.151230,4904010757,2024-04-25 23:59:59.999,738547943.340410,1502963,2429569457,365982570.879580,0
2024-04-26,0.151240,0.151710,0.146740,0.147920,3867778223,2024-04-26 23:59:59.999,578028223.297150,1145146,1855613094,277340439.827900,0
2024-04-27,0.147910,0.149650,0.141450,0.147670,4145421485,2024-04-27 23:59:59.999,604821360.650650,1210326,2000949495,292027539.156510,0
2024-04-28,0.147670,0.151060,0.145880,0.146590,2886931954,2024-04-28 23:59:59.999,430662668.788960,864976,1400922850,209087950.230640,0
2024-04-29,0.146590,0.148030,0.139430,0.143340,5254723100,2024-04-29 23:59:59.999,748618617.448010,1447022,2535138288,361117265.538810,0
2024-04-30,0.143340,0.145930,0.129010,0.133290,7405703381,2024-04-30 23:59:59.999,1009783403.584240,1806555,3562258939,485758675.187380,0
2024-05-01,0.133290,0.133870,0.120020,0.130140,11430095089,2024-05-01 23:59:59.999,1447769545.130880,2507362,5576293267,706527735.679130,0
2024-05-02,0.130130,0.134360,0.123970,0.131880,6974741361,2024-05-02 23:59:59.999,907166496.033220,1577645,3455645240,449477635.396130,0
2024-05-03,0.131870,0.148000,0.131040,0.145970,6216414768,2024-05-03 23:59:59.999,855603797.959390,1483455,3158134570,435216881.151040,0
2024-05-04,0.145970,0.170250,0.145650,0.160050,13633191396,2024-05-04 23:59:59.999,2165942658.542940,3107430,6785463064,1077548335.165180,0
2024-05-05,0.160050,0.163480,0.154450,0.160890,7666446427,2024-05-05 23:59:59.999,1227235085.462110,1921083,3786018330,606239902.672550,0
2024-05-06,0.160900,0.169100,0.154060,0.156420,9423091018,2024-05-06 23:59:59.999,1517602305.206690,2295546,4612563567,743403996.115050,0
2024-05-07,0.156420,0.159900,0.149250,0.149970,6061883296,2024-05-07 23:59:59.999,943851585.229630,1625319,2903357540,452389012.246730,0
2024-05-08,0.149970,0.151910,0.142000,0.143110,5796618873,2024-05-08 23:59:59.999,856287587.920050,1590129,2791095413,412551949.383450,0
2024-05-09,0.143110,0.154120,0.143000,0.152110,5630678588,2024-05-09 23:59:59.999,831855300.461530,1510373,2837644910,419234022.958850,0
2024-05-10,0.152110,0.153850,0.142160,0.143810,5453074798,2024-05-10 23:59:59.999,802128070.102080,1464119,2576305524,379194676.653250,0
2024-05-11,0.143800,0.146230,0.142420,0.143000,2641063839,2024-05-11 23:59:59.999,380612890.569470,817649,1296939045,186944559.059470,0
2024-05-12,0.142990,0.144400,0.138900,0.141110,3553281432,2024-05-12 23:59:59.999,504001324.608040,948237,1703855006,241881826.433750,0
2024-05-13,0.141110,0.157280,0.135740,0.148560,10554278897,2024-05-13 23:59:59.999,1553391573.277260,2635194,5243232983,772306780.887450,0
2024-05-14,0.148560,0.155100,0.144220,0.145430,8650010265,2024-05-14 23:59:59.999,1290825061.503570,2333676,4281524412,639357004.155670,0
2024-05-15,0.145430,0.156960,0.145200,0.155270,6670066230,2024-05-15 23:59:59.999,1006602575.763340,1977289,3337702452,503812139.770030,0
2024-05-16,0.155270,0.159310,0.148570,0.149630,4644310466,2024-05-16 23:59:59.999,713075377.683060,1335083,2268278453,348461330.182610,0
2024-05-17,0.149620,0.156640,0.149100,0.155490,3439604819,2024-05-17 23:59:59.999,526471564.987310,1204774,1722644685,263673633.008560,0
2024-05-18,0.155500,0.156880,0.151120,0.152950,2838591770,2024-05-18 23:59:59.999,437293613.416950,952541,1358332779,209284661.278480,0
2024-05-19,0.152950,0.156000,0.147300,0.148990,3354546838,2024-05-19 23:59:59.999,508332279.164090,1152243,1567464547,237699548.157870,0
2024-05-20,0.148990,0.166370,0.147550,0.165720,6097543108,2024-05-20 23:59:59.999,947515034.022500,1890880,3096843354,481520941.156270,0
2024-05-21,0.165730,0.173460,0.160760,0.170350,8184220395,2024-05-21 23:59:59.999,1365308357.486460,2437014,4063940315,678476325.793790,0
2024-05-22,0.170340,0.174800,0.161750,0.166370,6535839724,2024-05-22 23:59:59.999,1097622765.526720,2126338,3185542351,535334466.957260,0
2024-05-23,0.166380,0.169540,0.150040,0.159730,7753757267,2024-05-23 23:59:59.999,1249226569.669850,2335507,3680760264,593393605.141990,0
2024-05-24,0.159730,0.173370,0.155020,0.163880,10252076342,2024-05-24 23:59:59.999,1680416842.781120,2958859,5113088847,838674802.346870,0
2024-05-25,0.163870,0.174420,0.162710,0.174100,4606831145,2024-05-25 23:59:59.999,771411411.612810,1558754,2303796363,385973375.289740,0
2024-05-26,0.174100,0.174970,0.165570,0.166250,4704514017,2024-05-26 23:59:59.999,800729078.698360,1654060,2286403527,389391585.040250,0
2024-05-27,0.166250,0.173700,0.164200,0.169190,4325363068,2024-05-27 23:59:59.999,730580229.685430,1623756,2121662691,358425091.442550,0
2024-05-28,0.169200,0.169990,0.161600,0.165110,5264752542,2024-05-28 23:59:59.999,869397973.063170,1713827,2456643479,405856949.061430,0
2024-05-29,0.165100,0.171140,0.162240,0.163970,5622828087,2024-05-29 23:59:59.999,935414763.923340,1819532,2742612066,456509705.822470,0
2024-05-30,0.163970,0.165880,0.156420,0.159540,5938930519,2024-05-30 23:59:59.999,957884323.963450,1750819,2832026569,457099136.144150,0
2024-05-31,0.159530,0.163090,0.154320,0.159090,3731739918,2024-05-31 23:59:59.999,593798231.227800,1366628,1742072064,277380679.477090,0
2024-06-01,0.159090,0.161960,0.158510,0.160430,1664390815,2024-06-01 23:59:59.999,266630699.493940,718550,835299793,133823542.471230,0
2024-06-02,0.160440,0.161490,0.154710,0.157180,2356520612,2024-06-02 23:59:59.999,372552073.733610,995327,1124106826,177760631.941230,0
2024-06-03,0.157190,0.163630,0.155880,0.158410,3619931729,2024-06-03 23:59:59.999,581540327.899240,1361550,1762807180,283206411.890910,0
2024-06-04,0.158410,0.161990,0.157160,0.161480,2542408881,2024-06-04 23:59:59.999,405509943.568330,1188645,1263261135,201566584.960330,0
2024-06-05,0.161490,0.164990,0.161290,0.163410,2915667143,2024-06-05 23:59:59.999,475508810.781520,1127227,1468082089,239472100.650650,0
2024-06-06,0.163420,0.165950,0.158360,0.160260,3026363245,2024-06-06 23:59:59.999,491224381.035900,971069,1462699275,237500655.629290,0
2024-06-07,0.160250,0.162230,0.136280,0.148210,6178365718,2024-06-07 23:59:59.999,941335671.618060,1815679,2796624520,426872317.180050,0
2024-06-08,0.148210,0.148760,0.143540,0.145890,2533901653,2024-06-08 23:59:59.999,371420562.489630,868481,1177129079,172522650.147770,0
2024-06-09,0.145880,0.149160,0.144910,0.146760,1870823986,2024-06-09 23:59:59.999,274324859.824770,599151,902221809,132272729.668510,0
2024-06-10,0.146760,0.147940,0.143150,0.144760,2245095301,2024-06-10 23:59:59.999,325874658.019730,789421,1092404962,158579882.625570,0
2024-06-11,0.144770,0.145200,0.133500,0.138010,4618301671,2024-06-11 23:59:59.999,643884991.150460,1444902,2161624092,301416573.256540,0
2024-06-12,0.138010,0.150800,0.134530,0.146240,5694327587,2024-06-12 23:59:59.999,824455867.344410,1698524,2991021065,433395299.170240,0
2024-06-13,0.146230,0.146520,0.140110,0.141110,3514894245,2024-06-13 23:59:59.999,502937394.711810,1121289,1754309934,251091584.554240,0
2024-06-14,0.141110,0.143410,0.131000,0.134880,4175649478,2024-06-14 23:59:59.999,573482556.109260,1246615,1858966125,256040297.688510,0
2024-06-15,0.134880,0.137420,0.133910,0.136700,1723144676,2024-06-15 23:59:59.999,234733376.378260,635970,849871585,115793501.722670,0
2024-06-16,0.136700,0.137640,0.134580,0.137050,1445336792,2024-06-16 23:59:59.999,196847566.476820,496225,718338262,97840094.806090,0
2024-06-17,0.137040,0.138190,0.126000,0.128690,5085898045,2024-06-17 23:59:59.999,670799476.426000,1273815,2374282817,313530030.675670,0
2024-06-18,0.128690,0.129220,0.113090,0.122160,7645064625,2024-06-18 23:59:59.999,920981935.573080,1776242,3599982436,433800734.094260,0
2024-06-19,0.122160,0.126700,0.121330,0.122420,3453097200,2024-06-19 23:59:59.999,427846824.399740,882106,1709888992,211870081.899600,0
2024-06-20,0.122420,0.128720,0.121270,0.124470,3492150940,2024-06-20 23:59:59.999,434200436.794210,1081345,1753641402,218126370.994370,0
2024-06-21,0.124470,0.125650,0.121290,0.124110,3187486826,2024-06-21 23:59:59.999,393938924.072920,1095160,1518888480,187777543.444190,0
2024-06-22,0.124100,0.125510,0.122800,0.123680,1534998077,2024-06-22 23:59:59.999,190725548.357170,535983,752034718,93451117.683150,0
2024-06-23,0.123680,0.126350,0.120790,0.122140,2809094606,2024-06-23 23:59:59.999,347625744.249650,671922,1377312051,170441575.597870,0
2024-06-24,0.122140,0.123890,0.113550,0.118940,5104000416,2024-06-24 23:59:59.999,602937864.398330,1327242,2496856222,295072323.215090,0
2024-06-25,0.118940,0.128560,0.118730,0.126110,3928342660,2024-06-25 23:59:59.999,487624688.968400,992274,1973657062,245040119.422020,0
2024-06-26,0.126100,0.128630,0.121770,0.122740,2612291878,2024-06-26 23:59:59.999,325642688.857470,726470,1269055120,158224924.849590,0
2024-06-27,0.122740,0.128430,0.120590,0.127070,3145774628,2024-06-27 23:59:59.999,389758617.146170,790404,1597774130,197989020.760290,0
2024-06-28,0.127070,0.128490,0.122110,0.123010,3156165713,2024-06-28 23:59:59.999,396048602.938260,838411,1497489461,187992817.288990,0
2024-06-29,0.123010,0.124360,0.121330,0.121800,1188228955,2024-06-29 23:59:59.999,146478007.127350,416622,594948790,73356705.636830,0
2024-06-30,0.121800,0.125600,0.120430,0.124450,1678608985,2024-06-30 23:59:59.999,205949508.401630,564153,828683461,101685477.717600,0
2024-07-01,0.124450,0.127480,0.123160,0.123450,2194980351,2024-07-01 23:59:59.999,274836149.979960,650326,1071233752,134125273.907410,0
2024-07-02,0.123440,0.125410,0.122350,0.125290,1819120240,2024-07-02 23:59:59.999,225046961.002890,573409,900883720,111487122.644980,0
2024-07-03,0.125280,0.125540,0.116680,0.118420,3309115914,2024-07-03 23:59:59.999,397037514.640990,831982,1546826879,185547591.259310,0
2024-07-04,0.118420,0.119060,0.103740,0.104970,7169067410,2024-07-04 23:59:59.999,792064248.601230,1403193,3425618411,378374961.618170,0
2024-07-05,0.104970,0.106420,0.090990,0.105370,10276862410,2024-07-05 23:59:59.999,1016970380.252870,1956995,5042286556,499255165.674320,0
2024-07-06,0.105370,0.114130,0.104640,0.113370,4596291191,2024-07-06 23:59:59.999,500816072.556410,1067789,2303927374,251108015.666300,0
2024-07-07,0.113380,0.113450,0.103530,0.104090,3509386559,2024-07-07 23:59:59.999,381358280.941660,934219,1665059914,180986300.027980,0
2024-07-08,0.104090,0.111330,0.098670,0.107520,5790274694,2024-07-08 23:59:59.999,610622756.921420,1450982,2849262030,300591603.914160,0
2024-07-09,0.107520,0.109480,0.105710,0.107510,2530010202,2024-07-09 23:59:59.999,272645372.054830,780842,1242117480,133855620.581690,0
2024-07-10,0.107500,0.110490,0.105640,0.107940,2466464037,2024-07-10 23:59:59.999,267821436.048140,728051,1201855117,130505642.506620,0
2024-07-11,0.107940,0.112380,0.106070,0.106560,2485411091,2024-07-11 23:59:59.999,270303765.684140,740888,1216478634,132348919.917090,0
2024-07-12,0.106560,0.108270,0.104700,0.107590,1844398177,2024-07-12 23:59:59.999,196418910.277450,572164,902859136,96162813.155530,0
2024-07-13,0.107590,0.112980,0.107210,0.112270,2180745260,2024-07-13 23:59:59.999,240417119.974660,633096,1121665301,123705763.109640,0
2024-07-14,0.112260,0.116960,0.111050,0.115260,2398395100,2024-07-14 23:59:59.999,271931628.523330,681592,1151110184,130546298.480110,0
2024-07-15,0.115270,0.125490,0.114510,0.124820,3830490137,2024-07-15 23:59:59.999,456624289.899290,1044911,1948319646,232374881.931540,0
2024-07-16,0.124810,0.127800,0.118880,0.124740,4267220054,2024-07-16 23:59:59.999,527927102.483780,1210346,2065258538,255610119.815580,0
2024-07-17,0.124740,0.127650,0.120250,0.121720,3084565832,2024-07-17 23:59:59.999,382950200.105730,890015,1499204643,186130060.962520,0
2024-07-18,0.121720,0.123900,0.117030,0.119480,2765873894,2024-07-18 23:59:59.999,333690291.806960,786235,1351811919,163147313.158650,0
2024-07-19,0.119480,0.126000,0.117350,0.125410,2820787346,2024-07-19 23:59:59.999,343657459.834390,785363,1415623025,172484066.007500,0
2024-07-20,0.125410,0.135780,0.124230,0.134200,4930329532,2024-07-20 23:59:59.999,644553030.094710,1184935,2472609186,323243649.170450,0
2024-07-21,0.134210,0.143720,0.125640,0.140250,6312618809,2024-07-21 23:59:59.999,846983095.104120,1477014,3137410621,421179019.896260,0
2024-07-22,0.140250,0.142650,0.135500,0.137700,5954680579,2024-07-22 23:59:59.999,828150956.042500,1644285,2860837365,398000809.607950,0
2024-07-23,0.137700,0.139180,0.128000,0.130240,4799695039,2024-07-23 23:59:59.999,639071561.523650,1378912,2302455905,306662480.407330,0
2024-07-24,0.130230,0.134770,0.126780,0.127860,2982994327,2024-07-24 23:59:59.999,391485799.435370,952439,1437073390,188737407.529540,0
2024-07-25,0.127850,0.128690,0.120000,0.125160,4384880174,2024-07-25 23:59:59.999,542281599.683010,1283831,2122898038,262617593.022190,0
2024-07-26,0.125170,0.134930,0.124980,0.134160,3118303755,2024-07-26 23:59:59.999,406240220.204710,1029940,1591168291,207343045.252570,0
2024-07-27,0.134160,0.138780,0.130010,0.131410,6415282593,2024-07-27 23:59:59.999,861692770.074470,1605483,3086662890,414753426.618790,0
2024-07-28,0.131410,0.131790,0.128050,0.129960,2305829237,2024-07-28 23:59:59.999,299993100.661620,747302,1152622982,149998707.432090,0
2024-07-29,0.129950,0.135050,0.127440,0.128370,3834267846,2024-07-29 23:59:59.999,505697765.058920,1170830,1840270044,242755365.433170,0
2024-07-30,0.128370,0.130580,0.123080,0.125420,2869025828,2024-07-30 23:59:59.999,365745195.380760,978004,1385669158,176802780.517150,0
2024-07-31,0.125430,0.127300,0.121070,0.121870,2741415670,2024-07-31 23:59:59.999,342158663.813570,956371,1310041475,163609262.772160,0
2024-08-01,0.121860,0.123080,0.112000,0.118950,4532064697,2024-08-01 23:59:59.999,533456666.901970,1230488,2156503935,253802639.568720,0
2024-08-02,0.118940,0.119690,0.110120,0.111490,4150663024,2024-08-02 23:59:59.999,475010219.984950,1261498,2003651098,229489023.743380,0
2024-08-03,0.111480,0.114680,0.105170,0.108070,4124443331,2024-08-03 23:59:59.999,453693448.861820,1132761,2032289445,223619717.420550,0
2024-08-04,0.108060,0.109370,0.098900,0.103710,4523981980,2024-08-04 23:59:59.999,470904079.380790,1159622,2165646492,225489663.436770,0
2024-08-05,0.103700,0.104250,0.080410,0.094300,18262623411,2024-08-05 23:59:59.999,1647463903.433200,3610500,8806240079,794562037.051260,0
2024-08-06,0.094310,0.101420,0.093900,0.096380,5777298183,2024-08-06 23:59:59.999,563614059.901430,1554255,2814698039,274653146.058230,0
2024-08-07,0.096390,0.102010,0.094210,0.095550,5776931527,2024-08-07 23:59:59.999,566229688.816800,1567257,2822509081,276692313.642910,0
2024-08-08,0.095540,0.107970,0.093480,0.107410,5088807324,2024-08-08 23:59:59.999,515971447.534750,1421871,2566064519,260486719.517160,0
2024-08-09,0.107410,0.107780,0.101530,0.103780,2863195804,2024-08-09 23:59:59.999,298320561.978850,1074997,1395984550,145439963.221440,0
2024-08-10,0.103790,0.105870,0.102820,0.105110,1421538826,2024-08-10 23:59:59.999,148424595.344220,650778,704769405,73587958.098300,0
2024-08-11,0.105120,0.110940,0.100010,0.100530,4077520553,2024-08-11 23:59:59.999,432367932.968710,1264031,1968039763,208688647.606930,0
2024-08-12,0.100540,0.108640,0.100050,0.107840,4666506712,2024-08-12 23:59:59.999,489231245.728190,1456597,2307182610,241873685.766210,0
2024-08-13,0.107830,0.108990,0.103240,0.106300,2991455218,2024-08-13 23:59:59.999,316512131.094930,1087168,1430462415,151412989.037350,0
2024-08-14,0.106300,0.106860,0.101300,0.102350,2502066841,2024-08-14 23:59:59.999,260919912.067420,909904,1174910681,122558256.961400,0
2024-08-15,0.102350,0.104910,0.097820,0.100130,3310867931,2024-08-15 23:59:59.999,335116018.229230,980203,1591285292,161197314.384500,0
2024-08-16,0.100130,0.102000,0.097360,0.100280,2751993532,2024-08-16 23:59:59.999,275552704.946320,872847,1363326998,136552030.499180,0
2024-08-17,0.100280,0.103660,0.099920,0.102710,1360331438,2024-08-17 23:59:59.999,138475349.607420,478982,688927160,70149953.094940,0
2024-08-18,0.102710,0.104560,0.099890,0.099980,1793703263,2024-08-18 23:59:59.999,183987706.909940,633535,859363024,88175716.796050,0
2024-08-19,0.099990,0.101900,0.098530,0.101270,2113793420,2024-08-19 23:59:59.999,211480207.683810,760112,1072287266,107331814.407380,0
2024-08-20,0.101280,0.106240,0.101020,0.102860,4307884729,2024-08-20 23:59:59.999,447079096.621890,1087105,2151501026,223273679.901470,0
2024-08-21,0.102850,0.107920,0.102030,0.106120,2413234780,2024-08-21 23:59:59.999,252206065.776230,862538,1173498609,122711364.292930,0
2024-08-22,0.106130,0.106860,0.103920,0.105220,1651361717,2024-08-22 23:59:59.999,174161560.905790,689964,790528063,83378508.629880,0
2024-08-23,0.105210,0.115400,0.105180,0.112880,4778174844,2024-08-23 23:59:59.999,524915734.881710,1160796,2445445738,268619715.065400,0
2024-08-24,0.112880,0.114960,0.110670,0.112500,3077571960,2024-08-24 23:59:59.999,347119911.676430,851151,1493959741,168551011.459610,0
2024-08-25,0.112510,0.112790,0.107720,0.109540,2746210501,2024-08-25 23:59:59.999,302130640.861980,792913,1317751770,145011827.331010,0
2024-08-26,0.109540,0.110270,0.104310,0.105130,2785624205,2024-08-26 23:59:59.999,299051668.858850,852270,1325004562,142241788.454450,0
2024-08-27,0.105130,0.106480,0.096220,0.098840,3408398507,2024-08-27 23:59:59.999,348515736.697990,1011884,1554138158,159008192.686530,0
2024-08-28,0.098840,0.101860,0.096760,0.099560,3196152119,2024-08-28 23:59:59.999,317767231.240690,995007,1516107857,150780467.139120,0
2024-08-29,0.099560,0.102570,0.098210,0.100310,2088230383,2024-08-29 23:59:59.999,209698563.888700,746971,1035320331,103981551.000570,0
2024-08-30,0.100310,0.103250,0.096890,0.101750,3349261533,2024-08-30 23:59:59.999,335764957.096840,956823,1664056084,166990432.407720,0
2024-08-31,0.101750,0.102350,0.100300,0.101240,1524266387,2024-08-31 23:59:59.999,154567146.012320,625418,771897407,78291407.009670,0
2024-09-01,0.101240,0.101480,0.093820,0.095020,2621199930,2024-09-01 23:59:59.999,256716002.786350,790393,1152457566,112948806.579840,0
2024-09-02,0.095020,0.099940,0.094030,0.099070,2609384402,2024-09-02 23:59:59.999,252825401.463400,778978,1295034987,125515191.148440,0
2024-09-03,0.099070,0.100740,0.096340,0.096740,2382009998,2024-09-03 23:59:59.999,234775016.451570,785968,1160374541,114369408.901100,0
2024-09-04,0.096730,0.099510,0.091860,0.097970,3924708420,2024-09-04 23:59:59.999,377045443.885540,997402,1930393025,185598432.630500,0
2024-09-05,0.097970,0.099140,0.095950,0.098370,2775734395,2024-09-05 23:59:59.999,270921996.711620,793861,1339377475,130732891.740790,0
2024-09-06,0.098370,0.099400,0.088860,0.092440,5711171883,2024-09-06 23:59:59.999,536856598.864610,1270581,2693806486,253260746.699550,0
2024-09-07,0.092440,0.095650,0.091700,0.095340,2235988037,2024-09-07 23:59:59.999,210400202.293020,659397,1109673864,104459877.071690,0
2024-09-08,0.095340,0.096980,0.093760,0.096090,2154311260,2024-09-08 23:59:59.999,205749382.795710,668471,1048655772,100149687.890490,0
2024-09-09,0.096090,0.104920,0.095640,0.103750,4504784462,2024-09-09 23:59:59.999,450664229.789710,1087349,2376977764,237815608.239130,0
2024-09-10,0.103750,0.104560,0.101500,0.102740,2557462968,2024-09-10 23:59:59.999,263296020.404470,795557,1279506415,131740055.370430,0
2024-09-11,0.102750,0.103030,0.097790,0.101250,3154514008,2024-09-11 23:59:59.999,316974947.982370,907046,1532438657,154009246.309210,0
2024-09-12,0.101250,0.103300,0.100370,0.102670,2258207181,2024-09-12 23:59:59.999,230299035.773000,673080,1109117324,113128205.751390,0
2024-09-13,0.102680,0.108420,0.101720,0.106900,3900951511,2024-09-13 23:59:59.999,411402854.145230,897912,2005054606,211476859.996130,0
2024-09-14,0.106910,0.107700,0.104260,0.105340,2120382700,2024-09-14 23:59:59.999,224800988.461920,587267,1044422402,110738833.595840,0
2024-09-15,0.105340,0.106390,0.102070,0.102750,2170298032,2024-09-15 23:59:59.999,227840261.785200,596373,1034914981,108684859.092620,0
2024-09-16,0.102750,0.103180,0.098290,0.099600,2798011451,2024-09-16 23:59:59.999,281425290.227440,789527,1275348276,128323731.703690,0
2024-09-17,0.099600,0.102600,0.098650,0.101050,2565314259,2024-09-17 23:59:59.999,258825909.408280,807057,1252630019,126424690.908710,0
2024-09-18,0.101060,0.103850,0.099280,0.103810,2959110882,2024-09-18 23:59:59.999,299151522.504060,1003088,1419251066,143538497.283360,0
2024-09-19,0.103820,0.107100,0.103420,0.104970,3024021157,2024-09-19 23:59:59.999,317397832.512190,893404,1528188527,160447954.543190,0
2024-09-20,0.104960,0.107470,0.103550,0.105480,2962541717,2024-09-20 23:59:59.999,312680427.745220,816353,1413907990,149213061.345350,0
2024-09-21,0.105480,0.110480,0.104000,0.109900,2485978629,2024-09-21 23:59:59.999,267055524.578570,689239,1284704199,138065579.547230,0
2024-09-22,0.109910,0.109960,0.103690,0.106270,2462777222,2024-09-22 23:59:59.999,262857611.654190,757195,1161329570,123919556.157150,0
2024-09-23,0.106270,0.109170,0.104020,0.108000,2897759294,2024-09-23 23:59:59.999,310244970.075480,853306,1438582750,154029850.199800,0
2024-09-24,0.108000,0.110660,0.106760,0.109730,3346638326,2024-09-24 23:59:59.999,363083252.137160,932872,1673151964,181589939.100310,0
2024-09-25,0.109730,0.111160,0.107900,0.108430,3173541095,2024-09-25 23:59:59.999,347673045.788760,867432,1512435096,165732903.498320,0
2024-09-26,0.108430,0.120710,0.106900,0.118130,7103424140,2024-09-26 23:59:59.999,816185122.481220,1691163,3640548966,418176508.763100,0
2024-09-27,0.118130,0.128720,0.116970,0.123480,6839260599,2024-09-27 23:59:59.999,844026062.047570,1684451,3429721149,423419010.034730,0
2024-09-28,0.123470,0.132200,0.120040,0.128050,7672173889,2024-09-28 23:59:59.999,972770350.155440,1819947,3778997570,479243513.736380,0
2024-09-29,0.128050,0.130380,0.124320,0.124350,4435548682,2024-09-29 23:59:59.999,563634310.548450,1417182,2174129897,276341661.832680,0
2024-09-30,0.124350,0.124610,0.113200,0.114150,5472160239,2024-09-30 23:59:59.999,655348151.750780,1494520,2509823047,300869941.754680,0
2024-10-01,0.114150,0.119310,0.102490,0.106790,7502123982,2024-10-01 23:59:59.999,832609591.912750,1968030,3591839157,398628668.856800,0
2024-10-02,0.106790,0.109470,0.102160,0.104590,4780875659,2024-10-02 23:59:59.999,506523825.915740,1444563,2314151955,245208326.621360,0
2024-10-03,0.104580,0.106770,0.101000,0.105020,4635752484,2024-10-03 23:59:59.999,481446711.713240,1429647,2230157361,231680433.105300,0
2024-10-04,0.105010,0.110560,0.104660,0.109180,3457875181,2024-10-04 23:59:59.999,373547015.525990,1057191,1671572906,180621602.986280,0
2024-10-05,0.109180,0.110200,0.107410,0.109370,2107081262,2024-10-05 23:59:59.999,229522756.529210,638907,1015424348,110623328.801410,0
2024-10-06,0.109380,0.112840,0.108340,0.111530,2187853770,2024-10-06 23:59:59.999,241731290.133990,695848,1083110931,119668647.288890,0
2024-10-07,0.111540,0.115450,0.108200,0.108370,4229437471,2024-10-07 23:59:59.999,474511676.990300,1176684,2017885500,226468777.506500,0
2024-10-08,0.108370,0.109820,0.105170,0.107040,2957533673,2024-10-08 23:59:59.999,317900309.405370,989096,1408621349,151417825.010360,0
2024-10-09,0.107050,0.111490,0.106040,0.107880,3608233235,2024-10-09 23:59:59.999,393331718.701330,1090965,1711160120,186587797.851570,0
2024-10-10,0.107880,0.108680,0.103070,0.105960,3371089297,2024-10-10 23:59:59.999,356758691.550620,1013889,1610015549,170409040.222830,0
2024-10-11,0.105950,0.111370,0.105520,0.110750,2808017484,2024-10-11 23:59:59.999,305944574.544560,840193,1344972104,146636656.920430,0
2024-10-12,0.110750,0.112160,0.109300,0.111320,1909804747,2024-10-12 23:59:59.999,212228043.298570,676517,930248865,103392409.607760,0
2024-10-13,0.111330,0.112070,0.108600,0.111360,2452635154,2024-10-13 23:59:59.999,271457276.303170,745552,1180312334,130645719.225010,0
2024-10-14,0.111350,0.117680,0.109260,0.116640,4352808292,2024-10-14 23:59:59.999,494882863.798360,1063147,2138534286,243089458.661440,0
2024-10-15,0.116640,0.119300,0.110080,0.117470,6463124007,2024-10-15 23:59:59.999,743555372.198550,1745404,3148221729,362352329.785550,0
2024-10-16,0.117470,0.130060,0.115750,0.125710,11742170233,2024-10-16 23:59:59.999,1463229167.408350,2857122,5943499376,740650600.645750,0
2024-10-17,0.125720,0.130990,0.120430,0.129600,8652395624,2024-10-17 23:59:59.999,1075384206.262920,2141290,4300881403,534750069.741490,0
2024-10-18,0.129610,0.140810,0.129460,0.137170,11441015396,2024-10-18 23:59:59.999,1549990039.174420,2656469,5832671148,790441692.391760,0
2024-10-19,0.137170,0.146970,0.136920,0.144020,10298221307,2024-10-19 23:59:59.999,1478463329.921440,2463253,5124184512,735595290.193300,0
2024-10-20,0.144010,0.145740,0.137180,0.142100,7007768235,2024-10-20 23:59:59.999,988607611.038950,1939375,3389605945,478251114.436390,0
2024-10-21,0.142100,0.149790,0.138120,0.143630,9677731411,2024-10-21 23:59:59.999,1396818305.852570,2650000,4821223424,696103775.249990,0
2024-10-22,0.143630,0.148530,0.136420,0.139640,8304614992,2024-10-22 23:59:59.999,1178381858.534840,2148113,3954503920,561329908.484800,0
2024-10-23,0.139640,0.140910,0.133100,0.139980,7735170574,2024-10-23 23:59:59.999,1067064758.065100,2128302,3835223040,529128131.952780,0
2024-10-24,0.139980,0.143850,0.136270,0.141880,6535913646,2024-10-24 23:59:59.999,918009445.752380,1816805,3216196195,451823690.671150,0
2024-10-25,0.141870,0.142750,0.127710,0.131540,7629481742,2024-10-25 23:59:59.999,1038254716.467880,1917034,3654318250,497477482.262170,0
2024-10-26,0.131550,0.138160,0.130620,0.137390,4129633501,2024-10-26 23:59:59.999,554906499.821070,1120659,1988342860,267244915.783630,0
2024-10-27,0.137390,0.146300,0.136020,0.144250,4784468617,2024-10-27 23:59:59.999,673449896.670340,1286820,2443021901,343891225.291980,0
2024-10-28,0.144240,0.162630,0.141070,0.161400,14712004160,2024-10-28 23:59:59.999,2219487581.721250,3240689,7608880614,1149043081.268630,0
2024-10-29,0.161410,0.179740,0.160480,0.175870,17244903434,2024-10-29 23:59:59.999,2933650982.345340,3975520,8712673939,1482238320.291050,0
2024-10-30,0.175860,0.178020,0.164400,0.168290,10096685100,2024-10-30 23:59:59.999,1727995629.299940,2804745,4824985235,825989207.813240,0
2024-10-31,0.168300,0.173680,0.156340,0.161620,11046754688,2024-10-31 23:59:59.999,1838967498.370920,3113668,5342251341,889913496.243930,0
2024-11-01,0.161630,0.168940,0.154170,0.159130,12237495579,2024-11-01 23:59:59.999,1970995199.903840,3533694,5985072755,964036464.514150,0
2024-11-02,0.159120,0.163570,0.155310,0.159520,6031761734,2024-11-02 23:59:59.999,961013584.725710,1903371,2911638319,464062322.433080,0
2024-11-03,0.159520,0.159870,0.142170,0.151290,13461840033,2024-11-03 23:59:59.999,2010465924.854240,3187045,6498436136,970203578.007320,0
2024-11-04,0.151290,0.160240,0.148150,0.158170,14222940162,2024-11-04 23:59:59.999,2212033252.724330,3782434,7082466573,1101760325.943210,0
2024-11-05,0.158170,0.179430,0.157850,0.169910,22211098900,2024-11-05 23:59:59.999,3774348143.274370,5378753,11086857143,1884374559.194230,0
2024-11-06,0.169910,0.220000,0.168900,0.196460,49836353070,2024-11-06 23:59:59.999,9836531856.997850,11819267,24761832510,4885439033.045200,0
2024-11-07,0.196460,0.204600,0.185200,0.193340,15703024645,2024-11-07 23:59:59.999,3041259011.207540,4776965,7538854455,1461088377.649790,0
2024-11-08,0.193340,0.207130,0.190510,0.202030,14756808931,2024-11-08 23:59:59.999,2913129221.602640,4106407,7272749592,1436542554.332710,0
2024-11-09,0.202030,0.220250,0.197220,0.219000,13474218262,2024-11-09 23:59:59.999,2799717103.890140,3862242,6610566311,1374291534.177840,0
2024-11-10,0.219000,0.298000,0.216640,0.277940,37655735486,2024-11-10 23:59:59.999,9619426807.833720,11607444,18376326573,4692003700.781970,0
2024-11-11,0.277940,0.352000,0.272850,0.351840,42313431159,2024-11-11 23:59:59.999,12902881639.266110,14266225,20632226765,6301121576.026370,0
2024-11-12,0.351850,0.439950,0.326990,0.380200,68030807893,2024-11-12 23:59:59.999,25999081538.800660,26436121,33121386028,12660558165.719070,0
2024-11-13,0.380200,0.434390,0.351730,0.399030,41468781321,2024-11-13 23:59:59.999,16248712802.624090,18176489,20219757195,7925649103.028400,0
2024-11-14,0.399030,0.417500,0.352760,0.362610,23167824117,2024-11-14 23:59:59.999,9071981150.633340,10907327,10926397797,4280295178.764350,0
2024-11-15,0.362610,0.385400,0.352140,0.382030,18585590224,2024-11-15 23:59:59.999,6841105226.748090,7714839,9172827384,3378374485.553930,0
2024-11-16,0.382020,0.391810,0.359900,0.364350,11052523011,2024-11-16 23:59:59.999,4141202532.517740,5134379,5271264368,1975930068.021340,0
2024-11-17,0.364360,0.376110,0.340100,0.367370,12317752549,2024-11-17 23:59:59.999,4424268084.850760,5983227,5893594272,2118320420.474490,0
2024-11-18,0.367370,0.381640,0.357370,0.371440,13471585767,2024-11-18 23:59:59.999,4995053370.707450,6191350,6600889067,2447981085.652020,0
2024-11-19,0.371450,0.421000,0.366400,0.390800,19812364412,2024-11-19 23:59:59.999,7777224155.169000,8400710,9782779677,3841424964.953530,0
2024-11-20,0.390800,0.397340,0.364000,0.377910,13028232807,2024-11-20 23:59:59.999,5004069149.425310,6054683,6158993000,2366841459.795160,0
2024-11-21,0.377900,0.396000,0.368700,0.387000,11868458943,2024-11-21 23:59:59.999,4560935440.113020,5258171,5717903988,2198156431.935460,0
2024-11-22,0.387000,0.421100,0.381000,0.413010,18881411245,2024-11-22 23:59:59.999,7555187379.094110,8333043,9349861246,3743242960.122490,0
2024-11-23,0.413010,0.481000,0.404280,0.430490,24931781727,2024-11-23 23:59:59.999,11115946593.638170,11247002,12202878753,5439337210.710010,0
2024-11-24,0.430500,0.453560,0.399200,0.430460,16490410094,2024-11-24 23:59:59.999,6970570892.133490,7492141,7936083050,3355601225.881740,0
2024-11-25,0.430450,0.437940,0.381110,0.392840,13663278128,2024-11-25 23:59:59.999,5635727123.339190,6498833,6413464016,2648889606.796760,0
2024-11-26,0.392820,0.409100,0.364820,0.387330,14104618400,2024-11-26 23:59:59.999,5428930137.274860,6754585,6852876220,2637757569.345000,0
2024-11-27,0.387330,0.408000,0.380350,0.401300,9197976677,2024-11-27 23:59:59.999,3636639874.602100,4445313,4517802657,1786370333.628840,0
2024-11-28,0.401290,0.429270,0.391220,0.401920,8414764733,2024-11-28 23:59:59.999,3407303134.625520,4476008,4052701307,1642040772.217160,0
2024-11-29,0.401930,0.437910,0.399650,0.426640,8715077778,2024-11-29 23:59:59.999,3640359093.418830,4240754,4342628339,1814809746.582320,0
2024-11-30,0.426630,0.436260,0.414020,0.421790,6730035127,2024-11-30 23:59:59.999,2859894313.406480,3796441,3267658661,1389045448.427780,0
2024-12-01,0.421790,0.450200,0.416480,0.440920,10069733150,2024-12-01 23:59:59.999,4352527902.725650,5395491,4910731940,2123405100.970730,0
2024-12-02,0.440910,0.464300,0.400000,0.424970,16702204342,2024-12-02 23:59:59.999,7165711212.683240,8496481,8081395080,3467510095.910490,0
2024-12-03,0.424960,0.429970,0.387990,0.406700,10554666398,2024-12-03 23:59:59.999,4332211067.313360,5777858,4971772739,2041948590.728860,0
2024-12-04,0.406710,0.437140,0.400170,0.433180,9918162070,2024-12-04 23:59:59.999,4139065724.559440,5352928,4836603072,2019408238.785470,0
2024-12-05,0.433180,0.467470,0.406440,0.427180,19477972726,2024-12-05 23:59:59.999,8544848693.887670,10140528,9366015472,4112398700.772630,0
2024-12-06,0.427190,0.441990,0.420000,0.435050,7839094661,2024-12-06 23:59:59.999,3393613191.223880,4269454,3776442729,1635231493.930180,0
2024-12-07,0.435060,0.466900,0.430900,0.453320,9474120242,2024-12-07 23:59:59.999,4269878951.626790,4907662,4723342568,2129293413.691860,0
2024-12-08,0.453330,0.485000,0.446370,0.466730,10796141059,2024-12-08 23:59:59.999,5010827229.026130,5382066,5254139932,2440217826.657870,0
2024-12-09,0.466740,0.467700,0.368670,0.413930,17715676636,2024-12-09 23:59:59.999,7585869605.720540,9088330,8110526574,3476039556.123530,0
2024-12-10,0.413950,0.422980,0.365000,0.393720,16805633901,2024-12-10 23:59:59.999,6635826260.991370,8445773,7962171864,3144429376.184490,0
2024-12-11,0.393720,0.418950,0.374970,0.414040,9506250538,2024-12-11 23:59:59.999,3816114791.004020,4727361,4734241172,1901452778.797920,0
2024-12-12,0.414030,0.424230,0.401140,0.406000,7793318848,2024-12-12 23:59:59.999,3215976139.456980,3999564,3719172441,1535270241.504470,0
2024-12-13,0.406000,0.412180,0.398900,0.409010,5109704454,2024-12-13 23:59:59.999,2071568679.204410,2882303,2489295449,1009308336.950050,0
2024-12-14,0.409000,0.414160,0.387040,0.398050,5149000018,2024-12-14 23:59:59.999,2056002973.938790,2675832,2432693451,972038168.452330,0
2024-12-15,0.398060,0.411300,0.392250,0.406420,4291400562,2024-12-15 23:59:59.999,1720395857.804820,2379760,2061203327,826531318.032760,0
2024-12-16,0.406430,0.414920,0.392260,0.401850,6075500275,2024-12-16 23:59:59.999,2456920358.446380,3126739,2861782219,1157694977.352980,0
2024-12-17,0.401850,0.410280,0.391030,0.393930,5648930713,2024-12-17 23:59:59.999,2263246168.986130,3055805,2709565354,1086019305.921840,0
2024-12-18,0.393930,0.396250,0.348600,0.358080,9609337574,2024-12-18 23:59:59.999,3605943796.325350,4894831,4463083349,1675486033.778110,0
2024-12-19,0.358090,0.367200,0.300000,0.314160,17307078882,2024-12-19 23:59:59.999,5793529046.927070,8025819,8111685479,2716079727.141360,0
2024-12-20,0.314170,0.328930,0.262300,0.317790,20961349763,2024-12-20 23:59:59.999,6256196853.395060,9279555,10092353022,3014256760.497810,0
2024-12-21,0.317780,0.349870,0.313900,0.320270,12945414601,2024-12-21 23:59:59.999,4259880037.833590,6331250,6294349641,2070703105.294640,0
2024-12-22,0.320280,0.324350,0.304820,0.312460,9412072255,2024-12-22 23:59:59.999,2966290791.427890,4273327,4625293691,1457558924.783360,0
2024-12-23,0.312470,0.328680,0.302730,0.324810,8653345550,2024-12-23 23:59:59.999,2713839882.406370,4497797,4308904139,1351534556.690070,0
2024-12-24,0.324820,0.340320,0.315960,0.336960,5562997800,2024-12-24 23:59:59.999,1827427542.447410,3113483,2731361913,897358494.756230,0
2024-12-25,0.336950,0.342120,0.326440,0.334200,4222677458,2024-12-25 23:59:59.999,1405681755.036050,2528143,2071951669,689826509.637170,0
2024-12-26,0.334200,0.337880,0.308300,0.312520,5009855121,2024-12-26 23:59:59.999,1597342463.472860,2782154,2394650421,763599182.051060,0
2024-12-27,0.312520,0.324820,0.308550,0.311760,4873658557,2024-12-27 23:59:59.999,1535512026.801570,2614742,2370673085,747073585.194450,0
2024-12-28,0.311760,0.327450,0.311110,0.324290,2781784082,2024-12-28 23:59:59.999,885921546.556760,1709172,1406926764,448127411.602520,0
2024-12-29,0.324290,0.329550,0.311690,0.314190,3302567231,2024-12-29 23:59:59.999,1059406398.198940,1814125,1584720346,508258161.668330,0
2024-12-30,0.314180,0.323190,0.306540,0.313820,5335910096,2024-12-30 23:59:59.999,1687467046.934490,3022537,2623526934,829740443.384820,0
2024-12-31,0.313820,0.328900,0.309090,0.315820,4538134421,2024-12-31 23:59:59.999,1447537738.021870,2469146,2220119145,707985124.578600,0
2025-01-01,0.315820,0.327410,0.311800,0.325040,3054929290,2025-01-01 23:59:59.999,975517769.185110,1733714,1516445503,484348158.085540,0
2025-01-02,0.325050,0.344830,0.324500,0.338790,5569548837,2025-01-02 23:59:59.999,1875040821.548490,2996319,2768434081,931901216.886740,0
2025-01-03,0.338800,0.389400,0.335520,0.379810,8541064051,2025-01-03 23:59:59.999,3094164636.293330,4432412,4239809395,1535540039.685150,0
2025-01-04,0.379810,0.398640,0.376320,0.394670,7616689597,2025-01-04 23:59:59.999,2948894523.259440,4090553,3776549779,1462296559.216170,0
2025-01-05,0.394660,0.397730,0.375120,0.382190,4469246852,2025-01-05 23:59:59.999,1719750599.895320,2522797,2212894479,851604890.461510,0
2025-01-06,0.382200,0.395560,0.375800,0.387670,5611238595,2025-01-06 23:59:59.999,2169480539.607740,3136634,2729776907,1055699020.778790,0
2025-01-07,0.387680,0.398300,0.346490,0.347800,10651473300,2025-01-07 23:59:59.999,3949062087.060060,5430210,5147277180,1907487482.117950,0
2025-01-08,0.347800,0.355500,0.324340,0.342060,9768793029,2025-01-08 23:59:59.999,3352331501.114510,5044699,4770586490,1638577724.150350,0
2025-01-09,0.342060,0.346690,0.314060,0.320710,8007185265,2025-01-09 23:59:59.999,2623786712.751460,3969766,3875736472,1270088090.230080,0
2025-01-10,0.320700,0.339550,0.320630,0.333640,6459958044,2025-01-10 23:59:59.999,2133244142.419300,3384203,3230415471,1067036770.168090,0
2025-01-11,0.333650,0.347920,0.329410,0.341000,3132864344,2025-01-11 23:59:59.999,1055140180.606930,1799444,1550432955,522416160.992940,0
2025-01-12,0.341000,0.343310,0.331500,0.335730,2969567200,2025-01-12 23:59:59.999,1003565268.943930,1683810,1422341099,480696172.537560,0
2025-01-13,0.335740,0.346060,0.308340,0.337910,8251183853,2025-01-13 23:59:59.999,2688611508.177700,4211210,3980873866,1297590817.825940,0
2025-01-14,0.337900,0.362090,0.335670,0.355790,6006712493,2025-01-14 23:59:59.999,2099181349.050530,3079835,3007640441,1051069751.862060,0
2025-01-15,0.355790,0.387620,0.348170,0.385090,7687932758,2025-01-15 23:59:59.999,2810447570.798990,3845803,3848027426,1407493686.220440,0
2025-01-16,0.385090,0.390210,0.367430,0.376320,7456344927,2025-01-16 23:59:59.999,2821830478.881010,3983112,3651745688,1382389314.358740,0
2025-01-17,0.376320,0.421900,0.375340,0.415120,9249394465,2025-01-17 23:59:59.999,3760909801.412750,4929481,4577427126,1859586046.559330,0
2025-01-18,0.415120,0.434000,0.383000,0.396250,11675096149,2025-01-18 23:59:59.999,4702009059.721030,6376038,5685439175,2290531238.721530,0
2025-01-19,0.396260,0.409780,0.346410,0.358220,14041119415,2025-01-19 23:59:59.999,5339216309.192680,7524797,6677832430,2542785629.873050,0
2025-01-20,0.358230,0.386330,0.344900,0.354400,13089522240,2025-01-20 23:59:59.999,4787743084.574960,7987992,6432415515,2353533953.872540,0
2025-01-21,0.354400,0.401570,0.335520,0.371660,16095975119,2025-01-21 23:59:59.999,5969907806.261640,8844680,7930745277,2941952209.008080,0
2025-01-22,0.371650,0.373660,0.355070,0.362720,5593190678,2025-01-22 23:59:59.999,2036525341.308370,3179555,2708951522,986869851.929730,0
2025-01-23,0.362710,0.364340,0.340810,0.351930,6294063198,2025-01-23 23:59:59.999,2214620001.297780,3817800,3009476449,1059072956.239860,0
2025-01-24,0.351930,0.364530,0.342520,0.350650,3915556955,2025-01-24 23:59:59.999,1392278267.268260,2513302,1889729957,672034948.637690,0
2025-01-25,0.350650,0.362040,0.345210,0.353350,3113578622,2025-01-25 23:59:59.999,1098233921.825910,1965493,1586225339,559607127.373800,0
2025-01-26,0.353350,0.357200,0.334590,0.335790,2518120028,2025-01-26 23:59:59.999,877078290.727140,1732486,1143639781,398819494.649850,0
2025-01-27,0.335790,0.336890,0.304410,0.333770,8595803696,2025-01-27 23:59:59.999,2762008240.743740,4881736,4109028913,1320278554.294050,0
2025-01-28,0.333770,0.338890,0.315000,0.318530,4453288783,2025-01-28 23:59:59.999,1467141863.074930,2598467,2141553509,705602183.806670,0
2025-01-29,0.318520,0.334690,0.316350,0.323880,4361680421,2025-01-29 23:59:59.999,1423992036.610830,2603088,2148480899,701616248.748530,0
2025-01-30,0.323890,0.338700,0.321830,0.331370,2593042137,2025-01-30 23:59:59.999,861739712.122110,1726133,1299630777,432008985.903030,0
2025-01-31,0.331370,0.341810,0.323290,0.328720,4048510552,2025-01-31 23:59:59.999,1342717381.834720,2173514,2005268125,665327053.879980,0
2025-02-01,0.328730,0.332170,0.302980,0.307710,3390680323,2025-02-01 23:59:59.999,1078206611.468710,1920613,1580508458,502990489.516330,0
2025-02-02,0.307700,0.314590,0.249460,0.267930,12875330840,2025-02-02 23:59:59.999,3620029050.733880,5940643,6212084846,1746754487.057840,0
2025-02-03,0.267940,0.292750,0.202000,0.284690,21402235138,2025-02-03 23:59:59.999,5338618865.406090,9536354,10257820441,2563537777.373860,0
2025-02-04,0.284680,0.288830,0.255170,0.263310,10198718650,2025-02-04 23:59:59.999,2734427239.057980,4890927,5021795133,1346355853.719240,0
2025-02-05,0.263320,0.268990,0.253090,0.256040,4523231177,2025-02-05 23:59:59.999,1185342640.803520,2334290,2206572186,578403273.846010,0
2025-02-06,0.256030,0.265880,0.242480,0.247730,4789533543,2025-02-06 23:59:59.999,1217123115.172030,2524389,2341153755,595038244.714590,0
2025-02-07,0.247730,0.261430,0.238420,0.246370,4908091011,2025-02-07 23:59:59.999,1232907411.284240,2629821,2427239167,610069415.146300,0
2025-02-08,0.246360,0.254070,0.244380,0.252740,2510655352,2025-02-08 23:59:59.999,624810840.609080,1460828,1254113313,312166505.997800,0
2025-02-09,0.252740,0.259940,0.239500,0.248730,3172949731,2025-02-09 23:59:59.999,797207155.642970,1640722,1553462887,390329490.285700,0
2025-02-10,0.248730,0.256370,0.241420,0.255280,3684396768,2025-02-10 23:59:59.999,922073970.443660,2004479,1839077880,460301358.361940,0
2025-02-11,0.255280,0.269900,0.248240,0.252920,4942502826,2025-02-11 23:59:59.999,1280222078.656450,2408951,2518072968,652313360.632530,0
2025-02-12,0.252910,0.267210,0.246420,0.264110,5340363859,2025-02-12 23:59:59.999,1363957365.994510,2481407,2641459007,674854352.126410,0
2025-02-13,0.264120,0.267040,0.253210,0.262300,3907400793,2025-02-13 23:59:59.999,1013091084.038360,1857095,1937332234,502119755.675980,0
2025-02-14,0.262310,0.286620,0.260620,0.271640,6072955419,2025-02-14 23:59:59.999,1648776041.274760,2693475,3078642686,835966366.147500,0
2025-02-15,0.271640,0.283160,0.268020,0.271610,3886120745,2025-02-15 23:59:59.999,1071321962.716380,2078038,1884582817,519508256.337540,0
2025-02-16,0.271600,0.274090,0.263340,0.265450,2715468055,2025-02-16 23:59:59.999,728759142.241050,1380103,1322626655,355071212.798770,0
2025-02-17,0.265460,0.268740,0.253580,0.258070,4030782431,2025-02-17 23:59:59.999,1054784597.181870,2057058,1938352789,507504400.564130,0
2025-02-18,0.258070,0.259770,0.241980,0.251190,4218012256,2025-02-18 23:59:59.999,1053823237.760720,2228894,2065364223,516141198.894050,0
2025-02-19,0.251180,0.255300,0.248760,0.254670,2823455319,2025-02-19 23:59:59.999,713222906.099930,1392559,1395255540,352542456.712120,0
2025-02-20,0.254660,0.257470,0.249730,0.254580,2902390141,2025-02-20 23:59:59.999,737271208.552200,1371664,1423828787,361715926.616880,0
2025-02-21,0.254580,0.261200,0.234210,0.239410,5257353690,2025-02-21 23:59:59.999,1311368917.339210,2423088,2521065654,629520948.953120,0
2025-02-22,0.239420,0.247690,0.237850,0.246430,2344431593,2025-02-22 23:59:59.999,571895997.662000,1200582,1136503623,277279001.538420,0
2025-02-23,0.246430,0.247430,0.240220,0.242690,1964900297,2025-02-23 23:59:59.999,478924201.872920,970109,940561267,229281610.743780,0
2025-02-24,0.242680,0.243830,0.205710,0.210370,7484820638,2025-02-24 23:59:59.999,1677713539.128920,3169225,3564844748,799218006.836730,0
2025-02-25,0.210370,0.214480,0.195450,0.211470,11387890913,2025-02-25 23:59:59.999,2342184052.482140,4986554,5625596280,1157332770.795260,0
2025-02-26,0.211470,0.213980,0.196000,0.203470,7201493642,2025-02-26 23:59:59.999,1482241316.913350,2870018,3552624684,731547224.226190,0
2025-02-27,0.203480,0.211460,0.200880,0.206780,4687928948,2025-02-27 23:59:59.999,969381439.774730,2071996,2347975230,485599055.242050,0
2025-02-28,0.206770,0.207160,0.181400,0.201760,10265356013,2025-02-28 23:59:59.999,1974072868.680600,3790321,5019329670,965118527.450030,0
2025-03-01,0.201760,0.208890,0.199260,0.206630,4146001791,2025-03-01 23:59:59.999,844526131.655950,1652304,2118477980,431550108.709350,0
2025-03-02,0.206630,0.242030,0.201580,0.239180,9233261324,2025-03-02 23:59:59.999,2035324442.973560,3434821,4577366358,1009520506.146840,0
2025-03-03,0.239180,0.240460,0.193120,0.199030,9170892329,2025-03-03 23:59:59.999,1967771534.085110,3746402,4491756259,964218480.314340,0
2025-03-04,0.199030,0.202250,0.182600,0.198980,7944282112,2025-03-04 23:59:59.999,1535946552.282540,3435357,3929101060,759800198.786250,0
2025-03-05,0.198970,0.206560,0.196220,0.204630,4396493338,2025-03-05 23:59:59.999,885356229.382960,1925380,2204710838,444111834.651990,0
2025-03-06,0.204620,0.219890,0.198860,0.201400,6183188236,2025-03-06 23:59:59.999,1282316859.761170,2246268,3043000732,631001764.986110,0
2025-03-07,0.201390,0.208590,0.190110,0.198290,6316164592,2025-03-07 23:59:59.999,1269200566.646900,2582521,3104735601,624207721.575740,0
2025-03-08,0.198300,0.200800,0.191030,0.192200,2878888083,2025-03-08 23:59:59.999,562439820.246170,1260569,1406019294,274829343.496130,0
2025-03-09,0.192200,0.194140,0.165240,0.167990,7379430106,2025-03-09 23:59:59.999,1304561623.186090,2329546,3468290996,612182823.147380,0
2025-03-10,0.168000,0.180900,0.150390,0.154010,9347952888,2025-03-10 23:59:59.999,1553964809.921700,3280281,4573337123,760718283.641830,0
2025-03-11,0.154020,0.168530,0.142690,0.164500,10635684894,2025-03-11 23:59:59.999,1672990659.862240,3540879,5272329042,829499940.645720,0
2025-03-12,0.164500,0.174060,0.159480,0.172310,6950985084,2025-03-12 23:59:59.999,1156893825.776520,2478609,3455344327,575066303.280300,0
2025-03-13,0.172310,0.172900,0.161600,0.165130,5847873929,2025-03-13 23:59:59.999,981932430.919290,2156375,2856388712,479589562.006110,0
2025-03-14,0.165140,0.176210,0.164540,0.171850,3993709724,2025-03-14 23:59:59.999,681370546.359130,1513789,2021241643,344891882.742300,0
2025-03-15,0.171860,0.177770,0.171090,0.175860,2651889481,2025-03-15 23:59:59.999,463090448.128560,1079807,1289072105,225143421.147090,0
2025-03-16,0.175850,0.176760,0.165580,0.168100,4404507185,2025-03-16 23:59:59.999,750609163.665390,1502119,2181223940,371677758.608430,0
2025-03-17,0.168100,0.176170,0.167920,0.173250,4218784901,2025-03-17 23:59:59.999,727952130.851330,1487959,2136664859,368706924.398520,0
2025-03-18,0.173250,0.173430,0.162580,0.167940,4045539660,2025-03-18 23:59:59.999,674583198.361610,1436237,1940506371,323518478.142180,0
2025-03-19,0.167940,0.178710,0.166710,0.177900,4456370347,2025-03-19 23:59:59.999,763377796.396830,1656316,2268031440,388684891.973530,0
2025-03-20,0.177910,0.179090,0.166520,0.169380,3795930462,2025-03-20 23:59:59.999,654280380.878960,1350605,1821517784,313982520.040730,0
2025-03-21,0.169380,0.171480,0.164570,0.167180,2817158452,2025-03-21 23:59:59.999,472544670.885560,1057690,1339941835,224808130.945430,0
2025-03-22,0.167180,0.169720,0.166480,0.167290,1667443549,2025-03-22 23:59:59.999,280730028.585840,680415,822199686,138440122.406870,0
2025-03-23,0.167280,0.172550,0.166930,0.172550,2343835736,2025-03-23 23:59:59.999,398915913.634740,858289,1212870124,206436346.302950,0
2025-03-24,0.172540,0.188990,0.170580,0.182900,5375018456,2025-03-24 23:59:59.999,968014263.599520,1741298,2729925459,491477413.068900,0
2025-03-25,0.182900,0.193900,0.180700,0.190560,6366603812,2025-03-25 23:59:59.999,1195686408.755370,2172001,3175087966,596506713.571980,0
2025-03-26,0.190560,0.205740,0.189280,0.194810,8710740426,2025-03-26 23:59:59.999,1719631568.506610,2648682,4273570592,843508805.974560,0
2025-03-27,0.194800,0.200490,0.187560,0.190390,5658743507,2025-03-27 23:59:59.999,1096925935.403670,2212425,2754581975,533981336.007100,0
2025-03-28,0.190390,0.192800,0.177100,0.180130,5927068027,2025-03-28 23:59:59.999,1081337024.106810,2182930,2896072118,528156081.651900,0
2025-03-29,0.180130,0.182500,0.165640,0.169460,5404211186,2025-03-29 23:59:59.999,931787827.625000,1975677,2610633615,450194625.279420,0
2025-03-30,0.169460,0.172300,0.164340,0.166450,3882619104,2025-03-30 23:59:59.999,656814920.879230,1438222,1902362237,321856687.607490,0
2025-03-31,0.166460,0.168290,0.160000,0.166580,6141841304,2025-03-31 23:59:59.999,1012300015.160830,2125774,3047748008,502440143.882130,0
2025-04-01,0.166570,0.175720,0.165920,0.173910,4872325763,2025-04-01 23:59:59.999,834123331.693110,1839137,2462794246,421680105.943340,0
2025-04-02,0.173900,0.180050,0.161850,0.163760,8169238135,2025-04-02 23:59:59.999,1402614533.026370,2766009,4023435490,690849318.720240,0
2025-04-03,0.163760,0.167400,0.155270,0.162220,5502513890,2025-04-03 23:59:59.999,884679414.710230,1909898,2685784810,431702789.760200,0
2025-04-04,0.162220,0.172790,0.159910,0.171200,7815952065,2025-04-04 23:59:59.999,1298820988.140940,2346043,3866777029,642919582.170760,0
2025-04-05,0.171190,0.171650,0.166030,0.168870,2711431570,2025-04-05 23:59:59.999,457566264.957380,985962,1328145079,224180546.398850,0
2025-04-06,0.168870,0.169920,0.145740,0.149150,7449815585,2025-04-06 23:59:59.999,1167104933.142050,2127697,3557665632,557373447.477910,0
2025-04-07,0.149140,0.153960,0.129830,0.149510,17516212198,2025-04-07 23:59:59.999,2499117168.714180,4709785,8712442304,1243296812.938130,0
2025-04-08,0.149500,0.156990,0.141020,0.142200,8904300702,2025-04-08 23:59:59.999,1326998776.739110,2768229,4440434960,662051129.469750,0
2025-04-09,0.142200,0.164160,0.136460,0.160280,12198139708,2025-04-09 23:59:59.999,1814186427.223370,3378022,6066599607,902730039.038170,0
2025-04-10,0.160270,0.160430,0.148720,0.153490,6762664801,2025-04-10 23:59:59.999,1046395323.810080,2055911,3316750033,513259407.827750,0
2025-04-11,0.153480,0.162450,0.153200,0.159960,4156924846,2025-04-11 23:59:59.999,656735950.443620,1460960,2067948520,326827988.227920,0
2025-04-12,0.159960,0.169400,0.157550,0.167570,4263177506,2025-04-12 23:59:59.999,699853630.984820,1389149,2101873391,344995695.166230,0
2025-04-13,0.167570,0.168590,0.160920,0.162520,4750347219,2025-04-13 23:59:59.999,781759280.055440,1621225,2281660600,375581836.799980,0
2025-04-14,0.162520,0.169570,0.157170,0.158450,4963326534,2025-04-14 23:59:59.999,811313310.731770,1843994,2371526817,387743150.418080,0
2025-04-15,0.158450,0.161270,0.153020,0.153490,4108702089,2025-04-15 23:59:59.999,648657414.137200,1443204,1979101622,312609347.004690,0
2025-04-16,0.153490,0.157290,0.150100,0.154640,4864244213,2025-04-16 23:59:59.999,749102822.777720,1529484,2473588056,381004060.565810,0
2025-04-17,0.154630,0.159390,0.152880,0.155790,3347817448,2025-04-17 23:59:59.999,523220792.752940,1228330,1674368592,261675366.048470,0
2025-04-18,0.155780,0.158900,0.153440,0.157530,2410606413,2025-04-18 23:59:59.999,375990578.152070,940613,1200211988,187192833.926070,0
2025-04-19,0.157530,0.160860,0.156200,0.157260,2470652170,2025-04-19 23:59:59.999,390804804.235450,825950,1209803686,191418138.449960,0
2025-04-20,0.157260,0.159500,0.152350,0.155190,3488120250,2025-04-20 23:59:59.999,542030901.842330,1029715,1626174183,252679666.801670,0
2025-04-21,0.155190,0.163520,0.154930,0.159310,5475501366,2025-04-21 23:59:59.999,875472857.716650,1645177,2718319237,434581955.949840,0
2025-04-22,0.159310,0.180000,0.157110,0.178570,7595213689,2025-04-22 23:59:59.999,1281836908.721000,2191184,3825869063,645636488.400360,0
2025-04-23,0.178580,0.185380,0.174830,0.178580,7455268044,2025-04-23 23:59:59.999,1345210875.540560,2363949,3557029245,642076072.672750,0
2025-04-24,0.178570,0.183220,0.169740,0.182460,6315324787,2025-04-24 23:59:59.999,1114691859.481400,1958122,3125237773,551835776.376090,0
2025-04-25,0.182450,0.186150,0.177410,0.181540,6267047031,2025-04-25 23:59:59.999,1140576434.440390,2111083,3070769411,559035686.107790,0
2025-04-26,0.181530,0.192980,0.180020,0.181820,5056885810,2025-04-26 23:59:59.999,934458968.667210,1850000,2455150173,453736582.692440,0
2025-04-27,0.181830,0.183450,0.176380,0.179240,4125429018,2025-04-27 23:59:59.999,743500486.438070,1566352,1981023025,357155611.214550,0
2025-04-28,0.179230,0.182690,0.173640,0.178980,5436693036,2025-04-28 23:59:59.999,968531275.319420,1880820,2606544880,464498303.111370,0
2025-04-29,0.178970,0.180660,0.172290,0.174530,4424186632,2025-04-29 23:59:59.999,786698896.673990,1513582,2154479491,383201669.033640,0
2025-04-30,0.174540,0.176580,0.166540,0.172170,4601613981,2025-04-30 23:59:59.999,792971126.882440,1527898,2203094479,379725970.516020,0
2025-05-01,0.172170,0.183290,0.171990,0.180570,4175836455,2025-05-01 23:59:59.999,746395506.102220,1396739,2100097739,375365388.320980,0
2025-05-02,0.180570,0.184400,0.179070,0.181420,3841623010,2025-05-02 23:59:59.999,696936609.164500,1407575,1904794848,345609691.774920,0
2025-05-03,0.181430,0.182120,0.175140,0.175550,2703515903,2025-05-03 23:59:59.999,482091961.825180,956412,1275780431,227458778.580040,0
2025-05-04,0.175550,0.177340,0.169630,0.170400,3260026250,2025-05-04 23:59:59.999,565704213.247590,1117989,1544696799,268236824.584260,0
2025-05-05,0.170390,0.174560,0.168000,0.170500,3749774225,2025-05-05 23:59:59.999,641218967.708990,1365497,1817023397,310805261.129260,0
2025-05-06,0.170500,0.172500,0.164160,0.172110,4830257137,2025-05-06 23:59:59.999,810695112.344850,1549244,2388371161,400976906.801260,0
2025-05-07,0.172100,0.174370,0.168840,0.171930,3998119522,2025-05-07 23:59:59.999,686530208.049840,1329514,1973961927,339032657.635850,0
2025-05-08,0.171930,0.198370,0.171610,0.198070,7854479953,2025-05-08 23:59:59.999,1456789249.546870,2540983,4036513565,749024429.484670,0
2025-05-09,0.198080,0.214500,0.192940,0.205210,9021310289,2025-05-09 23:59:59.999,1836039926.424010,3581414,4351288814,885209395.746350,0
2025-05-10,0.205210,0.251200,0.203280,0.250570,11463382678,2025-05-10 23:59:59.999,2606837661.286540,4609258,5686203726,1293406687.833830,0
2025-05-11,0.250580,0.259730,0.222040,0.231720,11999244202,2025-05-11 23:59:59.999,2837035071.524740,4608440,5759965698,1362256576.995620,0
2025-05-12,0.231730,0.253410,0.220390,0.230900,13932966181,2025-05-12 23:59:59.999,3321332363.564600,6035864,6715626190,1601109948.276950,0
2025-05-13,0.230900,0.243030,0.217170,0.240680,8842018007,2025-05-13 23:59:59.999,2032276251.729930,3806279,4314347007,992068604.169400,0
2025-05-14,0.240690,0.247510,0.228060,0.232670,7448238095,2025-05-14 23:59:59.999,1759983181.353710,3223689,3569634153,843822153.928450,0
2025-05-15,0.232680,0.236670,0.213530,0.219260,8693279090,2025-05-15 23:59:59.999,1956351910.457860,3931873,4183141895,941523213.886860,0
2025-05-16,0.219260,0.230850,0.217800,0.221000,5803910877,2025-05-16 23:59:59.999,1308648302.404440,2705939,2871959891,647717410.324820,0
2025-05-17,0.220980,0.222140,0.210600,0.214490,4904499518,2025-05-17 23:59:59.999,1057755666.460200,2309058,2349567174,506794983.136570,0
2025-05-18,0.214500,0.237930,0.213880,0.232960,7634228117,2025-05-18 23:59:59.999,1727435456.649990,3141474,3806997143,861520460.760380,0
2025-05-19,0.232970,0.235760,0.213680,0.224370,6979525275,2025-05-19 23:59:59.999,1543290256.841130,3108201,3335140875,737537103.145220,0
2025-05-20,0.224370,0.230770,0.217510,0.226170,6327687888,2025-05-20 23:59:59.999,1412231596.976810,2617620,3093694266,690595184.159650,0
2025-05-21,0.226170,0.237990,0.222440,0.233980,8689961966,2025-05-21 23:59:59.999,1992414550.144770,3454381,4260500816,976676673.550790,0
2025-05-22,0.233980,0.245730,0.233750,0.245470,7064219670,2025-05-22 23:59:59.999,1699741660.729720,3105456,3441857446,828327918.069080,0
2025-05-23,0.245480,0.254390,0.222940,0.225050,10169053300,2025-05-23 23:59:59.999,2433790643.192630,3926701,4866393722,1165681818.565890,0
2025-05-24,0.225050,0.230300,0.223460,0.225010,3293715975,2025-05-24 23:59:59.999,749384834.790030,1520890,1581927234,359909978.353300,0
2025-05-25,0.225010,0.226330,0.215520,0.224780,4165513839,2025-05-25 23:59:59.999,918359280.513580,1767049,2074861747,457542617.771180,0
2025-05-26,0.224770,0.230250,0.222390,0.225850,3948675779,2025-05-26 23:59:59.999,893264704.442840,1622093,1957627500,443068360.957990,0
2025-05-27,0.225840,0.232060,0.219560,0.225890,4946108615,2025-05-27 23:59:59.999,1122440540.598770,1929445,2415323764,548296574.015270,0
2025-05-28,0.225890,0.227760,0.216720,0.220860,3797907241,2025-05-28 23:59:59.999,841573994.669370,1522384,1808585197,400810742.529490,0
2025-05-29,0.220850,0.227870,0.213890,0.214770,5375912535,2025-05-29 23:59:59.999,1191512296.026220,1924990,2557011933,566832833.080330,0
2025-05-30,0.214770,0.216370,0.190360,0.193480,7999296946,2025-05-30 23:59:59.999,1620690641.810870,3089992,3756410699,761498468.597650,0
2025-05-31,0.193480,0.195430,0.185390,0.192410,6431949132,2025-05-31 23:59:59.999,1224802713.089400,2506650,3225464912,614185544.536400,0
2025-06-01,0.192420,0.194830,0.186280,0.193530,4186488318,2025-06-01 23:59:59.999,798059751.703530,1587455,2082460598,397032495.414700,0
2025-06-02,0.193520,0.196330,0.188410,0.194980,4553664266,2025-06-02 23:59:59.999,871987281.751850,1722195,2259110200,432584031.960570,0
2025-06-03,0.194980,0.200400,0.191100,0.193020,4635639187,2025-06-03 23:59:59.999,907795921.858410,1619973,2294333391,449470235.509860,0
2025-06-04,0.193010,0.197010,0.186790,0.188000,3727186524,2025-06-04 23:59:59.999,717706357.866700,1440444,1780714086,343087854.813150,0
2025-06-05,0.188000,0.192390,0.167780,0.170950,8930264157,2025-06-05 23:59:59.999,1603370012.602370,2781029,4216826056,756779453.396460,0
2025-06-06,0.170960,0.184400,0.169290,0.178690,6200555866,2025-06-06 23:59:59.999,1099707761.332710,1893559,3158894474,560081187.947210,0
2025-06-07,0.178700,0.188610,0.177660,0.185020,4523918396,2025-06-07 23:59:59.999,833478789.022020,1432095,2206587125,406643392.839260,0
2025-06-08,0.185020,0.186940,0.180260,0.184090,3485275600,2025-06-08 23:59:59.999,640663354.216980,1150179,1710078888,314420920.643820,0
2025-06-09,0.184090,0.196190,0.180090,0.194820,5934756281,2025-06-09 23:59:59.999,1105281890.094490,1807570,3048704742,568364469.936200,0
2025-06-10,0.194810,0.198480,0.188470,0.198380,6259681794,2025-06-10 23:59:59.999,1209629038.458130,2188535,3048040837,589103701.741980,0
2025-06-11,0.198380,0.206700,0.191170,0.192840,7352175160,2025-06-11 23:59:59.999,1463602331.133420,2649524,3583901330,713877907.505460,0
2025-06-12,0.192840,0.193580,0.179800,0.181030,6089265071,2025-06-12 23:59:59.999,1140090488.919530,1958904,2905627745,544382390.542380,0
2025-06-13,0.181030,0.181400,0.169610,0.180320,8246311446,2025-06-13 23:59:59.999,1442182734.239220,2656280,4050554810,708546765.017240,0
2025-06-14,0.180310,0.180360,0.174510,0.178170,3444081136,2025-06-14 23:59:59.999,610087681.451090,1160510,1705506098,302132081.746440,0
2025-06-15,0.178180,0.178620,0.171260,0.175430,4021488839,2025-06-15 23:59:59.999,704942969.265630,1251662,1913823115,335578376.159800,0
2025-06-16,0.175430,0.181120,0.172000,0.172610,5407434418,2025-06-16 23:59:59.999,957841109.050050,1648870,2669757805,473299779.199900,0
2025-06-17,0.172600,0.176020,0.163810,0.169260,6336138478,2025-06-17 23:59:59.999,1079037114.413430,2133205,3096459465,527566126.528330,0
2025-06-18,0.169270,0.172160,0.163980,0.170570,4982676926,2025-06-18 23:59:59.999,839013147.499400,1817780,2471535717,416235936.900950,0
2025-06-19,0.170580,0.171950,0.167620,0.170850,3164828956,2025-06-19 23:59:59.999,537367416.076930,1091404,1589443388,269872023.900460,0
2025-06-20,0.170840,0.171900,0.158200,0.162270,5880267286,2025-06-20 23:59:59.999,974168458.772720,1771299,2754074264,456425655.592130,0
2025-06-21,0.162270,0.164300,0.150000,0.154400,4305431020,2025-06-21 23:59:59.999,681122618.989130,1434833,2037945357,322478351.055010,0
2025-06-22,0.154400,0.157630,0.142580,0.151180,9572054231,2025-06-22 23:59:59.999,1440132196.485890,2867156,4712155608,709255723.315090,0
2025-06-23,0.151190,0.165330,0.148540,0.163710,8449244920,2025-06-23 23:59:59.999,1310774071.037070,2252583,4273845850,663423474.957660,0
2025-06-24,0.163710,0.167630,0.161600,0.165640,5191556743,2025-06-24 23:59:59.999,850936539.328870,1561964,2513050229,411919996.670580,0
2025-06-25,0.165630,0.167640,0.162470,0.164510,4529742372,2025-06-25 23:59:59.999,748493412.111010,1423229,2211944534,365557547.903840,0
2025-06-26,0.164500,0.168090,0.157820,0.159930,5291063045,2025-06-26 23:59:59.999,857475744.369370,1610833,2595868687,420707413.037550,0
2025-06-27,0.159940,0.163350,0.156930,0.160970,4087265811,2025-06-27 23:59:59.999,655030809.813890,1326794,2021883723,324121495.245420,0
2025-06-28,0.160980,0.164950,0.160320,0.163570,2371292210,2025-06-28 23:59:59.999,385738013.478050,720672,1177800630,191615760.902690,0
2025-06-29,0.163570,0.169990,0.162510,0.169380,3267296076,2025-06-29 23:59:59.999,540449346.744510,888559,1655603802,273941242.668520,0
2025-06-30,0.169370,0.169860,0.162150,0.165090,4798259755,2025-06-30 23:59:59.999,794862391.946130,1344431,2371188732,392823438.681540,0
2025-07-01,0.165090,0.166220,0.156670,0.157690,4511431772,2025-07-01 23:59:59.999,724512364.952040,1256776,2118503557,340315505.033530,0
2025-07-02,0.157690,0.172630,0.156450,0.168660,7002370135,2025-07-02 23:59:59.999,1163422759.314150,1689545,3662197011,608106467.030780,0
2025-07-03,0.168660,0.175380,0.167300,0.171940,6182848854,2025-07-03 23:59:59.999,1064051393.252710,1687491,3137407750,540030060.063500,0
2025-07-04,0.171950,0.172900,0.161150,0.162790,5960060221,2025-07-04 23:59:59.999,986401407.249320,1454349,2840170272,470216538.504110,0
2025-07-05,0.162800,0.164990,0.161870,0.164130,2502803865,2025-07-05 23:59:59.999,409436227.002190,819339,1215577649,198900908.261870,0
2025-07-06,0.164140,0.175200,0.163030,0.171880,5673082839,2025-07-06 23:59:59.999,960175044.264060,1497522,2898248224,490489483.146890,0
2025-07-07,0.171880,0.177150,0.165580,0.167820,6244155468,2025-07-07 23:59:59.999,1065300255.230720,1678751,3053832322,521221948.679480,0
2025-07-08,0.167830,0.171960,0.165810,0.170850,4389767212,2025-07-08 23:59:59.999,743610544.746030,1251643,2191000182,371152965.380170,0
2025-07-09,0.170840,0.186670,0.169810,0.180510,7063636646,2025-07-09 23:59:59.999,1240962824.444050,1851235,3632016440,638372861.193820,0
2025-07-10,0.180520,0.196350,0.178720,0.195000,6602519643,2025-07-10 23:59:59.999,1222214774.609560,1945248,3290125620,609641127.425280,0
2025-07-11,0.195010,0.213730,0.191150,0.201030,13189413430,2025-07-11 23:59:59.999,2667991447.905870,4171495,6482735788,1311768055.298070,0
2025-07-12,0.201030,0.206540,0.191840,0.197320,6783276786,2025-07-12 23:59:59.999,1347742933.722300,2224780,3322490061,660418770.753530,0
2025-07-13,0.197310,0.204060,0.195650,0.198430,5734445978,2025-07-13 23:59:59.999,1144019262.295560,1858511,2882050308,575189567.729660,0
2025-07-14,0.198440,0.210940,0.194410,0.197360,8899634239,2025-07-14 23:59:59.999,1808729972.272050,2638015,4249244221,863722167.372540,0
2025-07-15,0.197370,0.199360,0.188430,0.199160,9027979880,2025-07-15 23:59:59.999,1743348942.249070,2551801,4260056140,822901990.263670,0
2025-07-16,0.199150,0.220830,0.195500,0.212700,9437254176,2025-07-16 23:59:59.999,1942519353.205070,2828983,4691094836,966592192.914310,0
2025-07-17,0.212710,0.222400,0.206570,0.218260,12015388826,2025-07-17 23:59:59.999,2565669901.308820,3705075,5788291858,1236568542.097820,0
2025-07-18,0.218270,0.254390,0.216170,0.235760,20009385749,2025-07-18 23:59:59.999,4771430269.272500,6288105,9881288763,2356512341.303930,0
2025-07-19,0.235770,0.258060,0.235530,0.241360,14006015918,2025-07-19 23:59:59.999,3456279119.225690,4526358,6769004015,1671169713.302800,0
2025-07-20,0.241360,0.278370,0.239920,0.273790,16759435010,2025-07-20 23:59:59.999,4367398587.098600,5904449,8304869967,2164312569.713920,0
2025-07-21,0.273780,0.287670,0.264260,0.271400,18296456576,2025-07-21 23:59:59.999,5029651536.269650,6132852,8786659205,2415913919.469500,0
2025-07-22,0.271400,0.274940,0.257290,0.271070,12954914256,2025-07-22 23:59:59.999,3443134752.897850,4454053,6127141697,1629434461.249470,0
2025-07-23,0.271080,0.271250,0.230110,0.240720,14149928142,2025-07-23 23:59:59.999,3523069642.443810,4112827,6572275819,1635990653.520400,0
2025-07-24,0.240720,0.246630,0.221640,0.232080,13585248175,2025-07-24 23:59:59.999,3208000847.247590,4439435,6631241930,1567411527.329680,0
2025-07-25,0.232080,0.236910,0.220820,0.236620,10017830761,2025-07-25 23:59:59.999,2285253738.992460,3671890,4904692172,1119696039.613070,0
2025-07-26,0.236620,0.240250,0.232890,0.235370,4849133887,2025-07-26 23:59:59.999,1150215357.091990,1623920,2375038568,563687853.668970,0
2025-07-27,0.235370,0.243690,0.234140,0.240590,6884637873,2025-07-27 23:59:59.999,1642833640.993670,2167998,3340998309,797284244.207020,0
2025-07-28,0.240590,0.248500,0.224110,0.226060,9043368993,2025-07-28 23:59:59.999,2144906206.130980,3023665,4306664951,1022744212.699180,0
2025-07-29,0.226070,0.232680,0.217280,0.223810,8231434225,2025-07-29 23:59:59.999,1851927304.351590,2694212,4057028501,913157124.226860,0
2025-07-30,0.223810,0.226450,0.208710,0.219880,9169322506,2025-07-30 23:59:59.999,2007080013.801570,2899616,4463056036,977324083.371040,0
2025-07-31,0.219870,0.225580,0.208000,0.209660,7307589049,2025-07-31 23:59:59.999,1592669796.757210,2283082,3629786860,791631807.871380,0
2025-08-01,0.209670,0.212500,0.195110,0.200850,11938604743,2025-08-01 23:59:59.999,2453445425.900480,3985572,5775721025,1187791842.050010,0
2025-08-02,0.200850,0.203400,0.189320,0.190930,8331630684,2025-08-02 23:59:59.999,1632623784.341180,2968680,3996232606,783430990.385420,0
2025-08-03,0.190940,0.200400,0.188510,0.198660,5048523579,2025-08-03 23:59:59.999,991798934.284830,1599781,2559670434,503007280.220130,0
2025-08-04,0.198660,0.211190,0.198370,0.210310,6786560440,2025-08-04 23:59:59.999,1384354556.655190,1959303,3376399029,688793107.820510,0
2025-08-05,0.210310,0.210970,0.195910,0.199710,7209566339,2025-08-05 23:59:59.999,1461738774.023720,2208966,3368221390,682717040.276410,0
2025-08-06,0.199710,0.207090,0.195510,0.205190,5406211272,2025-08-06 23:59:59.999,1087778376.780990,1752613,2674535533,538205635.734710,0
2025-08-07,0.205180,0.222940,0.203230,0.222160,6984961962,2025-08-07 23:59:59.999,1485200755.057070,1964790,3491209293,742492687.758080,0
2025-08-08,0.222170,0.232450,0.219450,0.230320,8537041052,2025-08-08 23:59:59.999,1913652040.302260,2759574,4207342674,943542937.461730,0
2025-08-09,0.230330,0.246730,0.229620,0.239890,8889712981,2025-08-09 23:59:59.999,2124600920.634150,2916448,4366012312,1043681254.221230,0
2025-08-10,0.239900,0.243460,0.229370,0.233770,7207239913,2025-08-10 23:59:59.999,1693995397.337740,2417314,3443279876,809240560.556570,0
2025-08-11,0.233780,0.241680,0.221110,0.221980,10238415854,2025-08-11 23:59:59.999,2370698807.404630,3140260,4900687693,1135313429.646780,0
2025-08-12,0.221980,0.238290,0.218540,0.235710,8398654784,2025-08-12 23:59:59.999,1912067626.337340,2334040,4114599447,937177876.172240,0
2025-08-13,0.235720,0.250560,0.231310,0.244780,11859929667,2025-08-13 23:59:59.999,2874211423.240030,3387657,5807303982,1408117428.351770,0
2025-08-14,0.244780,0.255780,0.217300,0.223680,14951015622,2025-08-14 23:59:59.999,3510880360.976730,4312822,6986285855,1641822221.671220,0
2025-08-15,0.223690,0.233020,0.220040,0.228750,9976265832,2025-08-15 23:59:59.999,2265985555.264090,3013749,4888012684,1110023894.697120,0
2025-08-16,0.228740,0.236150,0.225140,0.231030,5959204395,2025-08-16 23:59:59.999,1375834638.880350,2043136,2865412009,661694246.803170,0
2025-08-17,0.231040,0.242480,0.228300,0.234470,7127783296,2025-08-17 23:59:59.999,1674226863.274910,2137166,3432908033,806480288.655660,0
2025-08-18,0.234460,0.235460,0.219780,0.222530,7713721348,2025-08-18 23:59:59.999,1730803901.166650,2533080,3659276071,820831391.241300,0
2025-08-19,0.222530,0.225660,0.208600,0.209330,8503790744,2025-08-19 23:59:59.999,1841798602.974080,2501374,4021299771,871473709.567450,0
2025-08-20,0.209320,0.222780,0.207440,0.221600,7941005375,2025-08-20 23:59:59.999,1704489222.435590,2300719,3977098703,854053643.638320,0
2025-08-21,0.221600,0.224420,0.213760,0.214650,5819975807,2025-08-21 23:59:59.999,1272975396.371150,1929016,2840650601,621486606.498970,0
2025-08-22,0.214650,0.242180,0.208120,0.240500,11573827364,2025-08-22 23:59:59.999,2609675142.081070,3274889,5811728216,1312321072.830740,0
2025-08-23,0.240510,0.240840,0.228950,0.236250,6632281047,2025-08-23 23:59:59.999,1562569728.878430,1878701,3325695260,783411499.075680,0
2025-08-24,0.236260,0.244920,0.227370,0.231750,8279073853,2025-08-24 23:59:59.999,1937753682.273520,2517810,4033919821,944461021.914120,0
2025-08-25,0.231740,0.234500,0.205710,0.209530,9911045272,2025-08-25 23:59:59.999,2171082693.510270,3119742,4506900546,988033839.057100,0
2025-08-26,0.209530,0.219960,0.206990,0.218330,5937144821,2025-08-26 23:59:59.999,1263341026.605720,2041597,2900554199,617453745.461740,0
2025-08-27,0.218320,0.223820,0.216000,0.218830,6158787060,2025-08-27 23:59:59.999,1356626593.172730,2079255,2969799834,654304761.560050,0
2025-08-28,0.218840,0.226010,0.216610,0.224300,4745270737,2025-08-28 23:59:59.999,1055690709.829290,1674731,2390819147,532016719.270570,0
2025-08-29,0.224300,0.225380,0.209660,0.213800,7661378356,2025-08-29 23:59:59.999,1653491742.490320,2177068,3703532667,799312342.158850,0
2025-08-30,0.213800,0.218810,0.211190,0.215850,3120025393,2025-08-30 23:59:59.999,671739249.945910,1090648,1531251986,329688149.889900,0
2025-08-31,0.215860,0.221300,0.213140,0.213590,3372517128,2025-08-31 23:59:59.999,733921147.715470,1078926,1642441042,357492300.001750,0
2025-09-01,0.213580,0.219820,0.204590,0.210630,8071949824,2025-09-01 23:59:59.999,1715146273.677570,2326173,4011485865,852485828.631050,0
2025-09-02,0.210630,0.215490,0.206480,0.214810,6500556504,2025-09-02 23:59:59.999,1376039994.858300,1971295,3164910846,670039529.410070,0
2025-09-03,0.214800,0.223470,0.212410,0.220220,4697199188,2025-09-03 23:59:59.999,1020883896.781950,1557524,2384510985,518428845.168370,0
2025-09-04,0.220220,0.221000,0.210360,0.212300,4761566486,2025-09-04 23:59:59.999,1021648034.022470,1493261,2293976700,492108433.418640,0
2025-09-05,0.212290,0.220930,0.211710,0.217780,6692556979,2025-09-05 23:59:59.999,1448317443.821590,1799990,3326910538,720003903.240110,0
2025-09-06,0.217780,0.218800,0.212130,0.215830,2835868031,2025-09-06 23:59:59.999,610169016.141190,959770,1336070207,287522596.696330,0
2025-09-07,0.215830,0.229180,0.215590,0.228680,4724015777,2025-09-07 23:59:59.999,1048494252.041810,1366795,2411610787,535441367.621160,0
2025-09-08,0.228670,0.244100,0.226400,0.241570,8760238369,2025-09-08 23:59:59.999,2061101342.277110,2568676,4472658751,1052437144.705710,0
2025-09-09,0.241560,0.249480,0.233510,0.240510,10784712971,2025-09-09 23:59:59.999,2598635207.477380,3185898,5254320722,1266343326.158590,0
2025-09-10,0.240520,0.248620,0.236070,0.245250,6886227080,2025-09-10 23:59:59.999,1668648600.581560,2198810,3386349543,820693711.990780,0
2025-09-11,0.245240,0.256910,0.241680,0.255910,8211432779,2025-09-11 23:59:59.999,2051274896.390170,2696172,3999896177,999688295.101710,0
2025-09-12,0.255920,0.278560,0.254690,0.275450,9716439309,2025-09-12 23:59:59.999,2579063191.683480,2839102,4887474524,1297700709.814580,0
2025-09-13,0.275450,0.306790,0.272610,0.289330,17866967966,2025-09-13 23:59:59.999,5199599965.860340,5246400,8618560093,2509143963.064430,0
2025-09-14,0.289320,0.295050,0.272630,0.277850,12091079955,2025-09-14 23:59:59.999,3428046007.810300,3772123,5824744767,1651424533.060300,0
2025-09-15,0.277840,0.282000,0.258540,0.268180,11744012571,2025-09-15 23:59:59.999,3144399263.916030,3451039,5663221474,1516801416.087590,0
2025-09-16,0.268180,0.271880,0.256530,0.269840,9455139357,2025-09-16 23:59:59.999,2510753391.277770,2902619,4560344865,1211728874.156660,0
2025-09-17,0.269840,0.283680,0.260050,0.282410,11099108492,2025-09-17 23:59:59.999,2986930859.024760,3392055,5389299889,1450757150.162640,0
2025-09-18,0.282420,0.288700,0.275400,0.278380,9740918633,2025-09-18 23:59:59.999,2743597464.531580,2789420,4653754073,1311154272.350050,0
2025-09-19,0.278380,0.284850,0.263000,0.265130,7934243306,2025-09-19 23:59:59.999,2157461107.431980,2313127,3714107896,1010095894.234830,0
2025-09-20,0.265130,0.269300,0.262770,0.267470,3787276250,2025-09-20 23:59:59.999,1007305434.308340,1245078,1880958414,500392900.189590,0
2025-09-21,0.267460,0.269600,0.260160,0.260600,4099115209,2025-09-21 23:59:59.999,1086500980.683370,1314930,1914563988,507426689.760350,0
2025-09-22,0.260590,0.262190,0.227750,0.241090,12354861541,2025-09-22 23:59:59.999,2998059385.171440,3504841,5851968253,1420232711.906070,0
2025-09-23,0.241100,0.243840,0.234010,0.236980,7421330916,2025-09-23 23:59:59.999,1779491894.511280,2161372,3606964312,865001689.686720,0
2025-09-24,0.236980,0.250530,0.230870,0.240970,8446351612,2025-09-24 23:59:59.999,2037888759.426270,2323881,4094812973,988735604.682100,0
2025-09-25,0.240970,0.241850,0.220420,0.222810,11930562035,2025-09-25 23:59:59.999,2749740272.839400,3169000,5623382944,1296025169.303520,0
2025-09-26,0.222810,0.233200,0.221230,0.232320,7262068092,2025-09-26 23:59:59.999,1647851397.459790,2248713,3641059894,826433393.938920,0
2025-09-27,0.232320,0.234200,0.227650,0.230670,3275598660,2025-09-27 23:59:59.999,755597254.857130,1060464,1585910295,365846131.478170,0
2025-09-28,0.230660,0.237580,0.224870,0.237220,4226786257,2025-09-28 23:59:59.999,971615632.460900,1253579,2101198557,483392680.966650,0
2025-09-29,0.237220,0.238880,0.228500,0.234690,6657111216,2025-09-29 23:59:59.999,1556184352.649520,1794938,3230617777,755432916.186750,0
2025-09-30,0.234680,0.235810,0.226230,0.232820,5545688942,2025-09-30 23:59:59.999,1280885448.769630,1696073,2604562218,601651811.328890,0
2025-10-01,0.232820,0.249090,0.230230,0.248940,6550163636,2025-10-01 23:59:59.999,1580050731.401820,1861109,3256339344,785434082.029610,0
2025-10-02,0.248930,0.264000,0.246600,0.261910,8356127092,2025-10-02 23:59:59.999,2133161439.058200,2534727,4144771538,1058110113.874780,0
2025-10-03,0.261900,0.265290,0.252600,0.258110,7925468925,2025-10-03 23:59:59.999,2045117626.768560,2429215,3822743386,986582086.743870,0
2025-10-04,0.258120,0.259720,0.246620,0.250700,5274043843,2025-10-04 23:59:59.999,1326830832.941950,1593036,2431164123,611723576.305100,0
2025-10-05,0.250700,0.265160,0.249410,0.252680,8621048357,2025-10-05 23:59:59.999,2222161455.128780,2418929,4257118818,1097355340.240430,0
2025-10-06,0.252680,0.270390,0.250400,0.266010,9245925853,2025-10-06 23:59:59.999,2418705499.069400,2635083,4620479839,1208937195.229590,0
2025-10-07,0.266010,0.268330,0.245920,0.246710,10718903592,2025-10-07 23:59:59.999,2758541891.666150,2968681,5051784591,1301338894.741190,0
2025-10-08,0.246720,0.261070,0.242800,0.255570,8429553003,2025-10-08 23:59:59.999,2125008922.480570,2570346,4184574029,1055178576.723410,0
2025-10-09,0.255570,0.255870,0.240970,0.248430,9086872900,2025-10-09 23:59:59.999,2244203940.568350,2634386,4333785874,1070328855.635810,0
2025-10-10,0.248430,0.253980,0.083850,0.193120,25781970004,2025-10-10 23:59:59.999,5371731733.898690,6739397,12007138104,2506069914.537710,0
2025-10-11,0.193120,0.200300,0.178070,0.185160,18854052342,2025-10-11 23:59:59.999,3599519418.209740,4863274,9016346684,1721692770.052900,0
2025-10-12,0.185170,0.214060,0.180590,0.207040,22272897002,2025-10-12 23:59:59.999,4374142141.440210,4322009,11107437809,2182192828.994650,0
2025-10-13,0.207040,0.218230,0.201810,0.213700,28544931227,2025-10-13 23:59:59.999,5995551375.115970,4002395,14197344954,2981968166.843130,0
2025-10-14,0.213710,0.215530,0.193190,0.204260,26137068919,2025-10-14 23:59:59.999,5291751915.258840,4072450,12840011820,2599518911.692000,0
2025-10-15,0.204270,0.208450,0.194040,0.196110,9386805413,2025-10-15 23:59:59.999,1884088066.174040,2709500,4533321000,910124180.871250,0
2025-10-16,0.196110,0.201420,0.184550,0.188380,11687689381,2025-10-16 23:59:59.999,2262987208.919330,3426732,5648391481,1093840210.669340,0
