open_time,Open,High,Low,Close,volume,close_time,quote_asset_volume,number_of_trades,taker_buy_base_asset_volume,taker_buy_quote_asset_volume,ignore
2020-10-18,0.02573,0.02610,0.02565,0.02592,275765963,2020-10-18 23:59:59.999,7127258.67801,212071,139337126,3602528.32471,0
2020-10-19,0.02593,0.02615,0.02565,0.02589,562367878,2020-10-19 23:59:59.999,14557433.02802,170331,270324283,7000463.83196,0
2020-10-20,0.02587,0.02920,0.02528,0.02593,5501246168,2020-10-20 23:59:59.999,148344471.25319,354813,2762714582,74583865.78157,0
2020-10-21,0.02593,0.02758,0.02588,0.02669,2186733659,2020-10-21 23:59:59.999,58405915.67349,199150,1091846164,29169574.25739,0
2020-10-22,0.02670,0.02752,0.02667,0.02710,1163127532,2020-10-22 23:59:59.999,31613064.31373,138874,531368954,14443489.10183,0
2020-10-23,0.02710,0.02714,0.02625,0.02673,847288871,2020-10-23 23:59:59.999,22724613.44203,149021,384591689,10316355.83069,0
2020-10-24,0.02673,0.02733,0.02658,0.02707,570810602,2020-10-24 23:59:59.999,15358052.43031,177219,274500769,7387038.96716,0
2020-10-25,0.02707,0.02729,0.02662,0.02700,680605044,2020-10-25 23:59:59.999,18365222.07519,173210,327665347,8846687.64045,0
2020-10-26,0.02700,0.02753,0.02633,0.02677,1357006965,2020-10-26 23:59:59.999,36691087.66277,160460,608415730,16462742.37970,0
2020-10-27,0.02677,0.02717,0.02671,0.02700,656240923,2020-10-27 23:59:59.999,17682522.09216,161508,318049826,8573371.86455,0
2020-10-28,0.02700,0.02739,0.02660,0.02690,1029834366,2020-10-28 23:59:59.999,27767310.18754,175667,478452812,12907705.80158,0
2020-10-29,0.02690,0.02728,0.02635,0.02658,1034509356,2020-10-29 23:59:59.999,27813899.93365,168069,467403190,12572735.39046,0
2020-10-30,0.02658,0.02669,0.02522,0.02560,1011440664,2020-10-30 23:59:59.999,26075331.94347,188058,446279561,11509623.22683,0
2020-10-31,0.02560,0.02674,0.02544,0.02579,1081606504,2020-10-31 23:59:59.999,28189758.02536,241401,529668015,13805508.69285,0
2020-11-01,0.02579,0.02592,0.02538,0.02574,513972830,2020-11-01 23:59:59.999,13183728.88004,241178,244883124,6282713.22834,0
2020-11-02,0.02573,0.02589,0.02434,0.02444,1286850226,2020-11-02 23:59:59.999,32138821.13350,186961,586895640,14664683.42542,0
2020-11-03,0.02444,0.02451,0.02302,0.02441,1833229414,2020-11-03 23:59:59.999,43635492.65405,166209,904934281,21542108.80840,0
2020-11-04,0.02442,0.02444,0.02362,0.02420,1064496317,2020-11-04 23:59:59.999,25612412.17118,142360,519063083,12491762.41103,0
2020-11-05,0.02419,0.02511,0.02400,0.02494,891892719,2020-11-05 23:59:59.999,21902904.62888,160921,446348255,10959182.72879,0
2020-11-06,0.02494,0.02620,0.02490,0.02617,1446656217,2020-11-06 23:59:59.999,37039108.73219,149762,712927535,18259081.58471,0
2020-11-07,0.02617,0.02678,0.02440,0.02487,2135415911,2020-11-07 23:59:59.999,54928212.12489,196914,1094303327,28153016.72325,0
2020-11-08,0.02487,0.02567,0.02460,0.02535,754218359,2020-11-08 23:59:59.999,19057105.99982,153771,351806937,8890574.11046,0
2020-11-09,0.02535,0.02565,0.02465,0.02479,939101704,2020-11-09 23:59:59.999,23619363.40624,145949,464721623,11698323.59105,0
2020-11-10,0.02479,0.02532,0.02461,0.02485,651373045,2020-11-10 23:59:59.999,16248687.36774,130076,321367518,8020106.10511,0
2020-11-11,0.02485,0.02532,0.02484,0.02499,634656665,2020-11-11 23:59:59.999,15949290.28663,139069,301683212,7581320.81348,0
2020-11-12,0.02499,0.02524,0.02474,0.02492,529282386,2020-11-12 23:59:59.999,13235099.15624,164195,253818208,6348937.71247,0
2020-11-13,0.02491,0.02550,0.02478,0.02543,897248055,2020-11-13 23:59:59.999,22599494.30559,167535,437549098,11023194.38949,0
2020-11-14,0.02543,0.02546,0.02497,0.02515,744514667,2020-11-14 23:59:59.999,18761154.38938,147437,353619879,8913919.44352,0
2020-11-15,0.02515,0.02585,0.02484,0.02533,1160631754,2020-11-15 23:59:59.999,29451603.44577,152847,538275285,13671560.80165,0
2020-11-16,0.02533,0.02584,0.02511,0.02549,846681155,2020-11-16 23:59:59.999,21595657.74158,146855,428606163,10933621.75497,0
2020-11-17,0.02549,0.02670,0.02546,0.02654,1814991368,2020-11-17 23:59:59.999,47560335.19947,145064,856782957,22463864.64483,0
2020-11-18,0.02653,0.02714,0.02446,0.02679,2308062001,2020-11-18 23:59:59.999,59667772.42795,182785,1064882621,27545196.96980,0
2020-11-19,0.02679,0.02692,0.02533,0.02581,1667068532,2020-11-19 23:59:59.999,43220852.80957,152859,786688077,20393688.42084,0
2020-11-20,0.02581,0.02662,0.02574,0.02630,1524008304,2020-11-20 23:59:59.999,39923956.19911,141475,736412341,19300166.32557,0
2020-11-21,0.02630,0.03082,0.02614,0.03064,5164699628,2020-11-21 23:59:59.999,146463278.43331,267336,2473535321,70192979.15194,0
2020-11-22,0.03064,0.03093,0.02724,0.02878,4727861437,2020-11-22 23:59:59.999,136890179.35486,247726,2181940791,63189731.30988,0
2020-11-23,0.02876,0.03192,0.02834,0.03180,3986598506,2020-11-23 23:59:59.999,121006317.68198,221048,1911269832,58057337.37420,0
2020-11-24,0.03180,0.03967,0.03143,0.03533,9752550640,2020-11-24 23:59:59.999,342850356.06048,600983,4599587854,161926016.61761,0
2020-11-25,0.03533,0.03758,0.03151,0.03307,5943895376,2020-11-25 23:59:59.999,210585573.79613,402340,2763832353,98096453.98912,0
2020-11-26,0.03307,0.03393,0.02704,0.02946,5602903821,2020-11-26 23:59:59.999,164426640.38044,416604,2643205796,77539166.75330,0
2020-11-27,0.02944,0.03014,0.02806,0.02939,2284104415,2020-11-27 23:59:59.999,66243968.50260,164925,1107822247,32138002.74655,0
2020-11-28,0.02939,0.03127,0.02862,0.03047,2002242514,2020-11-28 23:59:59.999,60082141.38782,145929,962753378,28895102.12020,0
2020-11-29,0.03046,0.03126,0.02954,0.03076,1471781420,2020-11-29 23:59:59.999,44803817.97674,128938,706630047,21537120.40334,0
2020-11-30,0.03076,0.03315,0.03027,0.03241,2410765068,2020-11-30 23:59:59.999,76434031.27800,191159,1143949592,36281707.35220,0
2020-12-01,0.03242,0.03432,0.02909,0.03026,3734057131,2020-12-01 23:59:59.999,119637965.84152,293572,1717187613,55103421.25055,0
2020-12-02,0.03027,0.03138,0.02970,0.03119,1518239407,2020-12-02 23:59:59.999,46730204.40181,133288,730332073,22485854.02393,0
2020-12-03,0.03120,0.03199,0.03073,0.03170,1077727712,2020-12-03 23:59:59.999,33890028.99227,132900,526259077,16558585.44013,0
2020-12-04,0.03169,0.03177,0.02902,0.02946,1479387851,2020-12-04 23:59:59.999,45370611.67541,152541,671487320,20600273.47769,0
2020-12-05,0.02946,0.03062,0.02918,0.03060,562405281,2020-12-05 23:59:59.999,16928317.12319,103574,282828580,8515313.07054,0
2020-12-06,0.03059,0.03106,0.03005,0.03095,818190044,2020-12-06 23:59:59.999,25053126.67433,124830,378904918,11606776.70962,0
2020-12-07,0.03096,0.03102,0.02989,0.03033,635897193,2020-12-07 23:59:59.999,19372815.81687,146033,278063891,8476232.85213,0
2020-12-08,0.03033,0.03033,0.02748,0.02790,1189329294,2020-12-08 23:59:59.999,34619822.46503,174203,534295526,15547410.73495,0
2020-12-09,0.02789,0.02887,0.02700,0.02871,1297409764,2020-12-09 23:59:59.999,36351631.96632,105048,626470046,17557275.07691,0
2020-12-10,0.02870,0.02882,0.02776,0.02811,619039750,2020-12-10 23:59:59.999,17535142.35202,121717,302400215,8568342.89558,0
2020-12-11,0.02811,0.02821,0.02740,0.02778,722057243,2020-12-11 23:59:59.999,20075406.42097,133515,357033480,9927587.92517,0
2020-12-12,0.02778,0.02879,0.02764,0.02857,556263395,2020-12-12 23:59:59.999,15792899.48735,197150,257127544,7300944.60961,0
2020-12-13,0.02857,0.02969,0.02846,0.02921,583245788,2020-12-13 23:59:59.999,16996798.75721,206642,286928470,8359684.43528,0
2020-12-14,0.02921,0.02924,0.02861,0.02911,557102104,2020-12-14 23:59:59.999,16125960.85502,190469,263128470,7617819.43989,0
2020-12-15,0.02911,0.02952,0.02868,0.02920,603893248,2020-12-15 23:59:59.999,17609161.04717,211631,287483927,8384559.72428,0
2020-12-16,0.02921,0.03149,0.02877,0.03149,1068821921,2020-12-16 23:59:59.999,32082508.35591,231955,511492339,15364308.34935,0
2020-12-17,0.03148,0.03256,0.03017,0.03076,2480558793,2020-12-17 23:59:59.999,78099910.94363,231342,1154416761,36362399.77375,0
2020-12-18,0.03075,0.03147,0.03012,0.03111,986828503,2020-12-18 23:59:59.999,30425467.03901,162445,457280967,14105881.17454,0
2020-12-19,0.03112,0.03206,0.03087,0.03126,970232049,2020-12-19 23:59:59.999,30540544.07784,157799,458114746,14426064.23767,0
2020-12-20,0.03127,0.03296,0.03021,0.03125,2744719710,2020-12-20 23:59:59.999,87219693.91557,239920,1275801890,40587498.32916,0
2020-12-21,0.03124,0.03196,0.02896,0.02928,2036460630,2020-12-21 23:59:59.999,61807897.06084,198673,918791891,27919682.52672,0
2020-12-22,0.02930,0.02962,0.02774,0.02885,1676937432,2020-12-22 23:59:59.999,48388338.29601,176448,756916613,21860549.15769,0
2020-12-23,0.02884,0.02904,0.02347,0.02478,2232570458,2020-12-23 23:59:59.999,59853378.20150,271942,1033629553,27766575.67355,0
2020-12-24,0.02477,0.02774,0.02410,0.02766,1998674629,2020-12-24 23:59:59.999,52099781.79746,226433,1025842928,26739458.19433,0
2020-12-25,0.02767,0.02949,0.02707,0.02854,1620196819,2020-12-25 23:59:59.999,45670548.39018,160300,793361669,22367761.88447,0
2020-12-26,0.02854,0.02864,0.02721,0.02780,876664410,2020-12-26 23:59:59.999,24443979.90827,131381,415046383,11572465.19754,0
2020-12-27,0.02780,0.03116,0.02662,0.02892,3542619793,2020-12-27 23:59:59.999,102942818.84805,300338,1740919982,50620284.99322,0
2020-12-28,0.02893,0.03042,0.02863,0.02962,2082548981,2020-12-28 23:59:59.999,61575748.96804,192258,951620757,28151443.64284,0
2020-12-29,0.02961,0.03032,0.02649,0.02766,2724917561,2020-12-29 23:59:59.999,75606387.38193,244987,1224137964,33951493.43874,0
2020-12-30,0.02767,0.02782,0.02632,0.02693,1159836358,2020-12-30 23:59:59.999,31318482.61513,142117,516272974,13943427.96046,0
2020-12-31,0.02693,0.02707,0.02592,0.02676,965450790,2020-12-31 23:59:59.999,25680829.55697,193427,434959486,11579807.13684,0
2021-01-01,0.02676,0.02739,0.02641,0.02684,802100352,2021-01-01 23:59:59.999,21606982.21243,174721,368383445,9928704.35346,0
2021-01-02,0.02684,0.02796,0.02647,0.02721,1203165933,2021-01-02 23:59:59.999,32570483.91382,212726,596488503,16152842.55924,0
2021-01-03,0.02722,0.03019,0.02656,0.02960,2890035773,2021-01-03 23:59:59.999,81585706.15604,287717,1358033469,38361312.72330,0
2021-01-04,0.02960,0.03237,0.02659,0.03097,6104369609,2021-01-04 23:59:59.999,182542234.49087,453388,2867443034,85826325.32025,0
2021-01-05,0.03097,0.03125,0.02677,0.02846,7278943227,2021-01-05 23:59:59.999,205272403.60412,455880,3562863831,100440839.81379,0
2021-01-06,0.02847,0.03101,0.02773,0.03044,4102761974,2021-01-06 23:59:59.999,121255086.56513,304607,1898980717,56148407.84209,0
2021-01-07,0.03044,0.03343,0.02989,0.03098,6363264025,2021-01-07 23:59:59.999,201248429.59641,494360,2969694654,94012098.77497,0
2021-01-08,0.03098,0.03130,0.02850,0.03039,3185616695,2021-01-08 23:59:59.999,95734239.07681,289320,1453421444,43738206.63485,0
2021-01-09,0.03040,0.03570,0.02952,0.03389,4951543408,2021-01-09 23:59:59.999,164224917.00453,413652,2323147489,77132225.94946,0
2021-01-10,0.03390,0.03688,0.03093,0.03275,6129199995,2021-01-10 23:59:59.999,207772360.39725,524259,2843749879,96540075.10359,0
2021-01-11,0.03275,0.03281,0.02690,0.02895,4782711468,2021-01-11 23:59:59.999,139726413.25805,444859,2223700346,64881921.54309,0
2021-01-12,0.02895,0.03038,0.02786,0.02860,2263715269,2021-01-12 23:59:59.999,65628693.79016,208130,1058725776,30687563.89057,0
2021-01-13,0.02860,0.03082,0.02770,0.03078,1746459891,2021-01-13 23:59:59.999,50924749.77032,183563,852729366,24898020.05466,0
2021-01-14,0.03078,0.03149,0.02923,0.03014,2375591652,2021-01-14 23:59:59.999,71628961.65482,213866,1145556954,34559646.67428,0
2021-01-15,0.03014,0.03155,0.02825,0.02973,3219150357,2021-01-15 23:59:59.999,96855193.90566,268546,1482120198,44620870.68466,0
2021-01-16,0.02973,0.03135,0.02942,0.03010,2517746432,2021-01-16 23:59:59.999,76878427.86431,220810,1184564828,36192406.58376,0
2021-01-17,0.03011,0.03079,0.02913,0.03026,1672972117,2021-01-17 23:59:59.999,50242784.11491,159828,807434143,24258074.67910,0
2021-01-18,0.03025,0.03238,0.02965,0.03168,2323900747,2021-01-18 23:59:59.999,72221669.51195,216158,1089242587,33875411.95870,0
2021-01-19,0.03168,0.03255,0.03055,0.03062,2481228197,2021-01-19 23:59:59.999,78407417.28362,206428,1095768916,34654337.69699,0
2021-01-20,0.03061,0.03118,0.02913,0.03049,1951957927,2021-01-20 23:59:59.999,58904933.93681,180985,949900788,28687274.00757,0
2021-01-21,0.03048,0.03059,0.02750,0.02755,2589377737,2021-01-21 23:59:59.999,74808322.76034,200461,1227622263,35483108.44718,0
2021-01-22,0.02757,0.02893,0.02631,0.02852,1589621928,2021-01-22 23:59:59.999,44087786.16707,151082,756444555,20994441.98572,0
2021-01-23,0.02853,0.02944,0.02805,0.02921,1434898763,2021-01-23 23:59:59.999,41318662.26927,121754,710008628,20450184.79548,0
2021-01-24,0.02921,0.03071,0.02895,0.02997,2156377156,2021-01-24 23:59:59.999,64497964.07677,170690,1019830275,30523866.53388,0
2021-01-25,0.02998,0.03272,0.02941,0.02948,3985394895,2021-01-25 23:59:59.999,123762232.47890,307046,1883227168,58552099.74019,0
2021-01-26,0.02948,0.02996,0.02838,0.02946,1424153067,2021-01-26 23:59:59.999,41594863.49847,124688,645845459,18870093.97782,0
2021-01-27,0.02946,0.02948,0.02753,0.02821,1414602504,2021-01-27 23:59:59.999,40169048.06733,129916,657268477,18664892.40521,0
2021-01-28,0.02822,0.02996,0.02786,0.02954,1301593844,2021-01-28 23:59:59.999,37981595.23522,121087,619683941,18079309.53438,0
2021-01-29,0.02954,0.04507,0.02933,0.03338,23404320896,2021-01-29 23:59:59.999,844948690.54130,1471600,11310914030,408162946.79022,0
2021-01-30,0.03340,0.03368,0.03050,0.03223,5105243720,2021-01-30 23:59:59.999,163015364.63332,377429,2372311656,75802222.99640,0
2021-01-31,0.03222,0.03483,0.03091,0.03158,4667605028,2021-01-31 23:59:59.999,152164163.88853,373433,2222704179,72539153.65697,0
2021-02-01,0.03158,0.03503,0.03119,0.03299,4713162238,2021-02-01 23:59:59.999,155662407.65830,381381,2264588461,74832511.28344,0
2021-02-02,0.03300,0.03363,0.03224,0.03321,1867018547,2021-02-02 23:59:59.999,61718857.66562,175148,855551535,28293057.65321,0
2021-02-03,0.03321,0.03547,0.03320,0.03455,2886111255,2021-02-03 23:59:59.999,98821272.23607,247257,1369845778,46917529.15299,0
2021-02-04,0.03457,0.03485,0.03200,0.03315,3222785977,2021-02-04 23:59:59.999,107871299.33527,262717,1465262166,49064519.81894,0
2021-02-05,0.03315,0.03686,0.03305,0.03630,4758509681,2021-02-05 23:59:59.999,167592346.49068,368370,2239415083,78929999.03827,0
2021-02-06,0.03633,0.03664,0.03350,0.03514,2939962072,2021-02-06 23:59:59.999,102836264.59405,234884,1319090205,46163873.45693,0
2021-02-07,0.03516,0.03747,0.03405,0.03600,4676899122,2021-02-07 23:59:59.999,166752279.63352,389504,2149547955,76698826.66942,0
2021-02-08,0.03602,0.04189,0.03530,0.04048,5695034700,2021-02-08 23:59:59.999,219796555.99544,526426,2688723103,103965963.34885,0
2021-02-09,0.04052,0.05133,0.04047,0.04622,11686339233,2021-02-09 23:59:59.999,539715549.95449,930015,5624474522,259919235.68968,0
2021-02-10,0.04623,0.05000,0.04142,0.04634,7723196494,2021-02-10 23:59:59.999,355884514.16942,653037,3581473956,165151713.57180,0
2021-02-11,0.04633,0.05938,0.04434,0.05708,7911664335,2021-02-11 23:59:59.999,399897054.41982,739898,3843211092,194700442.45261,0
2021-02-12,0.05704,0.05820,0.05128,0.05527,7052337790,2021-02-12 23:59:59.999,387640858.79139,672895,3292978220,181056279.55284,0
2021-02-13,0.05530,0.06147,0.05139,0.06016,8000820754,2021-02-13 23:59:59.999,456135662.74074,745125,3785753042,215939520.03806,0
2021-02-14,0.06015,0.06040,0.05221,0.05529,5111713187,2021-02-14 23:59:59.999,287522784.14836,509299,2373720971,133503717.79846,0
2021-02-15,0.05532,0.05640,0.04487,0.05084,8133185994,2021-02-15 23:59:59.999,413538544.12172,743024,3907577169,198875256.23907,0
2021-02-16,0.05084,0.05523,0.04916,0.05201,4534792227,2021-02-16 23:59:59.999,236297666.32269,454098,2167800852,112952643.87021,0
2021-02-17,0.05201,0.05407,0.04882,0.05265,3101660402,2021-02-17 23:59:59.999,160955272.60252,331129,1490163711,77321596.74454,0
2021-02-18,0.05266,0.05578,0.05210,0.05497,2882185221,2021-02-18 23:59:59.999,155780719.25096,294972,1346988059,72856263.50449,0
2021-02-19,0.05498,0.06494,0.05401,0.06083,6732825776,2021-02-19 23:59:59.999,405708596.99217,654000,3296204534,198847910.02779,0
2021-02-20,0.06085,0.06389,0.05500,0.05774,5467626391,2021-02-20 23:59:59.999,330277311.07781,559847,2606664288,157678755.21148,0
2021-02-21,0.05775,0.06155,0.05638,0.05943,3781326294,2021-02-21 23:59:59.999,224550377.49349,394802,1830656934,108771982.96667,0
2021-02-22,0.05944,0.05969,0.04400,0.05421,6017498796,2021-02-22 23:59:59.999,327681914.99490,610415,2789324144,152239064.01991,0
2021-02-23,0.05420,0.05460,0.03715,0.04491,8009700174,2021-02-23 23:59:59.999,361914995.79332,815086,3930289555,177714881.36906,0
2021-02-24,0.04492,0.04982,0.04303,0.04793,4165135657,2021-02-24 23:59:59.999,196960206.29680,381608,2072916898,98072844.12999,0
2021-02-25,0.04794,0.05008,0.04477,0.04508,2905099995,2021-02-25 23:59:59.999,139906215.93329,250370,1410494858,67970950.11250,0
2021-02-26,0.04506,0.04682,0.04229,0.04511,2267877166,2021-02-26 23:59:59.999,101677305.05512,216170,1129260721,50650559.90005,0
2021-02-27,0.04513,0.04838,0.04507,0.04646,2232576104,2021-02-27 23:59:59.999,104618289.99839,199001,1078726618,50551291.99824,0
2021-02-28,0.04646,0.04677,0.04300,0.04556,2519325924,2021-02-28 23:59:59.999,112376570.57323,230214,1260897913,56268859.45399,0
2021-03-01,0.04555,0.04823,0.04485,0.04779,1860201946,2021-03-01 23:59:59.999,86447825.29520,185100,893063807,41515618.74230,0
2021-03-02,0.04780,0.04883,0.04537,0.04680,1743141346,2021-03-02 23:59:59.999,82256662.62539,172964,820054300,38703296.51889,0
2021-03-03,0.04680,0.04964,0.04646,0.04878,1847634785,2021-03-03 23:59:59.999,89550536.29620,164486,896671092,43456008.46329,0
2021-03-04,0.04879,0.05335,0.04832,0.05139,5019437083,2021-03-04 23:59:59.999,255766758.46156,460859,2455123991,125133158.06943,0
2021-03-05,0.05140,0.05142,0.04842,0.05012,2431516464,2021-03-05 23:59:59.999,120932276.19873,218589,1174075139,58408464.31825,0
2021-03-06,0.05013,0.05073,0.04858,0.05008,1568613807,2021-03-06 23:59:59.999,78232214.45754,144030,775930212,38707265.62393,0
2021-03-07,0.05009,0.05180,0.04994,0.05167,1379313722,2021-03-07 23:59:59.999,70222457.31289,130226,634227846,32296475.30481,0
2021-03-08,0.05169,0.05330,0.05014,0.05311,2450853348,2021-03-08 23:59:59.999,127179955.57773,239115,1191468591,61871318.70671,0
2021-03-09,0.05308,0.05360,0.05196,0.05321,1884874078,2021-03-09 23:59:59.999,99539378.01652,179438,867673130,45841699.28777,0
2021-03-10,0.05321,0.05342,0.05025,0.05139,2481524377,2021-03-10 23:59:59.999,129315622.75746,245439,1141281018,59495701.61036,0
2021-03-11,0.05139,0.05184,0.04958,0.05149,2072553839,2021-03-11 23:59:59.999,105431707.12203,196924,976542412,49694299.97849,0
2021-03-12,0.05150,0.05172,0.04849,0.04993,2206370642,2021-03-12 23:59:59.999,110842748.10128,206730,1038147709,52142414.89743,0
2021-03-13,0.04993,0.05415,0.04879,0.05292,2446229458,2021-03-13 23:59:59.999,126724503.93861,225040,1163312360,60242124.80685,0
2021-03-14,0.05293,0.05393,0.05100,0.05104,2137380424,2021-03-14 23:59:59.999,111729861.86608,210964,997019151,52145999.53650,0
2021-03-15,0.05103,0.05224,0.04806,0.05066,2391876193,2021-03-15 23:59:59.999,119948275.51896,222734,1116306952,55980174.46601,0
2021-03-16,0.05064,0.05316,0.04902,0.05235,2351761159,2021-03-16 23:59:59.999,120921066.82177,213963,1136935960,58457235.96446,0
2021-03-17,0.05235,0.05582,0.05194,0.05480,3556236940,2021-03-17 23:59:59.999,191385699.44313,335532,1721122652,92633522.53220,0
2021-03-18,0.05482,0.05524,0.05285,0.05328,1697144345,2021-03-18 23:59:59.999,91548758.70232,174860,787163446,42473056.83255,0
2021-03-19,0.05328,0.05963,0.05209,0.05869,3924696538,2021-03-19 23:59:59.999,220455197.98469,354142,1924253896,108139039.56297,0
2021-03-20,0.05867,0.06836,0.05864,0.06094,13265566414,2021-03-20 23:59:59.999,853241858.14099,1060163,6471733573,416351071.44497,0
2021-03-21,0.06094,0.06455,0.05872,0.06344,6519960909,2021-03-21 23:59:59.999,400631872.34980,536066,3208958655,197261640.34703,0
2021-03-22,0.06341,0.06637,0.05872,0.05931,5599164463,2021-03-22 23:59:59.999,353124430.63411,546792,2606171516,164371564.19291,0
2021-03-23,0.05931,0.06146,0.05748,0.05858,3772917656,2021-03-23 23:59:59.999,224288811.32003,415680,1787415316,106287950.36692,0
2021-03-24,0.05857,0.06228,0.05412,0.05564,4280939457,2021-03-24 23:59:59.999,252158950.15319,438132,2045538719,120680650.57873,0
2021-03-25,0.05565,0.05627,0.05320,0.05528,4403961658,2021-03-25 23:59:59.999,241031151.48373,391230,2052859976,112383098.33445,0
2021-03-26,0.05527,0.06614,0.05523,0.06464,6610296556,2021-03-26 23:59:59.999,411684492.33079,618311,3237412589,201863707.82088,0
2021-03-27,0.06464,0.06766,0.06273,0.06360,5592890116,2021-03-27 23:59:59.999,363327839.26847,569340,2653738006,172494880.83703,0
2021-03-28,0.06360,0.06472,0.06180,0.06366,2526243655,2021-03-28 23:59:59.999,160533272.20113,317209,1207677636,76771191.74522,0
2021-03-29,0.06365,0.06585,0.06328,0.06479,2009060042,2021-03-29 23:59:59.999,130028515.05163,256116,978635958,63348474.97123,0
2021-03-30,0.06479,0.06684,0.06426,0.06608,2948780730,2021-03-30 23:59:59.999,193744983.83718,324733,1417862219,93157107.11772,0
2021-03-31,0.06608,0.09795,0.06562,0.09328,25577179956,2021-03-31 23:59:59.999,2096170223.69318,2340557,12743067458,1044799344.20150,0
2021-04-01,0.09327,0.09492,0.08211,0.08551,13374561804,2021-04-01 23:59:59.999,1180184598.28258,1399360,6474487424,571651570.75816,0
2021-04-02,0.08551,0.09289,0.08430,0.09260,6649469150,2021-04-02 23:59:59.999,588710714.97896,779586,3228862823,286048815.76831,0
2021-04-03,0.09259,0.11131,0.08838,0.10169,16711756217,2021-04-03 23:59:59.999,1690870980.11554,1818145,8168010135,827137363.99890,0
2021-04-04,0.10170,0.12850,0.10000,0.12763,16382782828,2021-04-04 23:59:59.999,1887028857.54637,1922072,8102804981,934224553.58795,0
2021-04-05,0.12762,0.14970,0.12600,0.13648,19010644149,2021-04-05 23:59:59.999,2607394156.99563,2266250,9283562393,1273628325.84142,0
2021-04-06,0.13653,0.13894,0.11000,0.12436,13775684179,2021-04-06 23:59:59.999,1719768612.71416,1740613,6552108857,818225622.41618,0
2021-04-07,0.12435,0.12620,0.10325,0.11052,13364877638,2021-04-07 23:59:59.999,1499871185.73266,1672468,6353826926,713213286.14425,0
2021-04-08,0.11055,0.12624,0.11006,0.12366,8103550948,2021-04-08 23:59:59.999,970902300.57962,1158408,3941933818,472475582.21032,0
2021-04-09,0.12363,0.12540,0.11440,0.11587,3946302165,2021-04-09 23:59:59.999,470564596.42311,655387,1840086761,219550999.99070,0
2021-04-10,0.11588,0.12812,0.11242,0.12682,6214576383,2021-04-10 23:59:59.999,749730922.17589,942192,2948321408,355958453.23094,0
2021-04-11,0.12682,0.12730,0.11800,0.12252,4096664473,2021-04-11 23:59:59.999,498475505.94972,693024,1881257028,229015218.23104,0
2021-04-12,0.12255,0.13798,0.12192,0.12890,10399317089,2021-04-12 23:59:59.999,1366565907.60336,1465344,4944159286,649923440.31817,0
2021-04-13,0.12891,0.15657,0.12820,0.14643,10989461257,2021-04-13 23:59:59.999,1569791902.10393,1678575,5196394137,742377863.05530,0
2021-04-14,0.14642,0.15747,0.13112,0.14070,10222181771,2021-04-14 23:59:59.999,1465382149.66819,1672171,4736081414,679308528.51144,0
2021-04-15,0.14073,0.16950,0.13614,0.16456,11036661149,2021-04-15 23:59:59.999,1701722509.04000,1675240,5313132364,819800225.12950,0
2021-04-16,0.16456,0.17983,0.13382,0.16099,12976738483,2021-04-16 23:59:59.999,2037986914.97065,2103181,6114270613,962010228.22203,0
2021-04-17,0.16106,0.18077,0.15250,0.15557,7563983782,2021-04-17 23:59:59.999,1257981946.70580,1539330,3539549466,588969251.89479,0
2021-04-18,0.15557,0.15721,0.12067,0.14297,9310808557,2021-04-18 23:59:59.999,1285893932.72417,1525937,4369046299,603023962.86742,0
2021-04-19,0.14298,0.14808,0.12950,0.12990,5182068387,2021-04-19 23:59:59.999,717544155.86864,982931,2468428655,341880508.93043,0
2021-04-20,0.12991,0.13489,0.11679,0.13282,5228040071,2021-04-20 23:59:59.999,661463072.69593,1091363,2524918625,319396841.93574,0
2021-04-21,0.13281,0.13572,0.12251,0.12268,3116952440,2021-04-21 23:59:59.999,404892098.97238,743228,1510346133,196334810.87180,0
2021-04-22,0.12270,0.12982,0.10900,0.10996,4629966178,2021-04-22 23:59:59.999,558762235.99530,936769,2242866747,270897919.06125,0
2021-04-23,0.10996,0.11262,0.09041,0.10908,8640150235,2021-04-23 23:59:59.999,859593481.55380,1348853,4246926585,422780951.61215,0
2021-04-24,0.10907,0.11444,0.10196,0.10253,4928343298,2021-04-24 23:59:59.999,530382999.11033,950081,2412268339,259559608.23519,0
2021-04-25,0.10256,0.11013,0.09638,0.10177,3682688800,2021-04-25 23:59:59.999,382816331.31439,695923,1792742627,186405068.78211,0
2021-04-26,0.10177,0.11762,0.10000,0.11737,3937826405,2021-04-26 23:59:59.999,440741659.10181,799232,1937668313,216866544.69511,0
2021-04-27,0.11737,0.12900,0.11544,0.12612,3655206097,2021-04-27 23:59:59.999,452046701.34386,751605,1762388032,217996177.83262,0
2021-04-28,0.12612,0.13000,0.11618,0.12276,3033614709,2021-04-28 23:59:59.999,370767537.41462,657446,1449587572,177215809.12838,0
2021-04-29,0.12277,0.12544,0.11761,0.12127,2384902290,2021-04-29 23:59:59.999,290142608.25498,488633,1121472334,136494140.38735,0
2021-04-30,0.12127,0.13315,0.11882,0.13243,3357152556,2021-04-30 23:59:59.999,427185498.10494,631882,1595688333,203152398.70526,0
2021-05-01,0.13246,0.13377,0.12745,0.13127,2247430201,2021-05-01 23:59:59.999,293379835.11257,435201,1031909382,134765196.79707,0
2021-05-02,0.13128,0.13243,0.12506,0.12768,2196072093,2021-05-02 23:59:59.999,281497500.66731,436154,999543585,128138070.66414,0
2021-05-03,0.12768,0.13688,0.12752,0.13176,3088507289,2021-05-03 23:59:59.999,409050714.53924,584578,1425326080,188776595.83393,0
2021-05-04,0.13178,0.13201,0.11784,0.11923,4173099297,2021-05-04 23:59:59.999,520407917.29718,788222,1920488820,239558464.12528,0
2021-05-05,0.11923,0.14712,0.11771,0.14699,5935119224,2021-05-05 23:59:59.999,792455067.89739,1129925,2835404187,379037685.08789,0
2021-05-06,0.14701,0.15887,0.13722,0.15238,8392436880,2021-05-06 23:59:59.999,1243421682.00450,1567560,3896326754,577622495.48714,0
2021-05-07,0.15241,0.17081,0.13960,0.14771,8888265336,2021-05-07 23:59:59.999,1400252589.70542,1724096,4148348863,654013740.93717,0
2021-05-08,0.14771,0.15335,0.14139,0.14315,4436565745,2021-05-08 23:59:59.999,654502594.55152,786272,2079099306,306894511.45838,0
2021-05-09,0.14316,0.14614,0.13508,0.14323,3463272276,2021-05-09 23:59:59.999,487673388.97969,652120,1602500575,225654445.35283,0
2021-05-10,0.14322,0.14855,0.11789,0.12721,5263644919,2021-05-10 23:59:59.999,723893603.71708,952772,2404097595,331018041.10879,0
2021-05-11,0.12715,0.13949,0.12108,0.13902,4317181403,2021-05-11 23:59:59.999,567146299.85279,772331,2095531449,275111828.59922,0
2021-05-12,0.13903,0.14755,0.11670,0.11891,5974886005,2021-05-12 23:59:59.999,809262871.46214,1115350,2822761909,382665630.19935,0
2021-05-13,0.11895,0.12672,0.10555,0.12156,5979091370,2021-05-13 23:59:59.999,711751515.24924,1125680,2872313009,342088935.38256,0
2021-05-14,0.12157,0.12841,0.11916,0.12476,2912748846,2021-05-14 23:59:59.999,362043985.01453,575825,1397159302,173724676.15599,0
2021-05-15,0.12477,0.12745,0.11804,0.12070,3525846778,2021-05-15 23:59:59.999,431380296.09392,667233,1644861016,201259454.35967,0
2021-05-16,0.12073,0.13143,0.11469,0.11965,4443121829,2021-05-16 23:59:59.999,547781099.69633,851440,2132294342,262970951.66797,0
2021-05-17,0.11967,0.12000,0.10854,0.11276,4047519320,2021-05-17 23:59:59.999,462965217.52138,720205,1933227151,221155605.02624,0
2021-05-18,0.11277,0.12001,0.11169,0.11639,2990540475,2021-05-18 23:59:59.999,347148928.38935,538701,1437220184,166838167.74441,0
2021-05-19,0.11641,0.11811,0.04719,0.07862,11062895886,2021-05-19 23:59:59.999,977315567.37993,1699781,5321933103,471635715.25875,0
2021-05-20,0.07865,0.09312,0.07300,0.08917,5673630202,2021-05-20 23:59:59.999,478037299.83626,799892,2778150249,233985956.92914,0
2021-05-21,0.08914,0.09316,0.07068,0.07779,4610489983,2021-05-21 23:59:59.999,383508620.90834,745972,2315257543,192443191.87441,0
2021-05-22,0.07780,0.07901,0.07061,0.07523,2697399954,2021-05-22 23:59:59.999,203500481.98077,472317,1325337176,100027706.19065,0
2021-05-23,0.07523,0.07700,0.05540,0.06273,5220176275,2021-05-23 23:59:59.999,333590172.44140,695575,2633424682,168046752.24458,0
2021-05-24,0.06275,0.07693,0.06159,0.07688,3772069364,2021-05-24 23:59:59.999,262358397.80656,519882,1846438228,128371378.56532,0
2021-05-25,0.07692,0.08099,0.07125,0.07706,2912405276,2021-05-25 23:59:59.999,220346908.23169,427592,1421916214,107565197.15316,0
2021-05-26,0.07707,0.08434,0.07580,0.08302,2673334738,2021-05-26 23:59:59.999,216020460.25893,407211,1289204866,104171506.80272,0
2021-05-27,0.08302,0.08311,0.07628,0.07940,2020717589,2021-05-27 23:59:59.999,161553399.41353,341852,979051683,78289081.40461,0
2021-05-28,0.07941,0.07998,0.07006,0.07199,2519141000,2021-05-28 23:59:59.999,185564095.70296,402428,1223121625,90125601.73376,0
2021-05-29,0.07200,0.07444,0.06692,0.06865,2257311756,2021-05-29 23:59:59.999,159480598.44615,347390,1111882220,78585070.11673,0
2021-05-30,0.06864,0.07326,0.06625,0.07189,1788257758,2021-05-30 23:59:59.999,126830083.18636,293828,897189444,63592017.20866,0
2021-05-31,0.07188,0.07685,0.06966,0.07672,1896939486,2021-05-31 23:59:59.999,139841486.20768,296199,922896836,68055810.33821,0
2021-06-01,0.07672,0.07742,0.07346,0.07610,1735692656,2021-06-01 23:59:59.999,130645498.43402,280303,827022525,62244454.67694,0
2021-06-02,0.07611,0.07957,0.07440,0.07800,1828375952,2021-06-02 23:59:59.999,141565988.77997,259836,888137636,68788740.20737,0
2021-06-03,0.07801,0.08245,0.07705,0.08220,1903838465,2021-06-03 23:59:59.999,152281428.63786,271993,930112389,74419482.53015,0
2021-06-04,0.08222,0.08291,0.07358,0.07707,2707811803,2021-06-04 23:59:59.999,208378189.40471,375686,1294537617,99581160.15169,0
2021-06-05,0.07706,0.07970,0.07403,0.07545,1763122336,2021-06-05 23:59:59.999,135335829.59155,265051,838559388,64375981.97135,0
2021-06-06,0.07545,0.07746,0.07520,0.07737,1358410871,2021-06-06 23:59:59.999,104191433.49235,197471,672422886,51580990.09370,0
2021-06-07,0.07740,0.07859,0.07092,0.07160,1860927283,2021-06-07 23:59:59.999,141557830.72534,258680,870587683,66283890.82246,0
2021-06-08,0.07161,0.07322,0.06710,0.07233,3333293449,2021-06-08 23:59:59.999,234002295.86296,378726,1690171847,118696658.11952,0
2021-06-09,0.07234,0.07530,0.06989,0.07530,2198647699,2021-06-09 23:59:59.999,160047300.28831,284419,1078437287,78511880.52890,0
2021-06-10,0.07530,0.07700,0.07129,0.07253,2269876307,2021-06-10 23:59:59.999,168836666.41637,316214,1123563390,83596264.82198,0
2021-06-11,0.07253,0.07334,0.06842,0.06915,1370793504,2021-06-11 23:59:59.999,97930848.07513,244648,669114520,47826095.67586,0
2021-06-12,0.06916,0.06917,0.06562,0.06802,1403642364,2021-06-12 23:59:59.999,94834627.26234,214645,686239270,46376491.81888,0
2021-06-13,0.06802,0.07189,0.06652,0.07150,1375113252,2021-06-13 23:59:59.999,94513336.03313,194668,672677221,46266449.15512,0
2021-06-14,0.07151,0.07277,0.06994,0.07201,1345493402,2021-06-14 23:59:59.999,95937202.00150,191752,644875440,45999732.49431,0
2021-06-15,0.07202,0.07314,0.07073,0.07170,1283276029,2021-06-15 23:59:59.999,92269655.90007,192201,622192615,44739953.30359,0
2021-06-16,0.07169,0.07275,0.06842,0.06893,1604885426,2021-06-16 23:59:59.999,113208870.47028,230269,760197809,53637477.54959,0
2021-06-17,0.06893,0.07399,0.06864,0.07392,1754297066,2021-06-17 23:59:59.999,125548132.11745,232808,904050108,64730978.62472,0
2021-06-18,0.07393,0.07479,0.06811,0.06956,3427500847,2021-06-18 23:59:59.999,246334500.30734,427166,1642976037,118136263.42783,0
2021-06-19,0.06956,0.07017,0.06808,0.06825,1547951666,2021-06-19 23:59:59.999,107271870.96563,234439,780742127,54107374.79452,0
2021-06-20,0.06826,0.06863,0.06315,0.06766,1729295197,2021-06-20 23:59:59.999,114369667.93097,258149,837362904,55387502.03615,0
2021-06-21,0.06765,0.06798,0.05330,0.05348,3671090465,2021-06-21 23:59:59.999,220416871.48861,452603,1800397337,108101276.39037,0
2021-06-22,0.05347,0.05633,0.04634,0.05099,5057290996,2021-06-22 23:59:59.999,259031546.72610,521460,2511341851,128631407.82664,0
2021-06-23,0.05100,0.05793,0.04927,0.05792,2978915763,2021-06-23 23:59:59.999,163164240.45400,339250,1507569603,82608986.14080,0
2021-06-24,0.05790,0.06808,0.05769,0.06608,10894725748,2021-06-24 23:59:59.999,708446737.54460,959280,5628226290,366067365.43123,0
2021-06-25,0.06609,0.06887,0.06005,0.06135,5673614059,2021-06-25 23:59:59.999,361008688.40795,658906,2930370413,186453402.78186,0
2021-06-26,0.06135,0.06299,0.05882,0.06273,3227995103,2021-06-26 23:59:59.999,197092627.27435,358113,1633158279,99737488.53949,0
2021-06-27,0.06272,0.06492,0.06092,0.06473,1976875140,2021-06-27 23:59:59.999,123556723.79398,244512,990944737,61957461.09766,0
2021-06-28,0.06472,0.06660,0.06419,0.06526,1714969505,2021-06-28 23:59:59.999,111920769.31484,222509,878258631,57324633.17528,0
2021-06-29,0.06526,0.06983,0.06506,0.06790,2645069584,2021-06-29 23:59:59.999,180059589.47552,310858,1341699826,91333599.64714,0
2021-06-30,0.06792,0.06876,0.06380,0.06829,2108424846,2021-06-30 23:59:59.999,139373978.34486,267059,1027147659,67924862.22695,0
2021-07-01,0.06826,0.06833,0.06366,0.06468,1586997553,2021-07-01 23:59:59.999,103265895.68844,215438,782311699,50902587.89688,0
2021-07-02,0.06468,0.06662,0.06319,0.06653,1287918477,2021-07-02 23:59:59.999,83092285.42517,179392,647675056,41811719.65649,0
2021-07-03,0.06654,0.06744,0.06513,0.06678,1164575505,2021-07-03 23:59:59.999,77430804.11944,164691,564419171,37532514.85696,0
2021-07-04,0.06681,0.06835,0.06505,0.06732,1240131728,2021-07-04 23:59:59.999,83298389.63930,187776,603076317,40515980.32562,0
2021-07-05,0.06733,0.06747,0.06350,0.06443,1610412629,2021-07-05 23:59:59.999,105168664.20129,218652,753518963,49191371.52718,0
2021-07-06,0.06447,0.06643,0.06381,0.06488,1235074121,2021-07-06 23:59:59.999,80428183.77568,172228,605886521,39467167.79571,0
2021-07-07,0.06488,0.06595,0.06410,0.06429,1075310000,2021-07-07 23:59:59.999,70152149.82304,141936,521239087,34010912.93717,0
2021-07-08,0.06429,0.06444,0.06015,0.06105,1661450962,2021-07-08 23:59:59.999,102602807.90917,212901,812490108,50155015.51876,0
2021-07-09,0.06104,0.06256,0.05905,0.06217,1512532021,2021-07-09 23:59:59.999,92131215.75597,181063,728003514,44375352.28685,0
2021-07-10,0.06217,0.06302,0.06049,0.06141,1099504588,2021-07-10 23:59:59.999,67891616.88195,133009,531795732,32843827.00889,0
2021-07-11,0.06140,0.06253,0.06058,0.06181,727930284,2021-07-11 23:59:59.999,44813906.35475,97199,362013544,22292112.75280,0
2021-07-12,0.06182,0.06286,0.05946,0.05998,1049105658,2021-07-12 23:59:59.999,64151310.43258,130479,509692753,31190891.29635,0
2021-07-13,0.05998,0.06065,0.05858,0.05935,1044786238,2021-07-13 23:59:59.999,62429958.98449,124702,518093201,30966494.80076,0
2021-07-14,0.05936,0.06028,0.05671,0.05985,1420376498,2021-07-14 23:59:59.999,83169571.65063,154046,710860964,41639164.65160,0
2021-07-15,0.05986,0.06073,0.05693,0.05782,1283958609,2021-07-15 23:59:59.999,75153485.19635,142519,631871469,36976090.56885,0
2021-07-16,0.05781,0.05879,0.05550,0.05556,1214141169,2021-07-16 23:59:59.999,69319431.10806,143400,607617818,34709840.45776,0
2021-07-17,0.05556,0.05667,0.05469,0.05595,1304523633,2021-07-17 23:59:59.999,72708284.57156,138927,668825342,37283746.88486,0
2021-07-18,0.05595,0.05749,0.05516,0.05588,1077834936,2021-07-18 23:59:59.999,60752718.72851,112666,542429646,30578693.30886,0
2021-07-19,0.05589,0.05626,0.05324,0.05340,1170736631,2021-07-19 23:59:59.999,63769230.48054,124193,569770469,31037095.57582,0
2021-07-20,0.05341,0.05423,0.04906,0.05042,1889570322,2021-07-20 23:59:59.999,95875995.29406,172383,918843895,46606702.52965,0
2021-07-21,0.05042,0.05518,0.04967,0.05383,1874422802,2021-07-21 23:59:59.999,99341782.38207,181163,950614568,50351120.98883,0
2021-07-22,0.05383,0.05532,0.05288,0.05523,1184497428,2021-07-22 23:59:59.999,64178771.78152,151028,574916429,31163833.52632,0
2021-07-23,0.05522,0.05622,0.05364,0.05597,1201689774,2021-07-23 23:59:59.999,66139116.99694,145119,576727919,31744848.58343,0
2021-07-24,0.05598,0.05798,0.05571,0.05725,1325963802,2021-07-24 23:59:59.999,75157765.30146,156965,694889214,39419633.77190,0
2021-07-25,0.05724,0.05813,0.05575,0.05786,1498183345,2021-07-25 23:59:59.999,85476559.17461,170975,729982923,41662307.95027,0
2021-07-26,0.05787,0.06343,0.05760,0.05840,3208400800,2021-07-26 23:59:59.999,195956871.22017,336102,1559392568,95246969.73372,0
2021-07-27,0.05841,0.06078,0.05688,0.06016,1818383316,2021-07-27 23:59:59.999,107027246.39698,217532,890407516,52411884.22645,0
2021-07-28,0.06017,0.06193,0.05957,0.06070,1784950064,2021-07-28 23:59:59.999,108475830.11513,215825,879196939,53436954.28114,0
2021-07-29,0.06069,0.06235,0.05960,0.06187,1124653472,2021-07-29 23:59:59.999,68591970.84616,146373,554157084,33804747.47945,0
2021-07-30,0.06186,0.06330,0.05970,0.06326,1715213916,2021-07-30 23:59:59.999,105788208.51719,188574,828820207,51148095.81660,0
2021-07-31,0.06325,0.06470,0.06230,0.06397,1356797079,2021-07-31 23:59:59.999,86418128.33487,174530,653743776,41646050.95386,0
2021-08-01,0.06397,0.06683,0.06229,0.06320,2280846287,2021-08-01 23:59:59.999,148798789.07671,263920,1106094534,72194506.00700,0
2021-08-02,0.06321,0.06570,0.06211,0.06465,1580548899,2021-08-02 23:59:59.999,101573463.64360,208122,770757518,49543098.02386,0
2021-08-03,0.06466,0.06548,0.06282,0.06402,1321042897,2021-08-03 23:59:59.999,84417863.20028,179087,640663834,40952471.57869,0
2021-08-04,0.06402,0.06800,0.06351,0.06741,1566560629,2021-08-04 23:59:59.999,103455465.03589,204400,770232319,50863239.63345,0
2021-08-05,0.06740,0.07092,0.06659,0.07017,3148321299,2021-08-05 23:59:59.999,217812262.48724,361833,1526235981,105588120.45018,0
2021-08-06,0.07017,0.07254,0.06975,0.07198,1724863044,2021-08-06 23:59:59.999,122488401.73422,242824,836909260,59449972.44121,0
2021-08-07,0.07198,0.07655,0.07187,0.07528,2335345870,2021-08-07 23:59:59.999,173890442.50984,323234,1166850238,86868313.48845,0
2021-08-08,0.07531,0.07622,0.07073,0.07192,2061596566,2021-08-08 23:59:59.999,152242413.21688,298596,975828053,72114515.05603,0
2021-08-09,0.07193,0.07480,0.06964,0.07397,1915319436,2021-08-09 23:59:59.999,139071638.93417,287883,889908117,64618158.43870,0
2021-08-10,0.07395,0.07579,0.07222,0.07465,1776694851,2021-08-10 23:59:59.999,131634759.40872,256847,857003560,63521332.54649,0
2021-08-11,0.07466,0.08648,0.07423,0.08347,4384902459,2021-08-11 23:59:59.999,358848929.39208,544608,2136958322,174856866.44243,0
2021-08-12,0.08346,0.09159,0.08060,0.08427,5278792388,2021-08-12 23:59:59.999,451726380.60178,613959,2534041038,216829377.68883,0
2021-08-13,0.08428,0.08963,0.08355,0.08957,2641230025,2021-08-13 23:59:59.999,229449911.19899,355129,1259507343,109395893.87296,0
2021-08-14,0.08957,0.09347,0.08677,0.09273,3423907625,2021-08-14 23:59:59.999,308565473.82855,469920,1624503641,146489594.93219,0
2021-08-15,0.09273,0.09535,0.08925,0.09301,2783151799,2021-08-15 23:59:59.999,256020763.99924,420403,1302677907,119806999.60173,0
2021-08-16,0.09301,0.09684,0.08819,0.08937,2884421923,2021-08-16 23:59:59.999,268251619.58247,431951,1324304823,123259040.44834,0
2021-08-17,0.08938,0.09231,0.08466,0.08510,2680561916,2021-08-17 23:59:59.999,238829637.86696,393151,1246702070,111200222.61210,0
2021-08-18,0.08511,0.08760,0.08110,0.08459,2427510637,2021-08-18 23:59:59.999,205681503.64757,330268,1183496719,100328980.07075,0
2021-08-19,0.08458,0.08846,0.08167,0.08839,2196175012,2021-08-19 23:59:59.999,185866635.09130,291624,1065856814,90297566.45722,0
2021-08-20,0.08839,0.09083,0.08645,0.09072,1892973013,2021-08-20 23:59:59.999,167808295.95299,275552,865243105,76747367.50876,0
2021-08-21,0.09072,0.09082,0.08768,0.08802,1570882200,2021-08-21 23:59:59.999,140268814.00165,245562,708506840,63295870.24084,0
2021-08-22,0.08802,0.09020,0.08585,0.08802,1494417292,2021-08-22 23:59:59.999,131674900.63275,245991,713218771,62876811.87653,0
2021-08-23,0.08801,0.09175,0.08770,0.08999,1822378633,2021-08-23 23:59:59.999,164176384.65386,295086,861673002,77657983.86967,0
2021-08-24,0.08999,0.09114,0.08358,0.08458,2019091926,2021-08-24 23:59:59.999,177399378.01458,301370,893632132,78537770.65021,0
2021-08-25,0.08458,0.08778,0.08287,0.08755,1678276226,2021-08-25 23:59:59.999,143612022.52454,267592,778583168,66687970.79171,0
2021-08-26,0.08755,0.08845,0.08178,0.08297,1791616556,2021-08-26 23:59:59.999,150929113.74681,301855,843255274,71097864.16970,0
2021-08-27,0.08298,0.08837,0.08143,0.08828,1788378752,2021-08-27 23:59:59.999,151486740.92740,300282,893395600,75691076.45690,0
2021-08-28,0.08831,0.08894,0.08637,0.08837,1174061613,2021-08-28 23:59:59.999,102641751.70575,206382,568882791,49739677.09183,0
2021-08-29,0.08839,0.09055,0.08671,0.08846,1950971525,2021-08-29 23:59:59.999,173039030.16132,294079,922257969,81822768.37261,0
2021-08-30,0.08848,0.08912,0.08562,0.08620,1230776440,2021-08-30 23:59:59.999,107537666.90836,221726,608005488,53136798.39910,0
2021-08-31,0.08621,0.09090,0.08510,0.08888,2128451092,2021-08-31 23:59:59.999,188123159.35780,351864,1033273038,91382968.65262,0
2021-09-01,0.08888,0.09548,0.08727,0.09515,2418100858,2021-09-01 23:59:59.999,221823889.62686,388627,1152877454,105798205.73528,0
2021-09-02,0.09515,0.10229,0.09451,0.09961,4097464788,2021-09-02 23:59:59.999,406009031.29653,623790,1927518892,191080350.53892,0
2021-09-03,0.09962,0.10614,0.09762,0.10174,3716453409,2021-09-03 23:59:59.999,382910893.10389,609872,1726137448,177876663.74213,0
2021-09-04,0.10174,0.10359,0.09940,0.10156,1746764025,2021-09-04 23:59:59.999,177572534.51270,354251,806609059,82006515.30785,0
2021-09-05,0.10158,0.10545,0.10106,0.10537,1842063585,2021-09-05 23:59:59.999,190131346.12113,356332,864082998,89219821.50216,0
2021-09-06,0.10536,0.10751,0.10082,0.10393,2054347510,2021-09-06 23:59:59.999,213976104.69330,337948,925597052,96450855.90262,0
2021-09-07,0.10389,0.10607,0.07405,0.08529,4670332098,2021-09-07 23:59:59.999,424960946.63682,686765,2101874415,191053581.39383,0
2021-09-08,0.08530,0.09667,0.08314,0.09271,4997361620,2021-09-08 23:59:59.999,454879322.44094,680738,2423293103,220597788.42974,0
2021-09-09,0.09271,0.09486,0.09000,0.09303,2247430205,2021-09-09 23:59:59.999,208293918.48951,393909,1080257930,100150448.05077,0
2021-09-10,0.09303,0.09585,0.08610,0.09071,2299970100,2021-09-10 23:59:59.999,209112876.55730,401592,1090343876,99199441.31126,0
2021-09-11,0.09070,0.09707,0.09030,0.09560,2283188650,2021-09-11 23:59:59.999,216351357.23476,373160,1130985088,107185191.54693,0
2021-09-12,0.09560,0.11855,0.09353,0.11254,11924226631,2021-09-12 23:59:59.999,1322041568.81826,1508584,5872864210,651002583.45233,0
2021-09-13,0.11251,0.11721,0.09802,0.10463,7351757581,2021-09-13 23:59:59.999,782939972.55094,1014332,3570135701,380368660.97970,0
2021-09-14,0.10465,0.12050,0.10410,0.11830,9198169228,2021-09-14 23:59:59.999,1061470890.26244,1304078,4493865331,518796836.13873,0
2021-09-15,0.11830,0.12316,0.11321,0.12078,4812945916,2021-09-15 23:59:59.999,567402397.82303,776878,2346532294,276839434.75936,0
2021-09-16,0.12080,0.12252,0.11206,0.11602,4175282678,2021-09-16 23:59:59.999,485640260.61612,668650,1990304021,231482587.76303,0
2021-09-17,0.11601,0.12061,0.10319,0.10546,5592588440,2021-09-17 23:59:59.999,619325831.44684,863775,2618676074,290233588.31596,0
2021-09-18,0.10546,0.10910,0.10330,0.10587,2333520718,2021-09-18 23:59:59.999,249114634.45315,451534,1101412662,117577508.71268,0
2021-09-19,0.10584,0.10761,0.10226,0.10372,1854949376,2021-09-19 23:59:59.999,194646973.12502,346240,861969102,90461652.76861,0
2021-09-20,0.10371,0.10376,0.08920,0.09130,4878885631,2021-09-20 23:59:59.999,463327725.91457,739130,2285017980,216970373.97770,0
2021-09-21,0.09130,0.09567,0.08633,0.08819,4300045638,2021-09-21 23:59:59.999,394215009.47476,619479,2066082884,189531812.55624,0
2021-09-22,0.08819,0.09875,0.08650,0.09870,2250740572,2021-09-22 23:59:59.999,208996512.66764,412849,1114874460,103439334.61689,0
2021-09-23,0.09870,0.10065,0.09600,0.09918,1464795726,2021-09-23 23:59:59.999,143942185.73636,324813,707625030,69545160.41611,0
2021-09-24,0.09918,0.09938,0.08598,0.09220,2544145894,2021-09-24 23:59:59.999,234377150.54559,497313,1205624177,111112333.04085,0
2021-09-25,0.09219,0.09372,0.08920,0.09049,1410022731,2021-09-25 23:59:59.999,128740597.28730,331143,676253774,61756067.54754,0
2021-09-26,0.09050,0.09080,0.08303,0.08766,1870384944,2021-09-26 23:59:59.999,163419314.68850,353820,887449125,77597132.21394,0
2021-09-27,0.08765,0.09056,0.08578,0.08589,1360190188,2021-09-27 23:59:59.999,120575223.38855,295305,668299414,59261237.24662,0
2021-09-28,0.08587,0.08717,0.08281,0.08297,1458884776,2021-09-28 23:59:59.999,124181322.00782,295472,715527968,60936918.72300,0
2021-09-29,0.08298,0.08795,0.08249,0.08578,1263785529,2021-09-29 23:59:59.999,108516188.88788,234743,644260691,55316245.10252,0
2021-09-30,0.08579,0.08960,0.08544,0.08942,1192596110,2021-09-30 23:59:59.999,105190438.47958,217491,588421815,51904898.82108,0
2021-10-01,0.08941,0.09486,0.08843,0.09484,1734349837,2021-10-01 23:59:59.999,160082420.79195,299717,864320696,79783478.85383,0
2021-10-02,0.09485,0.09589,0.09236,0.09334,1329178311,2021-10-02 23:59:59.999,125157147.36771,275957,617379339,58138466.55919,0
2021-10-03,0.09333,0.09675,0.09256,0.09495,1399822131,2021-10-03 23:59:59.999,132682900.74141,286511,676473788,64136191.53232,0
2021-10-04,0.09496,0.09521,0.08977,0.09353,1542895833,2021-10-04 23:59:59.999,142649913.15269,310171,746720175,69054029.51810,0
2021-10-05,0.09355,0.09860,0.09292,0.09628,1851105177,2021-10-05 23:59:59.999,176757513.70413,329983,904908406,86424731.77962,0
2021-10-06,0.09629,0.09731,0.09111,0.09554,1963086045,2021-10-06 23:59:59.999,185817690.10155,362698,938326481,88864102.83468,0
2021-10-07,0.09557,0.09850,0.09336,0.09558,2000330573,2021-10-07 23:59:59.999,192019689.69785,345385,959442110,92128076.60871,0
2021-10-08,0.09559,0.09957,0.09533,0.09775,1795752225,2021-10-08 23:59:59.999,175756251.37904,311584,858093706,83979919.42119,0
2021-10-09,0.09779,0.10562,0.09704,0.10314,2724415808,2021-10-09 23:59:59.999,279322728.78155,492468,1302018305,133466949.35177,0
2021-10-10,0.10314,0.10319,0.09713,0.09746,1711857658,2021-10-10 23:59:59.999,172586214.25901,343154,801594674,80851133.89473,0
2021-10-11,0.09745,0.10100,0.09522,0.09709,1307862910,2021-10-11 23:59:59.999,128710166.79054,250445,632827051,62322237.78994,0
2021-10-12,0.09709,0.09710,0.09137,0.09556,1533953144,2021-10-12 23:59:59.999,144383373.39458,328065,731595732,68888331.60207,0
2021-10-13,0.09554,0.09805,0.09339,0.09797,1132754487,2021-10-13 23:59:59.999,108102315.71462,222208,537531513,51309912.46407,0
2021-10-14,0.09797,0.09961,0.09645,0.09739,1147033498,2021-10-14 23:59:59.999,112304013.84935,216157,552019601,54054213.63852,0
2021-10-15,0.09739,0.10322,0.09506,0.09868,2483012713,2021-10-15 23:59:59.999,245338274.23736,404386,1162914127,114932468.97356,0
2021-10-16,0.09866,0.10114,0.09807,0.09877,1092675511,2021-10-16 23:59:59.999,108665430.86381,211716,515398646,51260525.58927,0
2021-10-17,0.09876,0.10232,0.09607,0.09880,1952744227,2021-10-17 23:59:59.999,194744543.70216,348536,929104543,92700510.99359,0
2021-10-18,0.09878,0.09951,0.09692,0.09819,1214582423,2021-10-18 23:59:59.999,119360303.47378,320751,587892715,57789315.07951,0
2021-10-19,0.09819,0.10105,0.09789,0.10061,1519261140,2021-10-19 23:59:59.999,151775137.05760,330339,715331026,71462802.09071,0
2021-10-20,0.10062,0.10625,0.10015,0.10337,2890355115,2021-10-20 23:59:59.999,298871562.16376,524384,1398048544,144563214.31411,0
2021-10-21,0.10336,0.10610,0.09943,0.09968,2620801057,2021-10-21 23:59:59.999,269627959.65826,502785,1200284885,123516582.70543,0
2021-10-22,0.09967,0.10254,0.09857,0.09992,1539150546,2021-10-22 23:59:59.999,154710053.56186,342349,740068453,74425391.95748,0
2021-10-23,0.09992,0.10130,0.09883,0.10081,1028373147,2021-10-23 23:59:59.999,102935649.54647,258184,491534501,49204488.24569,0
2021-10-24,0.10081,0.10163,0.09719,0.09923,1361006304,2021-10-24 23:59:59.999,135658418.18826,328910,635269772,63353212.01700,0
2021-10-25,0.09923,0.10192,0.09879,0.10079,1223824009,2021-10-25 23:59:59.999,123391295.36080,281685,559599839,56420995.98863,0
2021-10-26,0.10078,0.10602,0.10020,0.10126,3212163607,2021-10-26 23:59:59.999,332239605.63341,526265,1535251133,158826788.30888,0
2021-10-27,0.10126,0.10283,0.08675,0.09061,2748567256,2021-10-27 23:59:59.999,259595785.19712,531188,1244416838,117490436.81604,0
2021-10-28,0.09062,0.09630,0.09050,0.09528,2059030403,2021-10-28 23:59:59.999,193378717.59347,390635,1015599370,95354049.72632,0
2021-10-29,0.09530,0.09970,0.09464,0.09968,1487725413,2021-10-29 23:59:59.999,144524929.39543,336386,721947929,70145353.26300,0
2021-10-30,0.09967,0.10482,0.09788,0.10122,2950115340,2021-10-30 23:59:59.999,299387850.39146,536112,1429134725,145089022.48936,0
2021-10-31,0.10120,0.10254,0.09750,0.10160,2217265967,2021-10-31 23:59:59.999,222299713.72944,427509,1052705469,105596678.23383,0
2021-11-01,0.10161,0.10222,0.09787,0.10059,1390671819,2021-11-01 23:59:59.999,139751099.31669,303969,638264073,64150638.55751,0
2021-11-02,0.10060,0.11074,0.09989,0.10758,2953198941,2021-11-02 23:59:59.999,314216773.22846,550911,1456062711,154905596.42104,0
2021-11-03,0.10758,0.10944,0.10204,0.10604,2744874062,2021-11-03 23:59:59.999,289910589.45661,520703,1267071670,133883002.60644,0
2021-11-04,0.10605,0.10733,0.10152,0.10339,1461661281,2021-11-04 23:59:59.999,152610606.35026,342806,669046361,69860233.55213,0
2021-11-05,0.10338,0.10630,0.10218,0.10354,1182758423,2021-11-05 23:59:59.999,123303342.07796,285228,551463569,57490153.04767,0
2021-11-06,0.10354,0.10438,0.09942,0.10261,925941653,2021-11-06 23:59:59.999,94374465.57098,271515,423597999,43193044.23649,0
2021-11-07,0.10262,0.10498,0.10203,0.10463,861582185,2021-11-07 23:59:59.999,89372644.69626,239431,406335047,42153407.74935,0
2021-11-08,0.10463,0.11016,0.10451,0.11012,1695921677,2021-11-08 23:59:59.999,182160409.02329,436214,799328112,85867846.15952,0
2021-11-09,0.11013,0.11566,0.10865,0.11451,2504939905,2021-11-09 23:59:59.999,282794859.20433,553851,1187188685,134078417.54922,0
2021-11-10,0.11451,0.11772,0.10237,0.10661,3120987709,2021-11-10 23:59:59.999,350813034.29512,700591,1419307448,159678262.60655,0
2021-11-11,0.10660,0.11056,0.10482,0.10896,1397825532,2021-11-11 23:59:59.999,151853306.56174,417600,673579975,73176269.91288,0
2021-11-12,0.10895,0.11099,0.10470,0.10804,1229780128,2021-11-12 23:59:59.999,132727112.37295,377813,584035851,63057301.20735,0
2021-11-13,0.10805,0.11436,0.10752,0.11260,1698966294,2021-11-13 23:59:59.999,189544753.33228,426749,788378871,87957718.99955,0
2021-11-14,0.11261,0.11753,0.11061,0.11711,2522159830,2021-11-14 23:59:59.999,289482447.87713,627487,1208158932,138736386.11855,0
2021-11-15,0.11711,0.12946,0.11577,0.12391,6972755571,2021-11-15 23:59:59.999,868604135.90800,1317658,3420324492,426221045.61495,0
2021-11-16,0.12391,0.12395,0.10489,0.10937,5562491530,2021-11-16 23:59:59.999,630262375.98106,1135476,2611191734,296008100.98260,0
2021-11-17,0.10936,0.11380,0.10672,0.11129,2571850301,2021-11-17 23:59:59.999,284469002.34883,573498,1255640517,138923452.73579,0
2021-11-18,0.11129,0.11263,0.09942,0.10041,2429591961,2021-11-18 23:59:59.999,256023734.32211,643220,1111436592,117074969.24836,0
2021-11-19,0.10044,0.10560,0.09785,0.10386,1556960247,2021-11-19 23:59:59.999,159088323.38925,429786,747276482,76371373.37670,0
2021-11-20,0.10386,0.10576,0.10138,0.10523,1022590881,2021-11-20 23:59:59.999,106492985.11832,335807,484197098,50442450.24009,0
2021-11-21,0.10523,0.10970,0.10442,0.10654,1349368519,2021-11-21 23:59:59.999,144540812.81211,416679,631200354,67630773.90896,0
2021-11-22,0.10654,0.10705,0.10115,0.10184,1351816863,2021-11-22 23:59:59.999,139652604.50793,411964,637097416,65822603.09221,0
2021-11-23,0.10185,0.10350,0.10100,0.10289,1010983595,2021-11-23 23:59:59.999,103687034.17304,299527,492461930,50515676.16171,0
2021-11-24,0.10292,0.10379,0.09628,0.09793,1230137568,2021-11-24 23:59:59.999,122132458.24834,335730,585062266,58123305.74310,0
2021-11-25,0.09791,0.10125,0.09723,0.10026,1042913893,2021-11-25 23:59:59.999,103954810.00734,298303,492213659,49075979.04885,0
2021-11-26,0.10027,0.10146,0.09015,0.09223,2087293963,2021-11-26 23:59:59.999,196440093.13907,496651,968021332,91172646.26820,0
2021-11-27,0.09223,0.09541,0.09181,0.09341,851962646,2021-11-27 23:59:59.999,80064827.40602,304856,414734578,38985553.74902,0
2021-11-28,0.09339,0.09534,0.08931,0.09519,1255373392,2021-11-28 23:59:59.999,115092697.23317,352695,607626661,55737810.31797,0
2021-11-29,0.09518,0.09723,0.09431,0.09658,948452776,2021-11-29 23:59:59.999,90766063.11675,348200,465341532,44529666.80801,0
2021-11-30,0.09658,0.09997,0.09491,0.09652,1221086265,2021-11-30 23:59:59.999,118872570.16503,361209,572566830,55769046.63539,0
2021-12-01,0.09653,0.10073,0.09579,0.09689,944115611,2021-12-01 23:59:59.999,92629102.58600,289218,454934248,44630956.11347,0
2021-12-02,0.09688,0.09826,0.09491,0.09752,886029797,2021-12-02 23:59:59.999,85680174.63107,290061,417390799,40386757.12144,0
2021-12-03,0.09750,0.10198,0.09351,0.09387,1783195561,2021-12-03 23:59:59.999,174770879.38306,455978,869393915,85253895.22796,0
2021-12-04,0.09385,0.09397,0.07198,0.08684,3216787249,2021-12-04 23:59:59.999,268530940.74418,640724,1505549863,125616339.30619,0
2021-12-05,0.08684,0.08777,0.08197,0.08430,1444487609,2021-12-05 23:59:59.999,122401788.62420,349671,722088188,61221838.08872,0
2021-12-06,0.08431,0.08758,0.07881,0.08721,2671153290,2021-12-06 23:59:59.999,223706177.01372,544314,1307941092,109621990.15543,0
2021-12-07,0.08721,0.09259,0.08660,0.08994,1795400957,2021-12-07 23:59:59.999,161545070.15335,459419,881731489,79342641.94449,0
2021-12-08,0.08994,0.09379,0.08959,0.09234,1497305237,2021-12-08 23:59:59.999,137772242.88179,414461,741061208,68193309.48847,0
2021-12-09,0.09234,0.09337,0.08845,0.08854,1491930919,2021-12-09 23:59:59.999,135343558.93554,389553,739890867,67141032.70311,0
2021-12-10,0.08853,0.09325,0.08729,0.08760,1578170538,2021-12-10 23:59:59.999,142369507.45701,344163,773727196,69830203.05364,0
2021-12-11,0.08759,0.09179,0.08640,0.09157,952288395,2021-12-11 23:59:59.999,85491930.18449,261372,463756065,41647009.97489,0
2021-12-12,0.09156,0.09233,0.08968,0.09096,705048868,2021-12-12 23:59:59.999,64306506.70629,185701,337065908,30756544.32952,0
2021-12-13,0.09097,0.09149,0.08382,0.08489,1097607292,2021-12-13 23:59:59.999,95758717.09983,257672,526848682,45948565.15983,0
2021-12-14,0.08489,0.08767,0.08363,0.08703,892070191,2021-12-14 23:59:59.999,76460608.67790,232400,444611499,38118125.74377,0
2021-12-15,0.08703,0.08877,0.08280,0.08750,1114487118,2021-12-15 23:59:59.999,95978575.23721,260796,537510802,46290098.83815,0
2021-12-16,0.08751,0.08810,0.08513,0.08530,656423495,2021-12-16 23:59:59.999,57056002.41169,174643,311664431,27102818.57423,0
2021-12-17,0.08531,0.08598,0.07833,0.07946,2408081038,2021-12-17 23:59:59.999,196615508.12398,391686,1200520085,97988688.48478,0
2021-12-18,0.07947,0.08229,0.07859,0.08038,929336550,2021-12-18 23:59:59.999,75031680.03924,205240,470925146,38027457.29660,0
2021-12-19,0.08038,0.08177,0.07930,0.07933,849787592,2021-12-19 23:59:59.999,68394532.97518,162262,412656211,33211782.65757,0
2021-12-20,0.07933,0.08004,0.07480,0.07753,1009415900,2021-12-20 23:59:59.999,78043398.93550,242990,492965116,38094197.92813,0
2021-12-21,0.07755,0.07928,0.07684,0.07879,811017015,2021-12-21 23:59:59.999,63450798.14163,173103,397861505,31123073.39297,0
2021-12-22,0.07879,0.08034,0.07829,0.07907,1123752332,2021-12-22 23:59:59.999,89358938.71428,222183,544677304,43322860.69406,0
2021-12-23,0.07908,0.08272,0.07790,0.08270,1162668376,2021-12-23 23:59:59.999,93355327.31188,245425,548042282,44017192.51234,0
2021-12-24,0.08270,0.08321,0.08022,0.08084,853856207,2021-12-24 23:59:59.999,70110469.09147,190813,402112089,33032249.07818,0
2021-12-25,0.08084,0.08217,0.08011,0.08148,612118507,2021-12-25 23:59:59.999,49721474.77713,152994,297287915,24150764.11943,0
2021-12-26,0.08150,0.08189,0.07959,0.08144,769387973,2021-12-26 23:59:59.999,62151339.64249,163315,368120355,29748563.06420,0
2021-12-27,0.08145,0.08278,0.08082,0.08111,978437834,2021-12-27 23:59:59.999,80060808.03573,184011,467771982,38290077.73654,0
2021-12-28,0.08111,0.08113,0.07669,0.07709,1423446680,2021-12-28 23:59:59.999,111904851.93982,274712,678126962,53310968.35743,0
2021-12-29,0.07706,0.08002,0.07601,0.07642,1754308216,2021-12-29 23:59:59.999,136916792.43120,284840,842429169,65758295.21477,0
2021-12-30,0.07641,0.07858,0.07550,0.07779,932870302,2021-12-30 23:59:59.999,72132705.57064,199980,462408398,35767651.04418,0
2021-12-31,0.07777,0.07931,0.07346,0.07533,1456287683,2021-12-31 23:59:59.999,111904601.89199,263972,713695311,54886614.05484,0
2022-01-01,0.07531,0.07682,0.07517,0.07654,681051535,2022-01-01 23:59:59.999,51821383.50410,133860,317796814,24184320.24281,0
2022-01-02,0.07654,0.07832,0.07595,0.07762,707939935,2022-01-02 23:59:59.999,54542218.45266,137411,348535420,26857669.51082,0
2022-01-03,0.07762,0.07818,0.07616,0.07702,922128606,2022-01-03 23:59:59.999,71265169.21296,165937,435109520,33634787.40525,0
2022-01-04,0.07701,0.07808,0.07570,0.07590,900189134,2022-01-04 23:59:59.999,69176583.74591,158094,440046024,33824527.94306,0
2022-01-05,0.07591,0.07745,0.06890,0.07106,1623416042,2022-01-05 23:59:59.999,120892393.91341,247278,754419967,56269751.00354,0
2022-01-06,0.07106,0.07143,0.06916,0.07103,1083874539,2022-01-06 23:59:59.999,76239478.41462,205128,512626957,36063165.93222,0
2022-01-07,0.07101,0.07117,0.06639,0.06819,1551148496,2022-01-07 23:59:59.999,105591612.74833,271003,765228358,52098350.36535,0
2022-01-08,0.06819,0.06918,0.06393,0.06534,1312394577,2022-01-08 23:59:59.999,87441985.51895,224692,634251898,42267530.67284,0
2022-01-09,0.06535,0.06723,0.06485,0.06610,828989147,2022-01-09 23:59:59.999,54680377.64198,140490,409082798,26994951.96485,0
2022-01-10,0.06609,0.06688,0.06104,0.06339,1832549522,2022-01-10 23:59:59.999,116756298.84345,265824,891238015,56800372.90055,0
2022-01-11,0.06340,0.06567,0.06289,0.06486,1183635216,2022-01-11 23:59:59.999,76052765.74646,178689,542269858,34841062.74520,0
2022-01-12,0.06489,0.06833,0.06489,0.06804,972427774,2022-01-12 23:59:59.999,65140951.02202,172831,469590853,31454833.21568,0
2022-01-13,0.06802,0.06856,0.06584,0.06614,1125169857,2022-01-13 23:59:59.999,75640646.58333,178185,473830625,31880994.32840,0
2022-01-14,0.06613,0.06852,0.06580,0.06758,1187824786,2022-01-14 23:59:59.999,79813449.14601,174484,576161557,38712505.82389,0
2022-01-15,0.06758,0.06931,0.06690,0.06838,833905110,2022-01-15 23:59:59.999,56822631.63178,138708,399686939,27243286.26286,0
2022-01-16,0.06836,0.07035,0.06822,0.06984,879018179,2022-01-16 23:59:59.999,61146615.86511,166647,409695763,28500810.89017,0
2022-01-17,0.06984,0.07240,0.06881,0.07081,1883849397,2022-01-17 23:59:59.999,133087482.95916,289686,914631746,64618347.33983,0
2022-01-18,0.07082,0.07135,0.06734,0.06840,1404855667,2022-01-18 23:59:59.999,96518733.80905,209369,660198093,45354519.75151,0
2022-01-19,0.06841,0.06960,0.06606,0.06911,1604979497,2022-01-19 23:59:59.999,109513803.59041,239360,801403270,54691814.32146,0
2022-01-20,0.06911,0.07200,0.06733,0.06763,1948631575,2022-01-20 23:59:59.999,135824393.02903,298105,975792962,68020649.25179,0
2022-01-21,0.06762,0.06858,0.05966,0.06099,2629774541,2022-01-21 23:59:59.999,170281004.99937,381583,1280774513,82888290.75847,0
2022-01-22,0.06097,0.06200,0.05240,0.05675,3620801263,2022-01-22 23:59:59.999,205678240.00858,445919,1856163905,105436382.73931,0
2022-01-23,0.05677,0.05849,0.05527,0.05749,1918606016,2022-01-23 23:59:59.999,109401261.94632,260916,953943759,54400352.51035,0
2022-01-24,0.05748,0.05754,0.05091,0.05503,2764498315,2022-01-24 23:59:59.999,148105770.11119,374537,1368748406,73303226.73942,0
2022-01-25,0.05502,0.05616,0.05421,0.05583,1394808279,2022-01-25 23:59:59.999,76962342.05505,215772,680499287,37551134.72168,0
2022-01-26,0.05584,0.05894,0.05525,0.05616,1614458442,2022-01-26 23:59:59.999,91883451.76216,252037,807964888,45991727.03318,0
2022-01-27,0.05617,0.05713,0.05436,0.05645,1203157362,2022-01-27 23:59:59.999,67115060.19228,184279,600549803,33505383.21728,0
2022-01-28,0.05645,0.05766,0.05573,0.05756,935372629,2022-01-28 23:59:59.999,52967627.05468,158074,475169908,26913059.35196,0
2022-01-29,0.05756,0.06036,0.05708,0.06030,926698704,2022-01-29 23:59:59.999,54515451.44286,155985,471655988,27753511.44965,0
2022-01-30,0.06031,0.06051,0.05815,0.05856,1004742561,2022-01-30 23:59:59.999,59881751.63472,170373,472362972,28171036.97596,0
2022-01-31,0.05857,0.05934,0.05655,0.05900,1159580679,2022-01-31 23:59:59.999,67186100.35970,178691,528273779,30635752.87451,0
2022-02-01,0.05902,0.06023,0.05874,0.05977,820150866,2022-02-01 23:59:59.999,48850917.61158,146690,418088698,24911841.11496,0
2022-02-02,0.05976,0.06151,0.05836,0.05842,1144839634,2022-02-02 23:59:59.999,68852009.11695,197499,578271892,34814507.82930,0
2022-02-03,0.05843,0.05983,0.05811,0.05979,982571610,2022-02-03 23:59:59.999,57880387.58865,159351,470237807,27710534.06163,0
2022-02-04,0.05978,0.06459,0.05959,0.06439,1823089540,2022-02-04 23:59:59.999,114203219.88714,273988,924376067,57840505.12695,0
2022-02-05,0.06440,0.06615,0.06348,0.06460,1196627507,2022-02-05 23:59:59.999,77661764.71598,215552,551230892,35790490.22296,0
2022-02-06,0.06460,0.06633,0.06425,0.06613,835822638,2022-02-06 23:59:59.999,54539896.55065,143473,427609813,27911501.71149,0
2022-02-07,0.06613,0.06933,0.06517,0.06850,1244712978,2022-02-07 23:59:59.999,84235918.17983,205541,596749659,40383234.60951,0
2022-02-08,0.06850,0.07024,0.06670,0.06801,1466689327,2022-02-08 23:59:59.999,100155359.25860,232846,707678944,48335556.93118,0
2022-02-09,0.06802,0.07002,0.06731,0.06986,1045448002,2022-02-09 23:59:59.999,71778200.85110,184719,490614622,33699422.59285,0
2022-02-10,0.06986,0.07164,0.06829,0.06844,1720073257,2022-02-10 23:59:59.999,120450697.88989,274427,877488895,61480290.60035,0
2022-02-11,0.06843,0.06844,0.06325,0.06392,1559754139,2022-02-11 23:59:59.999,103373577.22249,276028,695308056,46044067.64136,0
2022-02-12,0.06392,0.06504,0.06201,0.06348,1263616649,2022-02-12 23:59:59.999,80469274.42400,212375,619423246,39457792.39404,0
2022-02-13,0.06349,0.06499,0.06311,0.06423,802299370,2022-02-13 23:59:59.999,51502887.33239,135087,411377049,26413529.90783,0
2022-02-14,0.06422,0.06541,0.06317,0.06437,1225953631,2022-02-14 23:59:59.999,78719910.37870,182031,604550825,38820654.00384,0
2022-02-15,0.06438,0.06698,0.06432,0.06683,1032642899,2022-02-15 23:59:59.999,68156841.80624,182606,496388562,32756462.35867,0
2022-02-16,0.06683,0.06692,0.06541,0.06636,832365669,2022-02-16 23:59:59.999,55120251.50727,145600,399121049,26433931.23408,0
2022-02-17,0.06636,0.06711,0.06190,0.06240,1294097826,2022-02-17 23:59:59.999,83921146.94847,211224,617410511,40072579.56720,0
2022-02-18,0.06241,0.06408,0.06195,0.06299,975563103,2022-02-18 23:59:59.999,61581039.08172,153759,481728713,30410075.16825,0
2022-02-19,0.06299,0.06438,0.06279,0.06344,1156083017,2022-02-19 23:59:59.999,73695889.17723,154549,583200101,37182855.10528,0
2022-02-20,0.06344,0.06353,0.06094,0.06195,1140211511,2022-02-20 23:59:59.999,70585255.78149,160075,578043986,35775979.73441,0
2022-02-21,0.06195,0.06366,0.05899,0.05941,1647180775,2022-02-21 23:59:59.999,102102645.65041,235410,807042246,50039792.63757,0
2022-02-22,0.05942,0.06276,0.05895,0.06259,1791173708,2022-02-22 23:59:59.999,109010343.77397,256017,939392384,57185973.84974,0
2022-02-23,0.06259,0.06385,0.06057,0.06072,1439529274,2022-02-23 23:59:59.999,90268640.85178,215920,725876752,45529029.57879,0
2022-02-24,0.06072,0.06193,0.05599,0.06101,3010500161,2022-02-24 23:59:59.999,176673698.33618,399092,1558333781,91443018.33840,0
2022-02-25,0.06101,0.06280,0.05540,0.05935,3452819214,2022-02-25 23:59:59.999,203283255.12447,428974,1660300170,97786385.09328,0
2022-02-26,0.05935,0.06157,0.05866,0.05955,2190146938,2022-02-26 23:59:59.999,131103410.84515,304461,1048875974,62782055.15533,0
2022-02-27,0.05955,0.06072,0.05722,0.05801,1861620740,2022-02-27 23:59:59.999,110376886.36165,262487,922042793,54687723.42473,0
2022-02-28,0.05800,0.06406,0.05736,0.06173,1577301729,2022-02-28 23:59:59.999,94146126.40029,245189,827081936,49467365.95001,0
2022-03-01,0.06173,0.06282,0.06096,0.06216,1439012061,2022-03-01 23:59:59.999,88989260.72396,237243,682185107,42197697.92722,0
2022-03-02,0.06216,0.06293,0.06072,0.06149,1175963875,2022-03-02 23:59:59.999,72734501.44135,209397,559733735,34633524.26574,0
2022-03-03,0.06150,0.06159,0.05900,0.05988,1033684327,2022-03-03 23:59:59.999,62338729.23060,192796,455671896,27481388.72914,0
2022-03-04,0.05988,0.06017,0.05739,0.05824,1257280109,2022-03-04 23:59:59.999,73806654.21966,219485,625895447,36737388.94210,0
2022-03-05,0.05824,0.06090,0.05759,0.06030,1453048704,2022-03-05 23:59:59.999,86411856.04963,226523,738302293,43906682.66781,0
2022-03-06,0.06031,0.06087,0.05855,0.05881,1241753660,2022-03-06 23:59:59.999,74408840.95368,212597,596865833,35780823.14816,0
2022-03-07,0.05880,0.06062,0.05771,0.05850,1190020668,2022-03-07 23:59:59.999,70259888.05176,238799,573730215,33882037.93213,0
2022-03-08,0.05849,0.06114,0.05838,0.06050,1177743456,2022-03-08 23:59:59.999,71024924.49146,224690,632284165,38134272.00258,0
2022-03-09,0.06050,0.06262,0.06027,0.06073,1490039171,2022-03-09 23:59:59.999,91484107.02520,245548,706972616,43427237.99047,0
2022-03-10,0.06073,0.06081,0.05774,0.05984,2151635427,2022-03-10 23:59:59.999,126809958.07620,319886,1055605697,62203965.02166,0
2022-03-11,0.05983,0.06088,0.05886,0.06018,1380957164,2022-03-11 23:59:59.999,82799653.75712,228802,737649418,44232921.49905,0
2022-03-12,0.06018,0.06071,0.05950,0.05960,841768153,2022-03-12 23:59:59.999,50477445.81342,149490,423942323,25424909.27792,0
2022-03-13,0.05961,0.06027,0.05882,0.05926,724429994,2022-03-13 23:59:59.999,43268990.81061,135974,371463528,22190022.33067,0
2022-03-14,0.05927,0.06043,0.05882,0.06001,962780509,2022-03-14 23:59:59.999,57654231.44278,166628,469423153,28113154.38239,0
2022-03-15,0.06001,0.06065,0.05949,0.06045,954759824,2022-03-15 23:59:59.999,57382942.33188,160915,460846318,27702562.06208,0
2022-03-16,0.06045,0.06154,0.05933,0.06105,1145116562,2022-03-16 23:59:59.999,69217878.96561,177786,552409997,33397260.74574,0
2022-03-17,0.06106,0.06111,0.06049,0.06067,581951933,2022-03-17 23:59:59.999,35391100.69468,101904,278870759,16961993.64058,0
2022-03-18,0.06067,0.06185,0.06001,0.06160,784503143,2022-03-18 23:59:59.999,47679759.08737,131990,414761164,25232603.21921,0
2022-03-19,0.06160,0.06218,0.06122,0.06190,740103860,2022-03-19 23:59:59.999,45663434.55684,118403,362321263,22359459.05424,0
2022-03-20,0.06189,0.06247,0.06076,0.06150,877814584,2022-03-20 23:59:59.999,54029975.74357,134509,403104651,24825661.09432,0
2022-03-21,0.06150,0.06187,0.06068,0.06175,744308035,2022-03-21 23:59:59.999,45690118.59117,115656,349627709,21467244.73215,0
2022-03-22,0.06175,0.06392,0.06157,0.06340,1056568285,2022-03-22 23:59:59.999,66585149.75521,173976,529656792,33375266.94178,0
2022-03-23,0.06340,0.06490,0.06314,0.06428,1072540923,2022-03-23 23:59:59.999,68684318.34285,182276,525320280,33654265.42633,0
2022-03-24,0.06429,0.06596,0.06370,0.06563,1030782351,2022-03-24 23:59:59.999,66889399.12990,180248,500319397,32485247.18231,0
2022-03-25,0.06563,0.06667,0.06378,0.06433,1055252790,2022-03-25 23:59:59.999,69057311.30547,188888,509476505,33361577.17750,0
2022-03-26,0.06433,0.06639,0.06377,0.06629,959024142,2022-03-26 23:59:59.999,62105764.55096,149481,471158974,30530356.92772,0
2022-03-27,0.06629,0.06954,0.06576,0.06896,1678840146,2022-03-27 23:59:59.999,113629162.91219,254819,836653865,56615611.93001,0
2022-03-28,0.06896,0.07199,0.06844,0.06914,1756642608,2022-03-28 23:59:59.999,123666588.02845,287095,827847940,58288697.58646,0
2022-03-29,0.06913,0.07253,0.06826,0.06940,1757611711,2022-03-29 23:59:59.999,124404612.04292,286927,848175205,60062844.28500,0
2022-03-30,0.06940,0.07453,0.06740,0.07337,3318843076,2022-03-30 23:59:59.999,238127416.84955,443076,1606936054,115286125.55007,0
2022-03-31,0.07338,0.07965,0.07301,0.07395,4423356396,2022-03-31 23:59:59.999,336647365.85120,668283,2144956483,163289674.49691,0
2022-04-01,0.07394,0.07515,0.07128,0.07497,1607831931,2022-04-01 23:59:59.999,117715647.44893,327818,757438564,55486056.59896,0
2022-04-02,0.07497,0.07652,0.07278,0.07323,1276054903,2022-04-02 23:59:59.999,95519473.01643,243926,581792549,43591256.29650,0
2022-04-03,0.07323,0.07376,0.07208,0.07313,832189182,2022-04-03 23:59:59.999,60646355.86854,161618,391497739,28537606.98463,0
2022-04-04,0.07313,0.07319,0.06876,0.07071,1130947679,2022-04-04 23:59:59.999,80171065.53733,225239,516034186,36588507.04486,0
2022-04-05,0.07072,0.07184,0.06913,0.06927,885102078,2022-04-05 23:59:59.999,62437674.83439,185529,414836245,29284342.80326,0
2022-04-06,0.06927,0.06937,0.06291,0.06301,1574306787,2022-04-06 23:59:59.999,103660926.29054,318182,691619325,45568286.76311,0
2022-04-07,0.06302,0.06478,0.06257,0.06428,1061026843,2022-04-07 23:59:59.999,67627297.50946,218103,498049382,31750563.23689,0
2022-04-08,0.06429,0.06517,0.06205,0.06254,1042433071,2022-04-08 23:59:59.999,66317465.72958,228328,499295838,31770838.85208,0
2022-04-09,0.06255,0.06402,0.06220,0.06391,816154164,2022-04-09 23:59:59.999,51472637.99698,168962,407705911,25715165.72390,0
2022-04-10,0.06392,0.06429,0.06210,0.06231,778075988,2022-04-10 23:59:59.999,49277891.75748,159314,360262792,22823330.15813,0
2022-04-11,0.06230,0.06248,0.05762,0.05820,1390676766,2022-04-11 23:59:59.999,83166800.72755,242694,647166258,38695620.71066,0
2022-04-12,0.05819,0.06040,0.05786,0.05988,893726458,2022-04-12 23:59:59.999,52988605.16257,176653,455681901,27023835.79755,0
2022-04-13,0.05988,0.06150,0.05929,0.06147,849489358,2022-04-13 23:59:59.999,51322833.04381,161272,422413027,25527532.02538,0
2022-04-14,0.06149,0.06214,0.05932,0.06009,1095731280,2022-04-14 23:59:59.999,66665977.37104,177794,527740279,32104837.62343,0
2022-04-15,0.06010,0.06221,0.05979,0.06179,865224544,2022-04-15 23:59:59.999,53059539.56802,149373,423833654,25995538.39488,0
2022-04-16,0.06179,0.06226,0.06084,0.06185,558036139,2022-04-16 23:59:59.999,34443692.24098,100426,263418496,16260395.27583,0
2022-04-17,0.06186,0.06288,0.05977,0.06003,839186718,2022-04-17 23:59:59.999,51823294.54987,130025,383409361,23699511.50627,0
2022-04-18,0.06004,0.06165,0.05879,0.06146,1196611827,2022-04-18 23:59:59.999,72009488.36647,179547,574814504,34586473.38101,0
2022-04-19,0.06146,0.06361,0.06107,0.06311,938828316,2022-04-19 23:59:59.999,58422524.02321,154551,476720439,29676158.79202,0
2022-04-20,0.06310,0.06346,0.06175,0.06260,901517130,2022-04-20 23:59:59.999,56536538.96935,145021,437129846,27423690.28456,0
2022-04-21,0.06259,0.07487,0.06237,0.07110,17607637344,2022-04-21 23:59:59.999,1260099299.10506,1637849,8851630635,633415248.08863,0
2022-04-22,0.07111,0.07249,0.06630,0.06656,9025390345,2022-04-22 23:59:59.999,617041272.60207,974768,4460776507,305104413.70027,0
2022-04-23,0.06656,0.06930,0.06643,0.06759,2523777737,2022-04-23 23:59:59.999,171563332.07483,377985,1249749321,84978988.81671,0
2022-04-24,0.06759,0.06792,0.06454,0.06562,1984516277,2022-04-24 23:59:59.999,130875118.15154,302695,924602968,60974440.24575,0
2022-04-25,0.06563,0.06577,0.06169,0.06528,2509741560,2022-04-25 23:59:59.999,159349626.68873,366108,1216220066,77243981.58472,0
2022-04-26,0.06528,0.06567,0.06148,0.06184,1665352244,2022-04-26 23:59:59.999,105829271.21613,277640,778270005,49453795.67489,0
2022-04-27,0.06185,0.06373,0.06162,0.06315,1207702281,2022-04-27 23:59:59.999,75824926.69610,201179,598260907,37563790.30736,0
2022-04-28,0.06315,0.06407,0.06242,0.06368,1064640299,2022-04-28 23:59:59.999,67491749.42692,193479,510238526,32351420.87462,0
2022-04-29,0.06369,0.07006,0.06262,0.06363,7519789121,2022-04-29 23:59:59.999,501552112.36206,882356,3781440807,252562699.20316,0
2022-04-30,0.06363,0.06524,0.06177,0.06255,2901598861,2022-04-30 23:59:59.999,184482442.19575,466403,1414349308,89959471.04499,0
2022-05-01,0.06255,0.07171,0.06150,0.07078,9410157962,2022-05-01 23:59:59.999,634207990.20002,1063442,4951555290,333936636.31198,0
2022-05-02,0.07077,0.07367,0.06444,0.06893,10024482951,2022-05-02 23:59:59.999,696488260.17879,1104310,5079487700,353096130.93605,0
2022-05-03,0.06892,0.07528,0.06808,0.07254,9979823534,2022-05-03 23:59:59.999,715622797.06241,1169389,5208371010,373518174.55271,0
2022-05-04,0.07255,0.08707,0.06988,0.08627,18788812691,2022-05-04 23:59:59.999,1460935514.36466,2168618,9509344467,740206165.30280,0
2022-05-05,0.08627,0.09000,0.07150,0.07445,17446016554,2022-05-05 23:59:59.999,1417142010.43069,2091245,8885469412,721816822.64749,0
2022-05-06,0.07445,0.08845,0.07260,0.08624,20827905607,2022-05-06 23:59:59.999,1696526594.98723,2396954,10710135049,872643424.89877,0
2022-05-07,0.08625,0.08900,0.07971,0.08346,22064723018,2022-05-07 23:59:59.999,1857944287.36353,2533704,11271298348,949454952.65019,0
2022-05-08,0.08346,0.09285,0.08010,0.08796,19933124033,2022-05-08 23:59:59.999,1708914713.22033,2410829,10336871605,886787345.38803,0
2022-05-09,0.08795,0.08820,0.07188,0.07258,21049836762,2022-05-09 23:59:59.999,1671832937.10313,2623377,10508340732,834999457.37935,0
2022-05-10,0.07257,0.08248,0.07127,0.07688,14217259407,2022-05-10 23:59:59.999,1110891559.54098,2050464,7219319854,564171772.95872,0
2022-05-11,0.07687,0.08662,0.06106,0.07480,25129714926,2022-05-11 23:59:59.999,1817935471.73912,3266209,13316936641,963055718.88724,0
2022-05-12,0.07480,0.08222,0.06543,0.06719,13314188455,2022-05-12 23:59:59.999,967163628.78886,1971521,6944498032,505072817.13390,0
2022-05-13,0.06718,0.07654,0.06630,0.07424,7220088608,2022-05-13 23:59:59.999,525596529.11422,1085553,3734528259,271955429.09627,0
2022-05-14,0.07424,0.07608,0.07050,0.07237,4766494013,2022-05-14 23:59:59.999,348857800.47468,668464,2422467145,177346121.59242,0
2022-05-15,0.07237,0.07281,0.06750,0.07234,4905036382,2022-05-15 23:59:59.999,342335328.43568,633499,2455166530,171465161.92805,0
2022-05-16,0.07235,0.07243,0.06681,0.06909,3811974851,2022-05-16 23:59:59.999,263977334.31447,564188,1881742429,130361156.11662,0
2022-05-17,0.06909,0.07402,0.06878,0.07222,3225219960,2022-05-17 23:59:59.999,229118648.09986,498339,1679494050,119392239.23292,0
2022-05-18,0.07221,0.07283,0.06927,0.07095,2962487096,2022-05-18 23:59:59.999,210761145.46773,478314,1497108879,106520150.57199,0
2022-05-19,0.07095,0.07509,0.06989,0.07355,4699268917,2022-05-19 23:59:59.999,342943839.29072,667072,2448687005,178693662.09677,0
2022-05-20,0.07355,0.07507,0.06980,0.07114,3860331787,2022-05-20 23:59:59.999,281347936.53427,555016,1924334924,140336531.38219,0
2022-05-21,0.07114,0.07586,0.07029,0.07397,2815265595,2022-05-21 23:59:59.999,206552307.36357,422140,1426556161,104692010.15814,0
2022-05-22,0.07396,0.07866,0.07353,0.07813,2435454605,2022-05-22 23:59:59.999,185172323.19410,398189,1300361256,98928716.29663,0
2022-05-23,0.07812,0.08264,0.07571,0.07610,4991970580,2022-05-23 23:59:59.999,393964616.13633,739742,2501161088,197530263.56984,0
2022-05-24,0.07608,0.08315,0.07588,0.08059,8149982596,2022-05-24 23:59:59.999,656420157.75610,1098282,4184089627,337191480.87925,0
2022-05-25,0.08059,0.08863,0.07966,0.08467,6540492413,2022-05-25 23:59:59.999,543960415.66137,882338,3366284309,280096835.00770,0
2022-05-26,0.08467,0.08660,0.07856,0.08219,9444248579,2022-05-26 23:59:59.999,782415332.75177,1294130,4673433766,387344258.95138,0
2022-05-27,0.08220,0.08397,0.07827,0.08082,6220584767,2022-05-27 23:59:59.999,501520410.55496,907842,3071062886,247678864.53741,0
2022-05-28,0.08081,0.08276,0.07891,0.08114,3009110581,2022-05-28 23:59:59.999,244002972.74529,536041,1484377236,120421371.19445,0
2022-05-29,0.08114,0.08232,0.07806,0.08052,2923376797,2022-05-29 23:59:59.999,235317107.83348,487901,1413621798,113852405.37269,0
2022-05-30,0.08051,0.08446,0.08012,0.08321,3481252785,2022-05-30 23:59:59.999,287885326.61602,567880,1734850920,143490468.06644,0
2022-05-31,0.08321,0.08456,0.07923,0.08443,3673985788,2022-05-31 23:59:59.999,298561004.40438,567037,1765814831,143596862.60880,0
2022-06-01,0.08441,0.09242,0.08204,0.08352,11826182652,2022-06-01 23:59:59.999,1035187871.63138,1559929,5998592998,525500357.40129,0
2022-06-02,0.08351,0.08567,0.08101,0.08425,4750932240,2022-06-02 23:59:59.999,395598236.06230,727882,2356938126,196334656.46639,0
2022-06-03,0.08425,0.08644,0.08026,0.08104,3115601146,2022-06-03 23:59:59.999,257701815.75017,543571,1496757453,123891034.40791,0
2022-06-04,0.08105,0.08131,0.07605,0.08037,4127218638,2022-06-04 23:59:59.999,326018265.70483,601593,2085352829,164707851.44011,0
2022-06-05,0.08037,0.08269,0.07909,0.08143,2132701899,2022-06-05 23:59:59.999,172810633.99051,385790,1107412657,89770480.93355,0
2022-06-06,0.08144,0.08487,0.08100,0.08155,2600935659,2022-06-06 23:59:59.999,215759189.97306,449329,1297587516,107705106.56076,0
2022-06-07,0.08155,0.08310,0.07876,0.08179,3044582574,2022-06-07 23:59:59.999,246078911.63621,555246,1507901680,121911025.97873,0
2022-06-08,0.08178,0.08264,0.07951,0.08057,1923500978,2022-06-08 23:59:59.999,155360676.67773,350057,913059434,73790282.45879,0
2022-06-09,0.08057,0.08193,0.07995,0.08097,1428582206,2022-06-09 23:59:59.999,115770985.53858,285713,706432664,57264060.79517,0
2022-06-10,0.08096,0.08159,0.07866,0.07884,1966745870,2022-06-10 23:59:59.999,157487859.82239,375864,964649578,77262889.07837,0
2022-06-11,0.07884,0.08035,0.07457,0.07615,2666235124,2022-06-11 23:59:59.999,205992700.65408,465986,1334568220,103123983.41792,0
2022-06-12,0.07615,0.07860,0.07390,0.07605,3892150505,2022-06-12 23:59:59.999,297372245.58110,604726,2057380093,157239253.91216,0
2022-06-13,0.07604,0.07665,0.05952,0.06381,25188990435,2022-06-13 23:59:59.999,1621545407.16182,2412321,13261876575,853387146.92959,0
2022-06-14,0.06382,0.06498,0.05147,0.05555,22583015889,2022-06-14 23:59:59.999,1305199132.66382,2168380,11883664768,686625661.90680,0
2022-06-15,0.05553,0.06400,0.04567,0.06295,45724912085,2022-06-15 23:59:59.999,2452560158.88433,3860679,24075379288,1290816591.73949,0
2022-06-16,0.06294,0.06575,0.05807,0.05919,14902512106,2022-06-16 23:59:59.999,908866706.52834,1346196,7705404595,470031042.02255,0
2022-06-17,0.05920,0.06333,0.05853,0.05982,6958373281,2022-06-17 23:59:59.999,421612079.65135,719707,3603488435,218307952.20467,0
2022-06-18,0.05983,0.06391,0.05683,0.06082,10701457001,2022-06-18 23:59:59.999,643357245.79615,1148188,5522407537,332059627.35228,0
2022-06-19,0.06083,0.06299,0.05812,0.06125,7588529776,2022-06-19 23:59:59.999,459462525.09115,898297,3934306427,238160328.85132,0
2022-06-20,0.06125,0.06223,0.05932,0.06108,4259838394,2022-06-20 23:59:59.999,258861190.13014,503119,2195539541,133425098.37547,0
2022-06-21,0.06108,0.06683,0.06090,0.06487,4335676318,2022-06-21 23:59:59.999,278037314.89537,625929,2303770040,147728444.86751,0
2022-06-22,0.06487,0.06578,0.06283,0.06301,2761201619,2022-06-22 23:59:59.999,177091253.77675,368786,1383596113,88763946.88085,0
2022-06-23,0.06302,0.06464,0.06157,0.06372,2107324710,2022-06-23 23:59:59.999,133330315.96098,323456,1081660820,68451616.43941,0
2022-06-24,0.06371,0.06678,0.06352,0.06578,2071193625,2022-06-24 23:59:59.999,134659873.35675,333295,1061994697,69093899.66736,0
2022-06-25,0.06577,0.06628,0.06351,0.06473,1247695945,2022-06-25 23:59:59.999,80957225.70923,233798,622971875,40427692.10426,0
2022-06-26,0.06473,0.06588,0.06388,0.06496,1312151538,2022-06-26 23:59:59.999,85213535.31705,219312,669047974,43452752.93345,0
2022-06-27,0.06495,0.07043,0.06481,0.06698,4176715401,2022-06-27 23:59:59.999,284691771.04294,604920,2123527269,144762153.04462,0
2022-06-28,0.06698,0.06830,0.06501,0.06580,2756327155,2022-06-28 23:59:59.999,183863707.95268,399770,1364004180,91018458.35274,0
2022-06-29,0.06580,0.06654,0.06388,0.06482,1972063650,2022-06-29 23:59:59.999,128616393.63367,311493,1019603834,66518591.07384,0
2022-06-30,0.06483,0.06597,0.06168,0.06475,2694390381,2022-06-30 23:59:59.999,171504229.05680,397322,1376917783,87643261.94527,0
2022-07-01,0.06474,0.06697,0.06405,0.06505,2063986622,2022-07-01 23:59:59.999,134368080.76978,335208,1034372480,67348699.30248,0
2022-07-02,0.06505,0.06546,0.06421,0.06465,850119163,2022-07-02 23:59:59.999,55183112.67550,170380,431311579,28003340.64861,0
2022-07-03,0.06466,0.06643,0.06235,0.06622,2015680552,2022-07-03 23:59:59.999,129378645.19791,298568,1029866032,66126975.94539,0
2022-07-04,0.06622,0.06771,0.06538,0.06729,2210015384,2022-07-04 23:59:59.999,147003280.28396,339075,1168337023,77706452.34636,0
2022-07-05,0.06729,0.06977,0.06645,0.06806,1850270896,2022-07-05 23:59:59.999,125466120.41521,317341,976070685,66200337.46734,0
2022-07-06,0.06807,0.06857,0.06663,0.06749,1225616805,2022-07-06 23:59:59.999,82805753.28981,219220,613624156,41477213.58701,0
2022-07-07,0.06749,0.06882,0.06602,0.06854,1477687628,2022-07-07 23:59:59.999,99511557.56894,233544,730214756,49200355.83561,0
2022-07-08,0.06855,0.06983,0.06755,0.06894,1288857269,2022-07-08 23:59:59.999,88536830.23287,232604,638315127,43858345.51056,0
2022-07-09,0.06893,0.07163,0.06887,0.06973,1212209983,2022-07-09 23:59:59.999,85249809.16289,225457,620970821,43680887.22986,0
2022-07-10,0.06973,0.07006,0.06710,0.06755,1008055384,2022-07-10 23:59:59.999,68858584.57974,186874,479596201,32771742.89131,0
2022-07-11,0.06755,0.06770,0.06442,0.06468,1125631170,2022-07-11 23:59:59.999,74176752.25090,221544,539365324,35532591.37900,0
2022-07-12,0.06468,0.06572,0.06427,0.06453,1055931357,2022-07-12 23:59:59.999,68606008.42313,179762,535679357,34804637.35077,0
2022-07-13,0.06452,0.06650,0.06352,0.06621,1504354122,2022-07-13 23:59:59.999,97685714.31976,250233,798145900,51825635.03208,0
2022-07-14,0.06620,0.06753,0.06492,0.06674,990165073,2022-07-14 23:59:59.999,65440218.12482,186710,517461160,34209602.18171,0
2022-07-15,0.06674,0.06795,0.06643,0.06698,660323236,2022-07-15 23:59:59.999,44350469.78853,150723,330239889,22182516.96766,0
2022-07-16,0.06699,0.06947,0.06602,0.06889,861489202,2022-07-16 23:59:59.999,58334676.93555,175241,455947263,30886799.06558,0
2022-07-17,0.06889,0.06935,0.06726,0.06738,654257053,2022-07-17 23:59:59.999,44701655.48263,159533,319621966,21840179.95970,0
2022-07-18,0.06739,0.07078,0.06720,0.06876,1461312174,2022-07-18 23:59:59.999,100965885.70634,274816,732378500,50640639.36934,0
2022-07-19,0.06875,0.06983,0.06754,0.06901,1432983950,2022-07-19 23:59:59.999,98339772.07693,271786,709134159,48677895.91151,0
2022-07-20,0.06902,0.07032,0.06703,0.06744,1370449936,2022-07-20 23:59:59.999,94341880.96023,260727,668096266,46003302.92822,0
2022-07-21,0.06745,0.06820,0.06631,0.06795,880456707,2022-07-21 23:59:59.999,59198684.71286,200353,442934725,29783304.26536,0
2022-07-22,0.06795,0.06904,0.06647,0.06692,801763832,2022-07-22 23:59:59.999,54500020.52058,180604,380165820,25828080.27503,0
2022-07-23,0.06691,0.06785,0.06585,0.06690,612913647,2022-07-23 23:59:59.999,40932642.88096,156230,312742544,20888569.89846,0
2022-07-24,0.06690,0.06777,0.06659,0.06677,561297974,2022-07-24 23:59:59.999,37715399.25840,129354,277892412,18676066.55391,0
2022-07-25,0.06676,0.06694,0.06354,0.06359,1049985356,2022-07-25 23:59:59.999,68241291.45333,204005,505098810,32830727.84476,0
2022-07-26,0.06360,0.06538,0.06283,0.06530,1104353816,2022-07-26 23:59:59.999,70837190.49252,240075,553522666,35502888.93746,0
2022-07-27,0.06530,0.06874,0.06496,0.06862,1296211023,2022-07-27 23:59:59.999,86239515.90480,248120,701911206,46698351.16926,0
2022-07-28,0.06863,0.07044,0.06743,0.06962,1170598887,2022-07-28 23:59:59.999,80538753.15912,250328,592968212,40812484.30920,0
2022-07-29,0.06963,0.07208,0.06811,0.06918,1318351970,2022-07-29 23:59:59.999,92152304.84671,268308,648731324,45389798.28642,0
2022-07-30,0.06917,0.07132,0.06886,0.06907,908262355,2022-07-30 23:59:59.999,63666789.67512,196601,434764600,30469614.54976,0
2022-07-31,0.06907,0.07081,0.06850,0.06878,685570213,2022-07-31 23:59:59.999,47780881.78432,161170,333415742,23240850.70140,0
2022-08-01,0.06877,0.07154,0.06820,0.06979,1076533483,2022-08-01 23:59:59.999,75115300.36432,220599,562509163,39272957.60938,0
2022-08-02,0.06979,0.07045,0.06767,0.06823,1209514515,2022-08-02 23:59:59.999,83004330.89679,243843,598892595,41101130.53857,0
2022-08-03,0.06824,0.06923,0.06717,0.06773,764243947,2022-08-03 23:59:59.999,52244208.42844,164209,380378728,26006269.74977,0
2022-08-04,0.06773,0.06957,0.06749,0.06884,911463759,2022-08-04 23:59:59.999,62361757.81088,188774,470662197,32206987.62649,0
2022-08-05,0.06885,0.07010,0.06805,0.06983,773770560,2022-08-05 23:59:59.999,53614864.78108,162930,372997760,25847189.86364,0
2022-08-06,0.06984,0.07059,0.06919,0.06939,533398732,2022-08-06 23:59:59.999,37302097.03086,128084,264217381,18479876.90186,0
2022-08-07,0.06940,0.07034,0.06903,0.06955,504203077,2022-08-07 23:59:59.999,35151732.75410,110828,251687789,17547604.64434,0
2022-08-08,0.06954,0.07108,0.06947,0.07004,668460952,2022-08-08 23:59:59.999,47004347.23262,141804,335072899,23565664.47161,0
2022-08-09,0.07003,0.07099,0.06815,0.06832,906846926,2022-08-09 23:59:59.999,62856896.74636,172064,424134965,29417001.78003,0
2022-08-10,0.06832,0.07044,0.06771,0.07032,754998826,2022-08-10 23:59:59.999,52347012.78049,164808,375191514,26022932.58429,0
2022-08-11,0.07033,0.07114,0.06991,0.07030,824798816,2022-08-11 23:59:59.999,58283358.34433,157380,406617903,28735941.19378,0
2022-08-12,0.07031,0.07072,0.06921,0.07038,739831189,2022-08-12 23:59:59.999,51800342.28218,143225,370417625,25937955.15031,0
2022-08-13,0.07038,0.07122,0.06950,0.06990,740624205,2022-08-13 23:59:59.999,52029209.46689,154771,350382530,24620323.74705,0
2022-08-14,0.06990,0.07241,0.06935,0.07032,1314299429,2022-08-14 23:59:59.999,93243185.25551,251152,663390361,47096205.47379,0
2022-08-15,0.07032,0.07116,0.06815,0.06881,1260095023,2022-08-15 23:59:59.999,87293242.73688,244763,582950622,40352606.43720,0
2022-08-16,0.06882,0.07050,0.06826,0.06968,1046705343,2022-08-16 23:59:59.999,72531013.08654,198658,517552682,35863003.36301,0
2022-08-17,0.06968,0.07102,0.06782,0.06825,1156104026,2022-08-17 23:59:59.999,80335217.24511,222444,561188206,39037479.96802,0
2022-08-18,0.06826,0.06861,0.06722,0.06733,788366524,2022-08-18 23:59:59.999,53652801.77995,166407,376102431,25602684.40903,0
2022-08-19,0.06734,0.06734,0.06378,0.06398,1376563612,2022-08-19 23:59:59.999,89710197.00126,256983,673416302,43886039.01781,0
2022-08-20,0.06398,0.06586,0.06384,0.06575,942514093,2022-08-20 23:59:59.999,61491654.51394,181964,478272055,31204148.93576,0
2022-08-21,0.06574,0.06634,0.06452,0.06584,802871139,2022-08-21 23:59:59.999,52588912.91087,170423,408530261,26756599.63012,0
2022-08-22,0.06585,0.06624,0.06446,0.06560,858741055,2022-08-22 23:59:59.999,56060427.74282,189049,434457867,28364511.98896,0
2022-08-23,0.06559,0.06679,0.06478,0.06630,1153809206,2022-08-23 23:59:59.999,75986777.21575,208671,567999979,37409346.87293,0
2022-08-24,0.06630,0.06640,0.06463,0.06473,855435310,2022-08-24 23:59:59.999,55870968.36645,165072,410878091,26836611.81617,0
2022-08-25,0.06474,0.06574,0.06461,0.06543,580977201,2022-08-25 23:59:59.999,37919969.30538,131432,288087969,18803017.31315,0
2022-08-26,0.06544,0.06561,0.06127,0.06148,1478584306,2022-08-26 23:59:59.999,94496546.87810,255031,707521160,45248494.31847,0
2022-08-27,0.06148,0.06300,0.06102,0.06283,845383036,2022-08-27 23:59:59.999,52497741.06307,180450,437653086,27178939.61543,0
2022-08-28,0.06283,0.06314,0.06127,0.06135,617110114,2022-08-28 23:59:59.999,38553675.98975,140538,299651089,18722412.96853,0
2022-08-29,0.06135,0.06345,0.06083,0.06333,833603688,2022-08-29 23:59:59.999,51763412.85828,166896,415766430,25823040.67137,0
2022-08-30,0.06334,0.06704,0.06281,0.06466,3213304411,2022-08-30 23:59:59.999,209067853.91944,422698,1647106129,107227205.35132,0
2022-08-31,0.06466,0.06588,0.06300,0.06332,1084919352,2022-08-31 23:59:59.999,69736485.74546,193991,521264522,33536450.88970,0
2022-09-01,0.06332,0.06367,0.06200,0.06325,844947938,2022-09-01 23:59:59.999,53114809.45683,170739,419250211,26360456.92117,0
2022-09-02,0.06325,0.06360,0.06221,0.06254,608596673,2022-09-02 23:59:59.999,38329546.97847,131860,288508424,18167523.60061,0
2022-09-03,0.06254,0.06315,0.06229,0.06308,331914323,2022-09-03 23:59:59.999,20840095.02526,86290,163060403,10238231.86288,0
2022-09-04,0.06308,0.06366,0.06247,0.06347,562301309,2022-09-04 23:59:59.999,35451688.26908,115100,286567264,18067617.97537,0
2022-09-05,0.06348,0.06366,0.06234,0.06290,656278072,2022-09-05 23:59:59.999,41237890.99822,129816,313464959,19696102.65717,0
2022-09-06,0.06290,0.06404,0.06034,0.06062,1165016545,2022-09-06 23:59:59.999,72831088.93704,216477,565373958,35359118.57599,0
2022-09-07,0.06062,0.06191,0.05994,0.06175,693137712,2022-09-07 23:59:59.999,42082997.75039,143215,340490009,20677828.91326,0
2022-09-08,0.06176,0.06190,0.06000,0.06121,1119048785,2022-09-08 23:59:59.999,67949344.89948,185235,538676785,32708294.67419,0
2022-09-09,0.06121,0.06371,0.06110,0.06338,939507604,2022-09-09 23:59:59.999,58966339.01574,162318,489445362,30718039.84576,0
2022-09-10,0.06338,0.06477,0.06292,0.06474,733858610,2022-09-10 23:59:59.999,46855452.58262,148647,382438116,24423309.21890,0
2022-09-11,0.06473,0.06499,0.06340,0.06416,581935616,2022-09-11 23:59:59.999,37391194.72888,134691,272785976,17526856.61755,0
2022-09-12,0.06415,0.06476,0.06301,0.06382,851769193,2022-09-12 23:59:59.999,54429653.82465,180851,406583490,25987472.04681,0
2022-09-13,0.06382,0.06392,0.06053,0.06057,893713127,2022-09-13 23:59:59.999,55682883.93482,183916,428945567,26737651.13672,0
2022-09-14,0.06057,0.06172,0.06044,0.06158,619578482,2022-09-14 23:59:59.999,37911755.93978,131713,326945552,20008029.49439,0
2022-09-15,0.06157,0.06196,0.06045,0.06124,816148998,2022-09-15 23:59:59.999,49933846.89884,158939,419699303,25682027.12478,0
2022-09-16,0.06123,0.06158,0.06047,0.06128,764112143,2022-09-16 23:59:59.999,46668466.93284,142964,397886514,24304272.77525,0
2022-09-17,0.06129,0.06235,0.06126,0.06224,468478148,2022-09-17 23:59:59.999,28913746.73032,97526,233696107,14427259.28329,0
2022-09-18,0.06224,0.06261,0.06068,0.06068,731576632,2022-09-18 23:59:59.999,45186290.68822,156448,368154283,22747136.70766,0
2022-09-19,0.06069,0.06118,0.05912,0.06025,1064895364,2022-09-19 23:59:59.999,63850527.63453,200071,545553805,32713612.50989,0
2022-09-20,0.06025,0.06064,0.05932,0.05974,708545325,2022-09-20 23:59:59.999,42495044.58229,140019,363563146,21805597.49910,0
2022-09-21,0.05973,0.06160,0.05856,0.05897,1113673406,2022-09-21 23:59:59.999,66690025.78925,195040,570042613,34142708.23013,0
2022-09-22,0.05897,0.06044,0.05862,0.06015,626248979,2022-09-22 23:59:59.999,37291146.09799,131542,304800769,18152212.70206,0
2022-09-23,0.06015,0.06115,0.05911,0.06038,731032671,2022-09-23 23:59:59.999,43987915.94666,153788,369755853,22258507.51693,0
2022-09-24,0.06038,0.06095,0.05950,0.05978,491515720,2022-09-24 23:59:59.999,29615982.55647,108027,243870321,14697848.36948,0
2022-09-25,0.05978,0.06027,0.05937,0.05966,369225988,2022-09-25 23:59:59.999,22091344.02224,94019,179841846,10761060.36269,0
2022-09-26,0.05965,0.05987,0.05887,0.05955,644985636,2022-09-26 23:59:59.999,38307370.90545,132662,320358213,19029078.91341,0
2022-09-27,0.05956,0.06086,0.05891,0.05933,733869136,2022-09-27 23:59:59.999,44036645.45987,149792,368825763,22129924.37997,0
2022-09-28,0.05932,0.05988,0.05829,0.05949,702405816,2022-09-28 23:59:59.999,41453632.97895,146323,350069561,20665314.34029,0
2022-09-29,0.05949,0.06200,0.05927,0.06097,1142103920,2022-09-29 23:59:59.999,69096095.25603,192797,603573111,36524168.53163,0
2022-09-30,0.06097,0.06230,0.06018,0.06097,1240278242,2022-09-30 23:59:59.999,75925141.18484,206486,612811992,37526375.89258,0
2022-10-01,0.06096,0.06146,0.05997,0.06045,552772800,2022-10-01 23:59:59.999,33578028.71933,117393,256165232,15569979.06141,0
2022-10-02,0.06046,0.06196,0.06032,0.06086,1295801903,2022-10-02 23:59:59.999,79434212.62462,209394,651099106,39921336.15790,0
2022-10-03,0.06086,0.06147,0.06062,0.06131,717692836,2022-10-03 23:59:59.999,43890290.68592,136576,357134240,21840250.82900,0
2022-10-04,0.06132,0.06246,0.06100,0.06231,767726338,2022-10-04 23:59:59.999,47307652.13574,135069,381768682,23536814.39809,0
2022-10-05,0.06232,0.06273,0.06185,0.06240,684851125,2022-10-05 23:59:59.999,42653958.55569,133421,340672162,21219401.31539,0
2022-10-06,0.06240,0.06319,0.06186,0.06275,858830431,2022-10-06 23:59:59.999,53776826.65906,145201,439640499,27533790.38520,0
2022-10-07,0.06275,0.06329,0.06189,0.06248,781994441,2022-10-07 23:59:59.999,48986430.18859,138401,391733699,24543339.30559,0
2022-10-08,0.06247,0.06272,0.06161,0.06202,443175966,2022-10-08 23:59:59.999,27563998.43762,105113,215857589,13429215.33544,0
2022-10-09,0.06201,0.06277,0.06188,0.06233,342888163,2022-10-09 23:59:59.999,21380041.27217,95118,180622929,11262650.11854,0
2022-10-10,0.06233,0.06527,0.06223,0.06269,3173421407,2022-10-10 23:59:59.999,202787783.17407,394313,1662917670,106291300.65515,0
2022-10-11,0.06268,0.06269,0.06113,0.06163,1050372878,2022-10-11 23:59:59.999,64800965.97925,186130,508106918,31350549.71675,0
2022-10-12,0.06163,0.06448,0.06109,0.06167,2330481513,2022-10-12 23:59:59.999,146430557.62386,310303,1152444677,72437701.20051,0
2022-10-13,0.06167,0.06224,0.05880,0.06096,1579921329,2022-10-13 23:59:59.999,95752724.42653,267844,762246148,46196106.13643,0
2022-10-14,0.06095,0.06601,0.06065,0.06389,3098704324,2022-10-14 23:59:59.999,196670692.04730,400671,1558700453,98917360.55861,0
2022-10-15,0.06390,0.06511,0.06164,0.06172,2214889271,2022-10-15 23:59:59.999,140382398.62275,317757,1076477623,68305491.00184,0
2022-10-16,0.06171,0.06202,0.06112,0.06181,939364667,2022-10-16 23:59:59.999,57850557.94566,165241,435595590,26831475.73889,0
2022-10-17,0.06181,0.06304,0.06158,0.06262,1019226974,2022-10-17 23:59:59.999,63590111.33669,178574,496152485,30962065.73305,0
2022-10-18,0.06262,0.06297,0.06162,0.06215,879298339,2022-10-18 23:59:59.999,54808206.51067,153460,411045952,25622559.84163,0
2022-10-19,0.06214,0.06318,0.06161,0.06168,1158174305,2022-10-19 23:59:59.999,72433647.96481,209420,566498867,35436463.39795,0
2022-10-20,0.06168,0.06265,0.06138,0.06210,752421305,2022-10-20 23:59:59.999,46774338.48841,154985,378959529,23563141.02571,0
2022-10-21,0.06210,0.06293,0.06060,0.06162,1109590888,2022-10-21 23:59:59.999,68432699.60147,194747,544843203,33630120.28609,0
2022-10-22,0.06162,0.06196,0.06109,0.06155,525444567,2022-10-22 23:59:59.999,32303188.42481,116382,257256258,15817485.27363,0
2022-10-23,0.06155,0.06199,0.06100,0.06182,603864646,2022-10-23 23:59:59.999,37170585.35388,127377,313789205,19319670.78138,0
2022-10-24,0.06182,0.06200,0.06116,0.06127,664060105,2022-10-24 23:59:59.999,40846037.88785,135923,325082132,19996689.90498,0
2022-10-25,0.06127,0.06286,0.06109,0.06229,957469950,2022-10-25 23:59:59.999,59276794.44367,158092,494736806,30629776.07740,0
2022-10-26,0.06230,0.06376,0.06220,0.06338,1021979544,2022-10-26 23:59:59.999,64332954.81356,164314,519685895,32723550.92951,0
2022-10-27,0.06338,0.06414,0.06259,0.06292,923344627,2022-10-27 23:59:59.999,58595314.21568,166823,453922874,28817955.28008,0
2022-10-28,0.06291,0.06375,0.06253,0.06351,676841753,2022-10-28 23:59:59.999,42712760.58721,137881,330792192,20879171.81607,0
2022-10-29,0.06350,0.06451,0.06341,0.06423,876431732,2022-10-29 23:59:59.999,56044165.54999,177901,444939599,28458065.25996,0
2022-10-30,0.06423,0.06480,0.06285,0.06307,661802764,2022-10-30 23:59:59.999,42240610.19800,149419,315097497,20118901.50870,0
2022-10-31,0.06306,0.06338,0.06223,0.06321,843255467,2022-10-31 23:59:59.999,53005046.97679,154296,412898041,25960285.48226,0
2022-11-01,0.06322,0.06339,0.06246,0.06272,539887109,2022-11-01 23:59:59.999,33997767.63937,108347,264452508,16652479.03831,0
2022-11-02,0.06272,0.06325,0.06133,0.06151,1049080225,2022-11-02 23:59:59.999,65382550.59834,177603,496990689,30986770.96447,0
2022-11-03,0.06150,0.06245,0.06136,0.06165,766075903,2022-11-03 23:59:59.999,47408611.73793,140011,363727055,22512289.15979,0
2022-11-04,0.06166,0.06380,0.06146,0.06380,932710567,2022-11-04 23:59:59.999,58439634.66076,146647,475197457,29780739.39978,0
2022-11-05,0.06380,0.06477,0.06307,0.06358,858138553,2022-11-05 23:59:59.999,54947463.69097,156789,442779687,28368074.80990,0
2022-11-06,0.06358,0.06536,0.06247,0.06263,1201346423,2022-11-06 23:59:59.999,77172386.29959,221115,600223604,38583500.88595,0
2022-11-07,0.06263,0.06298,0.06172,0.06222,781782085,2022-11-07 23:59:59.999,48769610.30103,168153,346989916,21656229.77394,0
2022-11-08,0.06222,0.06311,0.05555,0.05869,2613856311,2022-11-08 23:59:59.999,157058114.61623,492637,1263803387,75954033.58009,0
2022-11-09,0.05868,0.06568,0.05272,0.05340,8227697736,2022-11-09 23:59:59.999,490296226.09789,1376826,4157393810,247999831.44202,0
2022-11-10,0.05340,0.06270,0.05224,0.05774,7372737421,2022-11-10 23:59:59.999,421857584.22473,1083328,3831363572,219277776.74692,0
2022-11-11,0.05774,0.05833,0.05408,0.05597,2006194057,2022-11-11 23:59:59.999,113117232.55907,374378,1004695188,56675787.83077,0
2022-11-12,0.05597,0.05606,0.05278,0.05497,1341287841,2022-11-12 23:59:59.999,72975985.90816,261838,668461096,36370664.76687,0
2022-11-13,0.05498,0.05631,0.05020,0.05078,3566435148,2022-11-13 23:59:59.999,186919989.16455,486653,1817199900,95258312.07791,0
2022-11-14,0.05078,0.05320,0.04461,0.05007,8443860725,2022-11-14 23:59:59.999,410779821.20221,988808,4453574450,216936137.97025,0
2022-11-15,0.05008,0.05183,0.04914,0.05070,2133551485,2022-11-15 23:59:59.999,107998544.03315,304850,1111000847,56262841.73629,0
2022-11-16,0.05070,0.05174,0.04936,0.05010,1919309200,2022-11-16 23:59:59.999,96719349.17055,257107,1006444975,50750909.04549,0
2022-11-17,0.05011,0.05040,0.04868,0.05002,1508266380,2022-11-17 23:59:59.999,74914622.54518,197748,780541395,38777432.75412,0
2022-11-18,0.05002,0.05105,0.04999,0.05065,1071511868,2022-11-18 23:59:59.999,54214463.23627,153923,568520635,28772146.84763,0
2022-11-19,0.05065,0.05268,0.05043,0.05210,1633792274,2022-11-19 23:59:59.999,84449106.78269,207062,882418566,45608935.33038,0
2022-11-20,0.05210,0.05240,0.04967,0.05004,1106744815,2022-11-20 23:59:59.999,56492253.71368,161549,537470706,27430719.28614,0
2022-11-21,0.05004,0.05171,0.04908,0.05151,2204863738,2022-11-21 23:59:59.999,111505516.52037,293537,1185573846,59973966.02308,0
2022-11-22,0.05151,0.05262,0.04869,0.05067,4148206223,2022-11-22 23:59:59.999,209249799.38619,442402,2185514515,110300602.78795,0
2022-11-23,0.05067,0.05188,0.05011,0.05177,1462582549,2022-11-23 23:59:59.999,74701212.41668,209432,730668664,37341605.47897,0
2022-11-24,0.05176,0.05381,0.05131,0.05278,2283843363,2022-11-24 23:59:59.999,119774179.24334,274054,1215031687,63743533.22355,0
2022-11-25,0.05278,0.05341,0.05190,0.05293,1497284097,2022-11-25 23:59:59.999,78884611.46021,201311,745432245,39293879.81483,0
2022-11-26,0.05293,0.05365,0.05236,0.05274,764168327,2022-11-26 23:59:59.999,40561015.62831,127616,371262779,19711272.17186,0
2022-11-27,0.05274,0.05426,0.05272,0.05324,1004885517,2022-11-27 23:59:59.999,53808624.64538,151545,528896315,28321928.72329,0
2022-11-28,0.05324,0.05398,0.05181,0.05293,1611823953,2022-11-28 23:59:59.999,85318794.66241,223948,815506413,43169270.17627,0
2022-11-29,0.05293,0.05456,0.05265,0.05323,1208974373,2022-11-29 23:59:59.999,64932821.83576,187115,604019308,32457602.96690,0
2022-11-30,0.05322,0.05477,0.05322,0.05456,991432834,2022-11-30 23:59:59.999,53625016.41741,184809,511341058,27663296.55500,0
2022-12-01,0.05457,0.05510,0.05391,0.05413,852129833,2022-12-01 23:59:59.999,46399356.21440,152164,425203930,23158629.95504,0
2022-12-02,0.05414,0.05448,0.05374,0.05441,580588358,2022-12-02 23:59:59.999,31446240.08778,118762,295780640,16021243.16253,0
2022-12-03,0.05440,0.05465,0.05346,0.05353,497267885,2022-12-03 23:59:59.999,26830324.05803,97230,245631820,13256509.75337,0
2022-12-04,0.05353,0.05413,0.05287,0.05303,843483491,2022-12-04 23:59:59.999,44976716.33324,131953,388579513,20723158.25962,0
2022-12-05,0.05303,0.05369,0.05288,0.05330,896749729,2022-12-05 23:59:59.999,47825572.76920,144000,433998235,23146293.87070,0
2022-12-06,0.05331,0.05373,0.05250,0.05358,1032649109,2022-12-06 23:59:59.999,54795410.44934,146312,516135708,27400023.85353,0
2022-12-07,0.05359,0.05363,0.05232,0.05310,962137446,2022-12-07 23:59:59.999,51026416.02214,143183,495587208,26286775.94982,0
2022-12-08,0.05310,0.05491,0.05290,0.05446,910595094,2022-12-08 23:59:59.999,48832751.92724,138842,517545275,27773379.27718,0
2022-12-09,0.05445,0.05515,0.05425,0.05462,836152864,2022-12-09 23:59:59.999,45716308.03136,135532,408323130,22328211.32427,0
2022-12-10,0.05461,0.05586,0.05459,0.05478,828657682,2022-12-10 23:59:59.999,45589127.92926,127609,420581917,23146520.42959,0
2022-12-11,0.05479,0.05495,0.05369,0.05393,546831633,2022-12-11 23:59:59.999,29730643.93700,96816,257795811,14017426.87648,0
2022-12-12,0.05393,0.05395,0.05183,0.05348,1882635546,2022-12-12 23:59:59.999,99303447.04069,240484,965843386,50951317.74371,0
2022-12-13,0.05349,0.05452,0.05236,0.05445,1388730698,2022-12-13 23:59:59.999,74328541.33236,185414,712256885,38119824.64530,0
2022-12-14,0.05445,0.05766,0.05441,0.05554,1942277842,2022-12-14 23:59:59.999,108807903.69609,252847,1003137193,56183825.62504,0
2022-12-15,0.05554,0.05613,0.05505,0.05575,1120409584,2022-12-15 23:59:59.999,62316783.44202,160127,550086875,30603913.20146,0
2022-12-16,0.05575,0.05618,0.05247,0.05290,1732651887,2022-12-16 23:59:59.999,94748932.97759,239516,853202490,46661545.61346,0
2022-12-17,0.05289,0.05500,0.05176,0.05482,1792689840,2022-12-17 23:59:59.999,95670895.56058,242042,933816725,49881367.80303,0
2022-12-18,0.05482,0.05522,0.05314,0.05373,1478577570,2022-12-18 23:59:59.999,79839638.53276,198694,764010537,41268528.95448,0
2022-12-19,0.05373,0.05429,0.05293,0.05352,1234245634,2022-12-19 23:59:59.999,66347533.12453,187783,620800577,33375482.96437,0
2022-12-20,0.05352,0.05532,0.05343,0.05494,1116969517,2022-12-20 23:59:59.999,60757626.10155,161484,625708991,34046096.35013,0
2022-12-21,0.05494,0.05548,0.05449,0.05489,849765441,2022-12-21 23:59:59.999,46709670.63102,132607,432693659,23788197.02971,0
2022-12-22,0.05487,0.05587,0.05457,0.05548,1044074395,2022-12-22 23:59:59.999,57587597.23416,149869,521686295,28779871.40571,0
2022-12-23,0.05548,0.05567,0.05402,0.05418,1072819329,2022-12-23 23:59:59.999,58775940.33841,148349,500004932,27393285.45378,0
2022-12-24,0.05417,0.05479,0.05394,0.05468,689019992,2022-12-24 23:59:59.999,37510829.22924,106259,353198499,19232460.08258,0
2022-12-25,0.05469,0.05494,0.05407,0.05477,740254727,2022-12-25 23:59:59.999,40409023.56964,102119,380145408,20753074.46988,0
2022-12-26,0.05478,0.05499,0.05420,0.05456,541785719,2022-12-26 23:59:59.999,29581530.39766,92651,260150211,14205008.07437,0
2022-12-27,0.05456,0.05469,0.05357,0.05412,886504610,2022-12-27 23:59:59.999,47957445.59984,114495,438432888,23720278.83069,0
2022-12-28,0.05412,0.05469,0.05316,0.05412,1393159345,2022-12-28 23:59:59.999,75285349.39212,169949,723740161,39125048.74984,0
2022-12-29,0.05411,0.05447,0.05309,0.05397,1068172291,2022-12-29 23:59:59.999,57630158.74055,142270,541823781,29232938.78963,0
2022-12-30,0.05398,0.05450,0.05347,0.05434,1033827044,2022-12-30 23:59:59.999,55799193.89719,126708,532205084,28728152.21481,0
2022-12-31,0.05434,0.05525,0.05429,0.05448,791000812,2022-12-31 23:59:59.999,43270784.05677,111474,420103613,22988709.35498,0
2023-01-01,0.05447,0.05495,0.05438,0.05475,565555731,2023-01-01 23:59:59.999,30940454.99452,82892,295378876,16161003.27205,0
2023-01-02,0.05476,0.05559,0.05440,0.05515,1014640538,2023-01-02 23:59:59.999,55831606.08209,122927,536018443,29502423.32028,0
2023-01-03,0.05514,0.05552,0.05463,0.05477,737750144,2023-01-03 23:59:59.999,40711655.13485,96089,348540653,19240972.96083,0
2023-01-04,0.05477,0.05574,0.05430,0.05472,1212865772,2023-01-04 23:59:59.999,66716748.66459,158879,585690322,32230747.63772,0
2023-01-05,0.05472,0.05492,0.05322,0.05366,1515259545,2023-01-05 23:59:59.999,81912059.94864,169508,728483042,39380660.78873,0
2023-01-06,0.05365,0.05399,0.04933,0.05244,13619659836,2023-01-06 23:59:59.999,695339104.60726,906075,6998320054,357383427.77079,0
2023-01-07,0.05243,0.05293,0.05125,0.05199,2555552355,2023-01-07 23:59:59.999,132677382.30172,210674,1303167990,67659257.46758,0
2023-01-08,0.05198,0.05450,0.05113,0.05439,2339156408,2023-01-08 23:59:59.999,122744878.63041,211241,1220845587,64135121.22060,0
2023-01-09,0.05439,0.05698,0.05360,0.05456,3009168537,2023-01-09 23:59:59.999,165765777.37221,307013,1537531402,84715764.52449,0
2023-01-10,0.05457,0.05493,0.05377,0.05482,1190562476,2023-01-10 23:59:59.999,64730463.93316,154696,598610403,32549362.92810,0
2023-01-11,0.05481,0.05664,0.05452,0.05648,1665109135,2023-01-11 23:59:59.999,92024260.91772,185874,834196557,46120355.81609,0
2023-01-12,0.05648,0.05739,0.05559,0.05705,1809776174,2023-01-12 23:59:59.999,102208301.92512,216189,900348161,50854598.51273,0
2023-01-13,0.05705,0.06090,0.05678,0.06007,1848475523,2023-01-13 23:59:59.999,107499735.27102,231863,992787767,57794038.63383,0
2023-01-14,0.06007,0.06579,0.05993,0.06176,2741074516,2023-01-14 23:59:59.999,172945010.41194,376868,1420381546,89650056.13285,0
2023-01-15,0.06175,0.06286,0.06059,0.06231,1138714865,2023-01-15 23:59:59.999,70392403.32610,175892,561318990,34706363.90405,0
2023-01-16,0.06231,0.06323,0.06111,0.06237,1090735028,2023-01-16 23:59:59.999,67994632.93308,167975,535081233,33362397.76023,0
2023-01-17,0.06238,0.06267,0.06120,0.06160,844835841,2023-01-17 23:59:59.999,52429474.76398,134026,419476060,26041598.96832,0
2023-01-18,0.06161,0.06240,0.05876,0.05882,1238202464,2023-01-18 23:59:59.999,75058763.79610,193537,591415532,35862899.28766,0
2023-01-19,0.05883,0.06029,0.05871,0.06006,590571233,2023-01-19 23:59:59.999,35138247.20259,119230,308811520,18374473.32967,0
2023-01-20,0.06005,0.06289,0.05987,0.06272,757296392,2023-01-20 23:59:59.999,46329420.99399,146077,391183994,23934671.81824,0
2023-01-21,0.06272,0.06396,0.06156,0.06167,1264213749,2023-01-21 23:59:59.999,79014664.04971,202617,598499813,37421765.33496,0
2023-01-22,0.06167,0.06272,0.06065,0.06164,817572848,2023-01-22 23:59:59.999,50514485.45147,152896,389832376,24095777.69027,0
2023-01-23,0.06164,0.06328,0.06093,0.06274,1037295276,2023-01-23 23:59:59.999,64467927.53695,179952,523290846,32534632.93712,0
2023-01-24,0.06274,0.06360,0.05904,0.06014,984679818,2023-01-24 23:59:59.999,61040842.85776,178609,444852334,27614065.14981,0
2023-01-25,0.06014,0.06283,0.05913,0.06178,878596134,2023-01-25 23:59:59.999,53463945.85588,181114,434119387,26425869.62387,0
2023-01-26,0.06178,0.06216,0.06106,0.06168,615223861,2023-01-26 23:59:59.999,37943800.25715,133807,303750088,18736536.11618,0
2023-01-27,0.06167,0.06436,0.06086,0.06371,1485174388,2023-01-27 23:59:59.999,93442106.89006,241505,775046991,48789389.97589,0
2023-01-28,0.06372,0.06402,0.06199,0.06311,924749106,2023-01-28 23:59:59.999,58262294.30114,164375,441926824,27844449.98143,0
2023-01-29,0.06311,0.06465,0.06287,0.06376,1154359336,2023-01-29 23:59:59.999,73495654.97382,185594,575111104,36636413.68880,0
2023-01-30,0.06377,0.06407,0.06131,0.06229,1256232954,2023-01-30 23:59:59.999,78640186.45278,232171,615415148,38530691.94447,0
2023-01-31,0.06229,0.06311,0.06163,0.06215,720315529,2023-01-31 23:59:59.999,44894148.37543,189201,341823627,21302591.60539,0
2023-02-01,0.06214,0.06336,0.06136,0.06311,989352681,2023-02-01 23:59:59.999,61626904.03460,375279,475029416,29588916.48232,0
2023-02-02,0.06312,0.06571,0.06300,0.06384,1308391004,2023-02-02 23:59:59.999,83991762.64248,219838,634225634,40723695.30076,0
2023-02-03,0.06384,0.06481,0.06341,0.06414,864564865,2023-02-03 23:59:59.999,55420864.12399,161108,413876014,26536049.89894,0
2023-02-04,0.06415,0.06451,0.06304,0.06383,649623400,2023-02-04 23:59:59.999,41539704.43133,125221,311091373,19894883.40101,0
2023-02-05,0.06383,0.06582,0.06311,0.06409,1207740672,2023-02-05 23:59:59.999,77860100.37428,207635,592688873,38221254.30230,0
2023-02-06,0.06410,0.06450,0.06250,0.06313,812123578,2023-02-06 23:59:59.999,51547116.19852,152015,388920899,24686969.20949,0
2023-02-07,0.06313,0.06597,0.06299,0.06576,1347809117,2023-02-07 23:59:59.999,87139006.28563,206263,676830062,43758084.86901,0
2023-02-08,0.06576,0.07158,0.06548,0.06695,2787672262,2023-02-08 23:59:59.999,188238519.49437,382609,1387827585,93742249.07831,0
2023-02-09,0.06695,0.06710,0.06173,0.06259,1778794996,2023-02-09 23:59:59.999,114987340.54579,286100,857423415,55425173.86582,0
2023-02-10,0.06259,0.06393,0.06230,0.06323,838047383,2023-02-10 23:59:59.999,52999991.79929,155341,403890650,25542430.94254,0
2023-02-11,0.06322,0.06408,0.06304,0.06368,490554347,2023-02-11 23:59:59.999,31176319.82008,107318,247441735,15730507.21469,0
2023-02-12,0.06368,0.06507,0.06343,0.06384,627953096,2023-02-12 23:59:59.999,40369137.47588,121676,307534536,19775757.12218,0
2023-02-13,0.06385,0.06575,0.06279,0.06558,1698217981,2023-02-13 23:59:59.999,109475372.77247,284854,858707680,55377944.26783,0
2023-02-14,0.06557,0.06689,0.06500,0.06672,1515275279,2023-02-14 23:59:59.999,100183260.88814,255512,744735292,49254133.69149,0
2023-02-15,0.06672,0.07099,0.06668,0.07083,1687406475,2023-02-15 23:59:59.999,116355441.53461,294029,868650297,59885265.48343,0
2023-02-16,0.07084,0.07155,0.06660,0.06680,1561622454,2023-02-16 23:59:59.999,108496506.40072,313420,746647548,51901596.05234,0
2023-02-17,0.06680,0.07177,0.06645,0.07032,1566615525,2023-02-17 23:59:59.999,108415023.08023,309340,779303297,53963450.27216,0
2023-02-18,0.07032,0.07117,0.06964,0.07014,733241776,2023-02-18 23:59:59.999,51583641.47359,151971,350029596,24628863.46467,0
2023-02-19,0.07015,0.07168,0.06968,0.07037,768692726,2023-02-19 23:59:59.999,54287712.41222,170889,373185359,26362332.81145,0
2023-02-20,0.07037,0.07312,0.06951,0.07194,1707806100,2023-02-20 23:59:59.999,122510934.55074,285224,861221231,61788035.69986,0
2023-02-21,0.07195,0.07210,0.06887,0.06946,1140918792,2023-02-21 23:59:59.999,80821290.06547,212442,541797276,38396146.43162,0
2023-02-22,0.06946,0.06967,0.06801,0.06941,864262765,2023-02-22 23:59:59.999,59533274.49180,182291,413243871,28472353.97036,0
2023-02-23,0.06942,0.07048,0.06895,0.06950,819691429,2023-02-23 23:59:59.999,57129957.92902,163052,411005688,28649982.03990,0
2023-02-24,0.06950,0.06997,0.06723,0.06784,745952677,2023-02-24 23:59:59.999,51207830.84237,157140,350378507,24057720.65676,0
2023-02-25,0.06784,0.06882,0.06658,0.06778,668482552,2023-02-25 23:59:59.999,45399351.90212,139901,322221871,21886148.00267,0
2023-02-26,0.06778,0.06974,0.06775,0.06947,487005112,2023-02-26 23:59:59.999,33569067.15361,115236,250269585,17255625.22553,0
2023-02-27,0.06948,0.06968,0.06835,0.06940,635812339,2023-02-27 23:59:59.999,43878276.23072,146749,320011120,22088527.18455,0
2023-02-28,0.06939,0.06982,0.06846,0.06901,601988719,2023-02-28 23:59:59.999,41731964.66337,140064,301105298,20876930.41549,0
2023-03-01,0.06901,0.07024,0.06864,0.06980,501530942,2023-03-01 23:59:59.999,34950082.80076,127793,251346986,17517605.77719,0
2023-03-02,0.06980,0.07031,0.06886,0.06966,609542891,2023-03-02 23:59:59.999,42353165.99065,149540,303124722,21066394.40257,0
2023-03-03,0.06967,0.06981,0.06632,0.06713,934573357,2023-03-03 23:59:59.999,62926011.62571,199619,458575902,30872651.15657,0
2023-03-04,0.06712,0.06754,0.06589,0.06667,461056841,2023-03-04 23:59:59.999,30838762.30632,113325,228294805,15271861.07372,0
2023-03-05,0.06666,0.06782,0.06642,0.06719,435322957,2023-03-05 23:59:59.999,29269800.08640,114429,225443053,15157760.23407,0
2023-03-06,0.06719,0.06766,0.06655,0.06735,488994079,2023-03-06 23:59:59.999,32831477.74585,120089,239990562,16113410.42854,0
2023-03-07,0.06734,0.06770,0.06568,0.06626,671600928,2023-03-07 23:59:59.999,44797390.15739,147441,324800002,21668830.80939,0
2023-03-08,0.06625,0.06647,0.06456,0.06529,740955599,2023-03-08 23:59:59.999,48745117.03401,162483,376663781,24781599.23345,0
2023-03-09,0.06528,0.06633,0.05593,0.05855,3906301798,2023-03-09 23:59:59.999,236208171.51433,505550,1902721045,114898760.07252,0
2023-03-10,0.05855,0.05868,0.05527,0.05727,3275037588,2023-03-10 23:59:59.999,186909000.06894,465623,1659822370,94744962.89420,0
2023-03-11,0.05728,0.05889,0.05457,0.05874,2264211692,2023-03-11 23:59:59.999,128458291.02704,349056,1161794006,65928825.29726,0
2023-03-12,0.05873,0.06461,0.05831,0.06461,2078716078,2023-03-12 23:59:59.999,124924163.76670,328708,1052839637,63254607.00376,0
2023-03-13,0.06461,0.06856,0.06420,0.06690,3124848154,2023-03-13 23:59:59.999,208200137.10913,503680,1494135258,99588947.35802,0
2023-03-14,0.06689,0.06907,0.06527,0.06694,1616612529,2023-03-14 23:59:59.999,108498313.20500,322696,801768613,53835453.98362,0
2023-03-15,0.06693,0.06792,0.06402,0.06515,1364147209,2023-03-15 23:59:59.999,89805436.54206,276435,668415244,43992764.63770,0
2023-03-16,0.06515,0.06702,0.06470,0.06506,1063051756,2023-03-16 23:59:59.999,69819062.69631,220787,531335004,34903852.07750,0
2023-03-17,0.06505,0.06785,0.06461,0.06761,984086668,2023-03-17 23:59:59.999,65369999.68599,220546,486874759,32346955.58022,0
2023-03-18,0.06761,0.06810,0.06496,0.06571,861142242,2023-03-18 23:59:59.999,57460192.46923,200175,412916569,27556400.77184,0
2023-03-19,0.06572,0.06751,0.06551,0.06646,763711155,2023-03-19 23:59:59.999,50877919.85291,176436,380278622,25339288.16512,0
2023-03-20,0.06646,0.06693,0.06465,0.06497,911193179,2023-03-20 23:59:59.999,60147666.72616,233120,442928463,29244651.48247,0
2023-03-21,0.06496,0.06738,0.06473,0.06696,1006654516,2023-03-21 23:59:59.999,66620670.76361,261772,507551056,33587297.79038,0
2023-03-22,0.06697,0.06834,0.05627,0.05973,6744751266,2023-03-22 23:59:59.999,407426934.30026,922356,3434435803,207264417.82848,0
2023-03-23,0.05972,0.06657,0.05920,0.06515,4430814721,2023-03-23 23:59:59.999,277459199.59873,631460,2276293975,142560840.08938,0
2023-03-24,0.06516,0.06549,0.06250,0.06330,1853152254,2023-03-24 23:59:59.999,118268654.81397,378647,937651995,59829176.60169,0
2023-03-25,0.06330,0.06432,0.06260,0.06363,902556969,2023-03-25 23:59:59.999,57454084.58129,197468,454786702,28955947.66814,0
2023-03-26,0.06363,0.06500,0.06328,0.06405,783392478,2023-03-26 23:59:59.999,50191833.91312,182942,398173082,25519246.86963,0
2023-03-27,0.06405,0.06436,0.06168,0.06346,1105085853,2023-03-27 23:59:59.999,70002015.23177,236532,560456637,35495148.90099,0
2023-03-28,0.06346,0.06447,0.06320,0.06414,969086503,2023-03-28 23:59:59.999,61860521.90853,241003,498931527,31853608.95511,0
2023-03-29,0.06413,0.06543,0.06380,0.06424,906714347,2023-03-29 23:59:59.999,58549011.14465,206235,456764438,29501021.39393,0
2023-03-30,0.06425,0.06545,0.06353,0.06477,1145375530,2023-03-30 23:59:59.999,73843504.89442,241600,571017565,36831833.46502,0
2023-03-31,0.06478,0.06615,0.06423,0.06545,940959428,2023-03-31 23:59:59.999,61546293.20132,197145,473658136,30986530.02448,0
2023-04-01,0.06546,0.06723,0.06531,0.06640,915465817,2023-04-01 23:59:59.999,60582862.53036,222384,468387210,30999210.22104,0
2023-04-02,0.06641,0.06691,0.06479,0.06511,761235966,2023-04-02 23:59:59.999,50142255.18632,189741,374750661,24688156.67462,0
2023-04-03,0.06511,0.06622,0.06416,0.06571,941843776,2023-04-03 23:59:59.999,61505800.10018,218595,467752758,30554519.88904,0
2023-04-04,0.06572,0.06680,0.06552,0.06571,759842310,2023-04-04 23:59:59.999,50255475.78672,179473,372384272,24638066.29634,0
2023-04-05,0.06572,0.06678,0.06524,0.06611,772786340,2023-04-05 23:59:59.999,51033291.40242,171283,388491481,25661475.86149,0
2023-04-06,0.06612,0.06670,0.06548,0.06605,834135480,2023-04-06 23:59:59.999,55170446.15544,190286,408835493,27043533.82229,0
2023-04-07,0.06605,0.06648,0.06551,0.06599,533731777,2023-04-07 23:59:59.999,35224530.04370,135136,261158198,17237431.66349,0
2023-04-08,0.06599,0.06650,0.06561,0.06606,493086320,2023-04-08 23:59:59.999,32609847.37083,126175,248119139,16412656.97221,0
2023-04-09,0.06607,0.06686,0.06584,0.06657,575497903,2023-04-09 23:59:59.999,38137121.30189,128413,297187684,19698213.98583,0
2023-04-10,0.06657,0.06742,0.06612,0.06726,679743844,2023-04-10 23:59:59.999,45358292.84634,149114,346543553,23126833.30169,0
2023-04-11,0.06725,0.06790,0.06496,0.06624,2635229411,2023-04-11 23:59:59.999,174933774.21804,384350,1324912703,87988804.61643,0
2023-04-12,0.06624,0.06641,0.06187,0.06511,3434139106,2023-04-12 23:59:59.999,219458251.84605,465444,1728571155,110459314.83753,0
2023-04-13,0.06511,0.06551,0.06419,0.06519,1275511465,2023-04-13 23:59:59.999,82856164.74862,199632,637000704,41392324.70677,0
2023-04-14,0.06518,0.06711,0.06506,0.06620,1183186826,2023-04-14 23:59:59.999,78406066.29629,211098,606506869,40193569.65555,0
2023-04-15,0.06618,0.06627,0.06547,0.06586,504561603,2023-04-15 23:59:59.999,33237191.77461,111835,246949443,16269437.23719,0
2023-04-16,0.06587,0.06670,0.06555,0.06655,457883189,2023-04-16 23:59:59.999,30292617.33740,111101,228272577,15102703.95698,0
2023-04-17,0.06655,0.06667,0.06539,0.06568,609888615,2023-04-17 23:59:59.999,40253088.61088,132567,296869201,19595977.20769,0
2023-04-18,0.06568,0.06683,0.06539,0.06680,577536988,2023-04-18 23:59:59.999,38307689.24860,127907,289508499,19207030.76502,0
2023-04-19,0.06680,0.06715,0.06477,0.06558,1368084743,2023-04-19 23:59:59.999,90249619.75762,276509,694166460,45811224.18381,0
2023-04-20,0.06557,0.06662,0.06450,0.06538,1190802986,2023-04-20 23:59:59.999,78277296.54429,237495,588740131,38703780.97252,0
2023-04-21,0.06538,0.06600,0.06416,0.06494,947364992,2023-04-21 23:59:59.999,61793804.67111,190000,463834746,30256740.46487,0
2023-04-22,0.06495,0.06621,0.06477,0.06610,951892215,2023-04-22 23:59:59.999,62400128.27499,192849,493669837,32368167.75204,0
2023-04-23,0.06609,0.06698,0.06545,0.06666,943458109,2023-04-23 23:59:59.999,62566650.85721,203867,486033366,32234126.00287,0
2023-04-24,0.06667,0.06695,0.06578,0.06606,806406971,2023-04-24 23:59:59.999,53472301.53060,169228,408932660,27115720.65483,0
2023-04-25,0.06605,0.06619,0.06516,0.06579,686270561,2023-04-25 23:59:59.999,45105069.84598,167431,333207121,21902421.34815,0
2023-04-26,0.06579,0.06713,0.06369,0.06501,1427914042,2023-04-26 23:59:59.999,93958135.00636,273582,680530559,44789509.96013,0
2023-04-27,0.06501,0.06606,0.06491,0.06569,925474904,2023-04-27 23:59:59.999,60661804.75834,203192,483313493,31683003.74875,0
2023-04-28,0.06569,0.06667,0.06554,0.06665,607300801,2023-04-28 23:59:59.999,40119503.21942,146607,320252496,21160694.49506,0
2023-04-29,0.06664,0.06822,0.06655,0.06797,754426798,2023-04-29 23:59:59.999,50737434.97053,161312,391316930,26322163.93331,0
2023-04-30,0.06798,0.06803,0.06705,0.06709,808435023,2023-04-30 23:59:59.999,54656610.61384,143239,392882814,26562113.46485,0
2023-05-01,0.06710,0.06935,0.06671,0.06847,1958467435,2023-05-01 23:59:59.999,133781718.14569,304307,1013365566,69227583.54435,0
2023-05-02,0.06846,0.06988,0.06711,0.06919,1349576911,2023-05-02 23:59:59.999,92373342.27787,232603,698045895,47789049.19708,0
2023-05-03,0.06918,0.06956,0.06816,0.06921,1128276462,2023-05-03 23:59:59.999,77839330.76598,196992,550075361,37945148.61667,0
2023-05-04,0.06921,0.06962,0.06887,0.06934,569830258,2023-05-04 23:59:59.999,39448304.11214,110638,288293651,19958402.68010,0
2023-05-05,0.06935,0.07142,0.06932,0.07091,1133652462,2023-05-05 23:59:59.999,79675985.53373,192365,589332149,41423934.26594,0
2023-05-06,0.07090,0.07106,0.06951,0.07020,870266826,2023-05-06 23:59:59.999,61070407.30497,148895,442306183,31037943.75564,0
2023-05-07,0.07020,0.07045,0.06899,0.06918,672292984,2023-05-07 23:59:59.999,46951544.90809,131389,329115568,22985780.38636,0
2023-05-08,0.06918,0.06937,0.06690,0.06848,1248537380,2023-05-08 23:59:59.999,85042232.01228,226179,623917195,42506069.16339,0
2023-05-09,0.06849,0.06932,0.06786,0.06901,906409790,2023-05-09 23:59:59.999,62197774.06786,170206,463947796,31845288.96618,0
2023-05-10,0.06902,0.07062,0.06760,0.06931,1126962560,2023-05-10 23:59:59.999,78131052.12713,199136,559575352,38804722.41596,0
2023-05-11,0.06931,0.06954,0.06671,0.06765,1019057041,2023-05-11 23:59:59.999,69643161.02341,199163,485742203,33218656.10399,0
2023-05-12,0.06765,0.06937,0.06706,0.06905,1123014781,2023-05-12 23:59:59.999,76666780.42856,204870,584480855,39914046.14963,0
2023-05-13,0.06904,0.06959,0.06839,0.06930,549556975,2023-05-13 23:59:59.999,37952526.88692,121682,273889491,18918003.82094,0
2023-05-14,0.06931,0.06977,0.06875,0.06936,630925939,2023-05-14 23:59:59.999,43731393.69193,116155,317356103,21999491.49380,0
2023-05-15,0.06936,0.07050,0.06901,0.07023,619078044,2023-05-15 23:59:59.999,43303119.38420,121232,314802510,22019303.70976,0
2023-05-16,0.07023,0.07078,0.06988,0.07052,764348748,2023-05-16 23:59:59.999,53828304.61874,136607,396757095,27945360.78921,0
2023-05-17,0.07051,0.07139,0.07015,0.07117,764729436,2023-05-17 23:59:59.999,54078015.97925,149236,394300788,27888388.05479,0
2023-05-18,0.07116,0.07135,0.06972,0.07013,836951109,2023-05-18 23:59:59.999,59091187.09097,152649,408264312,28823486.18315,0
2023-05-19,0.07013,0.07080,0.07002,0.07062,480301054,2023-05-19 23:59:59.999,33806490.80984,100885,238809757,16810190.92485,0
2023-05-20,0.07061,0.07296,0.07048,0.07253,1372888060,2023-05-20 23:59:59.999,98918361.32797,223159,732413545,52756120.77056,0
2023-05-21,0.07253,0.07684,0.07190,0.07494,3138879478,2023-05-21 23:59:59.999,234464514.79660,486395,1645282394,122915926.99402,0
2023-05-22,0.07494,0.07926,0.07418,0.07792,5142454704,2023-05-22 23:59:59.999,397674777.58379,707361,2664569992,206042796.21014,0
2023-05-23,0.07793,0.07992,0.07754,0.07842,2010675987,2023-05-23 23:59:59.999,157582248.49542,308436,1036989423,81288844.81274,0
2023-05-24,0.07842,0.07852,0.07636,0.07681,1602186124,2023-05-24 23:59:59.999,123981209.53336,272065,804976974,62293102.48495,0
2023-05-25,0.07681,0.07835,0.07656,0.07669,1311500985,2023-05-25 23:59:59.999,101407602.33377,206635,652054717,50434739.34387,0
2023-05-26,0.07669,0.07743,0.07527,0.07536,995929225,2023-05-26 23:59:59.999,76002612.84316,186135,489212322,37333083.97972,0
2023-05-27,0.07536,0.07724,0.07512,0.07710,754384810,2023-05-27 23:59:59.999,57483527.85938,157469,384689413,29317782.78984,0
2023-05-28,0.07710,0.07813,0.07659,0.07737,836535962,2023-05-28 23:59:59.999,64635722.20095,173777,400956307,30991653.07190,0
2023-05-29,0.07737,0.07809,0.07597,0.07606,791789705,2023-05-29 23:59:59.999,61045048.50056,165854,394030872,30376122.41168,0
2023-05-30,0.07607,0.07686,0.07555,0.07626,644694379,2023-05-30 23:59:59.999,49141161.33127,133977,323796684,24685494.68377,0
2023-05-31,0.07626,0.07661,0.07501,0.07516,754235980,2023-05-31 23:59:59.999,57002201.01053,158173,378011909,28566154.83419,0
2023-06-01,0.07517,0.07544,0.07405,0.07474,698504084,2023-06-01 23:59:59.999,52237223.89395,155299,336741009,25184040.32287,0
2023-06-02,0.07473,0.08406,0.07449,0.08254,1941314382,2023-06-02 23:59:59.999,154855013.97883,371857,1022600153,81489715.93711,0
2023-06-03,0.08255,0.08590,0.08080,0.08169,5024449286,2023-06-03 23:59:59.999,418891119.93586,802889,2580163542,215109814.29938,0
2023-06-04,0.08170,0.08314,0.08014,0.08132,1876955172,2023-06-04 23:59:59.999,153123333.70434,337743,974191104,79490661.49393,0
2023-06-05,0.08131,0.08188,0.07723,0.07829,1739409912,2023-06-05 23:59:59.999,138694885.78136,328731,839667727,67006695.05043,0
2023-06-06,0.07828,0.07914,0.07733,0.07818,1197471611,2023-06-06 23:59:59.999,93691853.38393,239957,611731378,47864077.05669,0
2023-06-07,0.07819,0.07892,0.07616,0.07671,1192227693,2023-06-07 23:59:59.999,92133773.96246,245092,590827419,45658785.46329,0
2023-06-08,0.07671,0.07800,0.07605,0.07734,688275939,2023-06-08 23:59:59.999,53146720.36396,166367,341282709,26352364.00073,0
2023-06-09,0.07734,0.07839,0.07111,0.07198,2227303055,2023-06-09 23:59:59.999,165444334.63809,418090,1097236968,81497667.54239,0
2023-06-10,0.07198,0.07202,0.06440,0.06951,3200325834,2023-06-10 23:59:59.999,218351028.00790,557169,1542417366,105293278.54201,0
2023-06-11,0.06951,0.07056,0.06815,0.07018,780575121,2023-06-11 23:59:59.999,54135837.65254,194096,391212920,27135191.87282,0
2023-06-12,0.07018,0.07125,0.06915,0.07112,927726385,2023-06-12 23:59:59.999,65055528.10320,198173,472788557,33163261.01133,0
2023-06-13,0.07111,0.07270,0.07099,0.07186,927767237,2023-06-13 23:59:59.999,66567765.87540,197666,476313626,34176871.23038,0
2023-06-14,0.07186,0.07283,0.06991,0.07097,824528681,2023-06-14 23:59:59.999,59142863.80906,184535,422632728,30311115.98071,0
2023-06-15,0.07096,0.07212,0.06934,0.07094,1060816921,2023-06-15 23:59:59.999,74983669.58814,219580,518257546,36633923.90280,0
2023-06-16,0.07094,0.07122,0.06866,0.07048,861363573,2023-06-16 23:59:59.999,60355991.09409,196981,424063428,29719600.09979,0
2023-06-17,0.07048,0.07172,0.07019,0.07159,550146609,2023-06-17 23:59:59.999,39145408.25004,144794,278073677,19787113.68606,0
2023-06-18,0.07159,0.07210,0.06934,0.07008,670303835,2023-06-18 23:59:59.999,47413442.05117,167353,327715004,23183884.64619,0
2023-06-19,0.07007,0.07041,0.06929,0.06996,634752472,2023-06-19 23:59:59.999,44339150.42248,144391,300580101,20998184.15446,0
2023-06-20,0.06995,0.07066,0.06795,0.07053,997945408,2023-06-20 23:59:59.999,69120231.26085,226404,491235621,34045282.88385,0
2023-06-21,0.07053,0.07265,0.07021,0.07226,1258396541,2023-06-21 23:59:59.999,89865741.79844,254488,646975263,46194650.07238,0
2023-06-22,0.07226,0.07415,0.07130,0.07219,994978154,2023-06-22 23:59:59.999,72280208.20852,220170,493390783,35845397.93440,0
2023-06-23,0.07218,0.07388,0.07142,0.07310,957189158,2023-06-23 23:59:59.999,69467255.65071,204464,466464276,33858668.00578,0
2023-06-24,0.07309,0.07347,0.07121,0.07215,730147372,2023-06-24 23:59:59.999,52832086.43483,164552,365309189,26432761.44433,0
2023-06-25,0.07215,0.07382,0.07198,0.07310,682302006,2023-06-25 23:59:59.999,49896370.69138,154703,357686904,26161244.77682,0
2023-06-26,0.07310,0.07472,0.07227,0.07378,983599103,2023-06-26 23:59:59.999,72270722.75090,205838,487886607,35852448.52827,0
2023-06-27,0.07378,0.07536,0.07369,0.07429,614820054,2023-06-27 23:59:59.999,45832196.20485,158106,311878691,23250686.92700,0
2023-06-28,0.07430,0.07450,0.07186,0.07370,813167661,2023-06-28 23:59:59.999,60027255.68188,176922,395493796,29202469.10131,0
2023-06-29,0.07370,0.07477,0.07333,0.07441,599083163,2023-06-29 23:59:59.999,44475712.71913,153790,293447169,21786410.09849,0
2023-06-30,0.07440,0.07683,0.07386,0.07614,1324183047,2023-06-30 23:59:59.999,100078751.89049,291199,662660382,50094599.95474,0
2023-07-01,0.07613,0.07767,0.07568,0.07720,647063066,2023-07-01 23:59:59.999,49726767.96016,173480,324061070,24906729.19143,0
2023-07-02,0.07720,0.07738,0.07519,0.07597,648921903,2023-07-02 23:59:59.999,49231142.66134,173079,306470282,23253747.26850,0
2023-07-03,0.07597,0.07785,0.07572,0.07731,657556171,2023-07-03 23:59:59.999,50729215.95135,167342,335167170,25866758.36095,0
2023-07-04,0.07730,0.07841,0.07684,0.07698,788359063,2023-07-04 23:59:59.999,61227170.86633,157771,396398428,30793183.51018,0
2023-07-05,0.07697,0.07792,0.07650,0.07704,770612766,2023-07-05 23:59:59.999,59428655.19315,164752,388733585,29978005.95286,0
2023-07-06,0.07703,0.07856,0.07681,0.07702,957436786,2023-07-06 23:59:59.999,74378565.38569,195820,479276306,37238612.82205,0
2023-07-07,0.07701,0.07963,0.07661,0.07878,978169499,2023-07-07 23:59:59.999,76615574.58548,217954,494656992,38740827.13205,0
2023-07-08,0.07878,0.08008,0.07861,0.08004,630803182,2023-07-08 23:59:59.999,49972507.75254,154120,328291184,26012064.09120,0
2023-07-09,0.08003,0.08044,0.07727,0.07744,772299304,2023-07-09 23:59:59.999,61046316.33677,168932,356771657,28214959.29806,0
2023-07-10,0.07744,0.07802,0.07610,0.07747,894001996,2023-07-10 23:59:59.999,68942727.16519,186303,435968307,33620740.56671,0
2023-07-11,0.07748,0.07753,0.07666,0.07730,506469378,2023-07-11 23:59:59.999,39067460.86111,127222,241364808,18618997.41143,0
2023-07-12,0.07729,0.07813,0.07696,0.07778,507347336,2023-07-12 23:59:59.999,39366052.71102,130702,263187203,20422980.66715,0
2023-07-13,0.07778,0.08269,0.07759,0.08172,1287640709,2023-07-13 23:59:59.999,103040741.80256,258719,666666607,53356643.63393,0
2023-07-14,0.08172,0.08278,0.07850,0.07984,1214049706,2023-07-14 23:59:59.999,98284976.95742,257956,606593443,49122287.21178,0
2023-07-15,0.07984,0.08158,0.07982,0.08080,708629554,2023-07-15 23:59:59.999,57288221.18964,158860,354650757,28671299.61991,0
2023-07-16,0.08080,0.08093,0.07890,0.07975,519667960,2023-07-16 23:59:59.999,41536538.97984,134664,254143132,20314229.08321,0
2023-07-17,0.07976,0.08052,0.07890,0.07993,688838338,2023-07-17 23:59:59.999,54899824.11729,165820,329617701,26276723.63531,0
2023-07-18,0.07994,0.08093,0.07873,0.07974,587773097,2023-07-18 23:59:59.999,46974740.82734,158027,296003177,23660891.22406,0
2023-07-19,0.07975,0.08050,0.07925,0.08025,495134465,2023-07-19 23:59:59.999,39582128.17852,131944,249364302,19935295.73771,0
2023-07-20,0.08025,0.08125,0.07984,0.08068,462351863,2023-07-20 23:59:59.999,37263010.15634,137044,240636480,19396633.24393,0
2023-07-21,0.08069,0.08152,0.08036,0.08036,494311851,2023-07-21 23:59:59.999,40012223.57229,124046,246373249,19944599.89453,0
2023-07-22,0.08037,0.09409,0.08018,0.08384,8719768179,2023-07-22 23:59:59.999,767115076.31446,1382374,4442501751,390934712.05615,0
2023-07-23,0.08384,0.08520,0.08270,0.08332,1516755472,2023-07-23 23:59:59.999,127122803.30594,270429,752085241,63047931.05428,0
2023-07-24,0.08332,0.08335,0.08013,0.08142,1024258001,2023-07-24 23:59:59.999,83400770.68044,227149,496144788,40392336.69002,0
2023-07-25,0.08143,0.08230,0.08010,0.08186,967818643,2023-07-25 23:59:59.999,78704422.27938,196184,501404556,40783666.01406,0
2023-07-26,0.08185,0.08250,0.08042,0.08237,823426318,2023-07-26 23:59:59.999,67226670.47013,174405,412698776,33694020.17867,0
2023-07-27,0.08236,0.08299,0.08200,0.08261,488799502,2023-07-27 23:59:59.999,40311125.69624,124034,238863802,19700885.41059,0
2023-07-28,0.08260,0.08540,0.08260,0.08503,1121170222,2023-07-28 23:59:59.999,94119902.24543,209927,590988671,49627143.59912,0
2023-07-29,0.08502,0.08528,0.08305,0.08320,669121432,2023-07-29 23:59:59.999,56231287.04434,149897,312229892,26237242.70564,0
2023-07-30,0.08320,0.08375,0.07903,0.07995,1117947351,2023-07-30 23:59:59.999,91019206.65624,221711,539304508,43935472.65364,0
2023-07-31,0.07996,0.08033,0.07727,0.07787,1413270535,2023-07-31 23:59:59.999,111049207.80103,242102,690121351,54214605.27341,0
2023-08-01,0.07788,0.07864,0.07581,0.07863,913252260,2023-08-01 23:59:59.999,71065438.65765,201964,441029641,34332583.95610,0
2023-08-02,0.07863,0.07869,0.07614,0.07630,677190069,2023-08-02 23:59:59.999,52351442.68049,162632,322070730,24904014.07615,0
2023-08-03,0.07630,0.07750,0.07610,0.07708,449987223,2023-08-03 23:59:59.999,34568587.81045,126087,226939781,17434951.19337,0
2023-08-04,0.07709,0.07784,0.07601,0.07674,517448686,2023-08-04 23:59:59.999,39966904.25843,126719,247959123,19157980.15791,0
2023-08-05,0.07674,0.07767,0.07575,0.07750,518576745,2023-08-05 23:59:59.999,39883180.75391,137876,247626586,19045290.84694,0
2023-08-06,0.07750,0.07756,0.07648,0.07690,468081503,2023-08-06 23:59:59.999,36045208.44061,107370,228159857,17575552.37166,0
2023-08-07,0.07691,0.07729,0.07550,0.07682,690368843,2023-08-07 23:59:59.999,52871082.74094,148404,346569805,26551355.00112,0
2023-08-08,0.07681,0.07738,0.07617,0.07672,566240669,2023-08-08 23:59:59.999,43429086.84398,131367,289067287,22175273.69062,0
2023-08-09,0.07672,0.07706,0.07612,0.07670,467192855,2023-08-09 23:59:59.999,35749208.66751,117177,223742800,17121207.07159,0
2023-08-10,0.07671,0.07755,0.07661,0.07729,388643930,2023-08-10 23:59:59.999,29965150.72145,116256,193071679,14888506.95794,0
2023-08-11,0.07730,0.07748,0.07667,0.07720,250763604,2023-08-11 23:59:59.999,19348835.52242,81314,122938249,9487499.48770,0
2023-08-12,0.07721,0.07755,0.07715,0.07749,165565243,2023-08-12 23:59:59.999,12816131.09593,58919,86650663,6707539.14396,0
2023-08-13,0.07748,0.07762,0.07692,0.07705,220019441,2023-08-13 23:59:59.999,17022711.01272,64355,107519322,8319213.26954,0
2023-08-14,0.07705,0.07763,0.07697,0.07744,376378113,2023-08-14 23:59:59.999,29120152.51632,96339,178101868,13779895.47883,0
2023-08-15,0.07744,0.07751,0.07588,0.07630,428184425,2023-08-15 23:59:59.999,32886116.39621,109227,209975440,16127335.31683,0
2023-08-16,0.07629,0.07678,0.07330,0.07464,767320036,2023-08-16 23:59:59.999,57939451.15642,172397,366116468,27659844.82934,0
2023-08-17,0.07464,0.07562,0.06982,0.07260,1256330076,2023-08-17 23:59:59.999,92697668.84305,253395,623753141,46029616.08251,0
2023-08-18,0.07259,0.07346,0.07191,0.07292,740852032,2023-08-18 23:59:59.999,53903795.47761,147703,370196597,26935486.98823,0
2023-08-19,0.07292,0.07416,0.07288,0.07406,379361819,2023-08-19 23:59:59.999,27924649.21663,91963,198582908,14618799.78156,0
2023-08-20,0.07405,0.07645,0.07395,0.07587,740691515,2023-08-20 23:59:59.999,55859200.30294,146183,392773421,29627467.48776,0
2023-08-21,0.07588,0.07622,0.07391,0.07505,805509479,2023-08-21 23:59:59.999,60508440.78093,151108,378624533,28434702.00748,0
2023-08-22,0.07505,0.07557,0.07401,0.07544,639624861,2023-08-22 23:59:59.999,47873877.01148,125009,319556267,23918312.30023,0
2023-08-23,0.07543,0.07793,0.07536,0.07755,839806200,2023-08-23 23:59:59.999,64528718.84512,154029,443732720,34098285.37756,0
2023-08-24,0.07756,0.07794,0.07610,0.07659,500996686,2023-08-24 23:59:59.999,38569118.51926,107935,248593915,19136414.78033,0
2023-08-25,0.07658,0.07734,0.07598,0.07719,628464631,2023-08-25 23:59:59.999,48238420.94918,118392,310885010,23863007.01259,0
2023-08-26,0.07719,0.07763,0.07710,0.07741,279251881,2023-08-26 23:59:59.999,21616100.84036,69814,131195760,10156373.18820,0
2023-08-27,0.07741,0.07759,0.07707,0.07752,258741714,2023-08-27 23:59:59.999,20023263.04464,64910,137441385,10637990.10470,0
2023-08-28,0.07752,0.07757,0.07617,0.07630,548859252,2023-08-28 23:59:59.999,42244861.03564,134574,257708572,19838048.42593,0
2023-08-29,0.07631,0.07799,0.07583,0.07729,872213369,2023-08-29 23:59:59.999,67123811.70632,163166,450598968,34682111.20387,0
2023-08-30,0.07729,0.07729,0.07532,0.07557,530065496,2023-08-30 23:59:59.999,40367817.72495,126252,254316311,19364263.72615,0
2023-08-31,0.07556,0.07692,0.07504,0.07668,806763162,2023-08-31 23:59:59.999,61329629.34128,160188,396261122,30122096.16711,0
2023-09-01,0.07667,0.07749,0.07570,0.07605,792879140,2023-09-01 23:59:59.999,60830648.32391,164897,397585568,30503284.87202,0
2023-09-02,0.07605,0.07713,0.07592,0.07698,281047860,2023-09-02 23:59:59.999,21535514.14867,87124,149499578,11456719.00833,0
2023-09-03,0.07698,0.07711,0.07657,0.07698,245030735,2023-09-03 23:59:59.999,18831069.42829,72798,122462865,9412231.58891,0
2023-09-04,0.07698,0.07751,0.07664,0.07748,373315507,2023-09-04 23:59:59.999,28765560.94107,96553,192192334,14810537.32562,0
2023-09-05,0.07749,0.07778,0.07691,0.07742,372145882,2023-09-05 23:59:59.999,28788559.38159,97537,188956137,14620102.69217,0
2023-09-06,0.07741,0.07894,0.07720,0.07889,845994009,2023-09-06 23:59:59.999,65946610.68040,170714,422318687,32926934.58595,0
2023-09-07,0.07890,0.07941,0.07864,0.07913,500967656,2023-09-07 23:59:59.999,39567417.64518,124486,260733531,20596237.98746,0
2023-09-08,0.07913,0.07949,0.07820,0.07912,372908882,2023-09-08 23:59:59.999,29392066.18857,100702,182567527,14389470.89242,0
2023-09-09,0.07912,0.07919,0.07865,0.07912,185085060,2023-09-09 23:59:59.999,14613600.83179,62738,91381126,7215631.47374,0
2023-09-10,0.07913,0.07918,0.07728,0.07827,406421215,2023-09-10 23:59:59.999,31826284.85961,101155,204928375,16050245.25600,0
2023-09-11,0.07828,0.07883,0.07692,0.07752,624572000,2023-09-11 23:59:59.999,48569036.84976,144490,302030039,23486580.84468,0
2023-09-12,0.07752,0.08276,0.07735,0.08069,1390992653,2023-09-12 23:59:59.999,112096564.27235,282717,701709948,56511217.03070,0
2023-09-13,0.08069,0.08174,0.08017,0.08115,710428585,2023-09-13 23:59:59.999,57374228.02845,149838,369982443,29888233.66408,0
2023-09-14,0.08116,0.08397,0.08084,0.08371,714540233,2023-09-14 23:59:59.999,58921986.67498,170300,364094190,30031919.96525,0
2023-09-15,0.08370,0.08421,0.08288,0.08399,617697888,2023-09-15 23:59:59.999,51677629.50730,155879,314165057,26283562.32147,0
2023-09-16,0.08399,0.08453,0.08319,0.08347,413736530,2023-09-16 23:59:59.999,34645409.69944,109168,210551777,17633380.24267,0
2023-09-17,0.08347,0.08386,0.08298,0.08327,361944164,2023-09-17 23:59:59.999,30175443.54118,100230,184203482,15358459.02760,0
2023-09-18,0.08328,0.08476,0.08285,0.08379,497308651,2023-09-18 23:59:59.999,41804810.80941,127509,250170231,21031996.99427,0
2023-09-19,0.08378,0.08486,0.08364,0.08448,444461390,2023-09-19 23:59:59.999,37463043.46196,107861,230329321,19413567.06722,0
2023-09-20,0.08448,0.08498,0.08396,0.08437,392799590,2023-09-20 23:59:59.999,33191431.29640,118984,194377652,16427928.18102,0
2023-09-21,0.08437,0.08471,0.08267,0.08294,580984459,2023-09-21 23:59:59.999,48533166.04072,137605,283682292,23701471.42133,0
2023-09-22,0.08293,0.08430,0.08272,0.08328,384642253,2023-09-22 23:59:59.999,32120032.81982,104479,197522965,16493556.64281,0
2023-09-23,0.08328,0.08388,0.08310,0.08358,270303764,2023-09-23 23:59:59.999,22567129.61441,77433,136971989,11435978.10184,0
2023-09-24,0.08358,0.08444,0.08334,0.08354,344659473,2023-09-24 23:59:59.999,28932595.83799,93921,170538752,14316897.03774,0
2023-09-25,0.08354,0.08504,0.08311,0.08461,481877768,2023-09-25 23:59:59.999,40521327.44541,111189,250796698,21097731.22223,0
2023-09-26,0.08461,0.08497,0.08402,0.08467,414435236,2023-09-26 23:59:59.999,35045614.79201,103214,200807539,16982598.87490,0
2023-09-27,0.08467,0.08596,0.08460,0.08545,672216209,2023-09-27 23:59:59.999,57323948.75673,145974,345385523,29453836.52182,0
2023-09-28,0.08545,0.08675,0.08439,0.08671,607428201,2023-09-28 23:59:59.999,51915222.08335,133286,314665724,26896141.71873,0
2023-09-29,0.08671,0.08984,0.08666,0.08903,995893363,2023-09-29 23:59:59.999,88189026.04397,199030,503141418,44550625.42573,0
2023-09-30,0.08902,0.08932,0.08833,0.08851,327871352,2023-09-30 23:59:59.999,29083058.45592,85816,161498169,14326505.61083,0
2023-10-01,0.08851,0.09058,0.08777,0.09006,530517386,2023-10-01 23:59:59.999,47264875.61780,110127,285153486,25405955.52303,0
2023-10-02,0.09007,0.09039,0.08682,0.08738,701068869,2023-10-02 23:59:59.999,62257086.51681,147382,350852213,31156650.40383,0
2023-10-03,0.08738,0.09090,0.08722,0.09057,764040357,2023-10-03 23:59:59.999,67809170.19442,159407,391337069,34740297.75426,0
2023-10-04,0.09056,0.09062,0.08804,0.08883,889115278,2023-10-04 23:59:59.999,79185183.52908,189037,430718522,38365081.65085,0
2023-10-05,0.08883,0.08946,0.08804,0.08814,539987368,2023-10-05 23:59:59.999,47916513.56909,134142,273228299,24244566.63665,0
2023-10-06,0.08813,0.08892,0.08525,0.08714,971917024,2023-10-06 23:59:59.999,84229703.07203,208995,481105647,41692467.38862,0
2023-10-07,0.08714,0.08835,0.08705,0.08801,497947605,2023-10-07 23:59:59.999,43697204.97972,122191,245766564,21570194.48030,0
2023-10-08,0.08802,0.08835,0.08734,0.08797,286621157,2023-10-08 23:59:59.999,25184176.99729,89879,144312983,12682218.02071,0
2023-10-09,0.08796,0.08826,0.08518,0.08609,854156335,2023-10-09 23:59:59.999,73943689.68330,164890,413106995,35770634.40823,0
2023-10-10,0.08608,0.08662,0.08595,0.08615,394657663,2023-10-10 23:59:59.999,34065825.28280,106887,196585509,16969352.29887,0
2023-10-11,0.08616,0.08664,0.08552,0.08599,689945168,2023-10-11 23:59:59.999,59374804.19087,163324,346602345,29827399.79987,0
2023-10-12,0.08598,0.08650,0.08455,0.08476,452975891,2023-10-12 23:59:59.999,38663054.64838,119986,218195540,18626317.91985,0
2023-10-13,0.08476,0.08580,0.08471,0.08547,362893447,2023-10-13 23:59:59.999,30934925.94791,88204,176881914,15080578.96767,0
2023-10-14,0.08546,0.08574,0.08494,0.08496,232818029,2023-10-14 23:59:59.999,19865441.14345,69765,116202234,9915679.12478,0
2023-10-15,0.08496,0.08677,0.08476,0.08661,361569044,2023-10-15 23:59:59.999,30968573.85402,98248,192975660,16532964.73702,0
2023-10-16,0.08662,0.09089,0.08655,0.08880,847049262,2023-10-16 23:59:59.999,74716129.96130,171564,452735028,39944589.76925,0
2023-10-17,0.08881,0.08886,0.08715,0.08848,412705798,2023-10-17 23:59:59.999,36390337.18169,109523,212110056,18702031.82316,0
2023-10-18,0.08848,0.08944,0.08837,0.08912,452322596,2023-10-18 23:59:59.999,40255361.31804,113576,228458219,20332987.75573,0
2023-10-19,0.08912,0.08997,0.08830,0.08997,458863876,2023-10-19 23:59:59.999,40891269.28974,109441,234787522,20924708.69191,0
2023-10-20,0.08997,0.09208,0.08979,0.09067,739776695,2023-10-20 23:59:59.999,67268860.89108,159412,385079084,35014343.71578,0
2023-10-21,0.09067,0.09184,0.09043,0.09155,474913567,2023-10-21 23:59:59.999,43271506.56279,111330,241899477,22040773.85015,0
2023-10-22,0.09155,0.09190,0.08962,0.09028,591775325,2023-10-22 23:59:59.999,53613622.40355,126348,296478549,26861891.65856,0
2023-10-23,0.09028,0.09426,0.08985,0.09217,1046336404,2023-10-23 23:59:59.999,95363695.45090,236918,533020492,48598125.93777,0
2023-10-24,0.09218,0.09405,0.09171,0.09235,1141048195,2023-10-24 23:59:59.999,105828652.80865,264217,569358891,52817601.96983,0
2023-10-25,0.09235,0.09416,0.09217,0.09350,815210439,2023-10-25 23:59:59.999,75999429.83748,198310,406817994,37928224.53363,0
2023-10-26,0.09350,0.09384,0.09187,0.09280,768737060,2023-10-26 23:59:59.999,71468899.54231,191889,377904111,35136192.34975,0
2023-10-27,0.09280,0.09410,0.09251,0.09350,558327394,2023-10-27 23:59:59.999,52113901.27110,152752,276839315,25841980.20132,0
2023-10-28,0.09349,0.09478,0.09323,0.09428,400413729,2023-10-28 23:59:59.999,37675874.76621,116732,203370319,19135921.21858,0
2023-10-29,0.09427,0.09521,0.09401,0.09482,324730192,2023-10-29 23:59:59.999,30754094.19910,102186,169272605,16033080.96504,0
2023-10-30,0.09482,0.09569,0.09381,0.09558,481932123,2023-10-30 23:59:59.999,45668185.05386,128904,246018132,23318973.58347,0
2023-10-31,0.09559,0.09730,0.09535,0.09715,650374389,2023-10-31 23:59:59.999,62593569.42317,167282,329871945,31754122.51293,0
2023-11-01,0.09715,0.10076,0.09680,0.10016,1119565753,2023-11-01 23:59:59.999,110816113.15984,262692,564743854,55893992.99896,0
2023-11-02,0.10016,0.10139,0.09857,0.09920,595186582,2023-11-02 23:59:59.999,59477068.18024,149194,292993769,29284768.38283,0
2023-11-03,0.09919,0.09920,0.09699,0.09718,429124605,2023-11-03 23:59:59.999,42032860.80312,143918,206908925,20270580.19832,0
2023-11-04,0.09718,0.09823,0.09680,0.09763,388686878,2023-11-04 23:59:59.999,37880992.64249,128665,197132456,19214603.26078,0
2023-11-05,0.09763,0.09898,0.09719,0.09804,414239708,2023-11-05 23:59:59.999,40663322.46904,134150,207358257,20356473.38486,0
2023-11-06,0.09803,0.09906,0.09638,0.09762,585853733,2023-11-06 23:59:59.999,57325087.21691,167176,288635526,28239296.23203,0
2023-11-07,0.09763,0.09782,0.09571,0.09655,423224668,2023-11-07 23:59:59.999,40922096.64181,148297,203721067,19703075.34966,0
2023-11-08,0.09655,0.09874,0.09625,0.09836,417027990,2023-11-08 23:59:59.999,40762213.93194,140406,215346057,21051765.06789,0
2023-11-09,0.09835,0.10106,0.09728,0.09891,854520306,2023-11-09 23:59:59.999,84737281.12772,257833,425024303,42164797.03643,0
2023-11-10,0.09891,0.11307,0.09890,0.10623,2507445590,2023-11-10 23:59:59.999,266068742.42713,708656,1244814492,132080601.37748,0
2023-11-11,0.10622,0.10909,0.10469,0.10808,589716494,2023-11-11 23:59:59.999,63004722.33542,188720,288222647,30802301.60973,0
2023-11-12,0.10808,0.10912,0.10603,0.10852,392974584,2023-11-12 23:59:59.999,42381542.57239,132528,194378885,20969283.44308,0
2023-11-13,0.10851,0.11072,0.10683,0.10687,602151819,2023-11-13 23:59:59.999,65854315.61624,193678,300901131,32918434.83848,0
2023-11-14,0.10686,0.10720,0.10197,0.10226,590587079,2023-11-14 23:59:59.999,62011039.14638,197898,281249862,29547534.73686,0
2023-11-15,0.10226,0.10475,0.10217,0.10414,596038993,2023-11-15 23:59:59.999,61832011.13815,168410,303901159,31529722.83129,0
2023-11-16,0.10414,0.10480,0.10139,0.10233,513545010,2023-11-16 23:59:59.999,53061479.74585,168374,246621013,25486576.51143,0
2023-11-17,0.10234,0.10393,0.10165,0.10377,427597075,2023-11-17 23:59:59.999,44044013.56425,139606,213929255,22033562.72595,0
2023-11-18,0.10377,0.10380,0.10116,0.10293,336906354,2023-11-18 23:59:59.999,34540712.86357,111632,164049984,16814609.54186,0
2023-11-19,0.10293,0.10384,0.10161,0.10354,358473791,2023-11-19 23:59:59.999,36821943.55960,108861,180947056,18587597.81787,0
2023-11-20,0.10354,0.10510,0.10063,0.10089,544008667,2023-11-20 23:59:59.999,56097828.01394,179990,253012790,26102106.31167,0
2023-11-21,0.10088,0.10196,0.09554,0.09605,746778944,2023-11-21 23:59:59.999,74221945.22106,240444,360721576,35877745.71885,0
2023-11-22,0.09606,0.10202,0.09589,0.10114,863788499,2023-11-22 23:59:59.999,86176649.11646,250655,421260300,42012785.28374,0
2023-11-23,0.10113,0.10230,0.10073,0.10206,318802066,2023-11-23 23:59:59.999,32328435.57111,111414,165329275,16770015.16634,0
2023-11-24,0.10207,0.10524,0.10196,0.10451,549041458,2023-11-24 23:59:59.999,56846392.73803,172124,275815125,28553760.87474,0
2023-11-25,0.10452,0.10899,0.10437,0.10890,589336266,2023-11-25 23:59:59.999,62432624.21849,182568,300987040,31885599.00504,0
2023-11-26,0.10889,0.10994,0.10691,0.10779,469521908,2023-11-26 23:59:59.999,50896131.64549,157838,226911922,24601257.52377,0
2023-11-27,0.10780,0.10802,0.10156,0.10177,816931856,2023-11-27 23:59:59.999,85132680.16048,223193,363991209,37980758.44289,0
2023-11-28,0.10176,0.10373,0.09980,0.10291,855133197,2023-11-28 23:59:59.999,87102557.84383,236533,421226168,42902121.51972,0
2023-11-29,0.10291,0.10402,0.10265,0.10345,488015342,2023-11-29 23:59:59.999,50461722.58640,157210,255299432,26399645.41986,0
2023-11-30,0.10345,0.10435,0.10292,0.10350,340082603,2023-11-30 23:59:59.999,35208703.02726,113417,190241688,19696215.18245,0
2023-12-01,0.10350,0.10421,0.10265,0.10306,394448701,2023-12-01 23:59:59.999,40806769.06927,113891,207441963,21463679.39338,0
2023-12-02,0.10306,0.10413,0.10221,0.10319,382872520,2023-12-02 23:59:59.999,39430706.29682,110692,200661193,20669913.06838,0
2023-12-03,0.10318,0.10417,0.10252,0.10313,374646997,2023-12-03 23:59:59.999,38702801.23793,115450,179751818,18572411.13128,0
2023-12-04,0.10313,0.10611,0.10201,0.10396,768524938,2023-12-04 23:59:59.999,79808282.09479,210420,383471818,39827638.79390,0
2023-12-05,0.10396,0.10433,0.10246,0.10358,526331933,2023-12-05 23:59:59.999,54383708.06223,144709,252781120,26119794.61473,0
2023-12-06,0.10359,0.10623,0.10212,0.10475,878917773,2023-12-06 23:59:59.999,91765776.00830,225769,429397227,44850607.85575,0
2023-12-07,0.10475,0.10570,0.10293,0.10420,567797665,2023-12-07 23:59:59.999,59027834.57391,155097,280076330,29114781.99994,0
2023-12-08,0.10420,0.10734,0.10416,0.10671,764990581,2023-12-08 23:59:59.999,81011659.36592,199663,385812049,40864123.08362,0
2023-12-09,0.10670,0.10886,0.10622,0.10666,702611076,2023-12-09 23:59:59.999,75584906.84164,195876,351082460,37771724.22636,0
2023-12-10,0.10665,0.10858,0.10638,0.10791,539032495,2023-12-10 23:59:59.999,58025530.96630,159789,255415812,27495710.17614,0
2023-12-11,0.10790,0.10805,0.09886,0.10379,966278982,2023-12-11 23:59:59.999,100706858.98086,267087,455806505,47517036.64112,0
2023-12-12,0.10379,0.10514,0.10269,0.10356,481711549,2023-12-12 23:59:59.999,50132420.35724,143880,246710050,25677195.96134,0
2023-12-13,0.10356,0.10452,0.10164,0.10428,537848671,2023-12-13 23:59:59.999,55471796.69253,166662,270962886,27947578.52117,0
2023-12-14,0.10428,0.10610,0.10316,0.10604,482420358,2023-12-14 23:59:59.999,50602942.48989,144597,238258734,24992032.03345,0
2023-12-15,0.10604,0.10636,0.10113,0.10145,482335165,2023-12-15 23:59:59.999,50084127.44255,150573,230871818,23977731.21125,0
2023-12-16,0.10146,0.10330,0.10092,0.10273,452871802,2023-12-16 23:59:59.999,46390697.13831,138843,222507193,22789189.23957,0
2023-12-17,0.10272,0.10355,0.10182,0.10193,351469469,2023-12-17 23:59:59.999,36103395.04865,109397,176312007,18110677.22283,0
2023-12-18,0.10194,0.10198,0.09722,0.10088,809321157,2023-12-18 23:59:59.999,80668079.72588,224019,390238444,38897785.43985,0
2023-12-19,0.10088,0.10160,0.09993,0.10055,379912434,2023-12-19 23:59:59.999,38323380.43118,114915,174842433,17638709.79665,0
2023-12-20,0.10054,0.10333,0.10050,0.10273,416321493,2023-12-20 23:59:59.999,42586357.99915,127743,205838252,21050636.10386,0
2023-12-21,0.10272,0.10510,0.10239,0.10469,456955533,2023-12-21 23:59:59.999,47566552.30376,149593,232964548,24250202.19722,0
2023-12-22,0.10469,0.10523,0.10380,0.10522,395622138,2023-12-22 23:59:59.999,41354850.26127,129960,198886993,20792006.12279,0
2023-12-23,0.10522,0.10707,0.10398,0.10687,445634146,2023-12-23 23:59:59.999,47093482.34926,141838,222640949,23534105.77682,0
2023-12-24,0.10687,0.10762,0.10541,0.10628,512112797,2023-12-24 23:59:59.999,54589945.07140,159068,244811220,26095230.53575,0
2023-12-25,0.10628,0.10868,0.10555,0.10595,616023100,2023-12-25 23:59:59.999,66073751.88002,193023,299700109,32143846.59428,0
2023-12-26,0.10595,0.10672,0.10000,0.10308,859153669,2023-12-26 23:59:59.999,89602515.96273,260293,402711467,42007644.20875,0
2023-12-27,0.10309,0.10550,0.10235,0.10542,558294152,2023-12-27 23:59:59.999,58055798.69886,166024,282897380,29421008.93981,0
2023-12-28,0.10543,0.10650,0.10430,0.10549,571711031,2023-12-28 23:59:59.999,60323889.84511,190174,273725217,28885008.61408,0
2023-12-29,0.10550,0.10686,0.10452,0.10569,530479446,2023-12-29 23:59:59.999,56064611.35990,177857,258388903,27307007.36998,0
2023-12-30,0.10569,0.10735,0.10508,0.10598,419761725,2023-12-30 23:59:59.999,44565697.95541,139136,201583924,21401242.59066,0
2023-12-31,0.10599,0.10926,0.10563,0.10769,498514396,2023-12-31 23:59:59.999,53747006.65529,168476,251791561,27147952.36751,0
2024-01-01,0.10769,0.10848,0.10601,0.10779,388686241,2024-01-01 23:59:59.999,41701740.15139,141675,187605527,20130029.39278,0
2024-01-02,0.10780,0.11079,0.10763,0.10841,651410227,2024-01-02 23:59:59.999,71194069.59379,222536,329510620,36016145.79349,0
2024-01-03,0.10841,0.11014,0.10269,0.10683,1174406066,2024-01-03 23:59:59.999,124300684.18658,358679,572148264,60564294.30488,0
2024-01-04,0.10683,0.10873,0.10627,0.10696,580308064,2024-01-04 23:59:59.999,62298990.57520,195311,288417967,30961449.63549,0
2024-01-05,0.10696,0.10717,0.10295,0.10437,632406158,2024-01-05 23:59:59.999,66280151.76619,220756,298600507,31290577.59676,0
2024-01-06,0.10437,0.10438,0.10152,0.10385,407794183,2024-01-06 23:59:59.999,42069915.16532,149134,199670541,20598865.11389,0
2024-01-07,0.10384,0.10411,0.10236,0.10270,299560560,2024-01-07 23:59:59.999,31003427.74625,125095,149241247,15449617.06788,0
2024-01-08,0.10271,0.10432,0.10099,0.10415,648584882,2024-01-08 23:59:59.999,66737446.74811,221936,341496444,35148556.20310,0
2024-01-09,0.10415,0.10454,0.10144,0.10273,595655648,2024-01-09 23:59:59.999,61205036.50621,210846,297694430,30580362.83299,0
2024-01-10,0.10272,0.10583,0.10267,0.10517,666750359,2024-01-10 23:59:59.999,69386609.40275,247793,338218274,35212427.98899,0
2024-01-11,0.10517,0.10777,0.10460,0.10617,822953688,2024-01-11 23:59:59.999,87303015.72175,260115,412181423,43731538.33164,0
2024-01-12,0.10616,0.10803,0.10547,0.10684,710494837,2024-01-12 23:59:59.999,75921572.21492,226559,350524049,37459070.94331,0
2024-01-13,0.10684,0.11648,0.10617,0.11422,2140070648,2024-01-13 23:59:59.999,241363646.04457,601160,1091492924,123098624.92621,0
2024-01-14,0.11422,0.11787,0.11095,0.11118,1163464369,2024-01-14 23:59:59.999,133660999.78175,358578,572389825,65757928.24605,0
2024-01-15,0.11118,0.11442,0.10777,0.10867,795918472,2024-01-15 23:59:59.999,88851184.21228,294533,394345690,44031822.87231,0
2024-01-16,0.10867,0.11056,0.10729,0.10802,578443958,2024-01-16 23:59:59.999,62895039.86123,244498,290566760,31600614.07219,0
2024-01-17,0.10801,0.10928,0.10731,0.10837,352429478,2024-01-17 23:59:59.999,38134545.92832,129829,173845804,18811981.57248,0
2024-01-18,0.10837,0.10979,0.10593,0.10810,537882913,2024-01-18 23:59:59.999,58378335.25717,180534,254558438,27632820.49961,0
2024-01-19,0.10809,0.11048,0.10671,0.11047,540356715,2024-01-19 23:59:59.999,58770702.53094,184318,280350195,30496794.28053,0
2024-01-20,0.11046,0.11089,0.10957,0.10999,286779795,2024-01-20 23:59:59.999,31606403.66967,116759,138875220,15307781.15734,0
2024-01-21,0.10999,0.11176,0.10877,0.10883,326533717,2024-01-21 23:59:59.999,36020813.72727,123342,158698997,17515762.15111,0
2024-01-22,0.10883,0.10990,0.10782,0.10927,466479052,2024-01-22 23:59:59.999,50815112.65990,166851,229622174,25014808.32141,0
2024-01-23,0.10927,0.11000,0.10604,0.10719,639784085,2024-01-23 23:59:59.999,68968439.84254,220495,308761635,33268263.05328,0
2024-01-24,0.10719,0.10886,0.10684,0.10882,313980994,2024-01-24 23:59:59.999,33887839.30397,138952,163915741,17690023.53964,0
2024-01-25,0.10881,0.11256,0.10853,0.11212,541441584,2024-01-25 23:59:59.999,60071645.83572,197686,274763924,30488303.83956,0
2024-01-26,0.11211,0.11524,0.11206,0.11442,552065773,2024-01-26 23:59:59.999,62964299.77255,210796,274823593,31347094.84639,0
2024-01-27,0.11443,0.11667,0.11175,0.11237,456615995,2024-01-27 23:59:59.999,52116599.16098,180768,223192687,25486390.59983,0
2024-01-28,0.11236,0.11351,0.11138,0.11218,345740185,2024-01-28 23:59:59.999,38868817.79375,134999,172525517,19394236.95663,0
2024-01-29,0.11218,0.11432,0.11197,0.11296,425345692,2024-01-29 23:59:59.999,48122342.14797,168271,201121059,22753016.38379,0
2024-01-30,0.11296,0.11303,0.11159,0.11195,332540577,2024-01-30 23:59:59.999,37310497.53150,134617,160823818,18044819.16230,0
2024-01-31,0.11194,0.11360,0.11128,0.11218,603784272,2024-01-31 23:59:59.999,67960202.97777,197041,298162880,33561033.98379,0
2024-02-01,0.11217,0.11575,0.11162,0.11560,654091938,2024-02-01 23:59:59.999,74559230.86293,227432,336749020,38392673.93752,0
2024-02-02,0.11561,0.11801,0.11546,0.11618,623316913,2024-02-02 23:59:59.999,72921771.48740,228161,315135594,36861119.25051,0
2024-02-03,0.11618,0.11738,0.11591,0.11719,236488162,2024-02-03 23:59:59.999,27583585.68516,125695,123687448,14427734.38724,0
2024-02-04,0.11719,0.11904,0.11677,0.11840,439230105,2024-02-04 23:59:59.999,51841803.91851,200622,213573564,25205785.38099,0
2024-02-05,0.11840,0.12057,0.11742,0.11892,731136239,2024-02-05 23:59:59.999,86783852.67549,318297,366252565,43494089.27335,0
2024-02-06,0.11892,0.12803,0.11883,0.12097,1123919249,2024-02-06 23:59:59.999,137151248.99971,411059,593302725,72448939.31846,0
2024-02-07,0.12097,0.12635,0.12078,0.12356,857331096,2024-02-07 23:59:59.999,106612702.38773,314345,428148276,53244234.72144,0
2024-02-08,0.12356,0.12681,0.12099,0.12183,698259003,2024-02-08 23:59:59.999,85991510.29958,263325,350302770,43152237.89275,0
2024-02-09,0.12183,0.12383,0.12164,0.12367,303218371,2024-02-09 23:59:59.999,37260895.41449,121666,140851850,17310124.24931,0
2024-02-10,0.12366,0.12457,0.12278,0.12437,204330969,2024-02-10 23:59:59.999,25279492.19534,98407,103374532,12791861.53892,0
2024-02-11,0.12437,0.12495,0.12396,0.12418,185352539,2024-02-11 23:59:59.999,23075767.55329,99285,88122218,10972313.08691,0
2024-02-12,0.12417,0.12582,0.12330,0.12497,400102807,2024-02-12 23:59:59.999,49959856.31456,172034,195700587,24442197.21473,0
2024-02-13,0.12498,0.12714,0.12433,0.12696,366095670,2024-02-13 23:59:59.999,45961852.96421,159476,183512664,23046413.88530,0
2024-02-14,0.12696,0.13020,0.12637,0.12967,414690714,2024-02-14 23:59:59.999,53324342.07851,165032,208630663,26834942.35897,0
2024-02-15,0.12967,0.13206,0.12958,0.13112,672545350,2024-02-15 23:59:59.999,88002407.84874,234111,333372191,43624367.39432,0
2024-02-16,0.13112,0.13311,0.13061,0.13298,438673599,2024-02-16 23:59:59.999,57852935.43640,168411,215236386,28393280.12931,0
2024-02-17,0.13298,0.13980,0.13266,0.13600,1043881782,2024-02-17 23:59:59.999,142130708.47078,338227,520598563,70871055.20813,0
2024-02-18,0.13601,0.13621,0.13467,0.13531,375056306,2024-02-18 23:59:59.999,50745010.87358,163119,175970873,23810479.43679,0
2024-02-19,0.13530,0.13698,0.13516,0.13645,305793637,2024-02-19 23:59:59.999,41595115.39129,162991,151200615,20568702.21781,0
2024-02-20,0.13646,0.14016,0.13578,0.13935,611295150,2024-02-20 23:59:59.999,84276585.21774,271397,301704496,41609673.86401,0
2024-02-21,0.13935,0.14075,0.13807,0.13984,570907766,2024-02-21 23:59:59.999,79631524.38083,274136,271668686,37902754.44748,0
2024-02-22,0.13983,0.14037,0.13863,0.13902,377823385,2024-02-22 23:59:59.999,52751515.14984,197374,181142696,25292842.10616,0
2024-02-23,0.13901,0.13950,0.13758,0.13823,334595774,2024-02-23 23:59:59.999,46402197.78996,176422,160361275,22241041.63236,0
2024-02-24,0.13822,0.13845,0.13691,0.13753,209435028,2024-02-24 23:59:59.999,28845039.13058,116066,100101235,13788807.62937,0
2024-02-25,0.13753,0.13822,0.13728,0.13777,141282824,2024-02-25 23:59:59.999,19462824.12208,83579,70984048,9779631.41831,0
2024-02-26,0.13776,0.14018,0.13738,0.13998,279357402,2024-02-26 23:59:59.999,38763260.90701,141682,143936740,19978495.35820,0
2024-02-27,0.13999,0.14461,0.13982,0.14304,471105824,2024-02-27 23:59:59.999,66821879.88746,215118,241148276,34215389.39748,0
2024-02-28,0.14305,0.14448,0.13792,0.14226,662204428,2024-02-28 23:59:59.999,94554257.99802,285915,321341717,45892461.39140,0
2024-02-29,0.14225,0.14398,0.14012,0.14044,542816913,2024-02-29 23:59:59.999,77186482.58444,224715,261412595,37175336.95550,0
2024-03-01,0.14044,0.14170,0.14031,0.14162,281694830,2024-03-01 23:59:59.999,39743064.11109,149043,140252181,19788010.32504,0
2024-03-02,0.14163,0.14196,0.14030,0.14140,282828504,2024-03-02 23:59:59.999,39848595.82408,140120,141888373,19993837.99477,0
2024-03-03,0.14140,0.14153,0.13860,0.14074,388144518,2024-03-03 23:59:59.999,54526741.66228,147545,185412970,26050878.02553,0
2024-03-04,0.14074,0.14148,0.13951,0.14039,497394218,2024-03-04 23:59:59.999,69880405.09332,208518,251912830,35397481.36738,0
2024-03-05,0.14039,0.14058,0.13174,0.13590,904824922,2024-03-05 23:59:59.999,124609924.36033,361465,436640969,60100297.04697,0
2024-03-06,0.13590,0.13842,0.13528,0.13783,576017213,2024-03-06 23:59:59.999,78971514.83673,240774,277097138,37990498.25565,0
2024-03-07,0.13782,0.13814,0.13629,0.13717,423647008,2024-03-07 23:59:59.999,58136108.75234,169164,210090548,28830148.51157,0
2024-03-08,0.13717,0.13781,0.13577,0.13655,437826915,2024-03-08 23:59:59.999,59938351.75739,162993,206754624,28306075.76486,0
2024-03-09,0.13655,0.13716,0.13561,0.13583,245508250,2024-03-09 23:59:59.999,33446655.59909,110663,118785500,16181768.80433,0
2024-03-10,0.13583,0.13624,0.13329,0.13377,252612001,2024-03-10 23:59:59.999,34119784.69771,120114,119166068,16094231.54468,0
2024-03-11,0.13377,0.13428,0.13123,0.13383,552149012,2024-03-11 23:59:59.999,73480407.95349,214523,274042251,36476733.19412,0
2024-03-12,0.13382,0.13424,0.13015,0.13146,641301882,2024-03-12 23:59:59.999,84681104.98921,227603,309729510,40888519.68458,0
2024-03-13,0.13147,0.13249,0.13101,0.13211,364162613,2024-03-13 23:59:59.999,47975276.10454,139822,180479647,23777052.88810,0
2024-03-14,0.13212,0.13220,0.12743,0.12928,787205969,2024-03-14 23:59:59.999,102135794.59348,261966,393636593,51066142.17433,0
2024-03-15,0.12928,0.12958,0.12495,0.12640,1012606842,2024-03-15 23:59:59.999,128111314.70994,299077,508652423,64343409.64757,0
2024-03-16,0.12640,0.12748,0.12463,0.12530,579854591,2024-03-16 23:59:59.999,73178967.46729,184489,279711694,35297580.96753,0
2024-03-17,0.12530,0.12664,0.12389,0.12634,491726608,2024-03-17 23:59:59.999,61599220.72643,161556,244715460,30652839.33144,0
2024-03-18,0.12633,0.12684,0.12283,0.12417,565313652,2024-03-18 23:59:59.999,70554289.11135,183445,273916487,34173227.27731,0
2024-03-19,0.12417,0.12448,0.11019,0.11233,1750373580,2024-03-19 23:59:59.999,206808130.49837,510952,858972770,101508772.83238,0
2024-03-20,0.11232,0.12129,0.11012,0.12081,1669484739,2024-03-20 23:59:59.999,193304833.86027,523119,819786574,94892782.20323,0
2024-03-21,0.12081,0.12206,0.12028,0.12122,782546528,2024-03-21 23:59:59.999,94844154.46342,265263,376434848,45616011.35096,0
2024-03-22,0.12122,0.12163,0.11491,0.11741,849056747,2024-03-22 23:59:59.999,100464218.96548,326291,411889601,48742648.24334,0
2024-03-23,0.11742,0.11976,0.11602,0.11822,581600878,2024-03-23 23:59:59.999,68650110.24367,240205,276328179,32613526.47550,0
2024-03-24,0.11821,0.12064,0.11658,0.12023,512943628,2024-03-24 23:59:59.999,61075187.75608,222995,256092116,30490195.79971,0
2024-03-25,0.12023,0.12115,0.11725,0.12049,691405780,2024-03-25 23:59:59.999,82515338.73191,251998,345558717,41230669.47935,0
2024-03-26,0.12049,0.12253,0.12039,0.12090,491415617,2024-03-26 23:59:59.999,59677782.68815,185233,233667117,28373396.25002,0
2024-03-27,0.12091,0.12167,0.11901,0.11950,469063820,2024-03-27 23:59:59.999,56415335.86421,162646,223848366,26924519.26866,0
2024-03-28,0.11950,0.12080,0.11914,0.12059,244541387,2024-03-28 23:59:59.999,29383657.31641,113189,118975332,14296553.72447,0
2024-03-29,0.12058,0.12147,0.11952,0.12005,344335877,2024-03-29 23:59:59.999,41405587.48260,136627,164144927,19741927.47213,0
2024-03-30,0.12005,0.12308,0.12004,0.12268,299204756,2024-03-30 23:59:59.999,36398554.09039,128451,152316879,18526322.99508,0
2024-03-31,0.12269,0.12345,0.12221,0.12313,254509477,2024-03-31 23:59:59.999,31251317.61095,114947,119779857,14710086.81177,0
2024-04-01,0.12313,0.12341,0.11977,0.12062,500031095,2024-04-01 23:59:59.999,60673661.76505,178555,242205239,29381656.34021,0
2024-04-02,0.12063,0.12068,0.11573,0.11667,697445074,2024-04-02 23:59:59.999,81868728.71650,243003,346226893,40631054.13108,0
2024-04-03,0.11666,0.11858,0.11552,0.11720,596200040,2024-04-03 23:59:59.999,70055024.20831,204408,302798562,35580685.28911,0
2024-04-04,0.11719,0.11962,0.11689,0.11928,416741401,2024-04-04 23:59:59.999,49292172.12501,157107,208790862,24701738.32377,0
2024-04-05,0.11927,0.11955,0.11728,0.11794,394992615,2024-04-05 23:59:59.999,46753575.25866,153406,184688924,21858564.01367,0
2024-04-06,0.11795,0.12004,0.11776,0.11969,228119926,2024-04-06 23:59:59.999,27117381.39441,102751,117279242,13939384.84071,0
2024-04-07,0.11968,0.12108,0.11966,0.12066,211337932,2024-04-07 23:59:59.999,25449674.18290,112960,106245555,12792798.82588,0
2024-04-08,0.12067,0.12366,0.12065,0.12315,395926404,2024-04-08 23:59:59.999,48454430.35371,159634,197794986,24207898.81854,0
2024-04-09,0.12316,0.12321,0.12028,0.12118,472396600,2024-04-09 23:59:59.999,57495789.25672,161591,224684695,27348287.63823,0
2024-04-10,0.12118,0.12421,0.11788,0.11924,728292491,2024-04-10 23:59:59.999,87758657.57296,247223,354522316,42736158.28721,0
2024-04-11,0.11925,0.12061,0.11898,0.12042,367363626,2024-04-11 23:59:59.999,44011364.16698,148775,184335058,22084678.92024,0
2024-04-12,0.12042,0.12246,0.11079,0.11484,1029142289,2024-04-12 23:59:59.999,121382131.26628,376253,503770335,59398916.39149,0
2024-04-13,0.11485,0.11544,0.10643,0.11011,1270363064,2024-04-13 23:59:59.999,141625239.36206,451010,629672760,70181819.64759,0
2024-04-14,0.11011,0.11262,0.10876,0.11241,966819379,2024-04-14 23:59:59.999,107039201.89499,307097,473210490,52391018.43120,0
2024-04-15,0.11241,0.11534,0.10978,0.11141,1164237373,2024-04-15 23:59:59.999,131399753.18151,346309,582482178,65753085.68082,0
2024-04-16,0.11141,0.11208,0.10877,0.11177,955904598,2024-04-16 23:59:59.999,105602160.45840,283625,472333884,52163363.15914,0
2024-04-17,0.11178,0.11299,0.10882,0.10956,840457173,2024-04-17 23:59:59.999,93265205.24976,248607,403627510,44792586.06418,0
2024-04-18,0.10955,0.11017,0.10733,0.10923,725576269,2024-04-18 23:59:59.999,79038750.61170,216525,372145377,40541725.28849,0
2024-04-19,0.10923,0.11056,0.10475,0.10981,983865701,2024-04-19 23:59:59.999,106444599.03652,311874,495117721,53554859.62411,0
2024-04-20,0.10981,0.11113,0.10888,0.11102,456826790,2024-04-20 23:59:59.999,50250835.62536,164181,228521757,25134996.04511,0
2024-04-21,0.11101,0.11149,0.11013,0.11127,362106777,2024-04-21 23:59:59.999,40158199.01267,136486,175541584,19467644.04681,0
2024-04-22,0.11127,0.11243,0.11036,0.11214,476740958,2024-04-22 23:59:59.999,53038547.08007,196097,236919966,26360165.82886,0
2024-04-23,0.11215,0.11365,0.11119,0.11319,404960480,2024-04-23 23:59:59.999,45504186.01786,177731,199990604,22471878.94081,0
2024-04-24,0.11320,0.11412,0.11233,0.11324,533752256,2024-04-24 23:59:59.999,60539496.11331,228152,258125821,29275830.57448,0
2024-04-25,0.11324,0.11745,0.11306,0.11722,749115042,2024-04-25 23:59:59.999,86366598.50766,269310,381688193,44011735.92952,0
2024-04-26,0.11722,0.12060,0.11642,0.12012,747536602,2024-04-26 23:59:59.999,88569789.29656,251959,374723114,44405616.23715,0
2024-04-27,0.12012,0.12098,0.11849,0.11966,585497803,2024-04-27 23:59:59.999,70132278.85803,202257,285311934,34178741.40602,0
2024-04-28,0.11966,0.12396,0.11966,0.12118,554193713,2024-04-28 23:59:59.999,67039775.37754,189817,289432593,35033906.60946,0
2024-04-29,0.12118,0.12141,0.11761,0.11895,622446597,2024-04-29 23:59:59.999,74154165.00990,211153,298721825,35585114.01583,0
2024-04-30,0.11895,0.12085,0.11742,0.11955,1060714472,2024-04-30 23:59:59.999,126262868.14811,277532,520477625,61954904.48375,0
2024-05-01,0.11954,0.12105,0.11701,0.12042,940124452,2024-05-01 23:59:59.999,112353197.95709,256754,470874688,56267400.46921,0
2024-05-02,0.12043,0.12336,0.12000,0.12220,550133757,2024-05-02 23:59:59.999,67161138.17981,205129,283318068,34586971.94322,0
2024-05-03,0.12219,0.12386,0.12176,0.12264,369281606,2024-05-03 23:59:59.999,45306421.27946,141176,186624605,22899325.73392,0
2024-05-04,0.12264,0.12355,0.12218,0.12220,265016418,2024-05-04 23:59:59.999,32533658.50265,114066,132771878,16298189.15964,0
2024-05-05,0.12219,0.12224,0.12066,0.12108,289623761,2024-05-05 23:59:59.999,35108317.88484,110578,138902392,16835589.11352,0
2024-05-06,0.12107,0.12202,0.11815,0.11853,460668442,2024-05-06 23:59:59.999,55227508.09979,167640,221737096,26593514.63865,0
2024-05-07,0.11853,0.12170,0.11802,0.12047,453964304,2024-05-07 23:59:59.999,54407546.67513,174667,226096383,27097500.90670,0
2024-05-08,0.12046,0.12378,0.12014,0.12290,706163358,2024-05-08 23:59:59.999,86126787.95758,225118,357036557,43547429.07127,0
2024-05-09,0.12290,0.12716,0.12286,0.12616,745926800,2024-05-09 23:59:59.999,93496610.33649,242967,379542758,47572604.71551,0
2024-05-10,0.12616,0.12751,0.12403,0.12744,632614887,2024-05-10 23:59:59.999,79670904.76918,223418,308829500,38894902.92783,0
2024-05-11,0.12743,0.12769,0.12576,0.12631,339910923,2024-05-11 23:59:59.999,43065136.57929,141386,169056489,21416589.23403,0
2024-05-12,0.12631,0.12740,0.12630,0.12734,240090103,2024-05-12 23:59:59.999,30442348.05185,97850,123420586,15648724.36889,0
2024-05-13,0.12735,0.12750,0.12538,0.12548,415358072,2024-05-13 23:59:59.999,52456052.83860,152383,200768750,25361019.42407,0
2024-05-14,0.12548,0.12585,0.12465,0.12542,324222904,2024-05-14 23:59:59.999,40590026.14547,131746,161050515,20163182.15544,0
2024-05-15,0.12541,0.12689,0.12522,0.12628,320592821,2024-05-15 23:59:59.999,40332334.93896,137388,165023514,20762699.57641,0
2024-05-16,0.12627,0.12666,0.12416,0.12492,619960426,2024-05-16 23:59:59.999,77524547.71663,186292,303060766,37894581.66766,0
2024-05-17,0.12492,0.12508,0.12387,0.12423,353309074,2024-05-17 23:59:59.999,43972058.54116,114318,173837427,21635600.89888,0
2024-05-18,0.12423,0.12450,0.12288,0.12292,262889221,2024-05-18 23:59:59.999,32503634.15670,106364,132854423,16424559.48420,0
2024-05-19,0.12292,0.12318,0.12035,0.12113,388255411,2024-05-19 23:59:59.999,47184222.49228,117874,200402202,24362578.86341,0
2024-05-20,0.12112,0.12448,0.12081,0.12445,469273290,2024-05-20 23:59:59.999,57437073.75960,147359,239217996,29283703.62871,0
2024-05-21,0.12444,0.12465,0.12274,0.12360,397579313,2024-05-21 23:59:59.999,49146145.38918,137788,187350376,23156095.45339,0
2024-05-22,0.12360,0.12389,0.11949,0.11999,395206591,2024-05-22 23:59:59.999,48103189.11416,140478,193791469,23571779.86310,0
2024-05-23,0.11999,0.12001,0.11260,0.11536,636533400,2024-05-23 23:59:59.999,74090029.84705,190753,314096030,36549572.33378,0
2024-05-24,0.11536,0.11574,0.11313,0.11550,529936465,2024-05-24 23:59:59.999,60713436.43285,155498,273407662,31321167.65153,0
2024-05-25,0.11550,0.11608,0.11307,0.11375,374833000,2024-05-25 23:59:59.999,42812307.85400,120035,181563480,20735828.67925,0
2024-05-26,0.11376,0.11415,0.11262,0.11310,254294297,2024-05-26 23:59:59.999,28872622.13621,93323,118501048,13455077.57653,0
2024-05-27,0.11310,0.11327,0.11076,0.11250,461982722,2024-05-27 23:59:59.999,51763127.14042,160613,218976746,24532856.07138,0
2024-05-28,0.11251,0.11262,0.11024,0.11120,459678039,2024-05-28 23:59:59.999,51137545.84692,161083,219267166,24390296.48947,0
2024-05-29,0.11120,0.11252,0.11091,0.11210,300528131,2024-05-29 23:59:59.999,33590972.23203,124421,141129383,15774666.09664,0
2024-05-30,0.11209,0.11229,0.11062,0.11203,264375683,2024-05-30 23:59:59.999,29481017.54222,116270,126825805,14144171.93624,0
2024-05-31,0.11203,0.11288,0.11102,0.11211,244338043,2024-05-31 23:59:59.999,27349202.66016,117151,119280039,13352238.28103,0
2024-06-01,0.11211,0.11307,0.11092,0.11265,177741901,2024-06-01 23:59:59.999,19902536.78880,87961,87326839,9776162.28838,0
2024-06-02,0.11266,0.11534,0.11254,0.11479,290303330,2024-06-02 23:59:59.999,33147561.35096,126672,142824845,16306002.56246,0
2024-06-03,0.11480,0.11527,0.11286,0.11335,352238915,2024-06-03 23:59:59.999,40033089.08384,128785,177861177,20211130.00337,0
2024-06-04,0.11335,0.11461,0.11314,0.11446,228614215,2024-06-04 23:59:59.999,26037277.24397,102617,111309214,12678392.98317,0
2024-06-05,0.11446,0.11490,0.11367,0.11464,216120503,2024-06-05 23:59:59.999,24719012.43665,80499,107667765,12314988.54741,0
2024-06-06,0.11464,0.11533,0.11400,0.11483,230416038,2024-06-06 23:59:59.999,26435318.98134,85880,105886795,12146766.21343,0
2024-06-07,0.11482,0.11523,0.10880,0.11260,600523613,2024-06-07 23:59:59.999,67912143.53260,242369,287876441,32550852.55403,0
2024-06-08,0.11260,0.11519,0.11217,0.11477,428498143,2024-06-08 23:59:59.999,48651093.94217,195720,204799341,23258835.97171,0
2024-06-09,0.11476,0.11697,0.11368,0.11689,411544883,2024-06-09 23:59:59.999,47602380.18958,163994,207000667,23938933.11350,0
2024-06-10,0.11689,0.11786,0.11596,0.11771,403298493,2024-06-10 23:59:59.999,47129174.16831,152617,202854206,23709958.57513,0
2024-06-11,0.11771,0.11805,0.11585,0.11657,543164875,2024-06-11 23:59:59.999,63536677.73363,173057,266087783,31125724.57735,0
2024-06-12,0.11658,0.11793,0.11566,0.11648,599583615,2024-06-12 23:59:59.999,70032889.46142,199712,308918798,36083832.60071,0
2024-06-13,0.11647,0.11714,0.11562,0.11697,353120218,2024-06-13 23:59:59.999,41161367.30635,156813,178172041,20768996.23778,0
2024-06-14,0.11697,0.11711,0.11500,0.11649,371698490,2024-06-14 23:59:59.999,43169078.36422,153566,177972859,20670714.77114,0
2024-06-15,0.11649,0.11666,0.11478,0.11525,237224417,2024-06-15 23:59:59.999,27394413.65956,112831,122307093,14122329.63686,0
2024-06-16,0.11526,0.11784,0.11493,0.11731,263485928,2024-06-16 23:59:59.999,30562576.89859,111355,138201530,16037726.94514,0
2024-06-17,0.11732,0.11816,0.11628,0.11671,525484875,2024-06-17 23:59:59.999,61575659.89869,201267,260461561,30522194.39601,0
2024-06-18,0.11672,0.11677,0.11118,0.11541,616646296,2024-06-18 23:59:59.999,70789813.09084,232196,298828281,34304640.67423,0
2024-06-19,0.11540,0.11717,0.11511,0.11574,291563264,2024-06-19 23:59:59.999,33916954.98842,142358,146439904,17031127.80752,0
2024-06-20,0.11575,0.11708,0.11562,0.11675,218218523,2024-06-20 23:59:59.999,25425586.73159,110748,103386764,12042767.02625,0
2024-06-21,0.11674,0.11872,0.11608,0.11830,395253025,2024-06-21 23:59:59.999,46524569.49433,140159,201888024,23771580.50331,0
2024-06-22,0.11829,0.12006,0.11776,0.11964,272325720,2024-06-22 23:59:59.999,32445225.23253,109321,130807072,15582038.51701,0
2024-06-23,0.11964,0.12050,0.11895,0.11917,223756476,2024-06-23 23:59:59.999,26797310.89100,100270,110894795,13281752.45322,0
2024-06-24,0.11917,0.11991,0.11727,0.11901,427050001,2024-06-24 23:59:59.999,50758537.00832,167124,206974281,24601639.09557,0
2024-06-25,0.11901,0.12215,0.11901,0.12184,272974794,2024-06-25 23:59:59.999,33036092.59021,120174,140137087,16956470.02284,0
2024-06-26,0.12184,0.12490,0.12175,0.12262,427784097,2024-06-26 23:59:59.999,52814515.33314,158248,217834299,26882378.12615,0
2024-06-27,0.12262,0.12372,0.12187,0.12191,266231301,2024-06-27 23:59:59.999,32698947.85945,108411,134654149,16540337.13225,0
2024-06-28,0.12190,0.12381,0.12171,0.12312,299226128,2024-06-28 23:59:59.999,36744947.32598,122398,152375028,18708078.52465,0
2024-06-29,0.12311,0.12627,0.12292,0.12549,403241347,2024-06-29 23:59:59.999,50399090.76275,154903,200600450,25070924.72968,0
2024-06-30,0.12549,0.12584,0.12454,0.12460,265358393,2024-06-30 23:59:59.999,33243780.40925,123473,137552952,17232984.67736,0
2024-07-01,0.12461,0.12899,0.12453,0.12770,467665543,2024-07-01 23:59:59.999,59648866.55713,177344,228934561,29195521.69829,0
2024-07-02,0.12770,0.12936,0.12748,0.12923,310981849,2024-07-02 23:59:59.999,39909867.06343,152666,159650201,20492445.67415,0
2024-07-03,0.12922,0.13007,0.12813,0.12865,452980739,2024-07-03 23:59:59.999,58473029.72517,214532,222230010,28682671.59104,0
2024-07-04,0.12865,0.12907,0.12549,0.12710,662222160,2024-07-04 23:59:59.999,84336276.39031,287999,334475705,42598944.28852,0
2024-07-05,0.12710,0.12775,0.12089,0.12676,1288158046,2024-07-05 23:59:59.999,160797631.87540,417428,663617083,82798005.36768,0
2024-07-06,0.12676,0.13029,0.12629,0.12991,459014095,2024-07-06 23:59:59.999,59052698.60501,200378,245599185,31602561.56666,0
2024-07-07,0.12991,0.13102,0.12434,0.12452,487058030,2024-07-07 23:59:59.999,62523371.72805,216726,222141996,28517782.06142,0
2024-07-08,0.12452,0.12646,0.12265,0.12608,606382841,2024-07-08 23:59:59.999,75630437.94112,229609,308161191,38434758.16934,0
2024-07-09,0.12608,0.12997,0.12607,0.12993,372686094,2024-07-09 23:59:59.999,47884527.46292,163167,190133772,24427833.53379,0
2024-07-10,0.12994,0.13185,0.12904,0.13145,312846232,2024-07-10 23:59:59.999,40818710.58087,141644,157371400,20541661.41260,0
2024-07-11,0.13144,0.13528,0.13138,0.13423,520619153,2024-07-11 23:59:59.999,69734125.63693,215740,263916274,35337281.15750,0
2024-07-12,0.13424,0.13728,0.13380,0.13726,396521051,2024-07-12 23:59:59.999,53874417.89303,172499,205938647,27986017.48125,0
2024-07-13,0.13727,0.14160,0.13724,0.13936,518602940,2024-07-13 23:59:59.999,72451999.43059,215151,265458280,37078825.26705,0
2024-07-14,0.13936,0.14013,0.13721,0.13746,339238310,2024-07-14 23:59:59.999,46895182.15524,159453,170690754,23591339.15476,0
2024-07-15,0.13746,0.13888,0.13642,0.13728,412651285,2024-07-15 23:59:59.999,56832814.62183,172292,202072431,27834072.93442,0
2024-07-16,0.13727,0.13736,0.13262,0.13393,685980945,2024-07-16 23:59:59.999,92156956.33915,253788,338371843,45448878.69319,0
2024-07-17,0.13393,0.13505,0.13332,0.13340,371498319,2024-07-17 23:59:59.999,49860798.85006,162076,178631449,23978299.22330,0
2024-07-18,0.13340,0.13466,0.13300,0.13443,272548726,2024-07-18 23:59:59.999,36504472.40396,123419,133581469,17893479.06883,0
2024-07-19,0.13443,0.13585,0.13389,0.13453,415519862,2024-07-19 23:59:59.999,55960581.85832,146995,213730466,28790168.16978,0
2024-07-20,0.13452,0.13469,0.13350,0.13458,258868046,2024-07-20 23:59:59.999,34769898.52688,98560,129721910,17424803.74690,0
2024-07-21,0.13458,0.13494,0.13339,0.13414,187608502,2024-07-21 23:59:59.999,25172475.93939,94948,87740279,11773429.58200,0
2024-07-22,0.13414,0.13725,0.13158,0.13227,718115937,2024-07-22 23:59:59.999,96707822.16405,271826,361459702,48674882.28875,0
2024-07-23,0.13227,0.13443,0.13098,0.13412,373296804,2024-07-23 23:59:59.999,49486395.27486,176665,179987911,23865672.92241,0
2024-07-24,0.13411,0.13479,0.13341,0.13428,308669508,2024-07-24 23:59:59.999,41369785.32669,148802,144163239,19323591.73446,0
2024-07-25,0.13428,0.13647,0.13328,0.13548,515920806,2024-07-25 23:59:59.999,69759785.38662,185239,249385475,33723223.83002,0
2024-07-26,0.13549,0.13777,0.13548,0.13741,270760132,2024-07-26 23:59:59.999,37049840.20106,132960,139041809,19024682.15510,0
2024-07-27,0.13741,0.13770,0.13623,0.13717,224341209,2024-07-27 23:59:59.999,30768028.67722,109439,108602336,14895300.94075,0
2024-07-28,0.13717,0.13930,0.13671,0.13845,303514088,2024-07-28 23:59:59.999,41904892.05269,128652,151976597,20983732.45999,0
2024-07-29,0.13845,0.13940,0.13487,0.13738,496796758,2024-07-29 23:59:59.999,68189607.68635,203286,236519139,32464545.05623,0
2024-07-30,0.13737,0.13844,0.13224,0.13299,444260058,2024-07-30 23:59:59.999,59954796.26685,171424,219473280,29615546.60694,0
2024-07-31,0.13300,0.13300,0.12833,0.12853,540901073,2024-07-31 23:59:59.999,70545642.34862,186429,262366315,34230628.05640,0
2024-08-01,0.12854,0.12972,0.12678,0.12816,495689879,2024-08-01 23:59:59.999,63625195.13699,197219,249000512,31958874.29911,0
2024-08-02,0.12816,0.12835,0.12269,0.12357,532197428,2024-08-02 23:59:59.999,66726554.05771,204125,263508211,33039130.08337,0
2024-08-03,0.12357,0.12543,0.12284,0.12539,582586319,2024-08-03 23:59:59.999,72583756.15179,210907,294443869,36685933.46961,0
2024-08-04,0.12539,0.12861,0.12492,0.12631,956431007,2024-08-04 23:59:59.999,121397284.82168,310584,486228224,61717381.86054,0
2024-08-05,0.12630,0.12658,0.11677,0.12143,2032688096,2024-08-05 23:59:59.999,245779324.12478,681140,1034490099,125086266.27573,0
2024-08-06,0.12142,0.12381,0.12122,0.12332,668930911,2024-08-06 23:59:59.999,82050480.84457,253238,330345238,40519175.52325,0
2024-08-07,0.12332,0.12545,0.12321,0.12468,565593136,2024-08-07 23:59:59.999,70242321.77303,224171,281591032,34975108.00023,0
2024-08-08,0.12468,0.12712,0.12410,0.12696,397051279,2024-08-08 23:59:59.999,49947245.12304,184533,195721014,24624876.56317,0
2024-08-09,0.12696,0.12830,0.12620,0.12829,425763714,2024-08-09 23:59:59.999,54056503.03839,189421,211661381,26873499.97755,0
2024-08-10,0.12830,0.12971,0.12815,0.12896,378888867,2024-08-10 23:59:59.999,48843341.74467,201935,191579609,24698210.68108,0
2024-08-11,0.12896,0.12935,0.12723,0.12762,271005190,2024-08-11 23:59:59.999,34799092.87145,138257,136036459,17470835.75469,0
2024-08-12,0.12763,0.12822,0.12592,0.12664,454782948,2024-08-12 23:59:59.999,57802624.30421,192544,230726836,29322526.92700,0
2024-08-13,0.12664,0.12902,0.12546,0.12872,410744284,2024-08-13 23:59:59.999,52158199.60129,168441,198873143,25243757.19059,0
2024-08-14,0.12872,0.13089,0.12852,0.13039,522815782,2024-08-14 23:59:59.999,68032516.11235,214833,249511227,32468332.32670,0
2024-08-15,0.13039,0.13214,0.12962,0.13011,527515413,2024-08-15 23:59:59.999,69094813.23034,215468,258192800,33818347.85564,0
2024-08-16,0.13011,0.13418,0.12931,0.13415,605889745,2024-08-16 23:59:59.999,79786040.67252,219289,312543655,41168091.11410,0
2024-08-17,0.13416,0.13631,0.13325,0.13476,535922490,2024-08-17 23:59:59.999,72354005.23336,225447,252164430,34047117.83786,0
2024-08-18,0.13477,0.13568,0.13308,0.13508,405827851,2024-08-18 23:59:59.999,54436395.76333,197836,216319972,29014448.38993,0
2024-08-19,0.13508,0.14364,0.13382,0.14312,1326328021,2024-08-19 23:59:59.999,184683048.47463,530228,677818326,94418490.74226,0
2024-08-20,0.14311,0.16199,0.14212,0.16150,3153293789,2024-08-20 23:59:59.999,479517518.92588,1232340,1633672385,248597060.27485,0
2024-08-21,0.16150,0.16678,0.15300,0.15379,4326483387,2024-08-21 23:59:59.999,694867877.09971,1720741,2110774100,339118334.48942,0
2024-08-22,0.15379,0.16032,0.14777,0.15542,3251622535,2024-08-22 23:59:59.999,501535203.19556,1123143,1626867847,250806004.26329,0
2024-08-23,0.15541,0.15920,0.15330,0.15827,1587838529,2024-08-23 23:59:59.999,248281672.14155,684741,800656751,125218382.19555,0
2024-08-24,0.15827,0.16305,0.15740,0.15880,1334886876,2024-08-24 23:59:59.999,213457320.87326,598316,659460487,105475086.07323,0
2024-08-25,0.15881,0.16888,0.15614,0.16629,2083837804,2024-08-25 23:59:59.999,339164728.76136,778993,1038831712,169188676.11245,0
2024-08-26,0.16629,0.16876,0.16123,0.16144,1786206210,2024-08-26 23:59:59.999,295457148.73075,725388,863251997,142864031.39037,0
2024-08-27,0.16144,0.16366,0.15561,0.15790,1331951575,2024-08-27 23:59:59.999,214141665.98796,555138,662271937,106530536.10080,0
2024-08-28,0.15790,0.15984,0.15702,0.15822,1034882749,2024-08-28 23:59:59.999,163815274.35335,482955,512388396,81118337.49156,0
2024-08-29,0.15822,0.16150,0.15784,0.15988,747042096,2024-08-29 23:59:59.999,119493234.98245,406303,373699795,59789542.30885,0
2024-08-30,0.15988,0.16174,0.15894,0.15998,793430540,2024-08-30 23:59:59.999,127084192.03435,450023,388117856,62181491.97459,0
2024-08-31,0.15999,0.16036,0.15637,0.15758,595164519,2024-08-31 23:59:59.999,93901719.83249,330884,297676693,46961576.53373,0
2024-09-01,0.15759,0.15777,0.15445,0.15555,591509281,2024-09-01 23:59:59.999,92362490.18428,314451,293782580,45870585.29904,0
2024-09-02,0.15555,0.15689,0.15357,0.15420,613690442,2024-09-02 23:59:59.999,95379681.41947,299844,317435694,49332028.14861,0
2024-09-03,0.15420,0.15468,0.15006,0.15017,689213140,2024-09-03 23:59:59.999,104914580.54701,281947,347407688,52899811.23888,0
2024-09-04,0.15017,0.15216,0.14857,0.14993,803505163,2024-09-04 23:59:59.999,120678564.81973,329276,400588168,60158128.94583,0
2024-09-05,0.14992,0.15130,0.14880,0.14970,523708700,2024-09-05 23:59:59.999,78609402.91270,214444,256089826,38444305.34259,0
2024-09-06,0.14971,0.15019,0.14627,0.14786,612934115,2024-09-06 23:59:59.999,91022067.53211,256528,295516196,43884299.14799,0
2024-09-07,0.14786,0.15209,0.14786,0.15157,468280948,2024-09-07 23:59:59.999,70432002.90108,213506,241121196,36252390.74407,0
2024-09-08,0.15158,0.15336,0.15098,0.15314,495729487,2024-09-08 23:59:59.999,75430809.03887,177380,249255443,37926669.93016,0
2024-09-09,0.15315,0.15503,0.15303,0.15452,474857907,2024-09-09 23:59:59.999,73147164.30178,179667,237536064,36591888.36373,0
2024-09-10,0.15452,0.15455,0.15195,0.15291,423892601,2024-09-10 23:59:59.999,64808680.26551,143970,206462067,31563450.39479,0
2024-09-11,0.15291,0.15350,0.15164,0.15333,406759975,2024-09-11 23:59:59.999,62046557.40630,142545,192388658,29349846.72021,0
2024-09-12,0.15334,0.15431,0.15170,0.15186,458531561,2024-09-12 23:59:59.999,70175193.95574,146828,235299322,36015907.67890,0
2024-09-13,0.15187,0.15187,0.14832,0.14876,608394544,2024-09-13 23:59:59.999,91177708.60297,195667,304346817,45599632.62965,0
2024-09-14,0.14876,0.14877,0.14676,0.14741,416218884,2024-09-14 23:59:59.999,61450860.06180,144844,206427171,30476156.48993,0
2024-09-15,0.14741,0.14957,0.14687,0.14887,442593721,2024-09-15 23:59:59.999,65561346.80368,152843,221985154,32876948.56668,0
2024-09-16,0.14886,0.14963,0.14759,0.14890,438310437,2024-09-16 23:59:59.999,65144169.90877,171536,200108917,29742131.59660,0
2024-09-17,0.14890,0.15127,0.14888,0.14993,342278041,2024-09-17 23:59:59.999,51382348.83813,141155,175745891,26382394.78383,0
2024-09-18,0.14994,0.15024,0.14882,0.14941,297120641,2024-09-18 23:59:59.999,44427034.98351,120315,150599048,22517897.43039,0
2024-09-19,0.14941,0.15160,0.14932,0.15148,357931226,2024-09-19 23:59:59.999,53852381.99599,147337,186596368,28068066.78608,0
2024-09-20,0.15148,0.15278,0.15120,0.15198,270170288,2024-09-20 23:59:59.999,41064272.25765,122985,130167700,19785366.37214,0
2024-09-21,0.15197,0.15242,0.15130,0.15188,129556841,2024-09-21 23:59:59.999,19681852.04653,77375,67336090,10229568.48539,0
2024-09-22,0.15187,0.15209,0.15076,0.15167,260706025,2024-09-22 23:59:59.999,39496476.32658,106950,130519043,19774759.10791,0
2024-09-23,0.15168,0.15288,0.15109,0.15225,298214442,2024-09-23 23:59:59.999,45343979.41241,122052,145163302,22073946.77327,0
2024-09-24,0.15225,0.15252,0.15051,0.15112,301827084,2024-09-24 23:59:59.999,45734665.92361,119204,151363209,22938465.17475,0
2024-09-25,0.15112,0.15117,0.14967,0.14990,290477230,2024-09-25 23:59:59.999,43706581.21115,109869,137290943,20658833.29125,0
2024-09-26,0.14991,0.15368,0.14922,0.15303,376068661,2024-09-26 23:59:59.999,57178428.54821,146061,191866446,29178890.89416,0
2024-09-27,0.15303,0.15554,0.15303,0.15511,354168479,2024-09-27 23:59:59.999,54755986.54796,138092,182029964,28141379.66903,0
2024-09-28,0.15510,0.15541,0.15372,0.15506,204316670,2024-09-28 23:59:59.999,31590962.62438,100385,102014908,15773252.04670,0
2024-09-29,0.15506,0.15766,0.15468,0.15635,320817249,2024-09-29 23:59:59.999,50105559.70938,126855,159092955,24842219.36457,0
2024-09-30,0.15635,0.15692,0.15465,0.15589,423214266,2024-09-30 23:59:59.999,65915972.66125,166649,200369990,31210386.69545,0
2024-10-01,0.15588,0.15715,0.15282,0.15348,572856561,2024-10-01 23:59:59.999,88762060.82091,213876,278435718,43147009.21917,0
2024-10-02,0.15348,0.15530,0.15300,0.15449,497859423,2024-10-02 23:59:59.999,76721831.35019,195048,255556276,39377778.67946,0
2024-10-03,0.15448,0.15780,0.15337,0.15773,568628936,2024-10-03 23:59:59.999,88148436.90471,215762,286418815,44393748.80977,0
2024-10-04,0.15773,0.15787,0.15630,0.15640,348867305,2024-10-04 23:59:59.999,54755548.38829,151858,170548441,26767268.05435,0
2024-10-05,0.15640,0.15651,0.15338,0.15339,275966081,2024-10-05 23:59:59.999,42605416.43039,121752,143465682,22144379.97080,0
2024-10-06,0.15339,0.15469,0.15299,0.15424,214742774,2024-10-06 23:59:59.999,33052367.75911,105744,102394093,15757414.91008,0
2024-10-07,0.15425,0.15669,0.15376,0.15582,399927077,2024-10-07 23:59:59.999,62121385.18289,151266,198775000,30867725.62824,0
2024-10-08,0.15581,0.16056,0.15554,0.16002,498964394,2024-10-08 23:59:59.999,78683161.34548,191791,245259017,38699772.61160,0
2024-10-09,0.16003,0.16208,0.15940,0.16052,442064573,2024-10-09 23:59:59.999,70957625.55471,174618,219264554,35199169.27268,0
2024-10-10,0.16052,0.16067,0.15854,0.15873,356152375,2024-10-10 23:59:59.999,56783389.62670,157220,177293804,28268586.90137,0
2024-10-11,0.15873,0.16149,0.15800,0.15973,324901764,2024-10-11 23:59:59.999,51923897.26368,142788,169696766,27114766.58910,0
2024-10-12,0.15972,0.16405,0.15897,0.16243,335745416,2024-10-12 23:59:59.999,54415153.54368,153321,171714112,27808159.65371,0
2024-10-13,0.16242,0.16349,0.16179,0.16254,244314263,2024-10-13 23:59:59.999,39728097.46247,120609,119821062,19484846.04246,0
2024-10-14,0.16254,0.16317,0.15958,0.16046,515810601,2024-10-14 23:59:59.999,82942556.33848,181905,267292143,42982057.64760,0
2024-10-15,0.16047,0.16051,0.15747,0.15869,445751400,2024-10-15 23:59:59.999,70728918.30646,183943,210592928,33408919.91080,0
2024-10-16,0.15869,0.16035,0.15836,0.16004,312241799,2024-10-16 23:59:59.999,49772055.68419,133789,156689544,24979980.55641,0
2024-10-17,0.16004,0.16058,0.15898,0.15935,253799572,2024-10-17 23:59:59.999,40581545.69198,112183,120886388,19332068.82338,0
2024-10-18,0.15935,0.15944,0.15810,0.15831,214721455,2024-10-18 23:59:59.999,34133735.43350,102145,106659526,16956187.30465,0
2024-10-19,0.15830,0.15855,0.15603,0.15666,274686413,2024-10-19 23:59:59.999,43270671.65471,104007,125458924,19767296.16401,0
2024-10-20,0.15665,0.15686,0.15590,0.15664,173461887,2024-10-20 23:59:59.999,27131138.81821,83052,85868646,13431429.74110,0
2024-10-21,0.15664,0.15874,0.15501,0.15829,330207362,2024-10-21 23:59:59.999,51914278.93715,129508,159899468,25144209.36648,0
2024-10-22,0.15828,0.16077,0.15743,0.16032,371972606,2024-10-22 23:59:59.999,59288024.48435,138979,177264655,28257287.75648,0
2024-10-23,0.16033,0.16071,0.15918,0.16033,284696474,2024-10-23 23:59:59.999,45569037.03790,121090,136571390,21859850.30241,0
2024-10-24,0.16034,0.16519,0.16032,0.16465,442120506,2024-10-24 23:59:59.999,72171410.92838,153275,238460329,38923466.21536,0
2024-10-25,0.16464,0.16698,0.16175,0.16255,686111977,2024-10-25 23:59:59.999,113291879.88572,234319,326133141,53868511.90834,0
2024-10-26,0.16254,0.16549,0.16234,0.16515,319461221,2024-10-26 23:59:59.999,52461490.39982,158866,157573358,25875396.01702,0
2024-10-27,0.16515,0.16634,0.16388,0.16392,281534307,2024-10-27 23:59:59.999,46559828.07561,140886,148657460,24582751.09012,0
2024-10-28,0.16393,0.16450,0.16308,0.16414,273137353,2024-10-28 23:59:59.999,44717600.61111,118687,137354704,22489130.09529,0
2024-10-29,0.16414,0.16730,0.16394,0.16637,430900462,2024-10-29 23:59:59.999,71220920.88144,169319,229011875,37859812.86532,0
2024-10-30,0.16638,0.16991,0.16598,0.16936,375744268,2024-10-30 23:59:59.999,63300836.29304,156834,184763334,31130308.41341,0
2024-10-31,0.16936,0.17068,0.16764,0.16854,387168608,2024-10-31 23:59:59.999,65461972.17274,174036,189255152,32000926.30124,0
2024-11-01,0.16854,0.16888,0.16600,0.16737,375222892,2024-11-01 23:59:59.999,62817370.60115,173492,181873314,30448239.47517,0
2024-11-02,0.16736,0.16775,0.16577,0.16607,175798112,2024-11-02 23:59:59.999,29309469.20077,110559,84645119,14110792.66702,0
2024-11-03,0.16606,0.16613,0.16305,0.16515,324385028,2024-11-03 23:59:59.999,53283048.46286,151676,154783114,25419453.66779,0
2024-11-04,0.16516,0.16579,0.16245,0.16279,357928392,2024-11-04 23:59:59.999,58843752.24639,160796,168229968,27658582.66970,0
2024-11-05,0.16279,0.16321,0.15958,0.15996,486236208,2024-11-05 23:59:59.999,78526453.47438,166580,232493868,37557441.60865,0
2024-11-06,0.15996,0.16410,0.15982,0.16239,613607226,2024-11-06 23:59:59.999,99617951.56717,219877,312146966,50672716.35026,0
2024-11-07,0.16239,0.16295,0.15939,0.16001,464450583,2024-11-07 23:59:59.999,74706964.38863,183119,229969825,36992761.50657,0
2024-11-08,0.16001,0.16188,0.15978,0.16089,304400645,2024-11-08 23:59:59.999,48979572.81829,135555,150513609,24220770.89347,0
2024-11-09,0.16089,0.16218,0.15965,0.16204,251439425,2024-11-09 23:59:59.999,40352923.83481,114631,137155778,22019408.10184,0
2024-11-10,0.16205,0.16687,0.16122,0.16399,730901936,2024-11-10 23:59:59.999,120230445.61133,262848,355356069,58435124.80160,0
2024-11-11,0.16399,0.16805,0.16330,0.16794,676721199,2024-11-11 23:59:59.999,112076755.45756,220888,339792866,56287859.23489,0
2024-11-12,0.16794,0.19050,0.16440,0.18753,2013579898,2024-11-12 23:59:59.999,354923116.39277,780501,1004860125,177157722.52470,0
2024-11-13,0.18754,0.19245,0.17357,0.17716,1350636152,2024-11-13 23:59:59.999,242058807.11842,659840,632136026,113336398.51493,0
2024-11-14,0.17716,0.18533,0.17560,0.17646,849010424,2024-11-14 23:59:59.999,152589763.24155,453850,412446093,74152323.81627,0
2024-11-15,0.17646,0.19169,0.17594,0.19141,947442846,2024-11-15 23:59:59.999,174570281.95064,540867,481334684,88691962.74754,0
2024-11-16,0.19141,0.20495,0.18815,0.20032,941953123,2024-11-16 23:59:59.999,186076942.50360,562963,483257738,95528401.40853,0
2024-11-17,0.20032,0.20161,0.19237,0.19963,591219594,2024-11-17 23:59:59.999,116348360.61856,365554,280360211,55164649.34028,0
2024-11-18,0.19963,0.20728,0.19962,0.20220,662187633,2024-11-18 23:59:59.999,134642974.43968,428598,329071260,66918319.25530,0
2024-11-19,0.20219,0.20688,0.19836,0.19966,513397413,2024-11-19 23:59:59.999,104162450.06738,333018,243194831,49344673.10499,0
2024-11-20,0.19967,0.19999,0.19314,0.19471,485167851,2024-11-20 23:59:59.999,95465955.94939,309983,237570246,46757463.45365,0
2024-11-21,0.19470,0.20166,0.19296,0.19874,574503969,2024-11-21 23:59:59.999,113840179.02055,355734,294052820,58265711.54547,0
2024-11-22,0.19874,0.20510,0.19678,0.20504,616066005,2024-11-22 23:59:59.999,123271894.26509,366636,305488456,61155825.22498,0
2024-11-23,0.20504,0.22519,0.20496,0.21218,1083842413,2024-11-23 23:59:59.999,231933692.92923,719903,529408369,113248993.70743,0
2024-11-24,0.21220,0.21748,0.20032,0.20880,939490720,2024-11-24 23:59:59.999,195762851.42717,543832,455267685,94912398.61104,0
2024-11-25,0.20879,0.21264,0.19371,0.19589,989489708,2024-11-25 23:59:59.999,200648356.91206,527116,475117090,96285282.41364,0
2024-11-26,0.19587,0.20101,0.18601,0.19451,1023926990,2024-11-26 23:59:59.999,197529171.37600,588785,489914518,94472693.17950,0
2024-11-27,0.19451,0.20251,0.19334,0.20110,523134836,2024-11-27 23:59:59.999,104129979.46143,365073,258488717,51452777.65027,0
2024-11-28,0.20110,0.20387,0.19556,0.20345,534290148,2024-11-28 23:59:59.999,107304985.20864,313097,259509972,52149949.70233,0
2024-11-29,0.20346,0.20740,0.20071,0.20446,359561380,2024-11-29 23:59:59.999,73284810.50663,271718,176188377,35926515.74355,0
2024-11-30,0.20447,0.20739,0.20241,0.20491,338379684,2024-11-30 23:59:59.999,69345312.51252,264672,167170649,34262537.80670,0
2024-12-01,0.20491,0.20992,0.20202,0.20737,429549852,2024-12-01 23:59:59.999,88839593.91113,300213,216109918,44687873.39524,0
2024-12-02,0.20737,0.22143,0.20315,0.22136,1312184037,2024-12-02 23:59:59.999,276234693.05382,714999,652284585,137403116.42730,0
2024-12-03,0.22135,0.45000,0.22123,0.43347,8352820398,2024-12-03 23:59:59.999,2578442352.37838,4562342,4173213890,1286637327.47283,0
2024-12-04,0.43336,0.45090,0.32222,0.33084,10108406416,2024-12-04 23:59:59.999,3821243478.38668,7339431,4937575675,1867116737.62285,0
2024-12-05,0.33085,0.34685,0.31278,0.32269,4331491160,2024-12-05 23:59:59.999,1429256617.69648,2885926,2087196540,689175514.70920,0
2024-12-06,0.32268,0.32992,0.30850,0.32585,1891876178,2024-12-06 23:59:59.999,605802409.10319,1382750,929835091,297806113.32089,0
2024-12-07,0.32585,0.33630,0.31685,0.31908,1263356683,2024-12-07 23:59:59.999,410048074.10497,964807,596135369,193610753.57854,0
2024-12-08,0.31908,0.32375,0.30676,0.31866,871373540,2024-12-08 23:59:59.999,275220802.02390,885036,419486650,132527537.37498,0
2024-12-09,0.31867,0.32164,0.23710,0.26273,2672509820,2024-12-09 23:59:59.999,757507932.76192,1810922,1237276227,350833361.48712,0
2024-12-10,0.26267,0.27985,0.24367,0.26934,2320112845,2024-12-10 23:59:59.999,609378236.43403,1656416,1139928279,299527548.80296,0
2024-12-11,0.26934,0.28744,0.26107,0.28205,1185930541,2024-12-11 23:59:59.999,326146481.62485,899966,586479736,161316396.70120,0
2024-12-12,0.28205,0.30972,0.28001,0.29672,1925069669,2024-12-12 23:59:59.999,573750122.51019,1283929,942886311,281103667.67168,0
2024-12-13,0.29672,0.30232,0.28352,0.29061,1059681285,2024-12-13 23:59:59.999,307035258.54110,801036,513517421,148829629.86267,0
2024-12-14,0.29060,0.29767,0.27759,0.28224,773501912,2024-12-14 23:59:59.999,222246555.23849,659497,362595643,104199367.50960,0
2024-12-15,0.28225,0.28678,0.27502,0.28556,569060047,2024-12-15 23:59:59.999,160354057.66135,558672,281273029,79287685.16023,0
2024-12-16,0.28559,0.30490,0.27629,0.29668,1353178640,2024-12-16 23:59:59.999,393781904.47530,1015363,658658956,191491408.66340,0
2024-12-17,0.29667,0.29781,0.27722,0.27949,1254911549,2024-12-17 23:59:59.999,363325297.81144,931076,596791541,172911564.09293,0
2024-12-18,0.27952,0.28135,0.25347,0.25776,1196576385,2024-12-18 23:59:59.999,321321903.06960,882624,565549726,151988679.62189,0
2024-12-19,0.25777,0.26631,0.24337,0.25091,1527293539,2024-12-19 23:59:59.999,390955322.53470,1066026,734504643,188067783.74127,0
2024-12-20,0.25091,0.25450,0.22385,0.24855,1538247360,2024-12-20 23:59:59.999,370942761.53475,1215744,773191481,186530214.32170,0
2024-12-21,0.24855,0.25602,0.24173,0.24484,857493661,2024-12-21 23:59:59.999,212176513.66203,692944,419416212,103783121.30191,0
2024-12-22,0.24484,0.25082,0.24127,0.24409,754001858,2024-12-22 23:59:59.999,185039545.27272,586839,372683768,91497080.17768,0
2024-12-23,0.24409,0.25363,0.24095,0.25239,862982109,2024-12-23 23:59:59.999,213989155.39533,646122,437839855,108616291.81958,0
2024-12-24,0.25238,0.25947,0.25004,0.25626,564813196,2024-12-24 23:59:59.999,143755215.22630,476193,283144307,72091287.25166,0
2024-12-25,0.25626,0.25877,0.25525,0.25797,467150197,2024-12-25 23:59:59.999,119927046.89399,366797,225664277,57941513.32301,0
2024-12-26,0.25797,0.25897,0.24934,0.25373,615515905,2024-12-26 23:59:59.999,155760039.86883,434535,295541449,74786152.30914,0
2024-12-27,0.25373,0.26543,0.25273,0.25923,858048643,2024-12-27 23:59:59.999,222516193.91517,578864,429226136,111306623.02501,0
2024-12-28,0.25923,0.26328,0.25641,0.25821,426687959,2024-12-28 23:59:59.999,110541533.58142,333253,209156309,54199882.61347,0
2024-12-29,0.25820,0.26342,0.25642,0.25776,533504489,2024-12-29 23:59:59.999,138620496.34325,369240,261318366,67920088.06995,0
2024-12-30,0.25776,0.25981,0.25026,0.25339,667806414,2024-12-30 23:59:59.999,170245998.58174,421836,318746706,81274751.56254,0
2024-12-31,0.25338,0.25768,0.25108,0.25456,419627137,2024-12-31 23:59:59.999,106791327.88711,299173,211619605,53860844.42458,0
2025-01-01,0.25456,0.25652,0.25268,0.25588,316030253,2025-01-01 23:59:59.999,80565761.97996,250199,155844913,39732863.21904,0
2025-01-02,0.25588,0.26698,0.25563,0.26531,624167278,2025-01-02 23:59:59.999,163666305.22413,379065,316530319,83011209.01209,0
2025-01-03,0.26531,0.27143,0.26077,0.27020,597181305,2025-01-03 23:59:59.999,158895744.28421,397782,287570130,76551586.51111,0
2025-01-04,0.27020,0.27437,0.26636,0.26963,588907030,2025-01-04 23:59:59.999,158789193.13094,354166,284919305,76852649.73127,0
2025-01-05,0.26964,0.26974,0.26098,0.26254,418611726,2025-01-05 23:59:59.999,110519631.38626,315523,196694979,51923114.26793,0
2025-01-06,0.26253,0.26987,0.25931,0.26843,588794143,2025-01-06 23:59:59.999,156295552.82530,385673,294472046,78201200.55671,0
2025-01-07,0.26842,0.27174,0.25188,0.25236,865117798,2025-01-07 23:59:59.999,227176924.49302,539608,392865845,103255081.95158,0
2025-01-08,0.25235,0.25491,0.24396,0.25045,882383807,2025-01-08 23:59:59.999,220263806.03941,527551,433512652,108243385.64530,0
2025-01-09,0.25044,0.25142,0.23636,0.24005,792662849,2025-01-09 23:59:59.999,192763570.45052,462104,380603136,92545207.07459,0
2025-01-10,0.24004,0.24470,0.23718,0.24442,541595791,2025-01-10 23:59:59.999,130778422.28551,376753,278859863,67363394.58468,0
2025-01-11,0.24442,0.24450,0.24027,0.24080,250351609,2025-01-11 23:59:59.999,60653403.79433,226812,119035482,28838901.85502,0
2025-01-12,0.24079,0.24117,0.23135,0.23342,303623538,2025-01-12 23:59:59.999,71976909.38824,242404,141745598,33599452.89507,0
2025-01-13,0.23342,0.23723,0.21659,0.22276,1217579368,2025-01-13 23:59:59.999,271692986.49846,632669,602327394,134381543.16470,0
2025-01-14,0.22276,0.22690,0.22021,0.22073,512360251,2025-01-14 23:59:59.999,114345705.90227,338096,249069975,55606719.35791,0
2025-01-15,0.22072,0.23820,0.22030,0.23795,839850851,2025-01-15 23:59:59.999,192404765.19511,570757,440130214,100838463.26884,0
2025-01-16,0.23795,0.24103,0.23250,0.23702,866189397,2025-01-16 23:59:59.999,205365441.63096,568451,415976467,98663982.81414,0
2025-01-17,0.23702,0.24942,0.23702,0.24875,541630261,2025-01-17 23:59:59.999,132816949.08284,390250,272032133,66692034.76521,0
2025-01-18,0.24875,0.26800,0.23799,0.24223,1753948173,2025-01-18 23:59:59.999,436862725.48845,1089012,850586263,211997849.63995,0
2025-01-19,0.24224,0.24666,0.22572,0.22858,1708435025,2025-01-19 23:59:59.999,404298612.76748,925708,806007702,190810835.02236,0
2025-01-20,0.22859,0.25741,0.22361,0.23809,2429107802,2025-01-20 23:59:59.999,583286759.44652,1213073,1191522720,286216867.89912,0
2025-01-21,0.23809,0.24700,0.23484,0.24480,1084976255,2025-01-21 23:59:59.999,260978439.64962,661654,543331226,130730277.61283,0
2025-01-22,0.24479,0.25851,0.24472,0.25374,1060671480,2025-01-22 23:59:59.999,267956603.86668,642159,536916352,135626965.42767,0
2025-01-23,0.25374,0.25478,0.24386,0.25263,1102913397,2025-01-23 23:59:59.999,274677456.47734,625618,538207620,134064261.78332,0
2025-01-24,0.25262,0.26154,0.25016,0.25422,748188426,2025-01-24 23:59:59.999,191853308.34965,477738,368299747,94462438.24559,0
2025-01-25,0.25422,0.25783,0.25282,0.25327,436453686,2025-01-25 23:59:59.999,111296949.06847,349575,213166950,54362270.85927,0
2025-01-26,0.25327,0.25419,0.24593,0.24598,422498871,2025-01-26 23:59:59.999,106090169.26098,346674,189128162,47527332.26716,0
2025-01-27,0.24599,0.24689,0.23199,0.24647,1049689992,2025-01-27 23:59:59.999,252721961.60910,654501,528346595,127204396.38079,0
2025-01-28,0.24648,0.24833,0.23824,0.23975,484580656,2025-01-28 23:59:59.999,118536836.87184,348525,235581016,57640380.58480,0
2025-01-29,0.23975,0.24378,0.23566,0.23996,568364042,2025-01-29 23:59:59.999,136599649.20182,360831,281016748,67541495.57765,0
2025-01-30,0.23997,0.25288,0.23885,0.25186,482473875,2025-01-30 23:59:59.999,119683031.20300,324702,252964855,62702301.27314,0
2025-01-31,0.25185,0.25817,0.25093,0.25361,615268374,2025-01-31 23:59:59.999,156569224.56082,373869,308281819,78469827.32290,0
2025-02-01,0.25361,0.25656,0.24369,0.24406,545941448,2025-02-01 23:59:59.999,137507022.58044,356940,253284927,63889071.60502,0
2025-02-02,0.24407,0.24624,0.22091,0.22547,1315538255,2025-02-02 23:59:59.999,307045715.53636,666986,639520286,149178547.03459,0
2025-02-03,0.22548,0.23002,0.19887,0.22854,2169116365,2025-02-03 23:59:59.999,471576045.88980,1016087,1074714852,233714440.75623,0
2025-02-04,0.22853,0.22941,0.21565,0.22436,1269314109,2025-02-04 23:59:59.999,282675222.97981,693474,632591701,140859155.38997,0
2025-02-05,0.22437,0.22713,0.22131,0.22230,558475614,2025-02-05 23:59:59.999,125121882.87191,399537,270792915,60676136.93474,0
2025-02-06,0.22229,0.23280,0.22112,0.23148,802515085,2025-02-06 23:59:59.999,183033487.57281,542043,413095337,94217967.99128,0
2025-02-07,0.23148,0.23482,0.22714,0.22992,721316018,2025-02-07 23:59:59.999,166260027.98121,538693,364016963,83914356.22294,0
2025-02-08,0.22992,0.23444,0.22834,0.23110,458693820,2025-02-08 23:59:59.999,106140762.26893,389682,229008968,52989866.50737,0
2025-02-09,0.23110,0.23764,0.23070,0.23210,472873007,2025-02-09 23:59:59.999,110858362.68955,376683,230800170,54104813.59237,0
2025-02-10,0.23211,0.24679,0.22761,0.24616,632317004,2025-02-10 23:59:59.999,149644362.78038,459966,322750968,76394993.60248,0
2025-02-11,0.24616,0.24911,0.23984,0.24078,524487528,2025-02-11 23:59:59.999,128692762.80398,404149,252514617,61995681.23094,0
2025-02-12,0.24079,0.24554,0.23555,0.24319,596619066,2025-02-12 23:59:59.999,144084600.22300,441343,302630660,73087330.52334,0
2025-02-13,0.24319,0.24421,0.23345,0.23395,479206761,2025-02-13 23:59:59.999,113983651.45041,379362,226051521,53788784.45182,0
2025-02-14,0.23394,0.23667,0.22967,0.23138,527265883,2025-02-14 23:59:59.999,122584392.52376,386117,246247605,57278929.95287,0
2025-02-15,0.23137,0.23800,0.23004,0.23740,359158507,2025-02-15 23:59:59.999,84254354.42738,294503,178845209,41952505.74726,0
2025-02-16,0.23740,0.24387,0.23529,0.24223,430027928,2025-02-16 23:59:59.999,103185849.29184,358288,210315378,50472783.05739,0
2025-02-17,0.24222,0.24758,0.23817,0.23861,534320496,2025-02-17 23:59:59.999,129812108.96767,425063,258305466,62774206.96202,0
2025-02-18,0.23862,0.24118,0.23218,0.23911,533594236,2025-02-18 23:59:59.999,126452016.28243,427584,269301704,63831358.74147,0
2025-02-19,0.23911,0.24403,0.23911,0.24218,391314571,2025-02-19 23:59:59.999,94877303.48409,319437,200966997,48721518.12566,0
2025-02-20,0.24217,0.24774,0.23747,0.24618,430246728,2025-02-20 23:59:59.999,104064553.26989,327872,218680116,52915341.74563,0
2025-02-21,0.24619,0.25063,0.23527,0.23775,627451970,2025-02-21 23:59:59.999,152986897.20064,446315,293918286,71704930.88352,0
2025-02-22,0.23776,0.23960,0.23418,0.23923,401501258,2025-02-22 23:59:59.999,95220359.97034,325659,208218624,49390965.36089,0
2025-02-23,0.23924,0.24623,0.23773,0.24594,414205007,2025-02-23 23:59:59.999,100415970.79068,314149,221243628,53623015.19111,0
2025-02-24,0.24593,0.24903,0.23901,0.23987,784896659,2025-02-24 23:59:59.999,192613643.87634,554640,375666421,92244679.09396,0
2025-02-25,0.23987,0.24401,0.22504,0.23060,1451614077,2025-02-25 23:59:59.999,337958078.11910,819812,704561524,164066084.95223,0
2025-02-26,0.23061,0.23188,0.22242,0.22704,1004745497,2025-02-26 23:59:59.999,228870915.45959,554528,503516583,114728826.96279,0
2025-02-27,0.22704,0.22971,0.22529,0.22841,431610785,2025-02-27 23:59:59.999,98278221.86747,299306,219112305,49901684.29472,0
2025-02-28,0.22842,0.23341,0.21669,0.23325,944722657,2025-02-28 23:59:59.999,211455177.06011,585292,489480147,109709394.73057,0
2025-03-01,0.23324,0.23730,0.22975,0.23395,415010502,2025-03-01 23:59:59.999,96913111.14433,417487,201835508,47136048.69325,0
2025-03-02,0.23395,0.24764,0.23188,0.24401,584790456,2025-03-02 23:59:59.999,140298174.51694,429208,305640871,73356364.33882,0
2025-03-03,0.24400,0.24557,0.22713,0.23103,838387409,2025-03-03 23:59:59.999,199245678.23115,576705,386060048,91816431.55938,0
2025-03-04,0.23103,0.24289,0.22645,0.24252,936799868,2025-03-04 23:59:59.999,219961145.65739,642843,474393857,111477256.96135,0
2025-03-05,0.24252,0.24555,0.24042,0.24347,407481271,2025-03-05 23:59:59.999,99005689.10948,358071,214303215,52074660.25020,0
2025-03-06,0.24347,0.24678,0.23879,0.23993,432226702,2025-03-06 23:59:59.999,104891351.63891,350964,210092988,51017226.35510,0
2025-03-07,0.23994,0.24674,0.23481,0.24348,591539558,2025-03-07 23:59:59.999,143197235.98598,468272,296098256,71733609.57023,0
2025-03-08,0.24348,0.25097,0.24340,0.24366,550835454,2025-03-08 23:59:59.999,135903603.39557,422752,272260764,67171677.61178,0
2025-03-09,0.24365,0.24405,0.23154,0.23192,498476601,2025-03-09 23:59:59.999,118985392.86550,412120,235188445,56161752.33667,0
2025-03-10,0.23195,0.23798,0.22681,0.22894,727611958,2025-03-10 23:59:59.999,169188550.20595,517478,363768834,84643266.21067,0
2025-03-11,0.22895,0.23221,0.22232,0.22407,712798988,2025-03-11 23:59:59.999,161845766.81227,455278,347909359,79001555.69298,0
2025-03-12,0.22407,0.22615,0.21963,0.22273,547687432,2025-03-12 23:59:59.999,121825061.98645,397086,268183399,59667113.98015,0
2025-03-13,0.22273,0.22655,0.22179,0.22500,451203293,2025-03-13 23:59:59.999,101167244.99520,338321,210684301,47243451.32429,0
2025-03-14,0.22500,0.22613,0.22039,0.22231,374013515,2025-03-14 23:59:59.999,83157185.19843,320445,186616163,41484070.53050,0
2025-03-15,0.22230,0.22504,0.21971,0.22136,403614939,2025-03-15 23:59:59.999,89787882.15242,307167,193471045,43051232.54603,0
2025-03-16,0.22136,0.22148,0.21057,0.21172,556877152,2025-03-16 23:59:59.999,120198738.97195,404503,273217954,58975996.36873,0
2025-03-17,0.21171,0.22200,0.21084,0.22055,574417396,2025-03-17 23:59:59.999,124335542.73915,406515,294204382,63701852.06384,0
2025-03-18,0.22054,0.23938,0.21981,0.23704,824192230,2025-03-18 23:59:59.999,187918432.15142,608328,401654132,91626456.97377,0
2025-03-19,0.23704,0.24377,0.22863,0.23075,1117635134,2025-03-19 23:59:59.999,262797567.90764,687205,562398509,132241792.49784,0
2025-03-20,0.23075,0.23688,0.22832,0.23369,610580414,2025-03-20 23:59:59.999,141746647.64999,447997,307839512,71471195.56233,0
2025-03-21,0.23368,0.23770,0.23026,0.23343,401723541,2025-03-21 23:59:59.999,94093614.66966,360341,193682783,45377229.35099,0
2025-03-22,0.23344,0.23834,0.23268,0.23697,280041542,2025-03-22 23:59:59.999,65936283.10481,279389,138686680,32657658.84560,0
2025-03-23,0.23696,0.24084,0.22946,0.22990,384899870,2025-03-23 23:59:59.999,90571945.04876,326374,189338215,44568848.80308,0
2025-03-24,0.22991,0.23004,0.22487,0.22796,471795639,2025-03-24 23:59:59.999,107509445.54375,356976,234441415,53404521.54586,0
2025-03-25,0.22797,0.22900,0.22571,0.22709,258191493,2025-03-25 23:59:59.999,58654252.37291,248685,120111419,27290767.53309,0
2025-03-26,0.22709,0.23177,0.22659,0.23131,321656184,2025-03-26 23:59:59.999,73731043.50328,269147,157082387,36012498.64559,0
2025-03-27,0.23132,0.23530,0.23053,0.23499,324751043,2025-03-27 23:59:59.999,75726204.03402,309705,159884208,37288069.68175,0
2025-03-28,0.23499,0.23502,0.22884,0.23227,337321977,2025-03-28 23:59:59.999,78148608.42627,305178,164519490,38115149.71175,0
2025-03-29,0.23227,0.23582,0.23152,0.23152,414079899,2025-03-29 23:59:59.999,96695731.21611,329465,195462041,45663470.40164,0
2025-03-30,0.23153,0.23280,0.22938,0.23174,319008565,2025-03-30 23:59:59.999,73678193.90143,280931,159586511,36862427.94007,0
2025-03-31,0.23174,0.24016,0.23090,0.23868,391650048,2025-03-31 23:59:59.999,92163848.36862,351576,200616208,47205302.77140,0
2025-04-01,0.23868,0.23911,0.23305,0.23773,378989987,2025-04-01 23:59:59.999,89238861.35282,340897,188103169,44290692.03258,0
2025-04-02,0.23773,0.24018,0.23184,0.23392,615704629,2025-04-02 23:59:59.999,145927065.33557,443989,302580786,71738147.77964,0
2025-04-03,0.23392,0.23855,0.23018,0.23815,423252602,2025-04-03 23:59:59.999,99158215.83830,374421,213557563,50037320.06766,0
2025-04-04,0.23814,0.24180,0.23644,0.23900,415421859,2025-04-04 23:59:59.999,99384128.97204,375619,212133628,50765132.10249,0
2025-04-05,0.23899,0.23916,0.23561,0.23724,242752881,2025-04-05 23:59:59.999,57628786.47926,253426,125225677,29727670.02583,0
2025-04-06,0.23724,0.23998,0.22809,0.22996,481142838,2025-04-06 23:59:59.999,113170646.26231,387452,227371242,53492489.45604,0
2025-04-07,0.22997,0.23214,0.22070,0.22854,796858881,2025-04-07 23:59:59.999,180402683.11130,536321,398054190,90123763.45199,0
2025-04-08,0.22855,0.23681,0.22848,0.23044,543333096,2025-04-08 23:59:59.999,126539740.68590,478757,271682851,63268102.04637,0
2025-04-09,0.23043,0.23921,0.22603,0.23846,650674222,2025-04-09 23:59:59.999,150282433.60712,482614,332659675,76876051.57656,0
2025-04-10,0.23846,0.24415,0.23444,0.23617,638883477,2025-04-10 23:59:59.999,152711358.04952,474187,317041053,75796360.78244,0
2025-04-11,0.23616,0.24373,0.23440,0.24285,443614458,2025-04-11 23:59:59.999,105834492.34042,358851,238088008,56785646.40693,0
2025-04-12,0.24284,0.25063,0.23999,0.24585,617233401,2025-04-12 23:59:59.999,151919756.14409,451696,307860185,75795789.06502,0
2025-04-13,0.24585,0.25465,0.24552,0.25462,597536620,2025-04-13 23:59:59.999,149322976.35223,416048,316656621,79159041.59383,0
2025-04-14,0.25461,0.25998,0.25118,0.25199,656618714,2025-04-14 23:59:59.999,167628829.74994,442940,307495392,78534920.47701,0
2025-04-15,0.25200,0.25376,0.24665,0.25037,520412389,2025-04-15 23:59:59.999,130001412.57525,363736,256410988,64082959.56059,0
2025-04-16,0.25038,0.25521,0.24727,0.24736,508431537,2025-04-16 23:59:59.999,128174384.03372,375771,242916617,61271281.14856,0
2025-04-17,0.24736,0.25050,0.24359,0.24763,541227936,2025-04-17 23:59:59.999,133419215.17833,390366,278730293,68712987.43361,0
2025-04-18,0.24763,0.24785,0.23943,0.23963,405310217,2025-04-18 23:59:59.999,98643446.10813,328012,185007501,45013196.94190,0
2025-04-19,0.23963,0.24456,0.23943,0.24392,294405951,2025-04-19 23:59:59.999,71194460.23303,262928,149188292,36083270.15814,0
2025-04-20,0.24392,0.24679,0.24109,0.24356,347952178,2025-04-20 23:59:59.999,85010423.38108,290016,164583743,40231203.45550,0
2025-04-21,0.24356,0.24691,0.24072,0.24631,487283716,2025-04-21 23:59:59.999,118944772.73613,346139,247105225,60337137.91327,0
2025-04-22,0.24630,0.25006,0.24347,0.24823,505895111,2025-04-22 23:59:59.999,124612845.68146,366684,258905059,63794874.27294,0
2025-04-23,0.24822,0.24945,0.24307,0.24614,448893498,2025-04-23 23:59:59.999,110548913.68664,337178,214231874,52781337.56171,0
2025-04-24,0.24612,0.24750,0.24168,0.24530,359546478,2025-04-24 23:59:59.999,88023968.11507,297842,167362654,40977141.16450,0
2025-04-25,0.24530,0.24584,0.23990,0.24171,411018365,2025-04-25 23:59:59.999,99869949.79715,346388,188070843,45715414.62373,0
2025-04-26,0.24170,0.25336,0.24153,0.25201,618675177,2025-04-26 23:59:59.999,154202491.11702,410599,332431593,82820101.59272,0
2025-04-27,0.25201,0.25454,0.24502,0.24513,454066870,2025-04-27 23:59:59.999,113583559.40106,347934,202619229,50690061.92638,0
2025-04-28,0.24513,0.24835,0.24319,0.24824,451950770,2025-04-28 23:59:59.999,111074591.76572,345892,228778902,56229000.58565,0
2025-04-29,0.24823,0.24988,0.24281,0.24371,291717386,2025-04-29 23:59:59.999,71903174.42402,268887,137741112,33966718.87544,0
2025-04-30,0.24370,0.24702,0.24201,0.24639,309131587,2025-04-30 23:59:59.999,75616051.35970,269946,155778474,38115746.94576,0
2025-05-01,0.24639,0.24956,0.24377,0.24451,319713651,2025-05-01 23:59:59.999,78956448.03794,249799,157632104,38947766.59568,0
2025-05-02,0.24451,0.24835,0.24306,0.24778,293167485,2025-05-02 23:59:59.999,71989651.20266,251833,151994127,37326385.07858,0
2025-05-03,0.24779,0.24980,0.24418,0.24536,353668305,2025-05-03 23:59:59.999,87456633.49869,273867,168466753,41660958.03667,0
2025-05-04,0.24535,0.24889,0.24485,0.24703,294611976,2025-05-04 23:59:59.999,72877457.04772,244998,147409786,36469756.15553,0
2025-05-05,0.24703,0.25043,0.24577,0.24811,394525536,2025-05-05 23:59:59.999,98043100.99571,299902,199271763,49524148.36666,0
2025-05-06,0.24811,0.24839,0.24361,0.24577,343863908,2025-05-06 23:59:59.999,84396510.93153,300352,164417010,40348286.14755,0
2025-05-07,0.24576,0.24916,0.24330,0.24865,347058201,2025-05-07 23:59:59.999,85455980.12497,304130,175111069,43122193.03479,0
2025-05-08,0.24865,0.26357,0.24806,0.25708,609836645,2025-05-08 23:59:59.999,154274746.31004,431094,337880301,85519422.00485,0
2025-05-09,0.25707,0.26625,0.25404,0.26013,854704443,2025-05-09 23:59:59.999,222354044.34120,526298,430515480,112004218.35436,0
2025-05-10,0.26013,0.26684,0.25842,0.26618,560152070,2025-05-10 23:59:59.999,146965762.68715,420100,275125056,72213086.49071,0
2025-05-11,0.26616,0.26881,0.25941,0.26521,604656364,2025-05-11 23:59:59.999,159289756.10093,466319,283343773,74693607.07881,0
2025-05-12,0.26520,0.28029,0.26298,0.27175,1237986529,2025-05-12 23:59:59.999,336543514.71447,764763,604467379,164331571.66758,0
2025-05-13,0.27174,0.27307,0.26052,0.27077,687568332,2025-05-13 23:59:59.999,182739803.59720,545058,329745064,87686018.19984,0
2025-05-14,0.27078,0.27913,0.26895,0.27458,666847218,2025-05-14 23:59:59.999,182995219.72022,514954,320883543,88083481.24547,0
2025-05-15,0.27457,0.27638,0.26711,0.27323,715481016,2025-05-15 23:59:59.999,194441697.21503,558788,352143513,95726837.76051,0
2025-05-16,0.27322,0.27816,0.27037,0.27147,459030451,2025-05-16 23:59:59.999,125562234.06914,415624,219939469,60164688.27550,0
2025-05-17,0.27146,0.27222,0.26658,0.26946,418109896,2025-05-17 23:59:59.999,112746263.59001,378673,200640574,54119081.83102,0
2025-05-18,0.26945,0.27487,0.26328,0.26784,556778026,2025-05-18 23:59:59.999,150034972.57306,432143,269343697,72576725.60467,0
2025-05-19,0.26784,0.26791,0.26016,0.26656,456897647,2025-05-19 23:59:59.999,120437476.73198,402401,225407370,59425891.98625,0
2025-05-20,0.26656,0.27548,0.26588,0.26902,607570564,2025-05-20 23:59:59.999,164683413.33476,496594,299787077,81261514.17699,0
2025-05-21,0.26902,0.27430,0.26550,0.26808,610183305,2025-05-21 23:59:59.999,164526411.61896,465398,299259966,80712931.26567,0
2025-05-22,0.26809,0.28220,0.26711,0.27581,730267406,2025-05-22 23:59:59.999,200997813.47061,526926,364788688,100387636.22671,0
2025-05-23,0.27582,0.27618,0.26338,0.26863,727248468,2025-05-23 23:59:59.999,196512684.64948,529537,335777407,90758704.83570,0
2025-05-24,0.26864,0.27385,0.26840,0.27008,310013884,2025-05-24 23:59:59.999,84179236.76036,300193,152062330,41291638.28072,0
2025-05-25,0.27009,0.27385,0.26854,0.27203,347256238,2025-05-25 23:59:59.999,94213528.82823,288859,175646603,47674597.86490,0
2025-05-26,0.27204,0.27489,0.27010,0.27374,301739234,2025-05-26 23:59:59.999,82275795.79043,269350,153612788,41895227.85006,0
2025-05-27,0.27374,0.27890,0.27180,0.27784,419775741,2025-05-27 23:59:59.999,115647612.39411,325946,209719014,57790333.33836,0
2025-05-28,0.27784,0.27968,0.27278,0.27355,326890571,2025-05-28 23:59:59.999,90156462.52385,283678,160270787,44210333.19687,0
2025-05-29,0.27355,0.27819,0.27225,0.27450,372764320,2025-05-29 23:59:59.999,102738362.55602,301524,189918822,52349323.87691,0
2025-05-30,0.27449,0.27624,0.26638,0.26684,512201464,2025-05-30 23:59:59.999,138629304.39268,398070,232045483,62832394.64798,0
2025-05-31,0.26683,0.26950,0.26281,0.26546,417627638,2025-05-31 23:59:59.999,111219564.50668,344291,199276518,53077433.53780,0
2025-06-01,0.26545,0.27131,0.26467,0.27068,252899210,2025-06-01 23:59:59.999,67780366.92425,237719,135453694,36307128.65505,0
2025-06-02,0.27068,0.27176,0.26553,0.26863,351035450,2025-06-02 23:59:59.999,94226839.37893,277023,181439390,48697102.81816,0
2025-06-03,0.26864,0.27195,0.26816,0.27013,217431190,2025-06-03 23:59:59.999,58730621.60568,228557,107807238,29119923.55554,0
2025-06-04,0.27013,0.27475,0.26768,0.27423,325294764,2025-06-04 23:59:59.999,88372236.73124,278461,164892250,44799225.65809,0
2025-06-05,0.27423,0.28492,0.26546,0.28175,599109131,2025-06-05 23:59:59.999,163824748.89256,461083,280625310,76813892.74244,0
2025-06-06,0.28174,0.28241,0.27541,0.27786,420175464,2025-06-06 23:59:59.999,116775731.20094,390367,206126122,57287571.02813,0
2025-06-07,0.27786,0.28696,0.27703,0.28674,317161200,2025-06-07 23:59:59.999,89170029.55851,314594,169280733,47611201.67265,0
2025-06-08,0.28673,0.28761,0.28123,0.28159,334174243,2025-06-08 23:59:59.999,95117103.89373,322830,156399965,44525339.03711,0
2025-06-09,0.28160,0.29011,0.28067,0.28676,412405842,2025-06-09 23:59:59.999,117419045.73835,364186,208970919,59491760.09403,0
2025-06-10,0.28676,0.29455,0.28544,0.29264,441472643,2025-06-10 23:59:59.999,128038702.05803,402138,227190116,65887732.15635,0
2025-06-11,0.29263,0.29282,0.27630,0.27940,687256214,2025-06-11 23:59:59.999,195444118.15854,499815,292018542,83186400.35233,0
2025-06-12,0.27940,0.28218,0.26988,0.27172,800402199,2025-06-12 23:59:59.999,219907323.53692,460622,391109875,107546972.44586,0
2025-06-13,0.27173,0.27410,0.26666,0.26950,671096763,2025-06-13 23:59:59.999,181496134.60630,449073,322147565,87168552.03702,0
2025-06-14,0.26949,0.27202,0.26834,0.27091,223365739,2025-06-14 23:59:59.999,60282013.62694,226178,112572590,30385240.81435,0
2025-06-15,0.27092,0.27411,0.26999,0.27373,178046705,2025-06-15 23:59:59.999,48435190.64867,195444,91472608,24891898.85089,0
2025-06-16,0.27372,0.29549,0.26955,0.27386,2001093766,2025-06-16 23:59:59.999,559927123.63573,953136,966156692,270399295.35818,0
2025-06-17,0.27386,0.27968,0.26994,0.27122,635098220,2025-06-17 23:59:59.999,174633404.88360,471897,295961111,81423057.19949,0
2025-06-18,0.27122,0.27482,0.26728,0.27284,388802826,2025-06-18 23:59:59.999,105455021.42709,334827,188542158,51147560.28887,0
2025-06-19,0.27284,0.27621,0.27191,0.27460,249276256,2025-06-19 23:59:59.999,68299899.60178,254642,117804917,32282334.73378,0
2025-06-20,0.27460,0.27566,0.26994,0.27203,380138677,2025-06-20 23:59:59.999,103860776.01100,295302,182719851,49931581.62130,0
2025-06-21,0.27203,0.27490,0.26865,0.27087,326548613,2025-06-21 23:59:59.999,89028913.09282,262548,158079663,43110070.25161,0
2025-06-22,0.27087,0.27367,0.25844,0.26323,746005875,2025-06-22 23:59:59.999,199164624.48919,503309,354272937,94591127.45332,0
2025-06-23,0.26323,0.27367,0.26304,0.27248,567235932,2025-06-23 23:59:59.999,152561492.76137,420209,291336836,78377747.59935,0
2025-06-24,0.27249,0.27469,0.27017,0.27360,308653042,2025-06-24 23:59:59.999,84167588.92364,290794,155446199,42398649.31767,0
2025-06-25,0.27359,0.27500,0.27015,0.27300,285618179,2025-06-25 23:59:59.999,77819327.01726,254550,139089086,37900245.25311,0
2025-06-26,0.27300,0.27454,0.27013,0.27080,291423297,2025-06-26 23:59:59.999,79163791.39962,262335,140840505,38259737.42484,0
2025-06-27,0.27080,0.27345,0.27039,0.27307,211000662,2025-06-27 23:59:59.999,57335613.33276,212138,103892610,28234780.97323,0
2025-06-28,0.27306,0.27670,0.27270,0.27461,214190549,2025-06-28 23:59:59.999,58763453.31728,205914,106240597,29148842.51401,0
2025-06-29,0.27461,0.27685,0.27433,0.27682,189200953,2025-06-29 23:59:59.999,52130999.36054,196643,94375730,26005598.98176,0
2025-06-30,0.27682,0.28063,0.27577,0.27963,252375316,2025-06-30 23:59:59.999,70095317.36789,249946,114798911,31898197.12826,0
2025-07-01,0.27964,0.28022,0.27753,0.27870,185406799,2025-07-01 23:59:59.999,51677798.60206,204399,84790767,23635123.88625,0
2025-07-02,0.27870,0.28516,0.27813,0.28440,314288349,2025-07-02 23:59:59.999,88513424.86519,284163,163076215,45928593.33958,0
2025-07-03,0.28440,0.28744,0.28135,0.28680,312625695,2025-07-03 23:59:59.999,88906099.36294,287423,147216015,41872328.06050,0
2025-07-04,0.28680,0.28793,0.28086,0.28254,281048058,2025-07-04 23:59:59.999,79979225.67282,263817,130680988,37177755.18411,0
2025-07-05,0.28253,0.28496,0.28155,0.28293,137955501,2025-07-05 23:59:59.999,39077964.76828,177344,69117306,19577460.22673,0
2025-07-06,0.28293,0.28742,0.28241,0.28687,163796133,2025-07-06 23:59:59.999,46632187.10204,194657,83724310,23835992.35945,0
2025-07-07,0.28687,0.28881,0.28514,0.28654,193382002,2025-07-07 23:59:59.999,55477847.14782,215623,88764074,25468166.80751,0
2025-07-08,0.28653,0.28939,0.28563,0.28721,174449750,2025-07-08 23:59:59.999,50026210.65014,201289,93913085,26936109.59971,0
2025-07-09,0.28722,0.29002,0.28630,0.28957,200430068,2025-07-09 23:59:59.999,57740782.75277,199394,99620481,28699941.60210,0
2025-07-10,0.28957,0.29402,0.28926,0.29385,268788912,2025-07-10 23:59:59.999,78258264.18348,230816,145900849,42490910.91165,0
2025-07-11,0.29385,0.30405,0.29307,0.30128,530466357,2025-07-11 23:59:59.999,158168783.12836,387066,264210943,78769571.96750,0
2025-07-12,0.30128,0.30712,0.29710,0.30228,607027629,2025-07-12 23:59:59.999,183338628.90387,389919,295086816,89128511.68071,0
2025-07-13,0.30228,0.30500,0.29966,0.30269,267654147,2025-07-13 23:59:59.999,80926655.92692,243569,135792648,41064577.74113,0
2025-07-14,0.30269,0.30506,0.29900,0.30247,486248300,2025-07-14 23:59:59.999,146841182.70914,371843,229397334,69304951.32735,0
2025-07-15,0.30247,0.30297,0.29489,0.30038,458777145,2025-07-15 23:59:59.999,137198012.09836,336100,214915190,64265302.97100,0
2025-07-16,0.30038,0.31026,0.29976,0.30983,416537813,2025-07-16 23:59:59.999,126639679.35015,310716,226284308,68848765.87602,0
2025-07-17,0.30984,0.31940,0.30764,0.31557,736977138,2025-07-17 23:59:59.999,230954486.61162,490635,356011249,111577697.00120,0
2025-07-18,0.31557,0.33485,0.31539,0.32612,1078836673,2025-07-18 23:59:59.999,352878332.65684,721408,529432504,173200890.49948,0
2025-07-19,0.32613,0.32790,0.31686,0.31776,558856370,2025-07-19 23:59:59.999,180482816.26590,382582,257421445,83136326.50733,0
2025-07-20,0.31777,0.32064,0.31161,0.31397,475872463,2025-07-20 23:59:59.999,150990422.79635,360849,231313481,73449142.53105,0
2025-07-21,0.31397,0.31923,0.31074,0.31436,671632940,2025-07-21 23:59:59.999,211136081.40968,441584,328790548,103396718.88530,0
2025-07-22,0.31436,0.31649,0.30583,0.31603,721377077,2025-07-22 23:59:59.999,225051333.31515,438712,354199982,110574552.70442,0
2025-07-23,0.31603,0.31901,0.30478,0.30945,873217769,2025-07-23 23:59:59.999,273000733.37743,491528,397604940,124275904.71030,0
2025-07-24,0.30945,0.31588,0.30021,0.31375,849434315,2025-07-24 23:59:59.999,262487169.17553,541760,426895145,131924537.13825,0
2025-07-25,0.31376,0.31786,0.31055,0.31701,793954692,2025-07-25 23:59:59.999,249516142.75560,427967,391156937,122973883.62496,0
2025-07-26,0.31701,0.32081,0.31614,0.32002,311960000,2025-07-26 23:59:59.999,99276693.11826,229351,159799031,50864417.91661,0
2025-07-27,0.32003,0.32304,0.31874,0.31990,323306051,2025-07-27 23:59:59.999,103756892.39994,249492,157743589,50626135.09618,0
2025-07-28,0.31990,0.32823,0.31902,0.32240,553171493,2025-07-28 23:59:59.999,178791429.98247,351971,266694038,86215750.30138,0
2025-07-29,0.32241,0.35135,0.32115,0.33845,1911352096,2025-07-29 23:59:59.999,645479002.47181,1012915,996511222,336391207.19272,0
2025-07-30,0.33845,0.34037,0.31984,0.32734,1124086740,2025-07-30 23:59:59.999,371000660.81792,653703,524950918,173163730.04307,0
2025-07-31,0.32734,0.32982,0.32370,0.32478,444204694,2025-07-31 23:59:59.999,145292995.60929,387555,220801720,72243036.50529,0
2025-08-01,0.32478,0.32857,0.32092,0.32333,663308224,2025-08-01 23:59:59.999,215763699.18305,549608,331909832,107972742.74211,0
2025-08-02,0.32334,0.32892,0.31832,0.32191,575695870,2025-08-02 23:59:59.999,186591691.87088,449156,280570630,90953768.60691,0
2025-08-03,0.32191,0.32819,0.32025,0.32741,346507065,2025-08-03 23:59:59.999,112555437.46369,328760,177683792,57729667.97973,0
2025-08-04,0.32742,0.33326,0.32686,0.33271,294681847,2025-08-04 23:59:59.999,97367956.39784,315102,156463228,51689480.82089,0
2025-08-05,0.33272,0.33505,0.32932,0.33371,379246738,2025-08-05 23:59:59.999,126089531.80890,337579,172515294,57368508.76966,0
2025-08-06,0.33371,0.33792,0.33114,0.33715,379510993,2025-08-06 23:59:59.999,126858376.64704,334992,195619150,65405876.03430,0
2025-08-07,0.33715,0.34153,0.33642,0.33831,469774540,2025-08-07 23:59:59.999,159269940.17438,358338,232551503,78844338.16916,0
2025-08-08,0.33831,0.33994,0.33451,0.33764,463951597,2025-08-08 23:59:59.999,156795094.45950,361893,224385222,75858263.57475,0
2025-08-09,0.33764,0.33889,0.33468,0.33492,280851220,2025-08-09 23:59:59.999,94515925.50601,265169,124906857,42039305.97669,0
2025-08-10,0.33492,0.34226,0.33476,0.33807,436552958,2025-08-10 23:59:59.999,148151584.16975,332208,216098088,73329240.85845,0
2025-08-11,0.33808,0.34602,0.33782,0.34498,501349170,2025-08-11 23:59:59.999,171516946.71920,377688,265559983,90857881.64334,0
2025-08-12,0.34498,0.35397,0.34406,0.35238,512838099,2025-08-12 23:59:59.999,178509593.72934,407000,266682681,92865688.67204,0
2025-08-13,0.35239,0.36267,0.35162,0.36210,450627004,2025-08-13 23:59:59.999,161159933.82595,400727,225788857,80738071.64656,0
2025-08-14,0.36211,0.37038,0.35000,0.35757,1128778411,2025-08-14 23:59:59.999,408687661.12042,688159,531980813,192752758.18622,0
2025-08-15,0.35758,0.36192,0.34782,0.35242,729757434,2025-08-15 23:59:59.999,259296159.77085,507137,358580181,127427151.16982,0
2025-08-16,0.35242,0.35474,0.34478,0.34771,429161681,2025-08-16 23:59:59.999,149885933.86920,325251,205289832,71693515.25176,0
2025-08-17,0.34771,0.35518,0.34694,0.35325,342644774,2025-08-17 23:59:59.999,120496295.45343,299578,185768966,65332570.96452,0
2025-08-18,0.35325,0.35414,0.34388,0.35019,550397103,2025-08-18 23:59:59.999,191818329.34570,375330,259602174,90494759.19113,0
2025-08-19,0.35018,0.35278,0.34531,0.34731,666304309,2025-08-19 23:59:59.999,232603458.58552,409311,320165976,111783473.29540,0
2025-08-20,0.34731,0.35536,0.34573,0.35435,619888878,2025-08-20 23:59:59.999,216698500.20474,369579,319268244,111635512.73520,0
2025-08-21,0.35436,0.35743,0.35033,0.35350,519565708,2025-08-21 23:59:59.999,183528949.28733,326846,263806504,93212950.84019,0
2025-08-22,0.35351,0.36745,0.35309,0.36665,610858166,2025-08-22 23:59:59.999,219394051.87533,437581,323603961,116298858.51204,0
2025-08-23,0.36666,0.36714,0.35988,0.36226,419397847,2025-08-23 23:59:59.999,152134228.92290,335610,194413376,70518369.17591,0
2025-08-24,0.36226,0.36872,0.36079,0.36123,451205124,2025-08-24 23:59:59.999,164498330.34050,365756,219768233,80139825.62912,0
2025-08-25,0.36123,0.36149,0.34125,0.34141,737233908,2025-08-25 23:59:59.999,259209581.49225,499069,338933731,119225590.82081,0
2025-08-26,0.34141,0.35293,0.33836,0.35169,587667571,2025-08-26 23:59:59.999,203662493.65860,409398,302605473,104864290.59560,0
2025-08-27,0.35168,0.35168,0.34440,0.34487,422018694,2025-08-27 23:59:59.999,147246819.05727,317187,198727125,69339952.77369,0
2025-08-28,0.34487,0.34976,0.34203,0.34493,366859415,2025-08-28 23:59:59.999,126823530.63567,288140,185438098,64111182.46529,0
2025-08-29,0.34493,0.34577,0.33304,0.33842,535425497,2025-08-29 23:59:59.999,181123161.91439,353277,260587865,88137349.98743,0
2025-08-30,0.33842,0.34067,0.33567,0.33894,232780859,2025-08-30 23:59:59.999,78813812.08926,206801,119006760,40294319.49832,0
2025-08-31,0.33894,0.34385,0.33894,0.34076,212331396,2025-08-31 23:59:59.999,72575896.48586,206321,106730145,36484100.24736,0
2025-09-01,0.34076,0.34143,0.33359,0.33706,442550696,2025-09-01 23:59:59.999,149478177.83521,303525,208538234,70451736.18524,0
2025-09-02,0.33706,0.34063,0.33488,0.33785,331920415,2025-09-02 23:59:59.999,112114706.08444,258868,163964622,55389518.63901,0
2025-09-03,0.33785,0.34183,0.33631,0.34035,199750626,2025-09-03 23:59:59.999,67735318.71079,213588,103687780,35166831.99464,0
2025-09-04,0.34035,0.34151,0.33331,0.33428,288714589,2025-09-04 23:59:59.999,97259802.26872,238303,136728931,46071555.70323,0
2025-09-05,0.33428,0.33911,0.32999,0.33108,404491336,2025-09-05 23:59:59.999,135146788.00556,309548,196164545,65584250.17326,0
2025-09-06,0.33107,0.33213,0.29710,0.31384,997953626,2025-09-06 23:59:59.999,316036126.80901,624759,457795530,145041855.81625,0
2025-09-07,0.31384,0.33140,0.30995,0.33104,878315104,2025-09-07 23:59:59.999,285741135.51552,634390,461625827,150162738.95628,0
2025-09-08,0.33103,0.33578,0.32904,0.33103,444486687,2025-09-08 23:59:59.999,147581828.74748,355449,218425255,72536400.32711,0
2025-09-09,0.33103,0.34240,0.32947,0.33492,503519586,2025-09-09 23:59:59.999,168765087.84891,372846,267816205,89761613.19814,0
2025-09-10,0.33493,0.34008,0.33430,0.33815,233702643,2025-09-10 23:59:59.999,78829782.20491,252301,116810495,39400507.70902,0
2025-09-11,0.33815,0.34801,0.33777,0.34607,335831294,2025-09-11 23:59:59.999,115623730.83584,298341,177254757,61004944.24026,0
2025-09-12,0.34607,0.35260,0.34604,0.35251,276273017,2025-09-12 23:59:59.999,96439891.38479,234006,146008288,50989816.33075,0
2025-09-13,0.35251,0.35489,0.34723,0.34962,272137344,2025-09-13 23:59:59.999,95626725.74475,222918,126459232,44438848.44593,0
2025-09-14,0.34962,0.35185,0.34620,0.34820,245885290,2025-09-14 23:59:59.999,85833274.52738,217544,124675219,43529385.52769,0
2025-09-15,0.34820,0.35200,0.34197,0.34464,400874990,2025-09-15 23:59:59.999,138784906.26015,268553,205241395,71082291.90592,0
2025-09-16,0.34464,0.34707,0.33924,0.34213,383267805,2025-09-16 23:59:59.999,131502264.37841,246282,186126613,63905277.85441,0
2025-09-17,0.34213,0.34455,0.33833,0.34293,337991846,2025-09-17 23:59:59.999,115250121.73882,260124,166416862,56761553.47114,0
2025-09-18,0.34293,0.35222,0.34230,0.35047,361848228,2025-09-18 23:59:59.999,125657363.07484,260117,198616184,68990373.04841,0
2025-09-19,0.35047,0.35266,0.34281,0.34358,352754400,2025-09-19 23:59:59.999,122392293.06326,246060,170172337,59062368.96957,0
2025-09-20,0.34358,0.34817,0.34254,0.34648,219474762,2025-09-20 23:59:59.999,75997682.70481,184951,118690180,41098262.38573,0
2025-09-21,0.34648,0.34668,0.34124,0.34223,230046883,2025-09-21 23:59:59.999,79094407.82196,178530,110330859,37945089.53673,0
2025-09-22,0.34223,0.34296,0.32962,0.33981,566548166,2025-09-22 23:59:59.999,191657554.39295,381777,294548629,99628371.33433,0
2025-09-23,0.33980,0.34252,0.33406,0.33569,316643150,2025-09-23 23:59:59.999,106905421.96747,258181,156318878,52778220.88011,0
2025-09-24,0.33570,0.33935,0.33421,0.33796,260794684,2025-09-24 23:59:59.999,87935049.66785,202330,138628103,46748133.17143,0
2025-09-25,0.33797,0.33842,0.32968,0.33178,412132399,2025-09-25 23:59:59.999,137581850.79594,314460,209147500,69825093.57468,0
2025-09-26,0.33179,0.33849,0.33165,0.33825,330070596,2025-09-26 23:59:59.999,110430169.61924,256123,178330799,59671920.63403,0
2025-09-27,0.33826,0.33985,0.33534,0.33634,158206105,2025-09-27 23:59:59.999,53368358.51961,155040,83581650,28201665.08749,0
2025-09-28,0.33634,0.33721,0.33380,0.33552,176934332,2025-09-28 23:59:59.999,59355854.38184,163193,90323874,30302152.81474,0
2025-09-29,0.33552,0.33754,0.33210,0.33672,236242368,2025-09-29 23:59:59.999,79114968.09234,217973,121016447,40535115.79052,0
2025-09-30,0.33673,0.33774,0.33111,0.33345,252524049,2025-09-30 23:59:59.999,84497621.98054,230436,128086608,42869514.56876,0
2025-10-01,0.33346,0.34228,0.33282,0.34148,278587312,2025-10-01 23:59:59.999,94085909.23946,255815,153433622,51824229.48930,0
2025-10-02,0.34147,0.34394,0.34070,0.34248,218254368,2025-10-02 23:59:59.999,74611538.70142,202506,103614627,35429824.68799,0
2025-10-03,0.34249,0.34576,0.34083,0.34176,284887819,2025-10-03 23:59:59.999,97718928.41709,223194,139980589,48022642.53246,0
2025-10-04,0.34176,0.34229,0.33902,0.34026,150110486,2025-10-04 23:59:59.999,51097127.54176,156577,68860962,23440847.66158,0
2025-10-05,0.34027,0.34421,0.33943,0.34128,187098564,2025-10-05 23:59:59.999,63931618.07549,170156,91650866,31313377.51196,0
2025-10-06,0.34127,0.34728,0.34020,0.34612,314664258,2025-10-06 23:59:59.999,108273825.23880,221416,164420294,56584898.48474,0
2025-10-07,0.34613,0.34715,0.33692,0.33758,330376675,2025-10-07 23:59:59.999,112913794.25606,252065,150770387,51543251.40888,0
2025-10-08,0.33759,0.34254,0.33603,0.34195,268991603,2025-10-08 23:59:59.999,90980649.47243,228500,144228341,48799507.92860,0
2025-10-09,0.34196,0.34224,0.33387,0.33685,305874261,2025-10-09 23:59:59.999,103204276.70737,241187,145550184,49099833.17949,0
2025-10-10,0.33684,0.33714,0.29673,0.32050,903656663,2025-10-10 23:59:59.999,292269411.38980,604246,415433610,134509341.12923,0
2025-10-11,0.32049,0.32081,0.31118,0.31412,458581781,2025-10-11 23:59:59.999,145603813.61647,361842,220254865,69931766.75449,0
2025-10-12,0.31412,0.32388,0.31042,0.32263,437681416,2025-10-12 23:59:59.999,139180917.52740,303141,222900021,70859761.04513,0
2025-10-13,0.32262,0.32418,0.31905,0.32234,324978083,2025-10-13 23:59:59.999,104626799.28674,256871,158382714,50999604.22313,0
2025-10-14,0.32235,0.32287,0.30712,0.31655,610515982,2025-10-14 23:59:59.999,191680202.91463,423459,294535737,92421086.92314,0
2025-10-15,0.31656,0.32140,0.31112,0.31912,461373741,2025-10-15 23:59:59.999,146016368.28292,327959,232184413,73480662.27841,0
2025-10-16,0.31912,0.32343,0.31284,0.31590,486172808,2025-10-16 23:59:59.999,155164087.08778,366080,240609680,76818195.04308,0
