open_time,Open,High,Low,Close,volume,close_time,quote_asset_volume,number_of_trades,taker_buy_base_asset_volume,taker_buy_quote_asset_volume,ignore
2020-10-18,0.2407,0.2437,0.2401,0.2422,81171696.3,2020-10-18 23:59:59.999,19652616.68160,315058,37890553.4,9175929.41838,0
2020-10-19,0.2422,0.2497,0.2401,0.2457,264667127.0,2020-10-19 23:59:59.999,65056617.02350,296504,130473025.9,32064188.58766,0
2020-10-20,0.2457,0.2507,0.2413,0.2434,292779445.1,2020-10-20 23:59:59.999,71808700.17434,296876,134425884.3,32977337.09227,0
2020-10-21,0.2434,0.2558,0.2427,0.2511,423826557.4,2020-10-21 23:59:59.999,105829107.10751,332751,207140665.5,51732728.24332,0
2020-10-22,0.2512,0.2641,0.2000,0.2572,533089178.4,2020-10-22 23:59:59.999,137683896.37384,337515,243143294.0,62940204.47094,0
2020-10-23,0.2572,0.2596,0.2501,0.2552,274045745.0,2020-10-23 23:59:59.999,70016680.52091,308320,125710157.8,32139345.31149,0
2020-10-24,0.2552,0.2579,0.2527,0.2564,138482822.9,2020-10-24 23:59:59.999,35393600.37928,312689,63032997.5,16120155.41678,0
2020-10-25,0.2564,0.2573,0.2507,0.2534,121134421.3,2020-10-25 23:59:59.999,30712260.53703,308863,54050717.2,13708250.91179,0
2020-10-26,0.2534,0.2594,0.2433,0.2481,281495690.0,2020-10-26 23:59:59.999,70806091.34273,307876,127173619.3,32013131.75945,0
2020-10-27,0.2481,0.2543,0.2475,0.2526,202808883.4,2020-10-27 23:59:59.999,50953944.71560,292067,91299224.1,22942212.49174,0
2020-10-28,0.2526,0.2568,0.2443,0.2454,252472101.0,2020-10-28 23:59:59.999,62907684.34245,313845,117447101.5,29280081.96447,0
2020-10-29,0.2454,0.2471,0.2390,0.2424,191061959.2,2020-10-29 23:59:59.999,46568587.50436,303123,88371025.1,21556212.73327,0
2020-10-30,0.2424,0.2440,0.2290,0.2388,247709246.2,2020-10-30 23:59:59.999,58690455.35943,315132,112531011.3,26688247.35143,0
2020-10-31,0.2388,0.2435,0.2373,0.2396,115291783.6,2020-10-31 23:59:59.999,27708148.93527,317760,57654907.9,13855844.60114,0
2020-11-01,0.2395,0.2415,0.2363,0.2398,95482701.0,2020-11-01 23:59:59.999,22825930.52595,300133,44922340.9,10746497.59974,0
2020-11-02,0.2398,0.2449,0.2324,0.2353,204654753.0,2020-11-02 23:59:59.999,48656349.62565,287839,97431984.1,23176075.71909,0
2020-11-03,0.2353,0.2442,0.2273,0.2394,388482925.3,2020-11-03 23:59:59.999,91998299.75943,320693,189475244.0,44905860.35169,0
2020-11-04,0.2394,0.2405,0.2318,0.2373,285619024.3,2020-11-04 23:59:59.999,67509027.84735,268630,134807891.0,31873997.81280,0
2020-11-05,0.2373,0.2474,0.2368,0.2456,329013692.7,2020-11-05 23:59:59.999,79644910.85123,291838,160548047.0,38887892.56998,0
2020-11-06,0.2457,0.2618,0.2410,0.2588,600485180.5,2020-11-06 23:59:59.999,153170800.44756,319300,283972352.3,72490607.36389,0
2020-11-07,0.2588,0.2681,0.2439,0.2490,574622772.7,2020-11-07 23:59:59.999,147830024.88551,350446,263978777.2,67985279.46800,0
2020-11-08,0.2489,0.2571,0.2471,0.2538,188656630.0,2020-11-08 23:59:59.999,47725043.20263,275119,89298515.9,22597217.33028,0
2020-11-09,0.2538,0.2562,0.2455,0.2507,280563259.6,2020-11-09 23:59:59.999,70385999.62058,258726,128787856.2,32321375.47832,0
2020-11-10,0.2508,0.2650,0.2480,0.2543,534189809.7,2020-11-10 23:59:59.999,137083729.39829,334167,252631919.8,64836373.23525,0
2020-11-11,0.2542,0.2602,0.2526,0.2560,308608289.8,2020-11-11 23:59:59.999,79280145.08006,279912,143759658.4,36949130.80189,0
2020-11-12,0.2560,0.2584,0.2523,0.2551,223950750.2,2020-11-12 23:59:59.999,57196665.71771,262573,105518058.3,26960115.51517,0
2020-11-13,0.2551,0.2662,0.2535,0.2662,385196165.1,2020-11-13 23:59:59.999,100198541.88635,299766,194297044.1,50576956.13307,0
2020-11-14,0.2662,0.2778,0.2614,0.2683,655267307.0,2020-11-14 23:59:59.999,176214054.75121,394484,309771994.9,83359650.12913,0
2020-11-15,0.2684,0.2771,0.2642,0.2700,445996344.8,2020-11-15 23:59:59.999,121241347.45157,339173,207086348.8,56334103.32779,0
2020-11-16,0.2699,0.2907,0.2675,0.2885,575171599.0,2020-11-16 23:59:59.999,161278974.39267,388480,282224344.6,79206073.64896,0
2020-11-17,0.2885,0.3056,0.2875,0.3030,849461147.6,2020-11-17 23:59:59.999,254012595.34668,462584,410484733.3,122771881.18306,0
2020-11-18,0.3030,0.3094,0.2802,0.2934,826123227.7,2020-11-18 23:59:59.999,243164849.46418,413443,391335326.1,115258143.72412,0
2020-11-19,0.2934,0.3074,0.2840,0.3040,608825913.4,2020-11-19 23:59:59.999,180769730.08829,312012,292225252.0,86811053.41526,0
2020-11-20,0.3040,0.3321,0.2967,0.3306,859783327.1,2020-11-20 23:59:59.999,269078995.88151,405508,411367132.6,128811364.20846,0
2020-11-21,0.3307,0.4719,0.3299,0.4639,4161181321.7,2020-11-21 23:59:59.999,1671895950.72827,1785677,2027835650.2,815645105.11303,0
2020-11-22,0.4638,0.4980,0.4032,0.4465,4784693689.4,2020-11-22 23:59:59.999,2151753126.79072,2473507,2279252157.3,1025782302.77853,0
2020-11-23,0.4465,0.6216,0.4322,0.6157,4820966608.5,2020-11-23 23:59:59.999,2518097503.31982,2510701,2343187456.0,1224599643.88386,0
2020-11-24,0.6155,0.7839,0.5666,0.6951,7118680241.7,2020-11-24 23:59:59.999,4758768274.38556,4363949,3416814214.5,2287306663.40561,0
2020-11-25,0.6954,0.7293,0.5816,0.6314,3747817638.2,2020-11-25 23:59:59.999,2479676873.39380,2673409,1769016586.4,1171464196.84818,0
2020-11-26,0.6312,0.6532,0.4555,0.5370,5253047285.9,2020-11-26 23:59:59.999,2784318431.84298,3430469,2536423942.5,1344621383.07869,0
2020-11-27,0.5370,0.5867,0.5033,0.5631,2689889110.8,2020-11-27 23:59:59.999,1456628081.42421,1936662,1321054408.6,715828850.86090,0
2020-11-28,0.5631,0.6492,0.5380,0.6258,2449006852.5,2020-11-28 23:59:59.999,1469715912.64286,1619887,1202555623.4,721991972.64214,0
2020-11-29,0.6257,0.6384,0.5828,0.6059,1843136542.0,2020-11-29 23:59:59.999,1126254428.22302,1403473,880633340.3,538519611.55919,0
2020-11-30,0.6059,0.6821,0.5970,0.6648,2454883493.3,2020-11-30 23:59:59.999,1568088963.72082,1778443,1186672976.9,758577531.83883,0
2020-12-01,0.6648,0.6836,0.5721,0.6114,2227499471.7,2020-12-01 23:59:59.999,1419902630.86603,1661697,1053981980.0,672537355.45879,0
2020-12-02,0.6114,0.6375,0.5952,0.6303,1088310424.9,2020-12-02 23:59:59.999,670359358.06713,908937,533052999.9,328506632.12149,0
2020-12-03,0.6303,0.6432,0.6154,0.6308,709543296.4,2020-12-03 23:59:59.999,445541439.06532,584752,337846930.9,212216199.88019,0
2020-12-04,0.6307,0.6354,0.5420,0.5534,1327098641.6,2020-12-04 23:59:59.999,780561560.23378,983470,630695501.1,370919917.48513,0
2020-12-05,0.5532,0.5964,0.5481,0.5853,866775215.3,2020-12-05 23:59:59.999,502896397.04780,654023,424884758.7,246467634.10909,0
2020-12-06,0.5854,0.6290,0.5793,0.6216,1426284817.9,2020-12-06 23:59:59.999,865909214.83265,936454,701273815.1,425943075.71188,0
2020-12-07,0.6216,0.6248,0.5905,0.6085,805089046.8,2020-12-07 23:59:59.999,490012567.06935,587193,376756552.4,229423492.46678,0
2020-12-08,0.6084,0.6110,0.5492,0.5587,1102552455.9,2020-12-08 23:59:59.999,643513774.24387,719126,513728298.6,300051423.13165,0
2020-12-09,0.5586,0.6053,0.5034,0.5826,2063874306.3,2020-12-09 23:59:59.999,1135011029.18022,1196441,1007196028.0,554065887.02441,0
2020-12-10,0.5824,0.5885,0.5512,0.5708,1342615175.1,2020-12-10 23:59:59.999,767193921.96217,918111,653823528.7,373856936.83516,0
2020-12-11,0.5709,0.5730,0.5074,0.5127,2255749210.7,2020-12-11 23:59:59.999,1230188452.10599,1326651,1096785424.1,598722233.84808,0
2020-12-12,0.5127,0.5478,0.4857,0.5065,2516812468.2,2020-12-12 23:59:59.999,1295787485.69954,1547394,1277817735.9,658716481.86112,0
2020-12-13,0.5065,0.5278,0.4856,0.5138,1434796898.0,2020-12-13 23:59:59.999,732717337.67851,914863,715151520.2,365341507.45862,0
2020-12-14,0.5138,0.5193,0.4888,0.4980,1015882610.1,2020-12-14 23:59:59.999,508899058.29858,700981,498655576.6,249952375.76843,0
2020-12-15,0.4980,0.5079,0.4642,0.4685,1373289067.5,2020-12-15 23:59:59.999,663169192.11766,896627,658773527.7,318159543.06440,0
2020-12-16,0.4684,0.5749,0.4370,0.5686,3423263210.1,2020-12-16 23:59:59.999,1693913722.13996,1815248,1709047695.2,846296502.74708,0
2020-12-17,0.5687,0.6584,0.5406,0.5777,5222853923.9,2020-12-17 23:59:59.999,3075617236.82293,2902682,2541264822.7,1496665990.10505,0
2020-12-18,0.5776,0.6142,0.5513,0.5843,2429505406.2,2020-12-18 23:59:59.999,1411385496.42179,1624545,1191837522.4,692618891.25644,0
2020-12-19,0.5841,0.6054,0.5656,0.5770,1332148122.9,2020-12-19 23:59:59.999,778031581.20570,977854,637159189.6,372258750.06695,0
2020-12-20,0.5772,0.5875,0.5311,0.5559,1216928819.6,2020-12-20 23:59:59.999,693768021.37685,875679,570058615.1,325366844.46180,0
2020-12-21,0.5558,0.5699,0.4985,0.5152,1767470421.7,2020-12-21 23:59:59.999,941981303.00055,1128987,859990224.5,458629555.18936,0
2020-12-22,0.5153,0.5227,0.4012,0.4452,3804407690.1,2020-12-22 23:59:59.999,1764498154.03546,2105186,1846685925.1,856914760.61522,0
2020-12-23,0.4451,0.4473,0.2111,0.2588,14985919736.8,2020-12-23 23:59:59.999,4817820921.12964,5981555,7461107741.9,2399306770.41426,0
2020-12-24,0.2588,0.3780,0.2371,0.3394,10024950862.9,2020-12-24 23:59:59.999,2817911940.89443,3747071,5111031894.8,1437949399.64049,0
2020-12-25,0.3394,0.3860,0.2759,0.3178,9733465764.2,2020-12-25 23:59:59.999,3233691656.81241,4495994,4880569532.9,1621845444.68207,0
2020-12-26,0.3178,0.3289,0.2831,0.2952,4310050186.2,2020-12-26 23:59:59.999,1314012576.31489,2153319,2146964647.3,655090002.63262,0
2020-12-27,0.2952,0.3124,0.2656,0.2844,3237396553.9,2020-12-27 23:59:59.999,941611399.34288,1717103,1594855894.7,464261612.11710,0
2020-12-28,0.2843,0.3113,0.2326,0.2473,3829241752.2,2020-12-28 23:59:59.999,1041694876.94107,1820195,1883551084.4,512153075.11670,0
2020-12-29,0.2475,0.2528,0.1707,0.2213,12899665671.3,2020-12-29 23:59:59.999,2755107460.97153,4732026,6588241381.3,1407511689.99785,0
2020-12-30,0.2214,0.2368,0.1910,0.2113,6560269868.8,2020-12-30 23:59:59.999,1387160204.97428,2509775,3324633294.3,703561590.56569,0
2020-12-31,0.2112,0.2295,0.2046,0.2196,3555598796.3,2020-12-31 23:59:59.999,771801107.53678,1481541,1776829757.5,385994069.34723,0
2021-01-01,0.2195,0.2516,0.2159,0.2377,3969333715.9,2021-01-01 23:59:59.999,937271706.71058,1582698,1962496732.5,463598639.28721,0
2021-01-02,0.2377,0.2385,0.2100,0.2210,2580820176.4,2021-01-02 23:59:59.999,585581007.63790,1163641,1267292678.8,287537470.30148,0
2021-01-03,0.2211,0.2402,0.2153,0.2265,2172269341.4,2021-01-03 23:59:59.999,488079363.23456,1019815,1043257161.2,234504215.26871,0
2021-01-04,0.2263,0.2630,0.2152,0.2361,3018635685.9,2021-01-04 23:59:59.999,711692144.96837,1335435,1451386437.6,342529016.26283,0
2021-01-05,0.2361,0.2433,0.2155,0.2258,2373323716.5,2021-01-05 23:59:59.999,542735199.25218,1045883,1152959371.0,263639605.03797,0
2021-01-06,0.2259,0.2744,0.2215,0.2489,3038120490.3,2021-01-06 23:59:59.999,739019817.02508,1301609,1478843145.9,360164275.89180,0
2021-01-07,0.2491,0.3722,0.2456,0.3243,7740961623.6,2021-01-07 23:59:59.999,2455077759.65052,3352441,3790374479.9,1202588222.54049,0
2021-01-08,0.3244,0.3499,0.2842,0.3206,4005453426.1,2021-01-08 23:59:59.999,1267251880.83178,1987982,1941063579.8,614471060.48437,0
2021-01-09,0.3209,0.3415,0.3063,0.3247,2292514479.9,2021-01-09 23:59:59.999,738157669.81128,1101218,1088444716.3,350615489.03656,0
2021-01-10,0.3247,0.3688,0.2872,0.3152,3199655747.9,2021-01-10 23:59:59.999,1058951681.85157,1552812,1528242754.9,506063404.47546,0
2021-01-11,0.3152,0.3171,0.2501,0.2877,3451973783.4,2021-01-11 23:59:59.999,964385951.60315,1802543,1691887423.4,472921308.37115,0
2021-01-12,0.2877,0.3110,0.2780,0.2928,1738204701.1,2021-01-12 23:59:59.999,511744496.63099,919720,836481484.6,246326735.39425,0
2021-01-13,0.2928,0.3109,0.2849,0.3059,1208709454.2,2021-01-13 23:59:59.999,360463691.03013,638157,589256479.4,175813986.85984,0
2021-01-14,0.3061,0.3097,0.2833,0.2970,1324252159.7,2021-01-14 23:59:59.999,391718658.28433,680431,648061856.5,191724113.33256,0
2021-01-15,0.2969,0.3043,0.2615,0.2803,1293159611.9,2021-01-15 23:59:59.999,366883403.24675,686361,614305190.9,174315609.01854,0
2021-01-16,0.2801,0.2976,0.2751,0.2797,966479844.0,2021-01-16 23:59:59.999,275530700.95984,587841,476055297.1,135762472.40517,0
2021-01-17,0.2796,0.2861,0.2688,0.2777,772816662.1,2021-01-17 23:59:59.999,214160401.31432,508313,377279251.7,104598613.72575,0
2021-01-18,0.2777,0.2896,0.2717,0.2857,785218817.4,2021-01-18 23:59:59.999,221186990.49147,496108,387243721.4,109127372.96068,0
2021-01-19,0.2858,0.3298,0.2845,0.2942,2002707295.5,2021-01-19 23:59:59.999,612259062.95639,924185,963851178.9,294774543.14291,0
2021-01-20,0.2943,0.3125,0.2796,0.2960,1384456147.7,2021-01-20 23:59:59.999,404795121.67770,758371,666308451.8,194990681.09218,0
2021-01-21,0.2960,0.3087,0.2597,0.2684,1481911012.8,2021-01-21 23:59:59.999,422365847.18563,787620,695476103.0,198431680.77125,0
2021-01-22,0.2683,0.2786,0.2387,0.2724,1208551246.7,2021-01-22 23:59:59.999,319791284.07515,692264,590521698.6,156315858.32327,0
2021-01-23,0.2724,0.2839,0.2657,0.2720,671514716.8,2021-01-23 23:59:59.999,184026112.99132,443888,322617318.5,88438945.50591,0
2021-01-24,0.2721,0.2783,0.2683,0.2739,506266833.2,2021-01-24 23:59:59.999,138510332.07155,373680,238731574.5,65343154.35147,0
2021-01-25,0.2739,0.2859,0.2667,0.2678,704289558.6,2021-01-25 23:59:59.999,194500942.38808,419159,332600863.2,91928744.46452,0
2021-01-26,0.2678,0.2713,0.2581,0.2686,516579916.7,2021-01-26 23:59:59.999,137356915.12008,305430,246964828.1,65690493.15707,0
2021-01-27,0.2686,0.2691,0.2440,0.2507,749040833.0,2021-01-27 23:59:59.999,190953230.62135,365712,352855086.7,90010199.13954,0
2021-01-28,0.2508,0.2705,0.2470,0.2645,605421817.6,2021-01-28 23:59:59.999,157213103.73745,335033,293460508.5,76218165.00292,0
2021-01-29,0.2645,0.3179,0.2601,0.2833,2741305541.4,2021-01-29 23:59:59.999,785163364.63179,1027506,1342860079.7,384764367.87412,0
2021-01-30,0.2833,0.5200,0.2778,0.4445,11680659562.7,2021-01-30 23:59:59.999,4607203582.83184,5199584,5747988800.5,2268966460.59199,0
2021-01-31,0.4448,0.5144,0.3884,0.4959,9867521095.6,2021-01-31 23:59:59.999,4547869727.09656,5217846,4860916336.0,2242648218.40391,0
2021-02-01,0.4959,0.7577,0.3600,0.3714,20031352048.6,2021-02-01 23:59:59.999,10723890905.09613,11216312,9802256023.0,5245145001.54970,0
2021-02-02,0.3716,0.4120,0.3400,0.3734,5080622188.3,2021-02-02 23:59:59.999,1912713263.44057,2539815,2487667192.0,937698216.76274,0
2021-02-03,0.3734,0.4200,0.3730,0.3980,2856599419.9,2021-02-03 23:59:59.999,1115417179.82259,1305014,1400332080.3,547007471.37001,0
2021-02-04,0.3979,0.4819,0.3800,0.4462,4293031635.1,2021-02-04 23:59:59.999,1810257934.33609,2005862,2079888144.0,877606104.69538,0
2021-02-05,0.4463,0.4735,0.4236,0.4535,2859549892.2,2021-02-05 23:59:59.999,1277698017.12320,1430585,1393075850.0,622758015.17181,0
2021-02-06,0.4534,0.4592,0.4260,0.4442,1568085592.8,2021-02-06 23:59:59.999,693427942.18029,727734,746399697.7,330221172.37594,0
2021-02-07,0.4441,0.4526,0.3878,0.4188,2064581819.8,2021-02-07 23:59:59.999,878460745.79039,938050,962874141.6,409736638.34953,0
2021-02-08,0.4188,0.4724,0.4131,0.4522,1730125643.9,2021-02-08 23:59:59.999,765016061.55634,816506,841145266.6,372018374.47895,0
2021-02-09,0.4523,0.4923,0.4500,0.4773,1974627674.3,2021-02-09 23:59:59.999,925104303.84563,918612,935650028.7,438496914.51307,0
2021-02-10,0.4772,0.5447,0.4400,0.5055,4177386964.8,2021-02-10 23:59:59.999,2091873874.90414,2124114,1997787665.2,1000958167.44679,0
2021-02-11,0.5055,0.5379,0.5009,0.5292,1748899485.4,2021-02-11 23:59:59.999,909324521.09123,913425,828014819.8,430689418.76718,0
2021-02-12,0.5291,0.6216,0.5204,0.6107,3173099691.5,2021-02-12 23:59:59.999,1820550463.07440,1676167,1537874983.5,882946702.22523,0
2021-02-13,0.6108,0.6460,0.5401,0.6348,3442443936.4,2021-02-13 23:59:59.999,2087576206.15009,1931300,1655601009.8,1004464445.37310,0
2021-02-14,0.6348,0.6428,0.5600,0.5935,2115541404.8,2021-02-14 23:59:59.999,1276437289.35128,1231703,1003708175.8,605871162.81114,0
2021-02-15,0.5935,0.6056,0.5000,0.5500,2664440095.4,2021-02-15 23:59:59.999,1490241885.66156,1492655,1271422377.2,711398189.78495,0
2021-02-16,0.5500,0.5814,0.4800,0.5203,2653177482.1,2021-02-16 23:59:59.999,1423323513.78936,1401588,1280199334.5,687429660.63837,0
2021-02-17,0.5202,0.5600,0.4930,0.5360,2034112211.0,2021-02-17 23:59:59.999,1083771338.58340,1030419,985090867.3,524929032.45094,0
2021-02-18,0.5361,0.5614,0.5186,0.5328,1286010664.4,2021-02-18 23:59:59.999,695313867.93545,679527,607512046.3,328625683.67101,0
2021-02-19,0.5330,0.5847,0.5128,0.5667,1792625220.9,2021-02-19 23:59:59.999,989184888.13469,923584,861978400.2,476060509.26143,0
2021-02-20,0.5666,0.5855,0.4684,0.5117,2010329977.1,2021-02-20 23:59:59.999,1094298235.97598,1176273,933761541.2,509470790.35735,0
2021-02-21,0.5118,0.5601,0.5030,0.5459,1662163078.9,2021-02-21 23:59:59.999,887224840.52758,973910,808797893.5,431720553.87625,0
2021-02-22,0.5460,0.6535,0.5076,0.5668,6412904082.4,2021-02-22 23:59:59.999,3719543875.69850,4093692,3115720938.3,1809244603.39080,0
2021-02-23,0.5669,0.5727,0.3523,0.4765,4758792739.8,2021-02-23 23:59:59.999,2236132040.47664,3627591,2306097027.4,1083761615.03490,0
2021-02-24,0.4765,0.5007,0.4512,0.4687,1587641244.6,2021-02-24 23:59:59.999,759356369.31103,863228,770255472.8,368416188.74765,0
2021-02-25,0.4688,0.4828,0.4242,0.4358,1095290122.6,2021-02-25 23:59:59.999,509110294.57712,562461,528245626.4,245728945.45087,0
2021-02-26,0.4356,0.4510,0.4102,0.4279,1454940409.9,2021-02-26 23:59:59.999,626305376.99973,789592,713268077.6,307191478.15978,0
2021-02-27,0.4281,0.4594,0.4268,0.4361,934914054.5,2021-02-27 23:59:59.999,412974472.74276,482419,451152657.6,199348836.81752,0
2021-02-28,0.4360,0.4391,0.3926,0.4159,1140906829.3,2021-02-28 23:59:59.999,472320310.19608,589329,548490391.7,227175603.81441,0
2021-03-01,0.4159,0.4549,0.4122,0.4458,871852479.9,2021-03-01 23:59:59.999,377226294.65951,441554,426395617.1,184469020.06916,0
2021-03-02,0.4459,0.4557,0.4222,0.4361,884158270.3,2021-03-02 23:59:59.999,387220927.96288,439837,422451310.7,185138312.89161,0
2021-03-03,0.4360,0.4691,0.4300,0.4486,918705249.5,2021-03-03 23:59:59.999,413886367.83129,459767,437220096.4,197013788.11035,0
2021-03-04,0.4489,0.4950,0.4332,0.4816,2087293991.9,2021-03-04 23:59:59.999,969769662.26523,1034335,1014387100.0,471732032.17200,0
2021-03-05,0.4816,0.4853,0.4460,0.4551,1149828360.1,2021-03-05 23:59:59.999,527852360.72739,619631,533587966.9,245016065.55021,0
2021-03-06,0.4551,0.4717,0.4494,0.4630,677081122.8,2021-03-06 23:59:59.999,311733043.15172,371827,321360049.8,148015533.91283,0
2021-03-07,0.4631,0.4696,0.4564,0.4660,484580276.3,2021-03-07 23:59:59.999,224757837.24895,265912,225068317.1,104435960.79419,0
2021-03-08,0.4661,0.4907,0.4552,0.4749,1137098838.0,2021-03-08 23:59:59.999,538547400.25129,557344,538126346.5,254974496.92298,0
2021-03-09,0.4749,0.4885,0.4714,0.4858,723233389.8,2021-03-09 23:59:59.999,347610686.54985,361079,341628566.0,164249954.57739,0
2021-03-10,0.4859,0.4901,0.4520,0.4621,1025882613.1,2021-03-10 23:59:59.999,480566399.48784,521165,465431865.7,218104067.19744,0
2021-03-11,0.4621,0.4649,0.4392,0.4527,848294260.1,2021-03-11 23:59:59.999,383887622.23717,453325,399812575.5,180994211.53413,0
2021-03-12,0.4526,0.4657,0.4216,0.4399,1030092042.6,2021-03-12 23:59:59.999,458963256.30899,523340,491495940.0,219000027.39556,0
2021-03-13,0.4399,0.4677,0.4323,0.4586,820249044.0,2021-03-13 23:59:59.999,370629108.80446,426988,398995142.3,180243809.22852,0
2021-03-14,0.4587,0.4624,0.4385,0.4394,621703932.3,2021-03-14 23:59:59.999,279903515.20335,329559,291028795.2,131078008.84082,0
2021-03-15,0.4394,0.4490,0.4226,0.4361,840041993.1,2021-03-15 23:59:59.999,366812579.10610,475186,399554185.6,174544089.17372,0
2021-03-16,0.4361,0.5213,0.4272,0.4607,2503504175.5,2021-03-16 23:59:59.999,1186616166.33313,1488095,1204474679.2,571090248.65618,0
2021-03-17,0.4608,0.4831,0.4533,0.4707,1089971210.3,2021-03-17 23:59:59.999,509651433.04149,600454,526390754.1,246236979.37431,0
2021-03-18,0.4708,0.4923,0.4649,0.4696,956080064.2,2021-03-18 23:59:59.999,455285738.89929,521430,449737309.1,214282573.26490,0
2021-03-19,0.4696,0.4760,0.4577,0.4668,585803706.7,2021-03-19 23:59:59.999,275138726.50278,353476,268811000.1,126306725.58734,0
2021-03-20,0.4669,0.5500,0.4651,0.5265,2412265850.3,2021-03-20 23:59:59.999,1230759445.37594,1232299,1175342342.8,599812711.91974,0
2021-03-21,0.5265,0.5479,0.4952,0.5176,1986704476.3,2021-03-21 23:59:59.999,1024842213.75216,1084997,950787159.4,490800739.86787,0
2021-03-22,0.5174,0.6014,0.5014,0.5449,4283380102.0,2021-03-22 23:59:59.999,2408341652.75778,2345500,2090648229.4,1176257609.01529,0
2021-03-23,0.5449,0.5980,0.5381,0.5501,2908331283.6,2021-03-23 23:59:59.999,1651006972.65556,1626898,1404093321.7,797452091.62224,0
2021-03-24,0.5500,0.5636,0.4485,0.4800,2150347117.8,2021-03-24 23:59:59.999,1119843477.42295,1227787,995865079.8,519374035.46449,0
2021-03-25,0.4801,0.5250,0.4552,0.5110,2242921852.4,2021-03-25 23:59:59.999,1105797006.13529,1214623,1092470196.0,538866296.80895,0
2021-03-26,0.5111,0.5776,0.5107,0.5638,1698485594.8,2021-03-26 23:59:59.999,930133836.48470,1000684,826837975.8,452867952.84688,0
2021-03-27,0.5638,0.5753,0.5343,0.5479,972560455.6,2021-03-27 23:59:59.999,538497507.19765,608781,456136762.4,252597607.85685,0
2021-03-28,0.5478,0.5614,0.5386,0.5463,655974765.9,2021-03-28 23:59:59.999,360540565.70294,424445,309667884.0,170279752.69437,0
2021-03-29,0.5463,0.5723,0.5434,0.5662,910653619.2,2021-03-29 23:59:59.999,510902846.61456,552013,436695467.9,245046205.69170,0
2021-03-30,0.5663,0.5892,0.5601,0.5629,1119023781.1,2021-03-30 23:59:59.999,640779415.82256,633349,531184212.6,304285046.84280,0
2021-03-31,0.5630,0.5783,0.5252,0.5708,1552269813.8,2021-03-31 23:59:59.999,857361831.42395,924054,750880654.3,415091448.51483,0
2021-04-01,0.5709,0.5998,0.5478,0.5714,1411453338.3,2021-04-01 23:59:59.999,803261758.22895,846389,668446870.2,380612131.38805,0
2021-04-02,0.5714,0.6124,0.5664,0.6078,1564087552.8,2021-04-02 23:59:59.999,920089787.45241,958256,755445956.2,444587518.02905,0
2021-04-03,0.6078,0.6430,0.5715,0.5790,2112863224.8,2021-04-03 23:59:59.999,1299044811.50834,1267360,991852562.6,610279271.92039,0
2021-04-04,0.5790,0.6368,0.5622,0.6353,1257810414.8,2021-04-04 23:59:59.999,752946502.45007,722421,606532394.4,363428008.94265,0
2021-04-05,0.6353,0.9421,0.6207,0.9176,8128449731.5,2021-04-05 23:59:59.999,6363079681.63292,5047606,4030622311.7,3154775439.71065,0
2021-04-06,0.9176,1.1240,0.8080,1.1005,10231148321.4,2021-04-06 23:59:59.999,9987504029.58167,7106794,5041924544.2,4926001123.32264,0
2021-04-07,1.1006,1.1144,0.8540,0.9180,7202256810.5,2021-04-07 23:59:59.999,6933048543.56410,4876269,3511361807.9,3379939978.93063,0
2021-04-08,0.9181,1.0753,0.9025,1.0588,3561143144.7,2021-04-08 23:59:59.999,3476414702.66448,2331768,1748633976.7,1707944491.07077,0
2021-04-09,1.0586,1.0876,0.9813,1.0192,2669286605.8,2021-04-09 23:59:59.999,2743732463.65186,1900860,1274201646.1,1310441857.01666,0
2021-04-10,1.0192,1.4063,1.0079,1.3762,7483995510.6,2021-04-10 23:59:59.999,9263536896.32333,5926580,3662358934.1,4530864662.73015,0
2021-04-11,1.3761,1.5057,1.3085,1.3563,5041750248.3,2021-04-11 23:59:59.999,7066466680.35252,4796121,2437552545.6,3418185199.31913,0
2021-04-12,1.3563,1.4778,1.3235,1.4706,2927171900.9,2021-04-12 23:59:59.999,4034675980.36383,2635018,1416651377.7,1954062558.49546,0
2021-04-13,1.4706,1.8950,1.4214,1.7993,6666710628.4,2021-04-13 23:59:59.999,11284293813.98425,6531701,3242743321.8,5490149059.09139,0
2021-04-14,1.7987,1.9770,1.5600,1.8385,6201505827.5,2021-04-14 23:59:59.999,11032393823.24671,6318377,2970855056.4,5285989278.31376,0
2021-04-15,1.8384,1.8948,1.6560,1.7599,3041510622.9,2021-04-15 23:59:59.999,5348555962.33145,3362562,1447574236.4,2546909818.23516,0
2021-04-16,1.7599,1.8177,1.4100,1.5515,4473213159.0,2021-04-16 23:59:59.999,7262376592.93785,4724790,2112911617.9,3432303364.96504,0
2021-04-17,1.5515,1.7450,1.5194,1.5409,2405146394.1,2021-04-17 23:59:59.999,3895936125.20586,3060963,1145783503.7,1857217784.80497,0
2021-04-18,1.5408,1.5677,1.1000,1.4105,5531419436.2,2021-04-18 23:59:59.999,7327612996.28168,5422914,2636341453.6,3493847363.66164,0
2021-04-19,1.4105,1.5310,1.2479,1.3100,4068853046.6,2021-04-19 23:59:59.999,5585371100.92664,4183203,1970213245.6,2705515513.19082,0
2021-04-20,1.3102,1.4490,1.1720,1.3863,3712371564.9,2021-04-20 23:59:59.999,4820390202.63912,3767461,1821580278.1,2365359004.55868,0
2021-04-21,1.3862,1.4676,1.2745,1.2912,2957369617.0,2021-04-21 23:59:59.999,4055054082.02768,3140446,1430280321.6,1962562112.92224,0
2021-04-22,1.2911,1.4224,1.0816,1.1557,4134473501.3,2021-04-22 23:59:59.999,5290677566.31656,4111889,2006898640.5,2570642515.49590,0
2021-04-23,1.1556,1.1979,0.8702,1.1703,7109315774.6,2021-04-23 23:59:59.999,7573479500.33869,5818780,3497878454.9,3728162611.85820,0
2021-04-24,1.1703,1.1724,1.0209,1.0503,2942016375.5,2021-04-24 23:59:59.999,3212073688.49698,2597456,1436877783.0,1568823962.97810,0
2021-04-25,1.0503,1.1576,0.9439,1.0356,3223836893.3,2021-04-25 23:59:59.999,3410583235.04800,2903062,1574778649.7,1666722794.82674,0
2021-04-26,1.0355,1.3766,1.0125,1.3644,5266672364.2,2021-04-26 23:59:59.999,6442511682.69980,4689799,2618349658.9,3203043039.29574,0
2021-04-27,1.3645,1.4671,1.3318,1.4039,4242028261.8,2021-04-27 23:59:59.999,5952206190.37900,3895411,2076512626.8,2915064857.53806,0
2021-04-28,1.4040,1.4499,1.2831,1.3594,3326625503.2,2021-04-28 23:59:59.999,4529158385.11853,3024112,1621961938.2,2208538068.27731,0
2021-04-29,1.3594,1.4222,1.3278,1.3985,2524827408.4,2021-04-29 23:59:59.999,3494484657.99338,2406568,1231865745.4,1705574266.63378,0
2021-04-30,1.3985,1.6400,1.3759,1.6019,3959585696.6,2021-04-30 23:59:59.999,6150493687.46453,3821681,1943655073.1,3017969917.43633,0
2021-05-01,1.6021,1.6686,1.5238,1.6531,1932460638.2,2021-05-01 23:59:59.999,3070439341.90727,2034967,932449632.6,1481995414.44899,0
2021-05-02,1.6531,1.6600,1.5238,1.5618,2071146175.6,2021-05-02 23:59:59.999,3272713750.63300,1997488,989820807.2,1564130048.84147,0
2021-05-03,1.5619,1.6248,1.4604,1.5582,1859212510.3,2021-05-03 23:59:59.999,2931557527.24096,1995877,864709079.1,1364239600.72890,0
2021-05-04,1.5582,1.5619,1.3189,1.3882,3761063811.6,2021-05-04 23:59:59.999,5405770220.75410,3447369,1777144106.5,2555195514.63396,0
2021-05-05,1.3882,1.6310,1.3657,1.6181,2905496120.3,2021-05-05 23:59:59.999,4428953346.24948,3086975,1418365940.2,2162732856.34639,0
2021-05-06,1.6182,1.7722,1.5048,1.6051,3481347490.3,2021-05-06 23:59:59.999,5792432941.83408,4154419,1642939627.9,2735186626.24011,0
2021-05-07,1.6052,1.6965,1.5056,1.5811,2164470279.4,2021-05-07 23:59:59.999,3455876933.51754,2637990,1029674224.3,1645376724.64998,0
2021-05-08,1.5812,1.6300,1.5410,1.5635,1208260730.6,2021-05-08 23:59:59.999,1913874373.83637,1529540,569324819.2,902011820.17757,0
2021-05-09,1.5636,1.6021,1.4100,1.5365,1478470922.4,2021-05-09 23:59:59.999,2242302913.29644,1908968,688019950.4,1044221027.75397,0
2021-05-10,1.5365,1.6298,1.2052,1.3909,2667721486.3,2021-05-10 23:59:59.999,3961941194.74804,3168099,1228606671.7,1827826248.56747,0
2021-05-11,1.3908,1.4903,1.3500,1.4808,1606411364.5,2021-05-11 23:59:59.999,2299181698.65083,2037852,770362087.4,1103024210.93125,0
2021-05-12,1.4808,1.5499,1.2305,1.2686,2372266296.6,2021-05-12 23:59:59.999,3372406601.36565,2800559,1103615444.5,1570599791.77409,0
2021-05-13,1.2685,1.3913,1.1858,1.3657,3015946491.2,2021-05-13 23:59:59.999,3930460272.55837,3550464,1456852985.5,1899505187.14918,0
2021-05-14,1.3657,1.4505,1.3224,1.4003,1472273665.2,2021-05-14 23:59:59.999,2036791398.74152,1987881,702582364.6,972206258.02148,0
2021-05-15,1.4003,1.5840,1.3221,1.4927,3374530149.2,2021-05-15 23:59:59.999,4926051157.03056,4688895,1642925728.3,2399665502.72875,0
2021-05-16,1.4928,1.6150,1.3386,1.4503,3107976997.4,2021-05-16 23:59:59.999,4649880520.34788,3944774,1491286866.4,2231895016.29176,0
2021-05-17,1.4500,1.5650,1.3257,1.4968,3653477169.1,2021-05-17 23:59:59.999,5369893676.44676,4410667,1758615164.3,2586289364.22749,0
2021-05-18,1.4968,1.7069,1.4725,1.5898,3970922682.7,2021-05-18 23:59:59.999,6285556548.06251,5494154,1922441135.9,3043299837.01367,0
2021-05-19,1.5896,1.6470,0.8311,1.0578,5716676592.4,2021-05-19 23:59:59.999,7381033614.66054,7175848,2696288807.0,3490780201.94014,0
2021-05-20,1.0579,1.2659,0.9018,1.1809,3749294710.7,2021-05-20 23:59:59.999,4259401481.41628,4430922,1822054501.2,2071563622.73106,0
2021-05-21,1.1809,1.2208,0.8647,1.0069,3295923799.0,2021-05-21 23:59:59.999,3473579987.73397,4147863,1595061513.3,1681306213.86987,0
2021-05-22,1.0068,1.0167,0.8152,0.9055,3195387354.0,2021-05-22 23:59:59.999,2909023704.26383,3585602,1584207837.3,1442751832.85738,0
2021-05-23,0.9056,0.9686,0.6500,0.7899,4936147613.4,2021-05-23 23:59:59.999,3804371574.38895,4763049,2441727855.2,1879656144.68863,0
2021-05-24,0.7899,0.9978,0.7534,0.9936,3497710011.8,2021-05-24 23:59:59.999,2998666014.50715,3479682,1750327185.9,1501168349.62825,0
2021-05-25,0.9935,1.0591,0.8807,0.9745,3578987774.5,2021-05-25 23:59:59.999,3439444094.96324,3795164,1768555380.4,1699913088.46453,0
2021-05-26,0.9744,1.0705,0.9460,1.0303,2455271318.8,2021-05-26 23:59:59.999,2478608660.57730,2765896,1191413201.3,1203157048.07181,0
2021-05-27,1.0304,1.0417,0.9303,0.9747,2016545036.1,2021-05-27 23:59:59.999,1995717034.07765,2483141,981792543.0,971894571.10085,0
2021-05-28,0.9750,0.9849,0.8457,0.8988,2660683942.4,2021-05-28 23:59:59.999,2393173193.94754,2986585,1297189987.7,1166383723.77714,0
2021-05-29,0.8991,0.9425,0.7920,0.8306,2238310976.2,2021-05-29 23:59:59.999,1925369596.65391,2483159,1097509520.1,944259340.84531,0
2021-05-30,0.8308,0.9332,0.7961,0.9047,2035377904.1,2021-05-30 23:59:59.999,1778953233.27486,2225606,1012147284.8,884233914.20526,0
2021-05-31,0.9048,1.0500,0.8800,1.0410,2963692599.0,2021-05-31 23:59:59.999,2895409786.42564,2982777,1458433932.4,1424950543.74188,0
2021-06-01,1.0410,1.1013,0.9742,1.0109,2727042533.9,2021-06-01 23:59:59.999,2803075052.99432,2763780,1308589623.9,1345390824.70625,0
2021-06-02,1.0109,1.0501,0.9791,1.0245,1515783139.7,2021-06-02 23:59:59.999,1544295787.90877,1715116,735392848.7,749348123.29582,0
2021-06-03,1.0247,1.0796,1.0067,1.0456,1493308403.9,2021-06-03 23:59:59.999,1549430981.60344,1681201,720652094.9,747858913.64868,0
2021-06-04,1.0455,1.0467,0.9156,0.9691,2016065742.1,2021-06-04 23:59:59.999,1943214402.01436,2206046,968419544.5,932834485.65657,0
2021-06-05,0.9690,0.9977,0.8902,0.9227,1574975231.2,2021-06-05 23:59:59.999,1493974342.86068,1727888,755295784.1,716555135.51879,0
2021-06-06,0.9227,0.9500,0.9166,0.9466,1084194136.0,2021-06-06 23:59:59.999,1013878531.99405,1244965,530870906.3,496554517.35064,0
2021-06-07,0.9466,0.9760,0.8351,0.8617,1710987741.5,2021-06-07 23:59:59.999,1588401830.93651,1782935,812519434.3,754991944.16024,0
2021-06-08,0.8617,0.8854,0.7825,0.8733,2586699763.9,2021-06-08 23:59:59.999,2189521986.90488,2209025,1290924876.4,1093126627.77825,0
2021-06-09,0.8732,0.9218,0.8296,0.9218,2106912262.6,2021-06-09 23:59:59.999,1831675315.41360,1931946,1046330302.8,909737828.45452,0
2021-06-10,0.9218,0.9298,0.8520,0.8692,1472399134.3,2021-06-10 23:59:59.999,1299091125.22143,1579056,719250840.6,634520847.32275,0
2021-06-11,0.8692,0.8809,0.8324,0.8471,1085145490.5,2021-06-11 23:59:59.999,932403261.66211,1504804,536019345.4,460693360.07720,0
2021-06-12,0.8471,0.8479,0.8048,0.8326,1074842516.6,2021-06-12 23:59:59.999,887324340.25528,1554059,536092329.6,442664436.64577,0
2021-06-13,0.8325,0.8880,0.8167,0.8836,997486928.1,2021-06-13 23:59:59.999,844853205.79112,1464464,495733927.8,420018264.64024,0
2021-06-14,0.8837,0.9300,0.8629,0.8902,1161811123.4,2021-06-14 23:59:59.999,1031081318.82116,1577059,556658981.2,494179685.87373,0
2021-06-15,0.8902,0.9019,0.8543,0.8665,1017168828.8,2021-06-15 23:59:59.999,894726494.74027,1525724,493992062.7,434598554.52506,0
2021-06-16,0.8664,0.8737,0.8251,0.8321,1027576651.1,2021-06-16 23:59:59.999,869571270.39911,1495196,487385494.7,412464220.00982,0
2021-06-17,0.8321,0.8617,0.8226,0.8415,917652740.3,2021-06-17 23:59:59.999,775771137.24230,1413558,446583447.0,377709150.72907,0
2021-06-18,0.8414,0.8455,0.7671,0.7971,1178348054.2,2021-06-18 23:59:59.999,955096586.64405,1572072,564289523.5,457742089.01176,0
2021-06-19,0.7971,0.8054,0.7550,0.7577,857820856.8,2021-06-19 23:59:59.999,676347987.70927,1347717,420238461.9,331550641.80379,0
2021-06-20,0.7577,0.7850,0.6955,0.7742,1637866418.9,2021-06-20 23:59:59.999,1209952116.32691,1825728,803488044.3,593812027.38705,0
2021-06-21,0.7742,0.7805,0.6033,0.6066,2855316318.3,2021-06-21 23:59:59.999,1946090882.12063,2485782,1390925062.2,948381087.13698,0
2021-06-22,0.6065,0.6496,0.5085,0.5464,3979211434.3,2021-06-22 23:59:59.999,2289183514.18425,2827662,1972680738.7,1135563487.47931,0
2021-06-23,0.5465,0.6658,0.5197,0.6380,2972971051.3,2021-06-23 23:59:59.999,1834123779.77263,2306472,1488626231.7,917837440.67015,0
2021-06-24,0.6380,0.6924,0.6158,0.6732,1988962955.7,2021-06-24 23:59:59.999,1298866677.27948,1681341,997039104.2,651229088.82252,0
2021-06-25,0.6733,0.6885,0.6015,0.6106,2208628763.6,2021-06-25 23:59:59.999,1412109608.34704,1907767,1079414436.9,690166280.40905,0
2021-06-26,0.6106,0.6326,0.5809,0.6159,1568689242.9,2021-06-26 23:59:59.999,946239504.89764,1501112,783567489.0,472770254.47511,0
2021-06-27,0.6159,0.6521,0.5956,0.6480,1431921556.6,2021-06-27 23:59:59.999,883433651.06771,1353752,708860980.8,437595715.18504,0
2021-06-28,0.6480,0.6569,0.6238,0.6439,1338738163.5,2021-06-28 23:59:59.999,858674607.55861,1273910,650430770.9,417288391.15032,0
2021-06-29,0.6439,0.7343,0.6411,0.7065,2105462072.8,2021-06-29 23:59:59.999,1464268962.70619,1788619,1053354576.1,732442043.86238,0
2021-06-30,0.7064,0.7147,0.6475,0.7057,1815268630.4,2021-06-30 23:59:59.999,1232698812.70047,1690476,883463050.9,600078948.51004,0
2021-07-01,0.7057,0.7059,0.6432,0.6590,1452811643.7,2021-07-01 23:59:59.999,967426416.48076,1427884,702408384.3,467655768.87307,0
2021-07-02,0.6590,0.6677,0.6324,0.6555,1143712519.7,2021-07-02 23:59:59.999,738187437.37692,1203199,562114848.9,362912576.08364,0
2021-07-03,0.6555,0.6849,0.6425,0.6728,1048339636.7,2021-07-03 23:59:59.999,699883768.96360,1067423,520390225.1,347405696.72160,0
2021-07-04,0.6729,0.7089,0.6652,0.6958,1049201792.1,2021-07-04 23:59:59.999,724370975.10499,948207,519176951.8,358409261.39172,0
2021-07-05,0.6958,0.6965,0.6436,0.6523,1267193291.7,2021-07-05 23:59:59.999,845281699.74843,1101209,607528927.5,405260324.05288,0
2021-07-06,0.6522,0.6797,0.6506,0.6647,1054646447.1,2021-07-06 23:59:59.999,701120898.62968,1074419,514332929.8,341994880.60243,0
2021-07-07,0.6646,0.6739,0.6490,0.6516,868221424.6,2021-07-07 23:59:59.999,577816747.01132,966379,421565666.2,280704678.46627,0
2021-07-08,0.6515,0.6539,0.6107,0.6216,1199604843.2,2021-07-08 23:59:59.999,751888628.42072,1196881,588553250.1,368838586.27276,0
2021-07-09,0.6215,0.6453,0.5911,0.6367,1266726151.6,2021-07-09 23:59:59.999,786174493.59521,1235404,626603767.6,388974242.79412,0
2021-07-10,0.6366,0.6490,0.6115,0.6247,852225921.3,2021-07-10 23:59:59.999,533697080.05162,992770,418353995.4,262027401.70938,0
2021-07-11,0.6247,0.6449,0.6166,0.6363,717737968.8,2021-07-11 23:59:59.999,451856874.13233,887618,352284981.9,221739381.66840,0
2021-07-12,0.6363,0.6571,0.6168,0.6285,1155672975.1,2021-07-12 23:59:59.999,736287204.09188,1133282,562377237.7,358449157.49004,0
2021-07-13,0.6284,0.6437,0.6081,0.6192,1165375632.8,2021-07-13 23:59:59.999,728029926.13450,1057012,565880035.0,353648416.62350,0
2021-07-14,0.6191,0.6250,0.5845,0.6197,1302095139.1,2021-07-14 23:59:59.999,791393694.30244,1179536,647002523.1,393316521.16669,0
2021-07-15,0.6197,0.6272,0.5870,0.5978,1084884286.4,2021-07-15 23:59:59.999,656741006.13336,1052756,515750437.3,312186573.13893,0
2021-07-16,0.5978,0.6195,0.5869,0.5894,1151717109.1,2021-07-16 23:59:59.999,690712601.46160,1098764,564264782.8,338493866.52983,0
2021-07-17,0.5894,0.5975,0.5566,0.5819,967686339.2,2021-07-17 23:59:59.999,562889284.61522,1006617,475565967.5,276770565.22551,0
2021-07-18,0.5820,0.6016,0.5702,0.5866,788922255.4,2021-07-18 23:59:59.999,463093565.08311,922811,391188399.0,229656743.75963,0
2021-07-19,0.5865,0.5888,0.5525,0.5569,987835050.5,2021-07-19 23:59:59.999,561189315.27434,1013076,480512143.0,273076367.21803,0
2021-07-20,0.5570,0.5698,0.5151,0.5283,1410066745.8,2021-07-20 23:59:59.999,749821438.56526,1153909,698453523.3,371341914.30991,0
2021-07-21,0.5282,0.5840,0.5187,0.5712,1421960896.6,2021-07-21 23:59:59.999,790463640.95995,1238704,709573816.4,394483966.87409,0
2021-07-22,0.5713,0.6030,0.5606,0.5921,1163215158.8,2021-07-22 23:59:59.999,675429177.25500,1071374,567831713.9,329786196.36790,0
2021-07-23,0.5921,0.6100,0.5751,0.6092,931417526.8,2021-07-23 23:59:59.999,552494710.17361,981236,455679436.1,270386038.70882,0
2021-07-24,0.6092,0.6204,0.5995,0.6082,770284442.6,2021-07-24 23:59:59.999,468267465.17458,840408,371638608.9,225937426.86712,0
2021-07-25,0.6082,0.6119,0.5905,0.6064,650623529.8,2021-07-25 23:59:59.999,390807199.04439,779932,318417459.9,191264706.53195,0
2021-07-26,0.6063,0.6792,0.6043,0.6233,1906668973.4,2021-07-26 23:59:59.999,1237403683.56718,1509615,925791594.6,600775544.22039,0
2021-07-27,0.6233,0.6527,0.6120,0.6448,1228547823.0,2021-07-27 23:59:59.999,778307997.50638,1088261,598186040.9,379011844.58961,0
2021-07-28,0.6448,0.7549,0.6305,0.7320,4356431300.0,2021-07-28 23:59:59.999,3105887760.45494,2965249,2153200097.8,1535789860.16502,0
2021-07-29,0.7322,0.7666,0.6971,0.7492,1966972078.0,2021-07-29 23:59:59.999,1411844354.92640,1430932,968806066.7,695705105.26789,0
2021-07-30,0.7491,0.7697,0.7117,0.7520,2082904468.4,2021-07-30 23:59:59.999,1542158657.71690,1537402,1006386763.5,745362150.55466,0
2021-07-31,0.7520,0.7595,0.7360,0.7464,1103131649.2,2021-07-31 23:59:59.999,825914492.03729,989003,525946160.1,393843009.23567,0
2021-08-01,0.7465,0.7783,0.7016,0.7242,1568200623.3,2021-08-01 23:59:59.999,1185044710.37580,1258774,734643675.5,555621394.54429,0
2021-08-02,0.7241,0.7739,0.7149,0.7381,1340924703.7,2021-08-02 23:59:59.999,998600916.41183,1098953,661006841.0,492346664.99312,0
2021-08-03,0.7382,0.7450,0.7006,0.7138,1208903247.8,2021-08-03 23:59:59.999,866784633.34770,1048178,584934777.0,419410091.09307,0
2021-08-04,0.7138,0.7399,0.6946,0.7314,979758765.7,2021-08-04 23:59:59.999,703831999.00672,927218,473949276.2,340613992.21828,0
2021-08-05,0.7315,0.7395,0.7007,0.7335,1054688971.6,2021-08-05 23:59:59.999,761330494.04994,947508,504580009.2,364319916.04786,0
2021-08-06,0.7335,0.7538,0.7225,0.7475,935722151.5,2021-08-06 23:59:59.999,690675721.35534,889072,449838352.6,332073009.74304,0
2021-08-07,0.7475,0.8200,0.7412,0.8170,1887630795.4,2021-08-07 23:59:59.999,1486769109.24445,1449187,908755230.7,715909475.72869,0
2021-08-08,0.8169,0.8427,0.7720,0.7796,1684108500.8,2021-08-08 23:59:59.999,1355575323.72656,1384986,802192237.6,645801589.57362,0
2021-08-09,0.7796,0.8291,0.7601,0.8178,1483273615.3,2021-08-09 23:59:59.999,1193187868.64535,1290901,713041630.9,573795230.94422,0
2021-08-10,0.8177,0.8632,0.8002,0.8519,1555877798.8,2021-08-10 23:59:59.999,1291916979.72381,1340041,746184727.9,619731040.85590,0
2021-08-11,0.8520,1.0928,0.8490,1.0120,3660955252.3,2021-08-11 23:59:59.999,3518973498.85721,2807584,1802635455.1,1732988237.78413,0
2021-08-12,1.0119,1.0470,0.9222,0.9667,3559945935.8,2021-08-12 23:59:59.999,3501118531.00100,2706626,1688376188.3,1660901799.66098,0
2021-08-13,0.9667,1.0982,0.9508,1.0909,2547206179.0,2021-08-13 23:59:59.999,2613832168.08440,2108853,1230281888.1,1263082152.95634,0
2021-08-14,1.0909,1.3120,1.0710,1.2805,4804108854.3,2021-08-14 23:59:59.999,5684716431.95037,3862729,2325815060.0,2753989323.60460,0
2021-08-15,1.2805,1.3500,1.2260,1.2850,3904875908.2,2021-08-15 23:59:59.999,5025597919.53484,3279627,1872738428.2,2410825854.17338,0
2021-08-16,1.2850,1.3323,1.1383,1.1861,2839780342.6,2021-08-16 23:59:59.999,3533162677.29747,2457540,1331030374.3,1657649525.60319,0
2021-08-17,1.1861,1.2249,1.0842,1.0984,2980122463.0,2021-08-17 23:59:59.999,3491217416.98107,2550517,1425783484.4,1671758054.99912,0
2021-08-18,1.0982,1.1969,1.0501,1.1439,3155606674.3,2021-08-18 23:59:59.999,3534405188.43171,2598520,1532882431.9,1717558917.20229,0
2021-08-19,1.1439,1.2367,1.0900,1.2357,2427378303.5,2021-08-19 23:59:59.999,2794552476.42953,2225673,1172585579.9,1350804122.71098,0
2021-08-20,1.2357,1.2904,1.2007,1.2640,1989126590.5,2021-08-20 23:59:59.999,2480017241.60668,1866200,952248261.5,1187452020.87968,0
2021-08-21,1.2640,1.2848,1.2033,1.2172,1475095353.5,2021-08-21 23:59:59.999,1835777957.11478,1498088,692068589.7,861672501.92165,0
2021-08-22,1.2170,1.2579,1.1759,1.2266,1273800960.1,2021-08-22 23:59:59.999,1554661309.10913,1331159,608398443.8,742865989.83718,0
2021-08-23,1.2266,1.3066,1.1985,1.2465,2020466111.7,2021-08-23 23:59:59.999,2538562416.35634,1902749,956865751.4,1202542581.65711,0
2021-08-24,1.2465,1.2671,1.1200,1.1358,1927440911.2,2021-08-24 23:59:59.999,2307335694.41913,1762267,893809233.5,1070489270.65079,0
2021-08-25,1.1358,1.1786,1.1070,1.1749,1588520494.2,2021-08-25 23:59:59.999,1829358169.22113,1527240,775972749.3,894004382.23993,0
2021-08-26,1.1747,1.1876,1.0630,1.0724,1930039443.1,2021-08-26 23:59:59.999,2148636443.36759,1752591,917057040.3,1021232349.22483,0
2021-08-27,1.0725,1.1940,1.0496,1.1925,1800717916.1,2021-08-27 23:59:59.999,2009073686.50204,1649333,892586258.3,996367179.89092,0
2021-08-28,1.1927,1.1997,1.1335,1.1471,999620772.4,2021-08-28 23:59:59.999,1159674330.95437,1171936,472900335.3,548722515.26622,0
2021-08-29,1.1472,1.1695,1.1121,1.1423,1103872394.3,2021-08-29 23:59:59.999,1262239646.45416,1268235,530227248.8,606505542.77501,0
2021-08-30,1.1422,1.1507,1.0949,1.1010,1038916883.0,2021-08-30 23:59:59.999,1172807132.93353,1214907,484803105.7,547553944.36407,0
2021-08-31,1.1010,1.2443,1.0913,1.1872,2100929635.2,2021-08-31 23:59:59.999,2451702644.76138,2067784,1017874573.5,1187495635.22238,0
2021-09-01,1.1872,1.2394,1.1583,1.2370,1601162715.9,2021-09-01 23:59:59.999,1920296897.86509,1702909,766644953.5,919699489.35931,0
2021-09-02,1.2370,1.2981,1.2230,1.2542,1711752690.9,2021-09-02 23:59:59.999,2159671561.90236,1762473,819730311.2,1034472007.58539,0
2021-09-03,1.2542,1.3266,1.2200,1.2921,1773255609.6,2021-09-03 23:59:59.999,2273270472.30084,1856849,836523727.3,1073041584.77333,0
2021-09-04,1.2921,1.2990,1.2364,1.2556,1080393045.7,2021-09-04 23:59:59.999,1371313682.32133,1309544,488782812.7,620676287.18889,0
2021-09-05,1.2556,1.3140,1.2370,1.3090,1045144591.4,2021-09-05 23:59:59.999,1332971254.16551,1300334,496538616.7,633351704.32117,0
2021-09-06,1.3090,1.4180,1.3080,1.3906,2384689894.2,2021-09-06 23:59:59.999,3250149954.29190,2256900,1138096378.0,1551673009.14310,0
2021-09-07,1.3906,1.3937,0.8969,1.1292,4206131473.4,2021-09-07 23:59:59.999,4979915261.73181,3467592,1942345506.4,2296764665.25290,0
2021-09-08,1.1293,1.1488,1.0138,1.1002,2477290525.7,2021-09-08 23:59:59.999,2700749102.93521,2302303,1198960973.9,1307379388.66358,0
2021-09-09,1.1001,1.1387,1.0700,1.0878,1553041248.8,2021-09-09 23:59:59.999,1718690818.14827,1684468,743901670.5,823474555.52559,0
2021-09-10,1.0877,1.2459,1.0294,1.0556,2778213376.2,2021-09-10 23:59:59.999,3110888444.55554,2544935,1323522331.5,1482718062.53340,0
2021-09-11,1.0556,1.1135,1.0508,1.0795,987981750.2,2021-09-11 23:59:59.999,1070051752.35642,1284188,481089044.8,521223774.28120,0
2021-09-12,1.0795,1.1285,1.0577,1.1191,892124217.6,2021-09-12 23:59:59.999,977523024.54862,1189178,428094052.3,469353859.37081,0
2021-09-13,1.1194,1.1274,1.0238,1.0651,1397941535.5,2021-09-13 23:59:59.999,1486973115.90464,1531155,660912849.7,702957718.49496,0
2021-09-14,1.0652,1.0983,1.0563,1.0965,780395330.6,2021-09-14 23:59:59.999,839991976.48689,1085314,380762906.8,409973414.11401,0
2021-09-15,1.0965,1.1308,1.0782,1.1216,754055539.4,2021-09-15 23:59:59.999,830782470.55367,997010,368293723.3,405832058.06012,0
2021-09-16,1.1216,1.1312,1.0666,1.0908,908667576.0,2021-09-16 23:59:59.999,1002385728.75968,1099978,425663375.3,469718425.27762,0
2021-09-17,1.0908,1.1027,1.0511,1.0672,770260058.4,2021-09-17 23:59:59.999,827758204.83244,1042125,361572114.8,388545233.31264,0
2021-09-18,1.0672,1.0954,1.0572,1.0756,547142465.4,2021-09-18 23:59:59.999,590992658.32526,850096,267706919.8,289180119.90297,0
2021-09-19,1.0759,1.0846,1.0370,1.0483,624612100.7,2021-09-19 23:59:59.999,665298131.53120,922848,288545710.0,307556956.08200,0
2021-09-20,1.0482,1.0498,0.8700,0.9216,2398417272.6,2021-09-20 23:59:59.999,2271098709.44354,2164807,1150795553.9,1088963092.80823,0
2021-09-21,0.9217,0.9590,0.8579,0.8738,1756541477.0,2021-09-21 23:59:59.999,1606060627.71235,1791566,856598523.2,783448987.27377,0
2021-09-22,0.8741,1.0090,0.8679,1.0031,1566743228.4,2021-09-22 23:59:59.999,1482173427.37600,1555068,784180638.8,741895261.91434,0
2021-09-23,1.0030,1.0171,0.9674,1.0015,983353999.1,2021-09-23 23:59:59.999,975985513.80501,998446,478277568.1,474799479.00507,0
2021-09-24,1.0014,1.0027,0.8849,0.9439,1464844211.3,2021-09-24 23:59:59.999,1373273481.07855,1297072,709389681.7,664698243.59169,0
2021-09-25,0.9439,0.9574,0.9161,0.9398,803579935.6,2021-09-25 23:59:59.999,754995028.58899,923070,383499921.0,360379346.96429,0
2021-09-26,0.9396,0.9567,0.8909,0.9433,838471450.6,2021-09-26 23:59:59.999,778675945.09602,951710,410968846.9,381767744.68577,0
2021-09-27,0.9434,0.9814,0.9190,0.9208,777450962.9,2021-09-27 23:59:59.999,740814546.72691,856808,379012967.4,361396387.08045,0
2021-09-28,0.9208,0.9433,0.8900,0.8924,695529377.5,2021-09-28 23:59:59.999,641087483.56389,834525,338607092.2,312262387.60328,0
2021-09-29,0.8925,0.9928,0.8855,0.9261,1313470970.5,2021-09-29 23:59:59.999,1234863067.07140,1215002,652234447.0,613542845.84658,0
2021-09-30,0.9258,0.9634,0.9211,0.9531,723327747.6,2021-09-30 23:59:59.999,683031618.15718,852786,353087068.5,333471597.48768,0
2021-10-01,0.9532,1.0689,0.9436,1.0421,1430025430.6,2021-10-01 23:59:59.999,1447334192.43473,1276405,700938677.3,709440705.63727,0
2021-10-02,1.0422,1.0728,1.0074,1.0362,875247098.4,2021-10-02 23:59:59.999,907028089.37832,938955,422984553.4,438471848.02696,0
2021-10-03,1.0362,1.0888,1.0203,1.0558,929477770.8,2021-10-03 23:59:59.999,983916890.18253,1056275,439061825.7,464873244.75052,0
2021-10-04,1.0558,1.0604,1.0055,1.0435,980599974.9,2021-10-04 23:59:59.999,1016045489.23863,1031632,463778484.7,480791458.58951,0
2021-10-05,1.0435,1.0895,1.0382,1.0848,991675254.9,2021-10-05 23:59:59.999,1054338941.49977,1047576,481755271.6,512381569.89209,0
2021-10-06,1.0849,1.1096,1.0164,1.0773,1127575572.1,2021-10-06 23:59:59.999,1204193251.09311,1211537,535576046.3,572454436.93341,0
2021-10-07,1.0773,1.0958,1.0434,1.0686,910164591.9,2021-10-07 23:59:59.999,976193315.55776,983482,429650422.5,460987152.81962,0
2021-10-08,1.0687,1.0937,1.0531,1.0641,669159347.7,2021-10-08 23:59:59.999,718085765.27510,801933,311698776.9,334577662.30439,0
2021-10-09,1.0642,1.2090,1.0570,1.1618,1649280012.1,2021-10-09 23:59:59.999,1887176449.09338,1637578,803656009.9,919442463.51942,0
2021-10-10,1.1619,1.2319,1.1261,1.1359,1752991756.8,2021-10-10 23:59:59.999,2069381246.20569,1718056,832606002.9,983443585.90715,0
2021-10-11,1.1359,1.1833,1.1010,1.1368,1010567408.8,2021-10-11 23:59:59.999,1160702445.99110,1120583,478798236.2,550120507.50915,0
2021-10-12,1.1367,1.1369,1.0630,1.1023,1171455394.9,2021-10-12 23:59:59.999,1282772163.81378,1175475,550107553.4,602517158.51832,0
2021-10-13,1.1022,1.1397,1.0758,1.1284,938850072.0,2021-10-13 23:59:59.999,1036943722.28597,1050606,449722365.4,496890278.57511,0
2021-10-14,1.1285,1.1597,1.1174,1.1345,764073120.1,2021-10-14 23:59:59.999,866685258.29537,921160,360820688.4,409433217.71787,0
2021-10-15,1.1346,1.1674,1.0887,1.1423,1120479597.2,2021-10-15 23:59:59.999,1267368219.76413,1218052,516728725.4,584701894.76748,0
2021-10-16,1.1423,1.1887,1.1304,1.1356,792058514.7,2021-10-16 23:59:59.999,912901013.93044,988092,373024755.0,430069000.13348,0
2021-10-17,1.1356,1.1419,1.0150,1.0947,905357372.6,2021-10-17 23:59:59.999,992040888.31909,1041791,404197064.5,443271947.50316,0
2021-10-18,1.0947,1.1072,1.0652,1.0836,696271139.6,2021-10-18 23:59:59.999,758047087.95948,913347,333412646.0,363143299.53138,0
2021-10-19,1.0835,1.1018,1.0653,1.0923,516343386.1,2021-10-19 23:59:59.999,561611322.51146,707181,243127719.6,264535853.55725,0
2021-10-20,1.0922,1.1544,1.0880,1.1464,824214508.3,2021-10-20 23:59:59.999,926683482.71807,1010288,384847816.0,432565349.97852,0
2021-10-21,1.1464,1.1662,1.0834,1.0894,1178418735.9,2021-10-21 23:59:59.999,1329740848.08488,1279969,543840930.0,614029157.64247,0
2021-10-22,1.0893,1.1300,1.0737,1.0895,826110651.1,2021-10-22 23:59:59.999,908195847.38793,1035932,391451485.1,430516454.38091,0
2021-10-23,1.0896,1.1029,1.0770,1.0948,453708448.7,2021-10-23 23:59:59.999,494973077.69932,680044,215737616.6,235384086.94046,0
2021-10-24,1.0949,1.0976,1.0501,1.0830,541990420.0,2021-10-24 23:59:59.999,585501827.28035,760069,246150693.8,266024821.24762,0
2021-10-25,1.0830,1.1045,1.0790,1.0957,444948307.4,2021-10-25 23:59:59.999,486786329.78396,706064,206481689.7,225936054.32619,0
2021-10-26,1.0958,1.1624,1.0900,1.1082,1132048689.7,2021-10-26 23:59:59.999,1267025292.73430,1302952,523719964.0,586400853.81227,0
2021-10-27,1.1084,1.1259,0.9310,0.9951,1835516022.9,2021-10-27 23:59:59.999,1899732811.10079,1671645,831592154.5,860426425.12819,0
2021-10-28,0.9955,1.0813,0.9811,1.0586,1334734444.5,2021-10-28 23:59:59.999,1390091169.99473,1340094,644824338.9,671597668.49898,0
2021-10-29,1.0588,1.0918,1.0536,1.0833,654494024.7,2021-10-29 23:59:59.999,701496381.55554,852512,313780555.3,336426051.61618,0
2021-10-30,1.0834,1.1180,1.0611,1.0856,628368061.7,2021-10-30 23:59:59.999,682801817.19187,865331,295503275.1,321227841.83879,0
2021-10-31,1.0853,1.1566,1.0686,1.1135,1070880986.7,2021-10-31 23:59:59.999,1183521861.69498,1253249,508155547.8,561731273.01817,0
2021-11-01,1.1137,1.1337,1.0701,1.0927,677670855.7,2021-11-01 23:59:59.999,742470851.70078,846421,315003454.9,345261238.09703,0
2021-11-02,1.0927,1.1486,1.0864,1.1361,731230269.6,2021-11-02 23:59:59.999,817944707.02936,962411,347307773.3,388619833.10694,0
2021-11-03,1.1361,1.2374,1.1270,1.2113,1918949199.5,2021-11-03 23:59:59.999,2278485727.66353,2029823,922324983.4,1095204203.06657,0
2021-11-04,1.2114,1.2602,1.1623,1.2012,1173342410.9,2021-11-04 23:59:59.999,1414997323.81566,1360411,543536927.5,655716515.11679,0
2021-11-05,1.2012,1.2022,1.1300,1.1591,651170697.5,2021-11-05 23:59:59.999,760835635.27080,888318,294773342.2,344562303.23830,0
2021-11-06,1.1591,1.1769,1.0950,1.1518,584288633.1,2021-11-06 23:59:59.999,666857162.29078,821984,266293556.9,304035568.01287,0
2021-11-07,1.1517,1.2386,1.1458,1.2215,808446244.3,2021-11-07 23:59:59.999,968867065.07608,1045287,394587706.4,472995827.54021,0
2021-11-08,1.2215,1.2980,1.2205,1.2832,1340933285.4,2021-11-08 23:59:59.999,1696881177.64971,1561269,644593624.6,815844803.99764,0
2021-11-09,1.2832,1.2900,1.2229,1.2578,1101778108.4,2021-11-09 23:59:59.999,1386737790.30909,1373774,507243103.8,638644467.90404,0
2021-11-10,1.2578,1.3525,1.0944,1.1903,2233877998.1,2021-11-10 23:59:59.999,2814351951.85783,2405489,1035978150.3,1307358950.89132,0
2021-11-11,1.1902,1.2546,1.1764,1.2152,1128190958.2,2021-11-11 23:59:59.999,1371448747.19700,1260174,538592506.5,654735893.00825,0
2021-11-12,1.2151,1.2340,1.1545,1.1889,1016695627.6,2021-11-12 23:59:59.999,1208308881.71609,1235405,477679107.5,567813836.30125,0
2021-11-13,1.1890,1.2046,1.1668,1.1899,501181067.4,2021-11-13 23:59:59.999,595135774.67578,765476,235702138.5,279954475.42841,0
2021-11-14,1.1899,1.2003,1.1680,1.1892,432597264.0,2021-11-14 23:59:59.999,512416716.92534,698983,203896362.4,241553297.55070,0
2021-11-15,1.1893,1.2214,1.1650,1.1729,631054962.1,2021-11-15 23:59:59.999,755866668.43708,866892,293467549.6,351657427.86053,0
2021-11-16,1.1728,1.1729,1.0332,1.0881,1452970596.7,2021-11-16 23:59:59.999,1607577704.09491,1467487,654546252.0,724466309.65338,0
2021-11-17,1.0881,1.1133,1.0584,1.0958,794273702.8,2021-11-17 23:59:59.999,863040979.08126,951239,383863072.3,417213785.51037,0
2021-11-18,1.0959,1.1620,1.0145,1.0410,1370775805.8,2021-11-18 23:59:59.999,1488908579.50853,1457936,650379404.3,707271097.90713,0
2021-11-19,1.0411,1.1034,1.0179,1.0903,762380871.2,2021-11-19 23:59:59.999,810783563.49593,898712,381735753.0,406103438.20376,0
2021-11-20,1.0903,1.1024,1.0600,1.0976,485487463.5,2021-11-20 23:59:59.999,526934393.53340,694243,231087311.8,250915544.68946,0
2021-11-21,1.0975,1.0988,1.0550,1.0581,398340231.5,2021-11-21 23:59:59.999,428753999.66114,659415,183934464.7,198021406.63643,0
2021-11-22,1.0582,1.0720,1.0260,1.0366,631253285.8,2021-11-22 23:59:59.999,660152524.11496,898866,299165692.6,312973086.81755,0
2021-11-23,1.0365,1.0725,1.0200,1.0670,599870007.4,2021-11-23 23:59:59.999,628177968.12602,813102,291706774.6,305538682.99291,0
2021-11-24,1.0671,1.0741,1.0050,1.0329,568220286.2,2021-11-24 23:59:59.999,587155601.21032,712537,264109719.2,272972861.17963,0
2021-11-25,1.0329,1.0663,1.0230,1.0447,531662841.5,2021-11-25 23:59:59.999,555885598.43649,690271,254664272.6,266343646.02374,0
2021-11-26,1.0448,1.0479,0.8836,0.9392,1462883731.7,2021-11-26 23:59:59.999,1405981669.98391,1439322,673058783.4,646373009.02387,0
2021-11-27,0.9392,0.9659,0.9338,0.9455,406773721.6,2021-11-27 23:59:59.999,387093529.39964,554916,195166359.2,185737747.55953,0
2021-11-28,0.9455,0.9693,0.8779,0.9686,731043457.0,2021-11-28 23:59:59.999,675423539.48211,901392,344789391.0,318937265.79246,0
2021-11-29,0.9686,1.0024,0.9632,0.9901,603875928.0,2021-11-29 23:59:59.999,593090980.25458,760219,292978871.5,287850067.24369,0
2021-11-30,0.9901,1.0301,0.9700,0.9989,768101941.1,2021-11-30 23:59:59.999,767970890.30058,910393,368552954.1,368632222.95226,0
2021-12-01,0.9989,1.0182,0.9800,0.9906,469236088.9,2021-12-01 23:59:59.999,470595021.27337,676497,222844109.1,223517058.03750,0
2021-12-02,0.9906,0.9909,0.9545,0.9722,432563898.5,2021-12-02 23:59:59.999,421229497.98066,617109,202862474.5,197587910.27540,0
2021-12-03,0.9722,0.9840,0.8854,0.9213,683839452.6,2021-12-03 23:59:59.999,647585860.91156,834675,312416404.0,295977665.19474,0
2021-12-04,0.9212,0.9246,0.5764,0.8449,2646451407.2,2021-12-04 23:59:59.999,2034029555.91786,2188250,1247146092.4,957517457.02359,0
2021-12-05,0.8449,0.8623,0.7674,0.8041,1085150217.8,2021-12-05 23:59:59.999,880024802.87597,1111484,525920435.7,426588934.32649,0
2021-12-06,0.8041,0.8299,0.7475,0.8251,1027076280.9,2021-12-06 23:59:59.999,805250336.73598,1062293,505548573.8,396475132.62327,0
2021-12-07,0.8252,0.8459,0.8037,0.8154,614239631.6,2021-12-07 23:59:59.999,508371462.17254,739039,294486071.3,243812104.63746,0
2021-12-08,0.8155,0.8842,0.8022,0.8620,912608032.9,2021-12-08 23:59:59.999,769897748.58223,994349,451073097.0,380718717.29956,0
2021-12-09,0.8619,0.9340,0.8315,0.8582,1716885869.8,2021-12-09 23:59:59.999,1520805601.06613,1712298,843520379.6,747657317.70716,0
2021-12-10,0.8582,0.8829,0.7910,0.7985,1192495311.1,2021-12-10 23:59:59.999,999859180.97900,1317541,586415115.7,491993285.58675,0
2021-12-11,0.7984,0.8442,0.7837,0.8388,654558257.7,2021-12-11 23:59:59.999,539581214.60249,845067,319590513.5,263430128.26951,0
2021-12-12,0.8388,0.8570,0.8081,0.8393,508539810.0,2021-12-12 23:59:59.999,422789298.83071,802352,252268107.4,209868411.40025,0
2021-12-13,0.8393,0.8444,0.7600,0.7815,904869244.1,2021-12-13 23:59:59.999,724663606.58216,944174,441658802.2,353802913.06662,0
2021-12-14,0.7815,0.8212,0.7716,0.8101,780331490.9,2021-12-14 23:59:59.999,621446335.76666,873298,391228015.4,311686546.76086,0
2021-12-15,0.8101,0.8396,0.7767,0.8259,817708081.5,2021-12-15 23:59:59.999,661866222.08587,898621,407108838.8,329510741.21169,0
2021-12-16,0.8260,0.8361,0.8025,0.8045,429801248.4,2021-12-16 23:59:59.999,353270358.51014,620496,207375734.9,170510367.62256,0
2021-12-17,0.8047,0.8323,0.7749,0.7963,603529557.2,2021-12-17 23:59:59.999,484496384.46895,756185,297054730.5,238580159.08543,0
2021-12-18,0.7963,0.8344,0.7904,0.8261,386309934.8,2021-12-18 23:59:59.999,315516088.97473,585507,191740445.6,156617341.22228,0
2021-12-19,0.8261,0.8489,0.8187,0.8346,446644523.2,2021-12-19 23:59:59.999,371798659.01868,595877,218948721.4,182259389.54660,0
2021-12-20,0.8347,0.9149,0.8236,0.8790,1489299634.2,2021-12-20 23:59:59.999,1292246525.32988,1614369,736386433.6,638910717.25874,0
2021-12-21,0.8791,0.9606,0.8523,0.9462,1158354714.3,2021-12-21 23:59:59.999,1043157967.79854,1343464,579489243.9,522141163.56468,0
2021-12-22,0.9462,0.9738,0.9221,0.9531,971623856.0,2021-12-22 23:59:59.999,924150753.65918,1279620,451282237.1,429385157.43395,0
2021-12-23,0.9531,1.0185,0.9361,0.9937,1078985803.3,2021-12-23 23:59:59.999,1062092020.30889,1328514,527213064.5,519129868.86533,0
2021-12-24,0.9938,0.9960,0.8900,0.9126,1374352460.0,2021-12-24 23:59:59.999,1297558533.02669,1610691,666022009.3,628512841.88504,0
2021-12-25,0.9125,0.9345,0.8988,0.9252,600733226.4,2021-12-25 23:59:59.999,553301375.74590,913183,300141487.0,276442440.51052,0
2021-12-26,0.9251,0.9335,0.9050,0.9201,424352923.1,2021-12-26 23:59:59.999,389342329.29959,621929,202970992.9,186245239.15388,0
2021-12-27,0.9200,0.9558,0.9140,0.9271,600928034.5,2021-12-27 23:59:59.999,560348875.30754,831071,292978324.0,273238851.28589,0
2021-12-28,0.9271,0.9273,0.8450,0.8514,801497393.5,2021-12-28 23:59:59.999,708214114.79652,988089,377350248.0,333512502.24131,0
2021-12-29,0.8515,0.8642,0.8095,0.8169,677724150.0,2021-12-29 23:59:59.999,567984275.27495,821465,313292965.2,262680323.50290,0
2021-12-30,0.8168,0.8599,0.8016,0.8382,604251148.1,2021-12-30 23:59:59.999,505033094.29598,654118,302148397.0,252619993.31123,0
2021-12-31,0.8382,0.8538,0.8022,0.8292,572346669.0,2021-12-31 23:59:59.999,476841999.64114,683846,279230208.1,232761835.72105,0
2022-01-01,0.8294,0.8558,0.8293,0.8507,328506047.0,2022-01-01 23:59:59.999,277100412.40748,559544,163804665.7,138223212.89658,0
2022-01-02,0.8507,0.8675,0.8369,0.8583,326117059.3,2022-01-02 23:59:59.999,277281544.81283,481156,160532067.6,136528790.74068,0
2022-01-03,0.8583,0.8588,0.8212,0.8324,430284458.4,2022-01-03 23:59:59.999,360702658.39761,575232,201179957.4,168692212.66946,0
2022-01-04,0.8323,0.8460,0.8144,0.8228,463785086.0,2022-01-04 23:59:59.999,385050066.64617,607251,229296946.9,190458924.77563,0
2022-01-05,0.8228,0.8375,0.7074,0.7718,863610648.7,2022-01-05 23:59:59.999,685006407.44503,1035220,399855414.4,317453716.64124,0
2022-01-06,0.7719,0.7903,0.7371,0.7787,677161606.2,2022-01-06 23:59:59.999,516421970.33427,796052,334841331.3,255397138.66680,0
2022-01-07,0.7788,0.7805,0.7281,0.7634,875524840.9,2022-01-07 23:59:59.999,661571619.90666,991534,435757278.5,329253896.91441,0
2022-01-08,0.7636,0.7768,0.7220,0.7450,604036519.2,2022-01-08 23:59:59.999,454051277.69755,725163,294677531.7,221482649.08285,0
2022-01-09,0.7451,0.7665,0.7380,0.7529,360483563.5,2022-01-09 23:59:59.999,270851703.75405,514250,176974806.0,132996965.15263,0
2022-01-10,0.7528,0.7585,0.6923,0.7393,796410056.1,2022-01-10 23:59:59.999,581529284.08324,841186,391855675.8,286190032.33713,0
2022-01-11,0.7394,0.7772,0.7303,0.7700,594272052.6,2022-01-11 23:59:59.999,445471566.53326,642314,304224868.6,228162315.55555,0
2022-01-12,0.7700,0.8071,0.7568,0.7982,571295284.9,2022-01-12 23:59:59.999,447225383.47647,606507,284893945.6,223072602.23348,0
2022-01-13,0.7983,0.8023,0.7599,0.7674,460185908.0,2022-01-13 23:59:59.999,360326537.10188,494602,219292999.3,171761731.01728,0
2022-01-14,0.7673,0.7903,0.7509,0.7727,481237400.8,2022-01-14 23:59:59.999,371499818.07656,508422,238249907.7,183982474.86768,0
2022-01-15,0.7728,0.7891,0.7670,0.7788,318591496.4,2022-01-15 23:59:59.999,248109008.09106,477954,156478920.0,121896859.98066,0
2022-01-16,0.7788,0.7844,0.7663,0.7780,276692542.2,2022-01-16 23:59:59.999,215102099.00223,339236,131324029.1,102121680.79462,0
2022-01-17,0.7780,0.7800,0.7491,0.7614,362349729.0,2022-01-17 23:59:59.999,276093438.34479,434945,177079280.5,134916017.49524,0
2022-01-18,0.7615,0.7685,0.7345,0.7504,380746347.2,2022-01-18 23:59:59.999,285204926.32098,460725,187066994.6,140125981.83651,0
2022-01-19,0.7504,0.7530,0.7229,0.7379,420730125.7,2022-01-19 23:59:59.999,310435894.11975,468034,204807635.3,151124214.71158,0
2022-01-20,0.7378,0.7616,0.7154,0.7194,447691485.2,2022-01-20 23:59:59.999,332826152.97883,522247,221962367.8,165108261.32361,0
2022-01-21,0.7193,0.7283,0.6093,0.6364,1263651177.1,2022-01-21 23:59:59.999,846705335.95599,1171061,611438659.6,410084728.89586,0
2022-01-22,0.6362,0.6535,0.5468,0.5962,1577479854.0,2022-01-22 23:59:59.999,941908927.95045,1309123,789778405.5,471849940.04053,0
2022-01-23,0.5963,0.6349,0.5894,0.6281,718616588.9,2022-01-23 23:59:59.999,438379341.05488,689420,359473477.5,219295619.20034,0
2022-01-24,0.6281,0.6286,0.5521,0.6116,1083338763.2,2022-01-24 23:59:59.999,632770132.28900,1036510,539138712.3,314885619.54095,0
2022-01-25,0.6115,0.6242,0.5869,0.6175,600639941.9,2022-01-25 23:59:59.999,362739792.91122,649699,298006842.6,180018474.86825,0
2022-01-26,0.6175,0.6584,0.6043,0.6190,814247391.6,2022-01-26 23:59:59.999,511149948.35054,829473,413798064.3,259751624.36007,0
2022-01-27,0.6190,0.6244,0.5890,0.6084,540334286.4,2022-01-27 23:59:59.999,326368865.40197,599942,268998216.4,162445315.57197,0
2022-01-28,0.6083,0.6137,0.5914,0.6108,505646053.4,2022-01-28 23:59:59.999,304720470.75128,531874,249922453.1,150608966.81030,0
2022-01-29,0.6108,0.6252,0.6078,0.6173,367491693.9,2022-01-29 23:59:59.999,226156872.17045,415326,184499600.5,113533566.13033,0
2022-01-30,0.6175,0.6230,0.5970,0.6010,346061172.2,2022-01-30 23:59:59.999,211534901.75384,382413,169247429.9,103450659.72040,0
2022-01-31,0.6010,0.6243,0.5798,0.6173,568310262.1,2022-01-31 23:59:59.999,338245947.08167,522432,283862979.6,169184733.49185,0
2022-02-01,0.6174,0.6303,0.6106,0.6280,457873014.0,2022-02-01 23:59:59.999,284329118.10616,450188,221332476.0,137436659.34270,0
2022-02-02,0.6280,0.6313,0.5949,0.6003,459962306.4,2022-02-02 23:59:59.999,282821683.75350,484821,224969825.1,138356310.35520,0
2022-02-03,0.6004,0.6109,0.5879,0.6096,414607988.2,2022-02-03 23:59:59.999,248657855.83001,417928,204072153.5,122378866.44897,0
2022-02-04,0.6096,0.6589,0.6038,0.6555,594127185.7,2022-02-04 23:59:59.999,370741595.73263,526357,302006195.4,188512337.99674,0
2022-02-05,0.6555,0.6869,0.6499,0.6653,582982796.4,2022-02-05 23:59:59.999,389667297.46731,585566,277494245.3,185513589.21042,0
2022-02-06,0.6654,0.6877,0.6584,0.6825,359885031.3,2022-02-06 23:59:59.999,241271439.21930,375293,179362898.8,120287510.72765,0
2022-02-07,0.6825,0.8387,0.6708,0.8307,1849583706.7,2022-02-07 23:59:59.999,1424844860.11598,1738856,933462957.4,719398008.36245,0
2022-02-08,0.8309,0.9140,0.8033,0.8755,3291554572.8,2022-02-08 23:59:59.999,2816548700.40970,2918966,1635684832.8,1399851885.73647,0
2022-02-09,0.8755,0.9173,0.8433,0.8694,2059571867.1,2022-02-09 23:59:59.999,1805204066.59770,1954441,1019451215.7,893849329.27688,0
2022-02-10,0.8694,0.8972,0.8198,0.8249,1434594937.3,2022-02-10 23:59:59.999,1238841920.58009,1497194,708264639.4,611941303.61828,0
2022-02-11,0.8249,0.8341,0.7494,0.7585,1268396921.9,2022-02-11 23:59:59.999,1018944084.47352,1400911,613837746.6,493533009.67462,0
2022-02-12,0.7585,0.8522,0.7457,0.8222,1832846118.4,2022-02-12 23:59:59.999,1475967050.60549,1687431,928369243.2,747574363.37538,0
2022-02-13,0.8222,0.8470,0.7889,0.8051,1360054326.6,2022-02-13 23:59:59.999,1117688904.68504,1375460,668905963.5,549874871.63656,0
2022-02-14,0.8051,0.8123,0.7785,0.8007,991814784.2,2022-02-14 23:59:59.999,788270959.15623,1093171,493705631.0,392451806.61664,0
2022-02-15,0.8008,0.8595,0.7957,0.8512,857483879.8,2022-02-15 23:59:59.999,709865894.30707,1012238,426075306.9,352846338.93199,0
2022-02-16,0.8512,0.8534,0.8074,0.8364,875806888.6,2022-02-16 23:59:59.999,727767916.81222,975897,424057341.3,352523530.50090,0
2022-02-17,0.8365,0.8447,0.7530,0.7680,1096418202.2,2022-02-17 23:59:59.999,879842025.36226,1134556,522621137.8,419605757.19357,0
2022-02-18,0.7681,0.8045,0.7552,0.7835,1172519047.7,2022-02-18 23:59:59.999,913418890.03298,1154994,581734875.0,453231633.05898,0
2022-02-19,0.7836,0.8550,0.7690,0.8215,1943664266.5,2022-02-19 23:59:59.999,1586455857.72420,1735313,978536483.2,798968090.34304,0
2022-02-20,0.8215,0.8234,0.7620,0.7764,1578798856.0,2022-02-20 23:59:59.999,1246330717.11313,1396151,772412622.5,609813454.42087,0
2022-02-21,0.7763,0.8020,0.6947,0.7013,1784131889.8,2022-02-21 23:59:59.999,1362582586.50570,1567800,859275099.1,657097142.19048,0
2022-02-22,0.7013,0.7263,0.6667,0.7203,1517951716.3,2022-02-22 23:59:59.999,1058586762.57804,1325148,751786572.5,524505099.70000,0
2022-02-23,0.7204,0.7438,0.6919,0.6960,1070991837.7,2022-02-23 23:59:59.999,770516792.88102,1049677,525198024.2,377964411.47862,0
2022-02-24,0.6960,0.7238,0.6208,0.6958,2227417850.2,2022-02-24 23:59:59.999,1466171341.69453,1935777,1115804964.9,734517963.51799,0
2022-02-25,0.6958,0.7810,0.6821,0.7696,1290414302.5,2022-02-25 23:59:59.999,920742489.77655,1364100,651130163.6,465146078.71047,0
2022-02-26,0.7696,0.8121,0.7401,0.7505,1062974292.4,2022-02-26 23:59:59.999,813582347.71919,1278163,523825062.9,401247451.72876,0
2022-02-27,0.7506,0.7676,0.7025,0.7209,1044575694.8,2022-02-27 23:59:59.999,768097427.24249,1160287,504701242.2,371271689.77695,0
2022-02-28,0.7210,0.7936,0.7067,0.7807,1012394289.6,2022-02-28 23:59:59.999,753158944.68420,1148868,503452130.6,374734445.44363,0
2022-03-01,0.7808,0.8035,0.7568,0.7836,1027063405.3,2022-03-01 23:59:59.999,799298506.20933,1141810,487698356.4,379616533.49591,0
2022-03-02,0.7837,0.7845,0.7559,0.7686,706888982.6,2022-03-02 23:59:59.999,544204361.15234,975740,334450295.2,257485398.21542,0
2022-03-03,0.7687,0.7896,0.7325,0.7510,718787940.6,2022-03-03 23:59:59.999,545429073.17537,928014,340435849.5,258420646.98111,0
2022-03-04,0.7510,0.7534,0.6919,0.7122,801175408.5,2022-03-04 23:59:59.999,584211086.97747,958280,378475665.2,276190341.62800,0
2022-03-05,0.7122,0.7689,0.7041,0.7537,1007044896.8,2022-03-05 23:59:59.999,749757372.72193,1130888,503852348.9,375233730.74747,0
2022-03-06,0.7537,0.7589,0.7203,0.7248,696068209.4,2022-03-06 23:59:59.999,514150574.00554,857084,333296062.6,246206947.21965,0
2022-03-07,0.7248,0.7538,0.7020,0.7192,1230578745.3,2022-03-07 23:59:59.999,901209981.87691,1302186,600340860.8,439921212.90327,0
2022-03-08,0.7191,0.7311,0.7129,0.7205,639021577.2,2022-03-08 23:59:59.999,461475136.50651,788982,303019770.6,218866061.47799,0
2022-03-09,0.7204,0.7751,0.7195,0.7659,829746824.3,2022-03-09 23:59:59.999,623825215.08107,989308,409873105.6,308167858.16503,0
2022-03-10,0.7658,0.7794,0.7208,0.7359,878982391.3,2022-03-10 23:59:59.999,651143334.60922,1001954,427432312.8,316603996.99182,0
2022-03-11,0.7359,0.8138,0.7244,0.8025,1431403351.6,2022-03-11 23:59:59.999,1097386024.48169,1507047,707664791.6,542744080.78173,0
2022-03-12,0.8026,0.8485,0.7777,0.7853,2055670520.5,2022-03-12 23:59:59.999,1654980466.58332,1938718,1002312109.7,807107532.28525,0
2022-03-13,0.7853,0.8047,0.7489,0.7598,926180464.2,2022-03-13 23:59:59.999,727573038.62129,990961,446315280.9,350893909.56354,0
2022-03-14,0.7598,0.7776,0.7443,0.7742,840618065.1,2022-03-14 23:59:59.999,641742742.88380,887951,409866802.9,312957531.93748,0
2022-03-15,0.7742,0.7763,0.7405,0.7654,606296109.6,2022-03-15 23:59:59.999,461376791.85743,744195,290462215.6,221069796.36999,0
2022-03-16,0.7654,0.7943,0.7565,0.7915,795524597.6,2022-03-16 23:59:59.999,614553134.03137,928276,390297651.6,301573273.99046,0
2022-03-17,0.7915,0.8024,0.7827,0.7931,517535109.8,2022-03-17 23:59:59.999,409834321.40118,674524,251886609.5,199498546.80241,0
2022-03-18,0.7932,0.8006,0.7758,0.7966,497923081.9,2022-03-18 23:59:59.999,392753055.62022,661562,242500681.1,191322869.86447,0
2022-03-19,0.7967,0.8270,0.7910,0.8192,642772023.1,2022-03-19 23:59:59.999,522719328.32867,791721,310738699.4,252745961.40057,0
2022-03-20,0.8192,0.8220,0.7949,0.8052,418628858.1,2022-03-20 23:59:59.999,338125601.41983,561169,194907153.2,157444763.68495,0
2022-03-21,0.8053,0.8547,0.7860,0.8371,812854490.9,2022-03-21 23:59:59.999,669010761.70948,928191,405702505.2,334191035.18018,0
2022-03-22,0.8372,0.8652,0.8268,0.8363,680463851.9,2022-03-22 23:59:59.999,574782519.25075,846534,321214975.0,271393196.20306,0
2022-03-23,0.8364,0.8460,0.8157,0.8375,595026687.9,2022-03-23 23:59:59.999,494059201.14467,764645,277723752.1,230618766.07513,0
2022-03-24,0.8374,0.8502,0.8270,0.8427,637194622.4,2022-03-24 23:59:59.999,534611029.87512,820120,305344854.2,256281189.46204,0
2022-03-25,0.8427,0.8462,0.8180,0.8240,523110603.2,2022-03-25 23:59:59.999,436634484.30054,677348,242664656.2,202598016.87826,0
2022-03-26,0.8239,0.8348,0.8204,0.8327,276592163.0,2022-03-26 23:59:59.999,229329528.92765,482915,135184091.4,112097141.32930,0
2022-03-27,0.8327,0.8581,0.8277,0.8578,503170037.9,2022-03-27 23:59:59.999,423149970.94819,716640,245448083.0,206483205.49489,0
2022-03-28,0.8578,0.9124,0.8500,0.8640,1097510097.5,2022-03-28 23:59:59.999,968326153.39607,1204717,539898717.5,476594518.27545,0
2022-03-29,0.8640,0.8857,0.8420,0.8576,632003220.1,2022-03-29 23:59:59.999,548675954.06799,822179,293717247.0,255091099.56967,0
2022-03-30,0.8576,0.8722,0.8450,0.8615,578572918.5,2022-03-30 23:59:59.999,498011124.76149,745620,269241768.5,231820313.59443,0
2022-03-31,0.8615,0.8741,0.7730,0.8146,892880928.0,2022-03-31 23:59:59.999,742946794.11782,1148526,404652235.8,336925544.54950,0
2022-04-01,0.8145,0.8339,0.8068,0.8276,571211048.5,2022-04-01 23:59:59.999,469432566.18209,782827,275058297.1,226060413.68009,0
2022-04-02,0.8276,0.8502,0.8169,0.8239,510517708.9,2022-04-02 23:59:59.999,426765874.34000,732492,236893589.2,198082199.32079,0
2022-04-03,0.8238,0.8518,0.8140,0.8431,369037056.3,2022-04-03 23:59:59.999,308094010.52599,599304,178211742.7,148821028.82985,0
2022-04-04,0.8432,0.8435,0.8028,0.8259,528980435.6,2022-04-04 23:59:59.999,437116838.83334,762253,243414733.7,201245178.57733,0
2022-04-05,0.8259,0.8368,0.8143,0.8163,402887433.7,2022-04-05 23:59:59.999,332282801.27091,669917,192816122.0,159068544.97389,0
2022-04-06,0.8162,0.8182,0.7557,0.7591,797237910.9,2022-04-06 23:59:59.999,626708240.82731,1075252,367263077.6,288760378.99515,0
2022-04-07,0.7590,0.7910,0.7515,0.7870,434948423.8,2022-04-07 23:59:59.999,337230792.34675,637290,214405010.0,166276058.67895,0
2022-04-08,0.7870,0.7935,0.7455,0.7546,467721421.3,2022-04-08 23:59:59.999,360522987.14025,638461,222714236.9,171755484.32635,0
2022-04-09,0.7545,0.7664,0.7527,0.7622,217248897.8,2022-04-09 23:59:59.999,165063668.23814,367313,106959472.3,81274118.85444,0
2022-04-10,0.7622,0.7729,0.7519,0.7538,265607134.6,2022-04-10 23:59:59.999,202346138.58792,365114,129231381.4,98460135.12396,0
2022-04-11,0.7538,0.7555,0.6791,0.6945,834276230.4,2022-04-11 23:59:59.999,596204869.28535,957700,382587782.2,273342748.50802,0
2022-04-12,0.6945,0.7258,0.6921,0.7147,589711943.5,2022-04-12 23:59:59.999,416725550.45231,683392,293303929.9,207319294.43791,0
2022-04-13,0.7148,0.7248,0.7014,0.7228,473497875.8,2022-04-13 23:59:59.999,338970305.25139,555688,234751348.1,168054018.95995,0
2022-04-14,0.7228,0.7410,0.7075,0.7259,537448574.0,2022-04-14 23:59:59.999,389239724.70849,635905,260822482.8,188932371.67754,0
2022-04-15,0.7258,0.7973,0.7256,0.7853,2096156386.2,2022-04-15 23:59:59.999,1623270525.17328,1674805,1051747995.3,814400564.01868,0
2022-04-16,0.7852,0.8000,0.7654,0.7803,778965215.5,2022-04-16 23:59:59.999,609005578.94962,716765,379910205.6,297031853.47634,0
2022-04-17,0.7802,0.7859,0.7473,0.7516,588905134.5,2022-04-17 23:59:59.999,454519200.85766,576002,280112880.6,216264493.32483,0
2022-04-18,0.7516,0.7695,0.7257,0.7693,759488233.7,2022-04-18 23:59:59.999,567150524.27414,742074,367630870.8,274639615.68409,0
2022-04-19,0.7693,0.7821,0.7585,0.7744,498244421.0,2022-04-19 23:59:59.999,383748872.42681,523010,243592094.7,187638776.13876,0
2022-04-20,0.7745,0.7749,0.7413,0.7513,525861175.7,2022-04-20 23:59:59.999,399676898.98343,567152,244053567.4,185515044.18736,0
2022-04-21,0.7513,0.7687,0.7157,0.7321,642218067.8,2022-04-21 23:59:59.999,480434016.48039,744778,305373025.4,228560653.13701,0
2022-04-22,0.7320,0.7383,0.7135,0.7177,593967003.0,2022-04-22 23:59:59.999,431135856.95740,721981,290084348.4,210578352.31823,0
2022-04-23,0.7177,0.7267,0.7011,0.7053,343939763.5,2022-04-23 23:59:59.999,245137552.10058,467538,161601586.8,115214709.89572,0
2022-04-24,0.7052,0.7117,0.6937,0.6979,352004226.1,2022-04-24 23:59:59.999,247810169.44960,483753,167649495.8,118053491.33579,0
2022-04-25,0.6979,0.6997,0.6442,0.6926,1017183250.5,2022-04-25 23:59:59.999,681655091.85785,1096483,487417660.1,326615443.47896,0
2022-04-26,0.6927,0.7064,0.6260,0.6416,914422476.0,2022-04-26 23:59:59.999,608717062.50439,992490,446137188.4,297254622.96692,0
2022-04-27,0.6417,0.6627,0.6354,0.6517,700321076.5,2022-04-27 23:59:59.999,454901121.97694,823474,349835859.9,227278879.95517,0
2022-04-28,0.6517,0.6572,0.6323,0.6424,556082110.4,2022-04-28 23:59:59.999,359061353.96776,640650,272231440.6,175792178.96809,0
2022-04-29,0.6424,0.6461,0.5981,0.6112,724635780.1,2022-04-29 23:59:59.999,450149369.92599,816008,341409766.6,212207811.65916,0
2022-04-30,0.6113,0.6288,0.5609,0.5839,815957350.4,2022-04-30 23:59:59.999,493289460.35633,849189,393640476.4,238247495.71445,0
2022-05-01,0.5839,0.6121,0.5750,0.6066,702523624.1,2022-05-01 23:59:59.999,417267805.50744,806479,354855634.2,210788998.51999,0
2022-05-02,0.6066,0.6306,0.5977,0.6141,853204693.2,2022-05-02 23:59:59.999,523959565.93040,919168,425216777.9,261164239.23050,0
2022-05-03,0.6140,0.6278,0.5956,0.6044,553190194.9,2022-05-03 23:59:59.999,339273820.32784,662984,275523997.8,169028962.00883,0
2022-05-04,0.6044,0.6498,0.6036,0.6457,702659361.9,2022-05-04 23:59:59.999,437785039.84730,797506,352917670.0,219856839.39088,0
2022-05-05,0.6457,0.6570,0.5781,0.5976,953376068.7,2022-05-05 23:59:59.999,586776628.90323,986584,463460857.4,285439752.74004,0
2022-05-06,0.5976,0.6160,0.5866,0.6019,842312060.1,2022-05-06 23:59:59.999,506395998.34276,1004466,412534628.2,248072466.79405,0
2022-05-07,0.6018,0.6040,0.5685,0.5804,504898332.7,2022-05-07 23:59:59.999,298438216.58977,582104,241479285.2,142781250.29517,0
2022-05-08,0.5805,0.5828,0.5550,0.5659,667211719.5,2022-05-08 23:59:59.999,380828860.87948,698663,325253046.8,185660388.60264,0
2022-05-09,0.5659,0.5788,0.4676,0.4868,1822698356.3,2022-05-09 23:59:59.999,950460784.67055,1667638,893636147.7,466362052.73019,0
2022-05-10,0.4867,0.5368,0.4718,0.5128,1641019538.3,2022-05-10 23:59:59.999,838215297.72148,1467011,815209544.3,416361691.56300,0
2022-05-11,0.5127,0.5226,0.3641,0.4163,3350353263.5,2022-05-11 23:59:59.999,1506335056.88316,2344813,1653991808.9,744744361.77537,0
2022-05-12,0.4162,0.4290,0.3355,0.3851,2710677424.8,2022-05-12 23:59:59.999,1032543506.89900,2115181,1343967820.6,512040185.86281,0
2022-05-13,0.3851,0.4656,0.3808,0.4227,1499225654.5,2022-05-13 23:59:59.999,650634614.99778,1060769,757888124.3,329028514.49783,0
2022-05-14,0.4227,0.4408,0.3952,0.4259,858156721.8,2022-05-14 23:59:59.999,358581905.19050,646114,422848920.4,176700324.43586,0
2022-05-15,0.4259,0.4503,0.4145,0.4478,710651749.3,2022-05-15 23:59:59.999,304499320.13498,469858,350637808.9,150257102.73721,0
2022-05-16,0.4479,0.4480,0.4081,0.4228,992643945.1,2022-05-16 23:59:59.999,420606896.16823,655086,488341042.1,206962264.01254,0
2022-05-17,0.4228,0.4399,0.4162,0.4375,760460156.4,2022-05-17 23:59:59.999,327152430.60452,528023,368142786.1,158365758.52057,0
2022-05-18,0.4374,0.4425,0.4032,0.4050,829075954.8,2022-05-18 23:59:59.999,347450933.14107,535114,404559266.1,169519785.87550,0
2022-05-19,0.4051,0.4239,0.3898,0.4204,897103180.0,2022-05-19 23:59:59.999,367202540.44127,589279,447773757.1,183259081.40424,0
2022-05-20,0.4204,0.4406,0.4011,0.4099,1033224515.5,2022-05-20 23:59:59.999,434719691.79094,625112,509719544.3,214592588.18679,0
2022-05-21,0.4099,0.4181,0.4025,0.4142,507009508.9,2022-05-21 23:59:59.999,208676833.99407,312010,252561466.9,103938427.28097,0
2022-05-22,0.4141,0.4253,0.4097,0.4216,492242581.5,2022-05-22 23:59:59.999,205422903.12078,308196,242761944.4,101297802.27340,0
2022-05-23,0.4216,0.4286,0.3995,0.4048,865421204.4,2022-05-23 23:59:59.999,362406591.82139,483399,420547703.2,176140916.76912,0
2022-05-24,0.4047,0.4134,0.3902,0.4084,779949050.7,2022-05-24 23:59:59.999,315423712.74371,455259,385131333.3,155768058.62754,0
2022-05-25,0.4084,0.4146,0.3941,0.4059,937894140.2,2022-05-25 23:59:59.999,379905250.94853,467352,462716392.6,187465748.60154,0
2022-05-26,0.4058,0.4107,0.3735,0.3918,1114556870.8,2022-05-26 23:59:59.999,438307383.92211,620648,546663448.5,215079383.35330,0
2022-05-27,0.3918,0.4030,0.3760,0.3818,1252084203.4,2022-05-27 23:59:59.999,488921712.07303,724145,630533564.2,246276054.01625,0
2022-05-28,0.3818,0.3886,0.3801,0.3860,592395934.6,2022-05-28 23:59:59.999,227979902.09074,344080,289191670.1,111300683.53608,0
2022-05-29,0.3861,0.3908,0.3788,0.3888,504418344.5,2022-05-29 23:59:59.999,194294376.54391,292501,252217538.9,97186567.64476,0
2022-05-30,0.3888,0.4195,0.3863,0.4186,878763862.2,2022-05-30 23:59:59.999,353490726.74292,500829,435321894.6,175112986.56500,0
2022-05-31,0.4186,0.4343,0.4062,0.4213,1022695126.9,2022-05-31 23:59:59.999,427810027.73342,620375,497804772.2,208303093.59785,0
2022-06-01,0.4212,0.4264,0.3881,0.3977,822057308.2,2022-06-01 23:59:59.999,336279772.06034,526921,400622280.9,163966370.12718,0
2022-06-02,0.3977,0.4069,0.3902,0.4050,558437338.2,2022-06-02 23:59:59.999,221917355.72985,414581,279510800.2,111083095.44732,0
2022-06-03,0.4050,0.4103,0.3837,0.3901,739581902.5,2022-06-03 23:59:59.999,292793297.58695,488429,369370433.4,146368949.24463,0
2022-06-04,0.3900,0.3943,0.3841,0.3923,347774109.0,2022-06-04 23:59:59.999,135546964.43061,272750,170766534.8,66564760.80225,0
2022-06-05,0.3923,0.3994,0.3890,0.3951,380850963.0,2022-06-05 23:59:59.999,150101601.66890,290711,188120769.4,74154346.01651,0
2022-06-06,0.3952,0.4090,0.3937,0.4023,638920936.0,2022-06-06 23:59:59.999,256731547.45760,423174,319128882.6,128239276.77423,0
2022-06-07,0.4023,0.4172,0.3842,0.4073,1121897223.1,2022-06-07 23:59:59.999,447250347.23358,635514,555719490.8,221660348.43846,0
2022-06-08,0.4073,0.4103,0.3943,0.4003,591596385.0,2022-06-08 23:59:59.999,237079484.73627,388088,285997593.7,114626662.48570,0
2022-06-09,0.4003,0.4040,0.3962,0.4000,436636281.8,2022-06-09 23:59:59.999,174819574.59287,294115,211386498.9,84651496.46669,0
2022-06-10,0.4000,0.4117,0.3752,0.3811,979929943.2,2022-06-10 23:59:59.999,385433637.73323,568748,481048593.5,189517309.37685,0
2022-06-11,0.3811,0.3885,0.3551,0.3596,829956834.7,2022-06-11 23:59:59.999,307743468.64163,488939,406878048.8,150867126.36133,0
2022-06-12,0.3596,0.3651,0.3393,0.3430,1046596214.7,2022-06-12 23:59:59.999,367199149.31832,620544,518653262.0,181978006.13722,0
2022-06-13,0.3430,0.3504,0.3007,0.3115,2295520851.8,2022-06-13 23:59:59.999,731879693.99920,1230567,1139787402.9,363388606.16990,0
2022-06-14,0.3115,0.3265,0.2932,0.3212,1595769453.7,2022-06-14 23:59:59.999,498817776.24284,857394,802902912.1,250908628.79515,0
2022-06-15,0.3212,0.3468,0.2968,0.3433,1775501577.2,2022-06-15 23:59:59.999,556988356.17199,943946,891154592.8,279666131.47180,0
2022-06-16,0.3434,0.3475,0.3069,0.3129,1053541208.9,2022-06-16 23:59:59.999,339399385.40204,607111,524946279.4,169191465.37202,0
2022-06-17,0.3129,0.3398,0.3101,0.3208,1011132190.8,2022-06-17 23:59:59.999,329093038.91483,574595,511522961.6,166567909.05751,0
2022-06-18,0.3209,0.3262,0.2868,0.3072,1332487766.1,2022-06-18 23:59:59.999,407528234.33764,680199,654395902.9,200244036.93368,0
2022-06-19,0.3072,0.3338,0.2979,0.3262,1031803184.2,2022-06-19 23:59:59.999,322567188.42171,580049,521749098.3,163136986.04716,0
2022-06-20,0.3261,0.3288,0.3133,0.3225,833729105.7,2022-06-20 23:59:59.999,267706266.52876,484205,412809744.1,132581391.63330,0
2022-06-21,0.3224,0.3372,0.3184,0.3290,825779758.8,2022-06-21 23:59:59.999,271371481.24434,476050,414036759.9,136079659.28311,0
2022-06-22,0.3291,0.3295,0.3186,0.3222,685706581.8,2022-06-22 23:59:59.999,221353441.86708,403855,332216713.9,107229316.12426,0
2022-06-23,0.3222,0.3368,0.3210,0.3355,661350858.8,2022-06-23 23:59:59.999,216956444.27912,373917,330827172.7,108563657.24287,0
2022-06-24,0.3356,0.3870,0.3346,0.3668,2068904195.5,2022-06-24 23:59:59.999,759927427.71040,1101480,1048110285.8,384855162.55881,0
2022-06-25,0.3668,0.3740,0.3539,0.3674,726676104.3,2022-06-25 23:59:59.999,265190793.09213,472724,354108128.3,129261318.35450,0
2022-06-26,0.3674,0.3750,0.3572,0.3589,647489562.2,2022-06-26 23:59:59.999,236777837.28113,390402,313902940.5,114839227.51831,0
2022-06-27,0.3590,0.3669,0.3473,0.3535,742221060.8,2022-06-27 23:59:59.999,265635884.28334,412764,360744299.0,129193958.46645,0
2022-06-28,0.3536,0.3555,0.3349,0.3372,741749542.8,2022-06-28 23:59:59.999,256080362.95865,420334,358317137.5,123773684.53926,0
2022-06-29,0.3372,0.3415,0.3201,0.3293,817299654.2,2022-06-29 23:59:59.999,269639534.85368,443835,403763350.2,133210294.66126,0
2022-06-30,0.3294,0.3330,0.3054,0.3318,1286982087.4,2022-06-30 23:59:59.999,410358401.11299,663250,633297887.0,202016490.47125,0
2022-07-01,0.3318,0.3363,0.3097,0.3138,1039864448.1,2022-07-01 23:59:59.999,330764429.46954,563047,517199975.8,164460798.49107,0
2022-07-02,0.3139,0.3180,0.3090,0.3155,566368191.8,2022-07-02 23:59:59.999,177438514.52174,299865,278591964.9,87301932.92980,0
2022-07-03,0.3155,0.3256,0.3080,0.3214,671863489.7,2022-07-03 23:59:59.999,212443253.70189,363937,316874902.7,100223507.06171,0
2022-07-04,0.3213,0.3297,0.3143,0.3284,913254053.4,2022-07-04 23:59:59.999,293634738.89972,444051,468023325.2,150481390.97089,0
2022-07-05,0.3284,0.3308,0.3124,0.3249,879617483.9,2022-07-05 23:59:59.999,283387489.89238,447818,417814246.2,134622744.94659,0
2022-07-06,0.3248,0.3339,0.3196,0.3321,781505908.5,2022-07-06 23:59:59.999,253801302.15894,409933,396057106.3,128623848.39516,0
2022-07-07,0.3321,0.3455,0.3265,0.3419,694148406.7,2022-07-07 23:59:59.999,232052550.16767,381097,344753358.4,115275957.52657,0
2022-07-08,0.3420,0.3590,0.3355,0.3399,1249891002.7,2022-07-08 23:59:59.999,432579447.63394,663835,622823073.0,215614332.50869,0
2022-07-09,0.3399,0.3476,0.3389,0.3444,481541420.9,2022-07-09 23:59:59.999,165327537.32370,301960,237915274.1,81695995.65109,0
2022-07-10,0.3445,0.3447,0.3192,0.3253,827032661.3,2022-07-10 23:59:59.999,273047138.42642,429579,389722266.7,128620499.72526,0
2022-07-11,0.3253,0.3289,0.3104,0.3147,952479945.0,2022-07-11 23:59:59.999,307136628.19994,499519,466102610.1,150395093.47670,0
2022-07-12,0.3147,0.3180,0.3075,0.3114,705155564.3,2022-07-12 23:59:59.999,220294729.47850,369201,346881314.4,108362796.49662,0
2022-07-13,0.3114,0.3257,0.3004,0.3235,1202236943.7,2022-07-13 23:59:59.999,377593545.94878,580143,593864311.5,186578455.12075,0
2022-07-14,0.3235,0.3337,0.3121,0.3336,889414251.1,2022-07-14 23:59:59.999,285523345.55542,449087,442920270.6,142261227.88146,0
2022-07-15,0.3336,0.3489,0.3272,0.3339,1136269896.3,2022-07-15 23:59:59.999,383210016.27146,618632,565529404.2,190806899.44458,0
2022-07-16,0.3339,0.3560,0.3310,0.3503,1017722620.8,2022-07-16 23:59:59.999,349635430.67218,536335,506335121.9,174125212.28347,0
2022-07-17,0.3502,0.3613,0.3385,0.3431,795283098.5,2022-07-17 23:59:59.999,278685083.45854,464388,382253235.4,134056551.65701,0
2022-07-18,0.3432,0.3699,0.3427,0.3649,1161734361.7,2022-07-18 23:59:59.999,418918915.06777,632608,569953061.0,205518107.54178,0
2022-07-19,0.3648,0.3765,0.3511,0.3726,1084814166.6,2022-07-19 23:59:59.999,394321494.77429,632802,536961965.9,195256180.54809,0
2022-07-20,0.3725,0.3816,0.3567,0.3631,1036763676.8,2022-07-20 23:59:59.999,384210114.33266,603882,496335475.7,184005215.04962,0
2022-07-21,0.3630,0.3682,0.3483,0.3666,807637441.4,2022-07-21 23:59:59.999,288996528.67944,486597,395533613.2,141551596.82801,0
2022-07-22,0.3665,0.3715,0.3538,0.3576,714561533.2,2022-07-22 23:59:59.999,259452351.05393,424229,350022474.0,127115104.55270,0
2022-07-23,0.3576,0.3626,0.3494,0.3588,534769569.5,2022-07-23 23:59:59.999,190472957.57651,320321,260926096.8,92928569.76231,0
2022-07-24,0.3589,0.3666,0.3558,0.3584,595224201.8,2022-07-24 23:59:59.999,215335728.76703,345368,291416085.8,105440359.92756,0
2022-07-25,0.3584,0.3600,0.3345,0.3358,744082152.3,2022-07-25 23:59:59.999,257032740.90180,428778,360417200.6,124535706.68898,0
2022-07-26,0.3358,0.3383,0.3251,0.3369,724166975.4,2022-07-26 23:59:59.999,239985754.80777,401466,359570538.7,119169513.37065,0
2022-07-27,0.3369,0.3596,0.3301,0.3592,840762051.5,2022-07-27 23:59:59.999,288354384.93529,461931,421950506.8,144745079.33645,0
2022-07-28,0.3592,0.3790,0.3487,0.3734,1050317133.3,2022-07-28 23:59:59.999,379676891.72519,559695,522560268.4,188959611.81978,0
2022-07-29,0.3734,0.3798,0.3593,0.3677,900302215.0,2022-07-29 23:59:59.999,332906392.52672,511278,447922044.5,165637437.09043,0
2022-07-30,0.3677,0.4100,0.3622,0.3879,1491215270.7,2022-07-30 23:59:59.999,580113821.45229,723835,751220410.3,292118834.87241,0
2022-07-31,0.3878,0.3986,0.3778,0.3789,914130027.9,2022-07-31 23:59:59.999,355761359.38442,509620,435634411.3,169602869.06480,0
2022-08-01,0.3789,0.3858,0.3701,0.3787,718524120.1,2022-08-01 23:59:59.999,271325597.40826,402623,345878749.2,130633722.91829,0
2022-08-02,0.3788,0.3944,0.3663,0.3712,937298539.2,2022-08-02 23:59:59.999,350656651.01885,503403,457637454.3,171200527.63255,0
2022-08-03,0.3712,0.3772,0.3628,0.3692,640412886.1,2022-08-03 23:59:59.999,237364774.04534,348582,303059543.7,112345007.90671,0
2022-08-04,0.3692,0.3748,0.3637,0.3709,535535294.9,2022-08-04 23:59:59.999,197800672.12468,292225,260251925.1,96130895.30201,0
2022-08-05,0.3709,0.3785,0.3669,0.3761,658923170.3,2022-08-05 23:59:59.999,245959821.40390,332595,318339690.0,118846316.06829,0
2022-08-06,0.3762,0.3777,0.3700,0.3711,373937282.1,2022-08-06 23:59:59.999,139866699.27878,197766,180875924.6,67666657.27889,0
2022-08-07,0.3712,0.3769,0.3677,0.3719,363442527.1,2022-08-07 23:59:59.999,135403470.81880,194121,177924953.1,66295134.80068,0
2022-08-08,0.3719,0.3847,0.3708,0.3785,712836604.7,2022-08-08 23:59:59.999,270222977.14754,342514,348888386.2,132273730.42851,0
2022-08-09,0.3785,0.3799,0.3599,0.3671,651766957.7,2022-08-09 23:59:59.999,241062630.05201,316458,302114434.4,111778752.95676,0
2022-08-10,0.3670,0.3814,0.3578,0.3813,879170598.9,2022-08-10 23:59:59.999,325759188.51573,402458,440779314.4,163409472.33006,0
2022-08-11,0.3812,0.3860,0.3767,0.3800,771238445.5,2022-08-11 23:59:59.999,293861183.50618,350764,377031844.2,143680583.62401,0
2022-08-12,0.3800,0.3803,0.3695,0.3794,623719167.4,2022-08-12 23:59:59.999,233947514.14968,298384,306659415.0,115034998.22263,0
2022-08-13,0.3793,0.3878,0.3759,0.3776,583938219.4,2022-08-13 23:59:59.999,222103794.81334,280765,284554297.4,108247834.58213,0
2022-08-14,0.3777,0.3921,0.3734,0.3754,873004531.5,2022-08-14 23:59:59.999,333746284.67945,397219,417674948.9,159773444.82997,0
2022-08-15,0.3754,0.3849,0.3654,0.3750,996968621.0,2022-08-15 23:59:59.999,372388360.00204,432096,480053680.1,179340102.95906,0
2022-08-16,0.3750,0.3782,0.3662,0.3768,821759032.9,2022-08-16 23:59:59.999,306873075.25984,383655,401212361.6,149841189.93983,0
2022-08-17,0.3767,0.3923,0.3675,0.3794,1485308861.0,2022-08-17 23:59:59.999,564856407.49975,660237,720873422.2,274310356.43936,0
2022-08-18,0.3794,0.3813,0.3686,0.3700,910479887.1,2022-08-18 23:59:59.999,341891686.41118,424872,430404176.2,161670158.19116,0
2022-08-19,0.3700,0.3704,0.3226,0.3341,1650442855.5,2022-08-19 23:59:59.999,570281916.40673,681417,788210513.7,272108409.42698,0
2022-08-20,0.3342,0.3424,0.3316,0.3364,806673778.0,2022-08-20 23:59:59.999,273015469.19479,370494,399772632.0,135305041.60013,0
2022-08-21,0.3365,0.3483,0.3352,0.3445,647273269.0,2022-08-21 23:59:59.999,221569159.50420,321329,328021358.4,112296991.07760,0
2022-08-22,0.3445,0.3451,0.3309,0.3436,843581133.4,2022-08-22 23:59:59.999,284535051.45298,414448,411458719.7,138792527.58491,0
2022-08-23,0.3437,0.3479,0.3322,0.3471,721220495.1,2022-08-23 23:59:59.999,245750421.85105,344191,355355983.3,121099586.67516,0
2022-08-24,0.3470,0.3524,0.3386,0.3454,646463989.8,2022-08-24 23:59:59.999,222568201.68217,331171,316879261.1,109115587.23059,0
2022-08-25,0.3454,0.3522,0.3432,0.3486,644857274.9,2022-08-25 23:59:59.999,223985780.93447,332162,317913979.5,110448967.02196,0
2022-08-26,0.3487,0.3710,0.3321,0.3391,2172510252.2,2022-08-26 23:59:59.999,763311293.03909,893757,1075718466.5,378353324.61589,0
2022-08-27,0.3391,0.3447,0.3278,0.3344,761322435.8,2022-08-27 23:59:59.999,254801818.52296,404083,375037127.9,125561490.89489,0
2022-08-28,0.3345,0.3372,0.3211,0.3223,678201742.1,2022-08-28 23:59:59.999,224824826.05340,338106,322482563.4,106985487.96944,0
2022-08-29,0.3222,0.3340,0.3182,0.3335,1121275672.4,2022-08-29 23:59:59.999,364181259.00379,468747,554592958.8,180151280.90951,0
2022-08-30,0.3334,0.3356,0.3191,0.3266,931210903.4,2022-08-30 23:59:59.999,305472557.42510,406251,448565970.7,147181234.04637,0
2022-08-31,0.3265,0.3338,0.3228,0.3273,809176007.8,2022-08-31 23:59:59.999,266545714.01638,368913,401027211.7,132119379.35554,0
2022-09-01,0.3273,0.3332,0.3212,0.3329,726415742.5,2022-09-01 23:59:59.999,237014056.25248,343562,349230972.3,113942435.54341,0
2022-09-02,0.3329,0.3352,0.3249,0.3311,791767935.9,2022-09-02 23:59:59.999,261372169.24818,361161,388354112.4,128218815.10817,0
2022-09-03,0.3312,0.3345,0.3262,0.3294,451808937.1,2022-09-03 23:59:59.999,148780950.05496,229812,221549799.1,72966675.14997,0
2022-09-04,0.3294,0.3325,0.3271,0.3315,419029611.9,2022-09-04 23:59:59.999,138385889.30315,225287,208691017.0,68929712.15239,0
2022-09-05,0.3316,0.3337,0.3222,0.3327,724174537.3,2022-09-05 23:59:59.999,237563769.30402,321587,350991428.9,115173821.19560,0
2022-09-06,0.3328,0.3429,0.3170,0.3210,1423458026.6,2022-09-06 23:59:59.999,471756165.01720,564002,681866319.7,226151691.79927,0
2022-09-07,0.3209,0.3385,0.3120,0.3367,1031330046.7,2022-09-07 23:59:59.999,335168022.40983,432491,509173851.3,165540504.97506,0
2022-09-08,0.3367,0.3433,0.3280,0.3394,993581039.1,2022-09-08 23:59:59.999,331776154.54897,425547,496811656.8,165901920.92433,0
2022-09-09,0.3394,0.3596,0.3392,0.3565,1107677887.2,2022-09-09 23:59:59.999,386717271.26854,485954,556780177.6,194429832.33437,0
2022-09-10,0.3566,0.3619,0.3510,0.3572,709660483.6,2022-09-10 23:59:59.999,252561296.65497,338981,349837349.3,124509623.99335,0
2022-09-11,0.3572,0.3604,0.3483,0.3548,506542671.9,2022-09-11 23:59:59.999,179911190.14156,272547,247755019.9,88006956.29389,0
2022-09-12,0.3548,0.3600,0.3475,0.3596,765513534.6,2022-09-12 23:59:59.999,270954529.21156,382290,374232229.1,132470643.92676,0
2022-09-13,0.3596,0.3601,0.3303,0.3323,1083474088.3,2022-09-13 23:59:59.999,374169691.28177,491416,513918420.7,177448507.66628,0
2022-09-14,0.3322,0.3439,0.3308,0.3413,714312529.3,2022-09-14 23:59:59.999,240506334.85560,337699,359136958.2,120908918.48652,0
2022-09-15,0.3413,0.3425,0.3239,0.3260,985108572.9,2022-09-15 23:59:59.999,327909412.20318,448172,467783706.5,155729964.96464,0
2022-09-16,0.3260,0.3580,0.3211,0.3551,1231694519.9,2022-09-16 23:59:59.999,415168866.50145,547173,630958934.8,212827295.00318,0
2022-09-17,0.3552,0.3814,0.3461,0.3761,2580413857.9,2022-09-17 23:59:59.999,945255981.90831,924325,1322950370.1,484699704.37180,0
2022-09-18,0.3761,0.3979,0.3555,0.3576,4366106072.8,2022-09-18 23:59:59.999,1658590065.92487,1655209,2167449561.3,823806343.28752,0
2022-09-19,0.3576,0.3929,0.3396,0.3844,3438185209.3,2022-09-19 23:59:59.999,1245924900.91196,1382705,1687527008.2,611966004.30230,0
2022-09-20,0.3844,0.4241,0.3701,0.4135,6156393930.8,2022-09-20 23:59:59.999,2454188190.90732,2180107,3105546968.1,1238662373.07024,0
2022-09-21,0.4134,0.4340,0.3750,0.3932,5580152961.2,2022-09-21 23:59:59.999,2253627453.47963,2255155,2753432199.6,1112621280.27544,0
2022-09-22,0.3933,0.5009,0.3930,0.4857,7453889518.2,2022-09-22 23:59:59.999,3338578192.20731,2897690,3822566012.9,1712598594.14386,0
2022-09-23,0.4857,0.5588,0.4560,0.5063,12593260345.8,2022-09-23 23:59:59.999,6328840752.38404,4949697,6321256507.0,3178037143.70664,0
2022-09-24,0.5064,0.5191,0.4713,0.4877,5441395354.6,2022-09-24 23:59:59.999,2692205774.81299,2432163,2716287952.6,1344190825.95250,0
2022-09-25,0.4877,0.5210,0.4753,0.4912,6321139196.2,2022-09-25 23:59:59.999,3139935574.41410,2565176,3152918239.4,1566639155.87770,0
2022-09-26,0.4912,0.5016,0.4572,0.4679,4220981694.4,2022-09-26 23:59:59.999,2000043191.25045,1829927,2062291377.1,977235532.62093,0
2022-09-27,0.4679,0.4875,0.4344,0.4454,4065426453.5,2022-09-27 23:59:59.999,1885235436.80043,1599613,1977238245.8,917301185.52907,0
2022-09-28,0.4454,0.4554,0.4166,0.4488,3928802715.8,2022-09-28 23:59:59.999,1698111143.03966,1462888,1947300414.2,841770167.34847,0
2022-09-29,0.4489,0.5094,0.4260,0.4874,5605640575.0,2022-09-29 23:59:59.999,2599499964.44793,2100465,2828415855.1,1312596225.97638,0
2022-09-30,0.4874,0.4988,0.4650,0.4797,5845305625.0,2022-09-30 23:59:59.999,2823859810.10291,2330597,2927415702.0,1414250040.61865,0
2022-10-01,0.4797,0.4864,0.4664,0.4751,2601839139.1,2022-10-01 23:59:59.999,1238164415.97748,1070757,1282053601.1,610229999.03351,0
2022-10-02,0.4752,0.4784,0.4420,0.4482,2507843630.6,2022-10-02 23:59:59.999,1157890642.04350,1021062,1177143979.0,543632454.53207,0
2022-10-03,0.4481,0.4690,0.4369,0.4617,2991602375.6,2022-10-03 23:59:59.999,1347241421.18245,1127602,1474019810.8,663928024.52661,0
2022-10-04,0.4618,0.4858,0.4512,0.4792,3346172919.8,2022-10-04 23:59:59.999,1576763259.99013,1241407,1648345871.8,776896844.73361,0
2022-10-05,0.4792,0.5023,0.4714,0.4885,4292650104.9,2022-10-05 23:59:59.999,2085874642.98412,1576808,2137250724.7,1038864211.86809,0
2022-10-06,0.4885,0.5059,0.4880,0.4931,3333393737.1,2022-10-06 23:59:59.999,1653991607.22143,1238890,1653076872.3,820398671.14889,0
2022-10-07,0.4930,0.5339,0.4795,0.5173,3909658080.6,2022-10-07 23:59:59.999,1959532889.39530,1540703,1971737748.2,988734733.87125,0
2022-10-08,0.5173,0.5291,0.5107,0.5168,3062392798.3,2022-10-08 23:59:59.999,1591860753.05531,1314575,1541061716.0,801257698.93223,0
2022-10-09,0.5168,0.5496,0.5057,0.5324,3278025646.1,2022-10-09 23:59:59.999,1721687809.36397,1293399,1670131108.6,877478902.95836,0
2022-10-10,0.5325,0.5377,0.4901,0.4938,4256335982.6,2022-10-10 23:59:59.999,2210729222.91239,1557629,2047812942.8,1064237256.45524,0
2022-10-11,0.4938,0.5023,0.4760,0.4858,4294805204.4,2022-10-11 23:59:59.999,2106180471.20607,1508492,2098428993.9,1029323241.89592,0
2022-10-12,0.4858,0.4959,0.4800,0.4879,2407845655.8,2022-10-12 23:59:59.999,1176420149.31202,889206,1193075985.4,582981029.45385,0
2022-10-13,0.4880,0.4895,0.4398,0.4788,5248966515.5,2022-10-13 23:59:59.999,2451374475.92293,1733367,2549874411.9,1190708164.35178,0
2022-10-14,0.4788,0.5124,0.4776,0.4880,3870606624.9,2022-10-14 23:59:59.999,1922034149.41697,1344447,1951471835.4,969270353.17207,0
2022-10-15,0.4880,0.4900,0.4772,0.4817,1476508872.0,2022-10-15 23:59:59.999,714910700.96348,560087,725412246.3,351315566.37744,0
2022-10-16,0.4816,0.4873,0.4676,0.4762,1633661179.9,2022-10-16 23:59:59.999,782643248.11071,628443,790763326.8,378920617.42711,0
2022-10-17,0.4762,0.4824,0.4624,0.4800,2450580179.5,2022-10-17 23:59:59.999,1158926738.13002,830911,1226414385.1,579987604.65049,0
2022-10-18,0.4801,0.4841,0.4562,0.4656,2433199650.5,2022-10-18 23:59:59.999,1142725508.46370,796214,1180252139.2,554480956.89644,0
2022-10-19,0.4656,0.4665,0.4465,0.4500,2378974671.0,2022-10-19 23:59:59.999,1087812468.10408,756898,1165686889.9,533146470.13722,0
2022-10-20,0.4501,0.4645,0.4202,0.4462,3124351145.1,2022-10-20 23:59:59.999,1406678729.26885,1015615,1537581838.2,692776508.77202,0
2022-10-21,0.4463,0.4614,0.4340,0.4611,2737281971.1,2022-10-21 23:59:59.999,1222178898.47068,841431,1357139235.6,606018495.32067,0
2022-10-22,0.4611,0.4706,0.4556,0.4651,1458223703.7,2022-10-22 23:59:59.999,674829405.88442,527558,746059643.7,345348868.72662,0
2022-10-23,0.4651,0.4724,0.4516,0.4687,1538849298.7,2022-10-23 23:59:59.999,709216072.16398,567316,760101871.8,350354585.30541,0
2022-10-24,0.4686,0.4729,0.4450,0.4527,1694125398.4,2022-10-24 23:59:59.999,773807504.68297,583752,818247315.3,373812493.65938,0
2022-10-25,0.4527,0.4727,0.4432,0.4603,2331242249.3,2022-10-25 23:59:59.999,1064475945.55958,843220,1155800063.2,527703248.99278,0
2022-10-26,0.4603,0.4715,0.4561,0.4686,1888556589.7,2022-10-26 23:59:59.999,877180781.14790,716264,936247700.1,434858317.07849,0
2022-10-27,0.4686,0.4824,0.4580,0.4612,2287008929.8,2022-10-27 23:59:59.999,1076600074.98226,886695,1113151335.3,524272374.33936,0
2022-10-28,0.4611,0.4754,0.4561,0.4741,1355365677.1,2022-10-28 23:59:59.999,629576521.11783,549743,676719692.1,314377298.65899,0
2022-10-29,0.4740,0.4836,0.4654,0.4698,1473314493.8,2022-10-29 23:59:59.999,697105147.07661,715474,723965964.0,342676544.02839,0
2022-10-30,0.4698,0.4730,0.4532,0.4578,1112781231.5,2022-10-30 23:59:59.999,515583829.05571,493424,527854838.3,244661218.51285,0
2022-10-31,0.4578,0.4673,0.4472,0.4642,1556489368.3,2022-10-31 23:59:59.999,710813915.39301,739344,772382870.3,352982412.70416,0
2022-11-01,0.4642,0.4668,0.4538,0.4633,1165517054.9,2022-11-01 23:59:59.999,536953414.46235,551980,569926429.9,262597432.54278,0
2022-11-02,0.4634,0.4658,0.4445,0.4494,1589776026.5,2022-11-02 23:59:59.999,726663734.80644,767403,759770659.4,347437844.43402,0
2022-11-03,0.4495,0.4595,0.4484,0.4546,1106659502.4,2022-11-03 23:59:59.999,504304132.35322,515752,555749583.4,253269071.67485,0
2022-11-04,0.4545,0.5075,0.4528,0.5060,3148931967.4,2022-11-04 23:59:59.999,1540938268.55102,1337628,1598454750.4,781798579.63613,0
2022-11-05,0.5060,0.5100,0.4884,0.4929,1443694783.8,2022-11-05 23:59:59.999,719620269.72611,711033,706123583.4,352122593.95772,0
2022-11-06,0.4929,0.4946,0.4673,0.4706,1046763840.6,2022-11-06 23:59:59.999,508292786.47417,551780,498187218.2,241957251.69829,0
2022-11-07,0.4707,0.4798,0.4580,0.4644,1547778085.1,2022-11-07 23:59:59.999,728332156.64893,727484,735496102.1,346186387.54897,0
2022-11-08,0.4645,0.4666,0.3292,0.4054,4078933970.1,2022-11-08 23:59:59.999,1729941818.80182,2082794,1946504055.3,826543540.98203,0
2022-11-09,0.4054,0.4103,0.3110,0.3321,4028662504.2,2022-11-09 23:59:59.999,1470902880.80048,2314384,1975854571.4,722036838.69105,0
2022-11-10,0.3320,0.4027,0.3288,0.3941,2575899480.1,2022-11-10 23:59:59.999,953683573.89502,1606533,1309276110.2,484752413.74877,0
2022-11-11,0.3941,0.3989,0.3656,0.3841,1756565638.8,2022-11-11 23:59:59.999,671159297.14348,1117989,872546865.5,333468478.67153,0
2022-11-12,0.3842,0.3845,0.3592,0.3634,998979940.5,2022-11-12 23:59:59.999,368198650.77022,594030,493687821.0,181980311.09525,0
2022-11-13,0.3634,0.3693,0.3324,0.3405,1237836598.8,2022-11-13 23:59:59.999,433517401.04636,713501,603231109.7,211273811.64162,0
2022-11-14,0.3405,0.3792,0.3208,0.3772,2981933021.6,2022-11-14 23:59:59.999,1045747950.29911,1452130,1487265945.1,521972915.17934,0
2022-11-15,0.3773,0.3978,0.3662,0.3885,3013526564.2,2022-11-15 23:59:59.999,1153605539.35187,1419902,1512240038.4,579194517.10326,0
2022-11-16,0.3884,0.3916,0.3613,0.3749,1821404073.1,2022-11-16 23:59:59.999,686647624.68003,842687,882574245.3,332784184.34113,0
2022-11-17,0.3748,0.3872,0.3690,0.3817,1901752343.5,2022-11-17 23:59:59.999,717477835.70255,858169,947990882.5,357696466.67945,0
2022-11-18,0.3817,0.3878,0.3738,0.3827,1157751018.2,2022-11-18 23:59:59.999,441504570.82959,500616,569180875.1,217109651.90672,0
2022-11-19,0.3827,0.3883,0.3750,0.3839,729077155.9,2022-11-19 23:59:59.999,277576357.09851,320565,372100494.2,141700891.91781,0
2022-11-20,0.3840,0.3967,0.3580,0.3607,1766036775.4,2022-11-20 23:59:59.999,666992139.54024,692301,840732288.4,317818265.30160,0
2022-11-21,0.3607,0.3686,0.3450,0.3643,2400453241.3,2022-11-21 23:59:59.999,851587981.83937,942777,1175787635.6,417169427.28010,0
2022-11-22,0.3642,0.3784,0.3509,0.3756,1800224039.4,2022-11-22 23:59:59.999,656897489.75370,734127,910541512.1,332439245.21483,0
2022-11-23,0.3757,0.3823,0.3680,0.3813,1382915476.5,2022-11-23 23:59:59.999,520060961.69207,609160,688418028.3,258901206.83429,0
2022-11-24,0.3812,0.4048,0.3740,0.4017,2041193115.3,2022-11-24 23:59:59.999,796658326.22958,863114,1042976724.6,407255032.82442,0
2022-11-25,0.4017,0.4196,0.3883,0.4076,2630195322.4,2022-11-25 23:59:59.999,1066909895.89051,1108511,1311491942.6,532283098.21834,0
2022-11-26,0.4076,0.4147,0.3923,0.3958,1025981602.7,2022-11-26 23:59:59.999,414301365.70640,521094,487128613.1,196831100.82529,0
2022-11-27,0.3958,0.4095,0.3936,0.3961,1037281936.3,2022-11-27 23:59:59.999,416742451.85924,509575,498581008.4,200355350.93691,0
2022-11-28,0.3960,0.3988,0.3725,0.3884,1769637961.5,2022-11-28 23:59:59.999,676575929.12641,797231,868429428.6,331984935.24810,0
2022-11-29,0.3884,0.4039,0.3827,0.3977,1404053156.6,2022-11-29 23:59:59.999,550660706.34668,623912,705813356.2,276846597.68051,0
2022-11-30,0.3978,0.4116,0.3917,0.4074,1413117143.9,2022-11-30 23:59:59.999,569079739.19786,648605,710763710.5,286335281.42295,0
2022-12-01,0.4075,0.4090,0.3940,0.3966,1000436465.3,2022-12-01 23:59:59.999,399424401.53909,446811,487395740.5,194602344.96327,0
2022-12-02,0.3966,0.3974,0.3833,0.3957,1047662547.9,2022-12-02 23:59:59.999,408144668.70391,471127,515252112.4,200728973.36517,0
2022-12-03,0.3958,0.3970,0.3850,0.3868,930582546.8,2022-12-03 23:59:59.999,364765852.51842,385554,453592827.0,177844812.52187,0
2022-12-04,0.3869,0.3927,0.3856,0.3893,675450943.7,2022-12-04 23:59:59.999,263151480.27224,304477,334699221.8,130416540.78491,0
2022-12-05,0.3892,0.3952,0.3776,0.3890,1133650417.0,2022-12-05 23:59:59.999,442124546.86777,485851,546989490.3,213396782.65906,0
2022-12-06,0.3890,0.3923,0.3805,0.3911,982588849.1,2022-12-06 23:59:59.999,379285832.75426,413735,486031551.6,187649555.53108,0
2022-12-07,0.3911,0.3923,0.3714,0.3830,1091502732.0,2022-12-07 23:59:59.999,416577794.86854,454319,526463524.3,200927139.45322,0
2022-12-08,0.3830,0.3962,0.3821,0.3938,1302517936.1,2022-12-08 23:59:59.999,505607790.83928,491767,665753586.9,258482179.82894,0
2022-12-09,0.3939,0.3948,0.3827,0.3886,923418701.1,2022-12-09 23:59:59.999,360082760.33482,388397,455103901.0,177498512.01733,0
2022-12-10,0.3886,0.3891,0.3850,0.3861,395073456.8,2022-12-10 23:59:59.999,153002235.79828,198971,189078275.0,73233780.16771,0
2022-12-11,0.3862,0.3882,0.3765,0.3806,519384630.0,2022-12-11 23:59:59.999,199700265.39281,240240,238539051.0,91745205.03517,0
2022-12-12,0.3805,0.3895,0.3695,0.3870,1108699902.5,2022-12-12 23:59:59.999,418460655.82246,472474,551203360.0,208033953.55876,0
2022-12-13,0.3871,0.3991,0.3783,0.3950,1444505867.8,2022-12-13 23:59:59.999,560584331.18599,612927,725895594.5,281743594.71488,0
2022-12-14,0.3950,0.3954,0.3765,0.3849,1208339767.7,2022-12-14 23:59:59.999,468584795.48994,534234,589544246.4,228727832.70265,0
2022-12-15,0.3849,0.3864,0.3728,0.3776,919489539.9,2022-12-15 23:59:59.999,349143480.73501,397119,449082347.1,170547918.05629,0
2022-12-16,0.3777,0.3797,0.3430,0.3508,1571853927.4,2022-12-16 23:59:59.999,569045729.08094,664980,756091244.9,273800976.12157,0
2022-12-17,0.3508,0.3571,0.3464,0.3542,1048730187.7,2022-12-17 23:59:59.999,369470615.11474,414003,522576465.4,184158643.82664,0
2022-12-18,0.3542,0.3555,0.3468,0.3495,582327102.7,2022-12-18 23:59:59.999,204432954.31458,255834,277078358.5,97300443.52935,0
2022-12-19,0.3494,0.3527,0.3312,0.3385,1699405736.5,2022-12-19 23:59:59.999,578166394.10885,629458,826943472.0,281372231.08757,0
2022-12-20,0.3385,0.3529,0.3355,0.3482,1319189620.6,2022-12-20 23:59:59.999,453490198.74865,504429,678617526.4,233270324.57974,0
2022-12-21,0.3483,0.3504,0.3363,0.3445,1013367212.5,2022-12-21 23:59:59.999,347353050.19140,404799,504664228.7,173007822.76655,0
2022-12-22,0.3445,0.3500,0.3411,0.3489,874713964.7,2022-12-22 23:59:59.999,301670502.87942,345546,435512596.8,150208167.79278,0
2022-12-23,0.3488,0.3548,0.3469,0.3540,886646513.9,2022-12-23 23:59:59.999,310645020.23825,331330,444715938.8,155829731.48363,0
2022-12-24,0.3539,0.3540,0.3506,0.3515,329263857.9,2022-12-24 23:59:59.999,115863002.99025,156920,161150403.7,56711240.92285,0
2022-12-25,0.3515,0.3517,0.3426,0.3455,587674257.1,2022-12-25 23:59:59.999,203812802.58153,239194,279058218.5,96785725.71019,0
2022-12-26,0.3456,0.3699,0.3453,0.3655,1684167469.5,2022-12-26 23:59:59.999,605457513.41110,544145,867603331.3,311850499.92148,0
2022-12-27,0.3655,0.3728,0.3585,0.3674,2285019052.0,2022-12-27 23:59:59.999,839280933.32032,716543,1142967958.2,419840768.86083,0
2022-12-28,0.3673,0.3686,0.3544,0.3556,1879382222.5,2022-12-28 23:59:59.999,675364435.15336,617008,910797260.2,327311490.68452,0
2022-12-29,0.3557,0.3577,0.3351,0.3420,1948873686.3,2022-12-29 23:59:59.999,672591605.26740,605763,944231347.2,325879467.73200,0
2022-12-30,0.3419,0.3459,0.3334,0.3447,1549661532.3,2022-12-30 23:59:59.999,525013360.21909,439035,765509267.7,259380112.08718,0
2022-12-31,0.3446,0.3452,0.3385,0.3388,806355541.8,2022-12-31 23:59:59.999,275811986.88165,241281,391287224.5,133849707.86835,0
2023-01-01,0.3389,0.3397,0.3352,0.3385,717661010.5,2023-01-01 23:59:59.999,242333412.22721,230028,355051266.2,119901435.60598,0
2023-01-02,0.3384,0.3554,0.2968,0.3479,3188137253.4,2023-01-02 23:59:59.999,1071520780.88191,922011,1565810106.3,526521849.79230,0
2023-01-03,0.3478,0.3518,0.3400,0.3434,1676005560.8,2023-01-03 23:59:59.999,578160897.93416,507736,833996765.0,287735213.08093,0
2023-01-04,0.3435,0.3527,0.3410,0.3470,1695312554.5,2023-01-04 23:59:59.999,589135702.91349,508688,843370545.2,293135266.73749,0
2023-01-05,0.3469,0.3485,0.3321,0.3377,1325148887.2,2023-01-05 23:59:59.999,452593508.90977,419255,629295101.2,214975340.31369,0
2023-01-06,0.3377,0.3459,0.3309,0.3440,1431606821.1,2023-01-06 23:59:59.999,482513476.34134,474831,721152506.9,243093230.20134,0
2023-01-07,0.3440,0.3455,0.3410,0.3441,627528960.0,2023-01-07 23:59:59.999,215529032.23038,251355,311658545.7,107058176.74276,0
2023-01-08,0.3442,0.3472,0.3332,0.3451,1076024117.9,2023-01-08 23:59:59.999,366676138.66687,368322,508847566.4,173489411.23840,0
2023-01-09,0.3450,0.3576,0.3417,0.3486,2878732681.0,2023-01-09 23:59:59.999,1010373283.62517,767728,1406038472.7,493584472.22148,0
2023-01-10,0.3486,0.3539,0.3430,0.3507,1345802309.5,2023-01-10 23:59:59.999,469916551.41249,433077,662994788.8,231522466.29319,0
2023-01-11,0.3508,0.3788,0.3475,0.3727,4048286353.4,2023-01-11 23:59:59.999,1483007715.09728,1196964,2027161961.0,742720449.50440,0
2023-01-12,0.3727,0.3819,0.3570,0.3746,2764745194.9,2023-01-12 23:59:59.999,1028813917.13907,908833,1335130211.5,497015334.76063,0
2023-01-13,0.3746,0.3867,0.3673,0.3856,2016041308.9,2023-01-13 23:59:59.999,758873933.86940,673901,994000977.8,374258744.85275,0
2023-01-14,0.3856,0.4094,0.3749,0.3952,3235817749.9,2023-01-14 23:59:59.999,1280437840.55757,1080253,1577492879.8,624430147.49320,0
2023-01-15,0.3952,0.3970,0.3790,0.3845,1487659723.9,2023-01-15 23:59:59.999,574754462.92013,535145,710374510.8,274466161.98796,0
2023-01-16,0.3845,0.4062,0.3752,0.3854,2409679141.9,2023-01-16 23:59:59.999,940364863.66444,858625,1163527071.8,454282522.90399,0
2023-01-17,0.3854,0.3987,0.3780,0.3868,1670027590.4,2023-01-17 23:59:59.999,647799307.47744,641654,822651007.3,319137107.52590,0
2023-01-18,0.3868,0.3964,0.3635,0.3780,2641379218.3,2023-01-18 23:59:59.999,1013878815.14710,997560,1282944731.3,492641281.90944,0
2023-01-19,0.3779,0.3967,0.3761,0.3927,1945152851.4,2023-01-19 23:59:59.999,753943199.20804,734976,979323001.9,379641211.01050,0
2023-01-20,0.3927,0.4141,0.3858,0.4125,1742171776.4,2023-01-20 23:59:59.999,694184873.73159,660180,873117904.3,348019378.11685,0
2023-01-21,0.4125,0.4165,0.3930,0.4032,1774616711.4,2023-01-21 23:59:59.999,726118925.23402,740025,846002425.5,346268852.23096,0
2023-01-22,0.4032,0.4123,0.3955,0.4002,1278840832.0,2023-01-22 23:59:59.999,516941268.11353,522429,604850163.9,244534279.11422,0
2023-01-23,0.4003,0.4332,0.3993,0.4234,3077156831.6,2023-01-23 23:59:59.999,1297695841.26085,1177978,1543162997.4,650684856.31074,0
2023-01-24,0.4233,0.4313,0.4011,0.4075,1862051480.5,2023-01-24 23:59:59.999,781139081.04026,751616,873488993.5,366520475.62332,0
2023-01-25,0.4075,0.4244,0.3966,0.4169,1568831212.2,2023-01-25 23:59:59.999,640637197.48152,655659,766844541.9,313220754.88768,0
2023-01-26,0.4169,0.4179,0.4050,0.4090,1264243951.1,2023-01-26 23:59:59.999,520308105.80279,538217,611527409.1,251708238.95831,0
2023-01-27,0.4090,0.4134,0.3981,0.4128,1126539717.2,2023-01-27 23:59:59.999,458492782.99567,481629,553229119.9,225180187.57844,0
2023-01-28,0.4127,0.4169,0.4051,0.4075,851056623.9,2023-01-28 23:59:59.999,349032369.52971,356005,414053753.8,169862907.31039,0
2023-01-29,0.4076,0.4174,0.4063,0.4133,929898804.3,2023-01-29 23:59:59.999,383269324.38832,390970,449983678.4,185477172.84038,0
2023-01-30,0.4133,0.4221,0.3832,0.3932,1737882188.3,2023-01-30 23:59:59.999,700331285.76869,727451,828016462.6,333880518.63988,0
2023-01-31,0.3933,0.4111,0.3880,0.4056,1588835932.9,2023-01-31 23:59:59.999,634342624.03655,609650,795320985.6,317498609.32160,0
2023-02-01,0.4056,0.4158,0.3963,0.4132,1484638735.7,2023-02-01 23:59:59.999,599832208.45845,671663,736234450.0,297490329.26304,0
2023-02-02,0.4133,0.4196,0.4078,0.4099,1405206298.5,2023-02-02 23:59:59.999,581112125.99457,575062,689470007.9,285139545.92742,0
2023-02-03,0.4098,0.4138,0.4051,0.4117,1104447859.1,2023-02-03 23:59:59.999,452647843.52665,471167,532523489.0,218277651.36614,0
2023-02-04,0.4117,0.4207,0.4072,0.4106,746083615.7,2023-02-04 23:59:59.999,307751447.00663,366492,355634431.9,146751642.88849,0
2023-02-05,0.4106,0.4120,0.3933,0.3983,1136006358.4,2023-02-05 23:59:59.999,457548762.69044,504917,527822323.3,212538213.28854,0
2023-02-06,0.3983,0.4036,0.3906,0.3920,1129799410.6,2023-02-06 23:59:59.999,449709645.19180,537054,560250054.8,223035531.61431,0
2023-02-07,0.3919,0.4048,0.3899,0.4036,1169754330.3,2023-02-07 23:59:59.999,463690085.74574,506604,586552026.6,232526044.82550,0
2023-02-08,0.4035,0.4061,0.3934,0.3977,1028754816.5,2023-02-08 23:59:59.999,411085621.49666,489900,506398402.8,202384909.24773,0
2023-02-09,0.3977,0.4102,0.3716,0.3816,2356462337.1,2023-02-09 23:59:59.999,927476272.86767,1000376,1143322403.0,450563107.80233,0
2023-02-10,0.3816,0.3875,0.3766,0.3815,1168893717.7,2023-02-10 23:59:59.999,447632983.46281,507906,580114999.1,222159581.06618,0
2023-02-11,0.3814,0.3840,0.3794,0.3830,472030822.9,2023-02-11 23:59:59.999,180232562.06088,302466,228601452.5,87294329.30805,0
2023-02-12,0.3831,0.3847,0.3709,0.3744,650392979.9,2023-02-12 23:59:59.999,247129353.10855,378832,296732513.1,112763284.00743,0
2023-02-13,0.3744,0.3780,0.3605,0.3704,1485208432.5,2023-02-13 23:59:59.999,547886310.79842,696366,722847277.0,266669293.31522,0
2023-02-14,0.3704,0.3839,0.3641,0.3818,1233029780.6,2023-02-14 23:59:59.999,459124508.71931,607592,627994414.2,233956461.17787,0
2023-02-15,0.3818,0.4024,0.3765,0.4012,1231683159.7,2023-02-15 23:59:59.999,478777779.41068,612307,612678558.0,238143645.11862,0
2023-02-16,0.4011,0.4047,0.3836,0.3839,1600184030.6,2023-02-16 23:59:59.999,635770673.43059,701599,770942738.6,306332947.73514,0
2023-02-17,0.3838,0.4001,0.3804,0.3950,1314169870.0,2023-02-17 23:59:59.999,512844863.75087,603214,655514089.3,255836820.52532,0
2023-02-18,0.3950,0.3977,0.3911,0.3940,657852392.2,2023-02-18 23:59:59.999,259396681.00473,361979,322072423.1,127010258.22372,0
2023-02-19,0.3941,0.3980,0.3840,0.3859,994937422.7,2023-02-19 23:59:59.999,389556132.41870,533251,468900508.1,183629005.18086,0
2023-02-20,0.3859,0.4092,0.3760,0.3986,1687723192.6,2023-02-20 23:59:59.999,669115971.16353,824432,838415214.0,332587198.15631,0
2023-02-21,0.3986,0.4025,0.3870,0.3918,1310779490.5,2023-02-21 23:59:59.999,515518987.90748,680797,625694546.1,246088407.64248,0
2023-02-22,0.3918,0.3976,0.3825,0.3953,1412448230.8,2023-02-22 23:59:59.999,550800400.31345,662222,694310085.4,270790119.70381,0
2023-02-23,0.3953,0.3978,0.3852,0.3881,979705307.7,2023-02-23 23:59:59.999,383937310.34358,580618,467015333.0,183048798.52360,0
2023-02-24,0.3882,0.3906,0.3720,0.3781,1119497906.8,2023-02-24 23:59:59.999,427497349.57239,584267,533256146.2,203705198.24324,0
2023-02-25,0.3780,0.3792,0.3682,0.3775,750378569.4,2023-02-25 23:59:59.999,282141952.30815,389116,370451992.6,139317349.03669,0
2023-02-26,0.3775,0.3805,0.3743,0.3776,503213818.4,2023-02-26 23:59:59.999,189815431.36883,285087,238803181.3,90082391.75657,0
2023-02-27,0.3776,0.3800,0.3706,0.3783,1084787879.2,2023-02-27 23:59:59.999,407635064.10033,517364,545264217.3,204901185.93632,0
2023-02-28,0.3784,0.3824,0.3718,0.3760,1069102827.2,2023-02-28 23:59:59.999,402920966.20187,515669,529181717.5,199436552.95141,0
2023-03-01,0.3761,0.3847,0.3725,0.3834,906417835.2,2023-03-01 23:59:59.999,344391694.78976,525828,438892968.6,166739067.53751,0
2023-03-02,0.3835,0.3846,0.3735,0.3771,806701831.6,2023-03-02 23:59:59.999,304963982.74588,414153,399267477.6,150933971.17493,0
2023-03-03,0.3772,0.3805,0.3483,0.3770,1492467962.9,2023-03-03 23:59:59.999,547839273.85406,661709,737958943.4,270970387.88314,0
2023-03-04,0.3770,0.3799,0.3677,0.3733,844712944.1,2023-03-04 23:59:59.999,316275593.61261,400069,401531489.8,150358876.06881,0
2023-03-05,0.3733,0.3774,0.3650,0.3666,639887129.7,2023-03-05 23:59:59.999,237515638.69733,379030,295168199.4,109585807.31019,0
2023-03-06,0.3666,0.3739,0.3588,0.3694,1247955839.0,2023-03-06 23:59:59.999,456463765.76478,624292,622036663.9,227506119.19345,0
2023-03-07,0.3694,0.3843,0.3669,0.3799,2246712679.4,2023-03-07 23:59:59.999,844600763.22871,864100,1137347439.0,427537207.13371,0
2023-03-08,0.3800,0.4019,0.3721,0.3888,4328117363.6,2023-03-08 23:59:59.999,1686536242.05436,1506532,2186632030.5,852266493.64090,0
2023-03-09,0.3888,0.3976,0.3632,0.3705,3726867048.5,2023-03-09 23:59:59.999,1435712642.03226,1409550,1834485949.7,707027358.56694,0
2023-03-10,0.3704,0.3749,0.3566,0.3697,2477234171.8,2023-03-10 23:59:59.999,909833876.29343,1065819,1213682042.9,445805914.38321,0
2023-03-11,0.3698,0.3739,0.3578,0.3635,1489311020.0,2023-03-11 23:59:59.999,542801740.83270,710047,732221339.9,266871033.76519,0
2023-03-12,0.3636,0.3712,0.3470,0.3710,1944912323.0,2023-03-12 23:59:59.999,698001927.83946,807468,945331568.0,339388736.25662,0
2023-03-13,0.3711,0.3799,0.3546,0.3722,2493094034.7,2023-03-13 23:59:59.999,916811104.97801,1076354,1222059251.5,449464292.87398,0
2023-03-14,0.3722,0.3873,0.3645,0.3724,2567339219.8,2023-03-14 23:59:59.999,962193290.35944,1124690,1252071622.9,469325234.79242,0
2023-03-15,0.3724,0.3759,0.3553,0.3588,1997708733.5,2023-03-15 23:59:59.999,729995830.82609,900300,963798421.0,352242092.33147,0
2023-03-16,0.3587,0.3669,0.3559,0.3644,1231736641.3,2023-03-16 23:59:59.999,445902983.86530,694695,600924285.8,217554550.18202,0
2023-03-17,0.3644,0.3825,0.3617,0.3799,1710827142.2,2023-03-17 23:59:59.999,636857429.58649,845810,857297883.4,319229681.76552,0
2023-03-18,0.3798,0.3902,0.3686,0.3739,1730499558.8,2023-03-18 23:59:59.999,656518770.84074,846761,841993040.3,319573263.79141,0
2023-03-19,0.3738,0.4005,0.3734,0.3860,2773691045.3,2023-03-19 23:59:59.999,1080197468.45547,1247800,1362478602.5,530499977.04268,0
2023-03-20,0.3860,0.3914,0.3702,0.3733,1895464861.4,2023-03-20 23:59:59.999,720708625.79774,896713,922589871.7,350802379.44782,0
2023-03-21,0.3732,0.4927,0.3725,0.4694,10070426786.0,2023-03-21 23:59:59.999,4424751691.12794,3799132,5076476793.9,2229084708.41305,0
2023-03-22,0.4695,0.4749,0.4079,0.4212,7739411340.1,2023-03-22 23:59:59.999,3443248081.32549,3000795,3798245335.7,1690833465.29563,0
2023-03-23,0.4211,0.4555,0.4111,0.4435,5077353373.0,2023-03-23 23:59:59.999,2236856656.22329,1864608,2501952117.4,1102306756.15553,0
2023-03-24,0.4434,0.4438,0.4133,0.4256,2563291049.9,2023-03-24 23:59:59.999,1096196346.94543,1164373,1256569517.7,537402646.36896,0
2023-03-25,0.4255,0.4650,0.4220,0.4427,4578851066.5,2023-03-25 23:59:59.999,2054266826.19592,1837435,2303610322.9,1033446902.82833,0
2023-03-26,0.4427,0.4630,0.4402,0.4477,2551970378.8,2023-03-26 23:59:59.999,1152643264.92494,1079666,1250754197.3,564954743.38497,0
2023-03-27,0.4477,0.4886,0.4422,0.4786,6557078661.4,2023-03-27 23:59:59.999,3067692654.20774,2527898,3303140258.4,1545751726.51302,0
2023-03-28,0.4786,0.5350,0.4660,0.5145,8148634712.1,2023-03-28 23:59:59.999,4062744667.62691,2955497,4124210612.8,2057178416.55188,0
2023-03-29,0.5145,0.5856,0.5144,0.5421,7744609008.3,2023-03-29 23:59:59.999,4256712144.96210,3140370,3866939671.2,2125296787.39639,0
2023-03-30,0.5421,0.5577,0.5200,0.5316,4896479448.4,2023-03-30 23:59:59.999,2631371612.84529,2159795,2420336302.8,1300908060.48120,0
2023-03-31,0.5317,0.5487,0.5251,0.5374,2998533311.9,2023-03-31 23:59:59.999,1605687398.77169,1381710,1471217288.5,787970164.92391,0
2023-04-01,0.5373,0.5375,0.4968,0.5092,2761220601.0,2023-04-01 23:59:59.999,1418161252.35825,1355460,1313778674.0,674483447.34818,0
2023-04-02,0.5092,0.5288,0.5009,0.5177,2524801497.3,2023-04-02 23:59:59.999,1306595796.63679,1221087,1237266603.5,640421057.14310,0
2023-04-03,0.5176,0.5246,0.4815,0.4957,2341858016.7,2023-04-03 23:59:59.999,1186678649.18289,1201973,1118398478.7,566981309.87877,0
2023-04-04,0.4957,0.5076,0.4870,0.5026,1403709071.1,2023-04-04 23:59:59.999,699435733.17923,859382,689969110.4,343783909.41653,0
2023-04-05,0.5025,0.5267,0.4982,0.5052,1763706185.5,2023-04-05 23:59:59.999,900397373.33123,986227,856978876.6,437663586.33380,0
2023-04-06,0.5053,0.5096,0.4900,0.5027,1234478616.6,2023-04-06 23:59:59.999,618992236.81005,755149,599277454.7,300571649.61706,0
2023-04-07,0.5026,0.5150,0.4966,0.5123,1530102451.7,2023-04-07 23:59:59.999,776790630.66350,786240,752229392.9,382026165.22720,0
2023-04-08,0.5124,0.5128,0.5015,0.5045,714108661.2,2023-04-08 23:59:59.999,363163729.49846,455014,343284924.7,174613529.20968,0
2023-04-09,0.5044,0.5090,0.4975,0.5050,638220196.5,2023-04-09 23:59:59.999,321515924.56106,433624,309465547.9,155933127.05518,0
2023-04-10,0.5050,0.5197,0.4992,0.5173,861502388.4,2023-04-10 23:59:59.999,437343416.27206,534501,432572529.6,219674824.62191,0
2023-04-11,0.5173,0.5284,0.5107,0.5163,1347407054.2,2023-04-11 23:59:59.999,699009975.19194,684832,666453376.7,345850336.80987,0
2023-04-12,0.5164,0.5177,0.4977,0.5046,1278593210.2,2023-04-12 23:59:59.999,645924330.52698,663945,612433718.0,309421363.37287,0
2023-04-13,0.5045,0.5157,0.5012,0.5121,996016444.8,2023-04-13 23:59:59.999,507087443.68778,546440,492298024.4,250643089.31469,0
2023-04-14,0.5121,0.5472,0.5110,0.5227,2067074280.9,2023-04-14 23:59:59.999,1088433425.29193,1055125,1011457423.8,532765372.86993,0
2023-04-15,0.5228,0.5262,0.5156,0.5195,697900227.9,2023-04-15 23:59:59.999,363452874.51110,409618,337972171.5,176031447.54088,0
2023-04-16,0.5195,0.5248,0.5152,0.5207,669022986.1,2023-04-16 23:59:59.999,347961116.25273,397409,326596783.9,169873911.27317,0
2023-04-17,0.5208,0.5210,0.5063,0.5108,1010406220.6,2023-04-17 23:59:59.999,517643353.90987,632141,474038906.3,242864807.74086,0
2023-04-18,0.5109,0.5394,0.5090,0.5327,1244944510.0,2023-04-18 23:59:59.999,648697192.83808,713270,629834266.3,328342601.00231,0
2023-04-19,0.5327,0.5378,0.4595,0.4908,2052160473.0,2023-04-19 23:59:59.999,1030005180.84361,1152327,939671124.4,471722016.87734,0
2023-04-20,0.4908,0.4990,0.4639,0.4747,1383587208.5,2023-04-20 23:59:59.999,668454377.09453,819118,660508976.4,319302398.83005,0
2023-04-21,0.4746,0.4789,0.4394,0.4485,1635103161.2,2023-04-21 23:59:59.999,752793055.29497,926471,788318614.4,363101489.64555,0
2023-04-22,0.4484,0.4759,0.4452,0.4717,1281754961.3,2023-04-22 23:59:59.999,594067170.55366,703938,650652765.8,301535730.37859,0
2023-04-23,0.4716,0.4717,0.4517,0.4642,1111986538.6,2023-04-23 23:59:59.999,515716820.28743,609396,540087508.2,250504306.19372,0
2023-04-24,0.4643,0.4855,0.4457,0.4606,1762079234.7,2023-04-24 23:59:59.999,818615452.79752,936755,857776652.1,398639645.09133,0
2023-04-25,0.4606,0.4719,0.4504,0.4694,1210838792.7,2023-04-25 23:59:59.999,556260656.49989,668963,602728483.3,276935782.99511,0
2023-04-26,0.4694,0.4829,0.4308,0.4611,2042979413.1,2023-04-26 23:59:59.999,948644997.00089,1026729,993402770.2,461536424.52256,0
2023-04-27,0.4612,0.4698,0.4550,0.4662,1390561537.0,2023-04-27 23:59:59.999,642671968.40476,752929,691341815.0,319523069.19773,0
2023-04-28,0.4663,0.4831,0.4632,0.4794,1456405760.3,2023-04-28 23:59:59.999,688688733.66254,794701,744323827.4,352046397.93070,0
2023-04-29,0.4793,0.4868,0.4701,0.4777,891289350.0,2023-04-29 23:59:59.999,427097412.52421,497177,436229764.6,209086709.87243,0
2023-04-30,0.4778,0.4819,0.4682,0.4703,735510642.6,2023-04-30 23:59:59.999,349980600.59524,435743,362550889.2,172532871.27821,0
2023-05-01,0.4703,0.4722,0.4537,0.4647,1049457418.3,2023-05-01 23:59:59.999,485134568.86860,528273,508812115.9,235219686.32702,0
2023-05-02,0.4646,0.4661,0.4574,0.4640,918638628.5,2023-05-02 23:59:59.999,424756253.62524,463779,459431703.5,212443578.88764,0
2023-05-03,0.4641,0.4653,0.4494,0.4630,1252243881.5,2023-05-03 23:59:59.999,572179731.64047,607183,593175144.2,271048551.50909,0
2023-05-04,0.4630,0.4648,0.4545,0.4606,755883639.7,2023-05-04 23:59:59.999,347431145.83100,435291,370051115.7,170117117.37315,0
2023-05-05,0.4606,0.4708,0.4529,0.4668,1116650303.4,2023-05-05 23:59:59.999,516974006.62263,577032,555423246.8,257215292.62262,0
2023-05-06,0.4667,0.4692,0.4509,0.4579,706173721.4,2023-05-06 23:59:59.999,324215134.14817,410031,337143656.4,154838420.07081,0
2023-05-07,0.4580,0.4599,0.4451,0.4487,513916184.3,2023-05-07 23:59:59.999,234032026.22670,338400,246243682.9,112185539.05033,0
2023-05-08,0.4486,0.4509,0.4067,0.4279,1437290443.2,2023-05-08 23:59:59.999,619711753.94782,759993,681778884.8,294022627.42044,0
2023-05-09,0.4279,0.4303,0.4201,0.4284,883363902.1,2023-05-09 23:59:59.999,374850460.06392,440632,448831970.4,190460046.20697,0
2023-05-10,0.4283,0.4339,0.4105,0.4298,1317714069.4,2023-05-10 23:59:59.999,562678650.01676,656840,650365283.1,277733867.97735,0
2023-05-11,0.4298,0.4302,0.4112,0.4204,1106353808.2,2023-05-11 23:59:59.999,466270844.10108,584176,549327364.4,231538626.16076,0
2023-05-12,0.4204,0.4442,0.4153,0.4303,1892424171.3,2023-05-12 23:59:59.999,809423177.79691,949676,952498898.9,407567298.77935,0
2023-05-13,0.4303,0.4304,0.4221,0.4238,503299475.4,2023-05-13 23:59:59.999,214262118.03244,354302,247945426.9,105557729.52113,0
2023-05-14,0.4238,0.4315,0.4203,0.4250,546204538.7,2023-05-14 23:59:59.999,232548861.99173,390497,276733860.9,117826858.47635,0
2023-05-15,0.4250,0.4300,0.4210,0.4270,856226037.7,2023-05-15 23:59:59.999,364897284.71103,522033,411960753.7,175564615.94364,0
2023-05-16,0.4269,0.4429,0.4168,0.4424,1302544435.1,2023-05-16 23:59:59.999,556899839.65320,679405,661202649.1,282918017.68816,0
2023-05-17,0.4424,0.4613,0.4373,0.4482,2617544165.6,2023-05-17 23:59:59.999,1172130859.51543,1198224,1320906207.2,591532913.32796,0
2023-05-18,0.4481,0.4729,0.4428,0.4595,2388745311.7,2023-05-18 23:59:59.999,1095957922.27018,1150861,1198556772.2,549926568.33675,0
2023-05-19,0.4595,0.4757,0.4570,0.4671,1931571329.2,2023-05-19 23:59:59.999,898986300.21939,903821,967992641.1,450568708.59046,0
2023-05-20,0.4671,0.4720,0.4614,0.4684,761816678.5,2023-05-20 23:59:59.999,355039238.45510,493408,382602922.2,178344283.90146,0
2023-05-21,0.4684,0.4704,0.4546,0.4572,874027179.1,2023-05-21 23:59:59.999,404352685.16029,550233,416866949.2,192916092.07473,0
2023-05-22,0.4571,0.4672,0.4491,0.4614,1113339789.0,2023-05-22 23:59:59.999,510704364.12086,633846,546876394.7,250948152.19262,0
2023-05-23,0.4614,0.4671,0.4580,0.4649,835651396.9,2023-05-23 23:59:59.999,386328943.18548,456754,417147371.4,192860939.06796,0
2023-05-24,0.4649,0.4649,0.4406,0.4528,1135307031.0,2023-05-24 23:59:59.999,515742916.26789,596036,539969609.9,245309245.19095,0
2023-05-25,0.4528,0.4553,0.4425,0.4535,846648809.3,2023-05-25 23:59:59.999,381153765.20244,491181,426267683.6,191923273.48938,0
2023-05-26,0.4535,0.4698,0.4521,0.4681,1366397844.2,2023-05-26 23:59:59.999,633606885.55417,645320,702898636.1,325926426.52269,0
2023-05-27,0.4681,0.4792,0.4644,0.4712,965040781.9,2023-05-27 23:59:59.999,454671770.01286,501580,468554399.5,220806952.93887,0
2023-05-28,0.4712,0.4864,0.4695,0.4820,802328240.1,2023-05-28 23:59:59.999,382280153.75352,421357,410517140.0,195639244.96797,0
2023-05-29,0.4820,0.4954,0.4755,0.4942,1506181795.9,2023-05-29 23:59:59.999,729458078.87072,710314,740521160.4,358719352.47855,0
2023-05-30,0.4941,0.5292,0.4893,0.5202,3113621115.7,2023-05-30 23:59:59.999,1587686758.35069,1475373,1580162712.2,806070618.52868,0
2023-05-31,0.5201,0.5278,0.5005,0.5166,2315363157.4,2023-05-31 23:59:59.999,1187881401.31780,1096896,1150074143.6,590164986.22484,0
2023-06-01,0.5166,0.5168,0.5011,0.5061,1250995844.6,2023-06-01 23:59:59.999,633715920.72108,619952,601709515.9,304813211.72949,0
2023-06-02,0.5062,0.5270,0.5030,0.5241,1298069014.5,2023-06-02 23:59:59.999,670629750.70794,644998,662665212.8,342391678.75605,0
2023-06-03,0.5241,0.5343,0.5140,0.5186,893988969.8,2023-06-03 23:59:59.999,466966569.92029,493241,429688860.2,224524543.82236,0
2023-06-04,0.5186,0.5468,0.5147,0.5354,1287250387.1,2023-06-04 23:59:59.999,685662815.03493,724182,656999111.4,349931818.35275,0
2023-06-05,0.5353,0.5429,0.4816,0.5085,2724354466.2,2023-06-05 23:59:59.999,1409828940.77213,1447132,1297128752.2,671897538.32622,0
2023-06-06,0.5086,0.5326,0.4955,0.5297,1881746294.0,2023-06-06 23:59:59.999,963832328.30199,1074252,952637351.3,488223833.85259,0
2023-06-07,0.5298,0.5380,0.5066,0.5179,2311101987.1,2023-06-07 23:59:59.999,1208956190.43903,1351126,1147311471.1,600425346.61797,0
2023-06-08,0.5180,0.5277,0.5153,0.5233,1165984019.3,2023-06-08 23:59:59.999,607401673.25560,743127,583256207.2,303863815.72875,0
2023-06-09,0.5234,0.5420,0.5202,0.5375,1636115594.5,2023-06-09 23:59:59.999,869986932.56755,1018834,821889626.3,437104613.23300,0
2023-06-10,0.5376,0.5387,0.4700,0.5065,3166594136.8,2023-06-10 23:59:59.999,1584419698.80702,2018606,1518134653.5,759752350.44415,0
2023-06-11,0.5065,0.5294,0.5021,0.5207,1310818227.2,2023-06-11 23:59:59.999,672943880.03539,907430,669909942.5,344129958.15928,0
2023-06-12,0.5207,0.5278,0.5080,0.5247,1513754975.7,2023-06-12 23:59:59.999,783569428.47738,957316,739859148.0,383031892.03951,0
2023-06-13,0.5247,0.5660,0.5050,0.5189,3693905334.1,2023-06-13 23:59:59.999,1968128743.37427,1978359,1818146574.9,969389814.04527,0
2023-06-14,0.5190,0.5200,0.4592,0.4797,2507818973.8,2023-06-14 23:59:59.999,1244999750.62490,1395119,1179421822.3,585914808.97466,0
2023-06-15,0.4796,0.4853,0.4666,0.4798,1745546346.5,2023-06-15 23:59:59.999,832816097.42054,990089,853721800.5,407361422.01054,0
2023-06-16,0.4798,0.4830,0.4537,0.4752,1800061518.3,2023-06-16 23:59:59.999,843843149.81986,964404,864497944.8,405356452.98231,0
2023-06-17,0.4752,0.4867,0.4693,0.4790,942526512.0,2023-06-17 23:59:59.999,451187902.51357,574422,462212367.7,221316721.52332,0
2023-06-18,0.4790,0.4973,0.4735,0.4865,1293601972.9,2023-06-18 23:59:59.999,630821994.83815,776337,644073544.0,314142532.95898,0
2023-06-19,0.4866,0.4979,0.4808,0.4934,1207071626.7,2023-06-19 23:59:59.999,591992826.40708,714222,600027416.2,294272830.34174,0
2023-06-20,0.4935,0.4965,0.4711,0.4925,1412041044.0,2023-06-20 23:59:59.999,684791851.25777,1064911,696842716.0,338084567.60288,0
2023-06-21,0.4925,0.5032,0.4889,0.4999,1681032615.4,2023-06-21 23:59:59.999,834320886.71349,1221133,830745844.5,412340886.73726,0
2023-06-22,0.4999,0.5272,0.4762,0.4936,1966633099.1,2023-06-22 23:59:59.999,991893170.43669,1656882,962566651.0,485792597.35233,0
2023-06-23,0.4936,0.5022,0.4830,0.4959,1409855371.7,2023-06-23 23:59:59.999,697549835.21428,899151,688902808.1,340925287.67579,0
2023-06-24,0.4960,0.4960,0.4753,0.4862,861261899.4,2023-06-24 23:59:59.999,420739651.70898,519950,411408153.2,201019967.43907,0
2023-06-25,0.4863,0.4976,0.4826,0.4899,895006047.3,2023-06-25 23:59:59.999,438538561.14301,551570,438523874.1,214885705.13980,0
2023-06-26,0.4900,0.4918,0.4685,0.4788,1027571059.9,2023-06-26 23:59:59.999,494339472.22963,615768,486462532.0,234062877.29647,0
2023-06-27,0.4788,0.4850,0.4753,0.4836,677077531.7,2023-06-27 23:59:59.999,325329260.90332,452229,337177256.9,162004930.11760,0
2023-06-28,0.4837,0.4841,0.4406,0.4645,1119164470.4,2023-06-28 23:59:59.999,525581762.62399,654487,521230837.3,244920582.62671,0
2023-06-29,0.4644,0.4769,0.4609,0.4743,724475838.2,2023-06-29 23:59:59.999,340210353.83821,445049,360872374.9,169461857.95828,0
2023-06-30,0.4744,0.4826,0.4484,0.4729,1575944963.7,2023-06-30 23:59:59.999,743383752.11100,856170,768527089.3,362619708.47685,0
2023-07-01,0.4730,0.4760,0.4640,0.4732,726260613.9,2023-07-01 23:59:59.999,341525429.15948,425427,359771408.0,169198298.41072,0
2023-07-02,0.4732,0.4958,0.4694,0.4843,1618516149.4,2023-07-02 23:59:59.999,783087274.29141,843487,794815369.3,384631307.78244,0
2023-07-03,0.4843,0.4911,0.4781,0.4888,1086895654.7,2023-07-03 23:59:59.999,526051465.42013,580790,529510409.6,256283166.34501,0
2023-07-04,0.4889,0.4937,0.4812,0.4870,913906120.8,2023-07-04 23:59:59.999,445374291.19879,476821,450623966.0,219642574.36175,0
2023-07-05,0.4871,0.4917,0.4650,0.4773,934978035.6,2023-07-05 23:59:59.999,448594160.29361,532807,439456493.5,210961498.96848,0
2023-07-06,0.4774,0.4839,0.4607,0.4618,1077078260.3,2023-07-06 23:59:59.999,508616020.84622,566485,515907533.7,243736806.35236,0
2023-07-07,0.4617,0.4704,0.4563,0.4683,582412225.2,2023-07-07 23:59:59.999,271191981.76182,354092,286810559.1,133556306.81296,0
2023-07-08,0.4684,0.4746,0.4646,0.4702,487722633.3,2023-07-08 23:59:59.999,228751212.37019,293143,241355987.7,113218444.53122,0
2023-07-09,0.4703,0.4715,0.4660,0.4677,349867829.9,2023-07-09 23:59:59.999,164157334.87324,208639,169192509.3,79389283.31647,0
2023-07-10,0.4678,0.4799,0.4618,0.4775,898082389.4,2023-07-10 23:59:59.999,422965616.65750,469414,447927832.1,211014406.61982,0
2023-07-11,0.4775,0.4781,0.4706,0.4749,516672453.5,2023-07-11 23:59:59.999,245110570.03441,286999,259227749.4,122978451.56645,0
2023-07-12,0.4750,0.4770,0.4639,0.4707,676340684.6,2023-07-12 23:59:59.999,319103347.15437,361655,323102628.3,152483328.14811,0
2023-07-13,0.4706,0.9650,0.4692,0.8154,15309857504.8,2023-07-13 23:59:59.999,11048889755.76243,10454119,7673551901.1,5530988636.33160,0
2023-07-14,0.8154,0.8272,0.6666,0.7177,9256523461.8,2023-07-14 23:59:59.999,6970372286.82525,7128730,4509593298.0,3395920023.18821,0
2023-07-15,0.7178,0.7366,0.6918,0.7144,3768634889.3,2023-07-15 23:59:59.999,2702560406.65065,2937260,1862633489.1,1336066737.34498,0
2023-07-16,0.7145,0.7899,0.6980,0.7463,5247971423.7,2023-07-16 23:59:59.999,3934574354.01630,3846303,2601168249.5,1950342664.15397,0
2023-07-17,0.7463,0.7667,0.7115,0.7370,3523005261.7,2023-07-17 23:59:59.999,2602279535.42825,2606255,1713444406.6,1266155249.05616,0
2023-07-18,0.7369,0.7848,0.7304,0.7776,3555782970.1,2023-07-18 23:59:59.999,2681517837.45019,2643571,1798797158.2,1357010045.61434,0
2023-07-19,0.7776,0.8559,0.7678,0.8193,5887034793.7,2023-07-19 23:59:59.999,4742373838.24047,4349053,2937590254.5,2367341137.63540,0
2023-07-20,0.8193,0.8489,0.7710,0.7940,3830663149.6,2023-07-20 23:59:59.999,3103712966.40222,2784039,1835868106.5,1488130963.11089,0
2023-07-21,0.7941,0.7984,0.7587,0.7709,2210019925.9,2023-07-21 23:59:59.999,1722666120.24057,1591855,1066954793.0,831907946.46163,0
2023-07-22,0.7709,0.7797,0.7174,0.7326,1912442786.7,2023-07-22 23:59:59.999,1450238669.33163,1327599,915990651.0,695196551.29980,0
2023-07-23,0.7326,0.7516,0.7143,0.7379,1626352600.9,2023-07-23 23:59:59.999,1198516702.17460,1097923,795393119.7,586251479.01407,0
2023-07-24,0.7379,0.7424,0.6760,0.7017,2535045102.0,2023-07-24 23:59:59.999,1789583782.53945,1544286,1236224892.1,872767028.14673,0
2023-07-25,0.7016,0.7160,0.6735,0.7084,2156079731.3,2023-07-25 23:59:59.999,1500990351.10663,1270284,1074995485.4,748545377.13039,0
2023-07-26,0.7084,0.7311,0.6919,0.7156,2034386302.8,2023-07-26 23:59:59.999,1442363097.83737,1230135,1000643245.8,709595539.76631,0
2023-07-27,0.7156,0.7327,0.7055,0.7136,1566679764.4,2023-07-27 23:59:59.999,1122547919.12285,967191,766213725.2,549041370.13394,0
2023-07-28,0.7135,0.7187,0.7015,0.7116,881972250.6,2023-07-28 23:59:59.999,627463350.39997,623202,433950948.2,308772371.23873,0
2023-07-29,0.7115,0.7156,0.7029,0.7120,579412582.1,2023-07-29 23:59:59.999,411608970.64309,394840,281876132.1,200276732.31607,0
2023-07-30,0.7120,0.7359,0.6800,0.7045,1433699961.5,2023-07-30 23:59:59.999,1021644285.40232,895306,695090396.8,495546218.99971,0
2023-07-31,0.7044,0.7201,0.6829,0.6973,1609398885.2,2023-07-31 23:59:59.999,1131750871.15933,955107,786824251.5,553522323.09798,0
2023-08-01,0.6973,0.7080,0.6710,0.7066,1470921827.0,2023-08-01 23:59:59.999,1018325412.99729,952807,726943587.5,503449732.72269,0
2023-08-02,0.7066,0.7079,0.6750,0.6846,1114122965.7,2023-08-02 23:59:59.999,770098119.35420,737544,535336612.5,370074453.90909,0
2023-08-03,0.6845,0.6873,0.6539,0.6627,1546620839.6,2023-08-03 23:59:59.999,1034918705.86224,1017003,746624918.4,499685260.30061,0
2023-08-04,0.6627,0.6675,0.6211,0.6353,1764464894.7,2023-08-04 23:59:59.999,1151469633.03106,1092175,845582638.2,552249133.76869,0
2023-08-05,0.6353,0.6356,0.6102,0.6285,1456519380.5,2023-08-05 23:59:59.999,908984581.75896,865187,717218604.7,447671111.89594,0
2023-08-06,0.6286,0.6387,0.6212,0.6239,839595808.3,2023-08-06 23:59:59.999,529033785.16926,557406,412301487.7,259848718.49337,0
2023-08-07,0.6239,0.6299,0.5950,0.6232,1658965233.9,2023-08-07 23:59:59.999,1020770575.29173,1042500,808985297.8,497972510.97531,0
2023-08-08,0.6232,0.6483,0.6137,0.6415,1568222472.4,2023-08-08 23:59:59.999,987673304.38206,982157,780333025.9,491535098.33338,0
2023-08-09,0.6416,0.6660,0.6310,0.6431,2322096301.7,2023-08-09 23:59:59.999,1505822216.45762,1299079,1147081266.0,744009663.51459,0
2023-08-10,0.6431,0.6444,0.6239,0.6329,1327998083.6,2023-08-10 23:59:59.999,839855920.74748,799797,652501210.2,412667618.35492,0
2023-08-11,0.6330,0.6410,0.6252,0.6314,802393509.7,2023-08-11 23:59:59.999,507430446.60217,505429,397470729.8,251372677.66918,0
2023-08-12,0.6314,0.6334,0.6210,0.6274,398165683.9,2023-08-12 23:59:59.999,250314304.19078,290994,192461364.7,121025041.88120,0
2023-08-13,0.6273,0.6384,0.6232,0.6252,544236846.5,2023-08-13 23:59:59.999,342734855.13365,376872,270090357.5,170137043.61739,0
2023-08-14,0.6252,0.6366,0.6237,0.6339,708638018.5,2023-08-14 23:59:59.999,445913722.47621,471360,351010609.8,220890749.71610,0
2023-08-15,0.6338,0.6344,0.5710,0.6099,1200392699.2,2023-08-15 23:59:59.999,735571385.22714,758224,560165145.2,343411381.74833,0
2023-08-16,0.6100,0.6168,0.5700,0.5887,1609124343.7,2023-08-16 23:59:59.999,958006634.70647,939035,776201656.7,462337601.90869,0
2023-08-17,0.5887,0.5946,0.4082,0.5057,2921188935.8,2023-08-17 23:59:59.999,1574521735.95554,1846806,1394766694.6,752121820.85163,0
2023-08-18,0.5057,0.5230,0.4820,0.5058,3073539413.3,2023-08-18 23:59:59.999,1543648825.35965,1608719,1492007500.5,749669770.13506,0
2023-08-19,0.5057,0.5248,0.5003,0.5198,1211812306.8,2023-08-19 23:59:59.999,621742313.93087,699145,600418525.7,308082753.09572,0
2023-08-20,0.5197,0.5582,0.5156,0.5383,2258655226.7,2023-08-20 23:59:59.999,1214010029.19345,1183309,1120008915.6,602019276.66786,0
2023-08-21,0.5382,0.5395,0.4990,0.5239,2027139406.1,2023-08-21 23:59:59.999,1058776409.15747,986133,986646785.5,515431120.05384,0
2023-08-22,0.5240,0.5254,0.5021,0.5206,1486926571.0,2023-08-22 23:59:59.999,765629015.37561,794955,735084428.9,378546467.46136,0
2023-08-23,0.5207,0.5365,0.5153,0.5298,1142483257.4,2023-08-23 23:59:59.999,599101237.34015,631432,566866992.0,297264161.57395,0
2023-08-24,0.5298,0.5316,0.5103,0.5184,842046703.9,2023-08-24 23:59:59.999,438522393.58667,463074,410047978.2,213541074.09961,0
2023-08-25,0.5184,0.5316,0.5076,0.5255,1288164465.1,2023-08-25 23:59:59.999,667146707.95243,734354,642043543.6,332572039.37245,0
2023-08-26,0.5255,0.5281,0.5177,0.5227,503987069.7,2023-08-26 23:59:59.999,263683662.62015,361156,250215908.0,130926600.64129,0
2023-08-27,0.5227,0.5300,0.5157,0.5232,522921794.5,2023-08-27 23:59:59.999,274810924.27484,343954,258836236.6,136056580.80778,0
2023-08-28,0.5233,0.5246,0.5099,0.5227,810109779.4,2023-08-28 23:59:59.999,419919095.18595,468071,400636225.9,207682822.53213,0
2023-08-29,0.5228,0.5502,0.5127,0.5395,1831810679.2,2023-08-29 23:59:59.999,976376079.17186,943641,914396291.6,487422838.96387,0
2023-08-30,0.5394,0.5403,0.5201,0.5279,858100287.2,2023-08-30 23:59:59.999,454141503.90868,488219,423094345.2,223921737.40529,0
2023-08-31,0.5280,0.5289,0.4936,0.5106,1205321531.5,2023-08-31 23:59:59.999,620779080.52339,669799,583369341.8,300647983.73943,0
2023-09-01,0.5107,0.5117,0.4863,0.4975,1065529226.4,2023-09-01 23:59:59.999,533183322.73428,595651,518034462.2,259277774.54562,0
2023-09-02,0.4976,0.5025,0.4937,0.4985,436903662.3,2023-09-02 23:59:59.999,217354642.70080,305912,213572817.5,106257260.60357,0
2023-09-03,0.4985,0.5106,0.4968,0.5044,570827640.1,2023-09-03 23:59:59.999,287660590.82903,375725,288164777.6,145220502.90887,0
2023-09-04,0.5044,0.5127,0.4962,0.5083,787417190.2,2023-09-04 23:59:59.999,397664710.99812,472152,383758308.3,193829410.33919,0
2023-09-05,0.5084,0.5086,0.4987,0.5051,607122375.7,2023-09-05 23:59:59.999,305529598.80886,365160,300870177.9,151414098.03564,0
2023-09-06,0.5052,0.5056,0.4907,0.5030,726890442.7,2023-09-06 23:59:59.999,363438355.10139,415908,355028262.4,177529106.18687,0
2023-09-07,0.5031,0.5066,0.4962,0.5046,554418785.8,2023-09-07 23:59:59.999,277682452.52908,344623,272707120.4,136590420.15406,0
2023-09-08,0.5047,0.5074,0.4937,0.5046,647538975.6,2023-09-08 23:59:59.999,324914168.21137,388925,314727184.3,157931228.70462,0
2023-09-09,0.5046,0.5046,0.5012,0.5035,241079490.3,2023-09-09 23:59:59.999,121282653.63272,201159,120495204.7,60621841.55307,0
2023-09-10,0.5034,0.5035,0.4916,0.4967,586071090.8,2023-09-10 23:59:59.999,291807020.95451,365665,278224909.7,138537417.48284,0
2023-09-11,0.4968,0.4980,0.4567,0.4740,1616995800.8,2023-09-11 23:59:59.999,771596882.47446,851498,774511807.4,369605372.60322,0
2023-09-12,0.4739,0.4870,0.4698,0.4799,1216238446.0,2023-09-12 23:59:59.999,582035360.40588,628297,606233504.7,290134302.84132,0
2023-09-13,0.4800,0.4893,0.4725,0.4829,924208656.1,2023-09-13 23:59:59.999,443680652.62565,527979,462971131.9,222275183.85649,0
2023-09-14,0.4828,0.4939,0.4796,0.4888,736276754.0,2023-09-14 23:59:59.999,357501267.35060,457336,369755986.7,179564657.92314,0
2023-09-15,0.4889,0.5085,0.4870,0.5001,1077288865.8,2023-09-15 23:59:59.999,535049360.00295,608488,545171757.3,270773306.43369,0
2023-09-16,0.5001,0.5032,0.4965,0.4995,465113873.5,2023-09-16 23:59:59.999,232626370.23574,281417,230976707.6,115530485.49233,0
2023-09-17,0.4994,0.5001,0.4888,0.4922,557124671.5,2023-09-17 23:59:59.999,275959643.58253,337280,270112927.1,133817542.00061,0
2023-09-18,0.4922,0.5075,0.4863,0.5027,989291999.4,2023-09-18 23:59:59.999,493429225.18209,593149,494749010.8,246788795.18351,0
2023-09-19,0.5027,0.5166,0.5002,0.5134,906570815.3,2023-09-19 23:59:59.999,461799826.65376,546929,446918399.5,227674005.82212,0
2023-09-20,0.5134,0.5253,0.5057,0.5209,1219163168.9,2023-09-20 23:59:59.999,629716909.70026,773337,596877237.9,308357649.86859,0
2023-09-21,0.5210,0.5211,0.5000,0.5068,848875605.9,2023-09-21 23:59:59.999,431800915.68403,554736,408559002.3,207836207.66671,0
2023-09-22,0.5069,0.5168,0.5033,0.5120,667198226.8,2023-09-22 23:59:59.999,340943303.53813,428707,330730868,169008264.19466,0
2023-09-23,0.5119,0.5135,0.5051,0.5073,321413941.8,2023-09-23 23:59:59.999,164009523.10797,265166,151662335.3,77388568.52697,0
2023-09-24,0.5073,0.5115,0.4971,0.5017,391533789.2,2023-09-24 23:59:59.999,198441855.69684,302438,191228982.3,96944930.84176,0
2023-09-25,0.5017,0.5069,0.4908,0.5051,885695396.2,2023-09-25 23:59:59.999,442248476.76612,557695,435436926.6,217434018.69933,0
2023-09-26,0.5052,0.5074,0.4948,0.5015,731615630.7,2023-09-26 23:59:59.999,367147879.83309,433702,357503347.5,179398765.41366,0
2023-09-27,0.5014,0.5070,0.4966,0.4992,753494355.7,2023-09-27 23:59:59.999,377961314.12073,443161,373577148.4,187395560.55072,0
2023-09-28,0.4992,0.5099,0.4950,0.5093,761323689.2,2023-09-28 23:59:59.999,382362325.99619,491891,381206337,191469001.83435,0
2023-09-29,0.5093,0.5495,0.5058,0.5211,2380110047.2,2023-09-29 23:59:59.999,1257711321.45786,1378978,1165799158.8,616197146.95915,0
2023-09-30,0.5211,0.5214,0.5128,0.5146,654348904.8,2023-09-30 23:59:59.999,338088560.83567,424975,316481684.9,163544503.37943,0
2023-10-01,0.5147,0.5262,0.5133,0.5240,663336416.3,2023-10-01 23:59:59.999,344601371.62496,427633,327588034.2,170202057.42217,0
2023-10-02,0.5239,0.5266,0.4955,0.5119,1044238234.9,2023-10-02 23:59:59.999,541313261.48613,645401,493312116.1,255841942.46526,0
2023-10-03,0.5120,0.5476,0.5047,0.5386,1474101925.7,2023-10-03 23:59:59.999,771920348.43893,927199,733785569,384402662.82493,0
2023-10-04,0.5387,0.5423,0.5173,0.5323,2407880268.5,2023-10-04 23:59:59.999,1280532031.46146,1401096,1178803554.3,627000914.76063,0
2023-10-05,0.5323,0.5323,0.5148,0.5223,996183169.9,2023-10-05 23:59:59.999,521667123.06198,659146,476593353,249602200.12956,0
2023-10-06,0.5223,0.5300,0.5160,0.5251,660385858.4,2023-10-06 23:59:59.999,345081901.20524,481181,326099549.7,170419681.40515,0
2023-10-07,0.5251,0.5255,0.5193,0.5212,290856208.5,2023-10-07 23:59:59.999,151878448.88837,254169,137971787,72053005.68432,0
2023-10-08,0.5213,0.5232,0.5149,0.5172,304980325.6,2023-10-08 23:59:59.999,158333165.18651,274805,146930457.6,76285603.72069,0
2023-10-09,0.5171,0.5199,0.4820,0.5023,1139508844.8,2023-10-09 23:59:59.999,573608172.17763,750029,523916348.6,263808413.79006,0
2023-10-10,0.5024,0.5024,0.4914,0.4962,696274931,2023-10-10 23:59:59.999,345991103.41282,425323,341744966.9,169821232.94435,0
2023-10-11,0.4962,0.4975,0.4781,0.4884,962341727.5,2023-10-11 23:59:59.999,468123950.38379,576215,470600139.3,228973315.91515,0
2023-10-12,0.4884,0.4884,0.4715,0.4828,859475395.1,2023-10-12 23:59:59.999,412612570.27487,487621,417793616.4,200599749.67732,0
2023-10-13,0.4828,0.4906,0.4784,0.4849,674644546,2023-10-13 23:59:59.999,326043529.52567,382742,338785105.6,163753019.74950,0
2023-10-14,0.4849,0.4881,0.4831,0.4862,257228170.4,2023-10-14 23:59:59.999,124870850.86179,203714,127548561.4,61921974.68381,0
2023-10-15,0.4863,0.4900,0.4847,0.4871,330430402.4,2023-10-15 23:59:59.999,160974799.05805,249818,162196007.2,79023309.00908,0
2023-10-16,0.4872,0.5110,0.4833,0.4973,1262528451.5,2023-10-16 23:59:59.999,625510023.76198,692504,630430898.8,312334695.70236,0
2023-10-17,0.4973,0.4976,0.4825,0.4908,696171251.9,2023-10-17 23:59:59.999,341592562.65465,395353,339422264.8,166562674.57517,0
2023-10-18,0.4909,0.4921,0.4850,0.4874,613700713.2,2023-10-18 23:59:59.999,300171404.80674,322592,298722589.3,146124999.75872,0
2023-10-19,0.4874,0.5242,0.4751,0.5193,1984028499.5,2023-10-19 23:59:59.999,992669016.39302,1126116,980721665.1,490925979.19159,0
2023-10-20,0.5193,0.5305,0.5083,0.5146,2231726868.5,2023-10-20 23:59:59.999,1156984100.41308,1121536,1093798088.1,567076593.30183,0
2023-10-21,0.5146,0.5350,0.5105,0.5205,1007602406.7,2023-10-21 23:59:59.999,524284146.01238,556172,493614023.8,256883765.59536,0
2023-10-22,0.5205,0.5239,0.5097,0.5225,731490486.8,2023-10-22 23:59:59.999,379686063.91340,443436,355635842.2,184632147.12522,0
2023-10-23,0.5225,0.5540,0.5197,0.5476,2363821672.2,2023-10-23 23:59:59.999,1259216770.34773,1302885,1168299360.1,622550390.82813,0
2023-10-24,0.5476,0.5868,0.5286,0.5586,3477360590.6,2023-10-24 23:59:59.999,1944179818.71114,1967602,1672361112.4,935174454.80537,0
2023-10-25,0.5585,0.5641,0.5400,0.5551,1443536342.6,2023-10-25 23:59:59.999,799278159.81784,847152,690944145.4,382623952.44237,0
2023-10-26,0.5552,0.5700,0.5420,0.5535,1502413496.2,2023-10-26 23:59:59.999,833238909.10196,908722,721706050.9,400296174.66228,0
2023-10-27,0.5536,0.5590,0.5240,0.5432,1046192014.7,2023-10-27 23:59:59.999,574090798.09042,656723,499965209,274515029.95777,0
2023-10-28,0.5433,0.5507,0.5406,0.5447,367305055.7,2023-10-28 23:59:59.999,200433063.97064,295785,176312136.8,96228652.04284,0
2023-10-29,0.5448,0.5619,0.5404,0.5564,597643582,2023-10-29 23:59:59.999,330834255.95714,490088,295004043.8,163288625.56260,0
2023-10-30,0.5564,0.5847,0.5494,0.5786,1350974055.7,2023-10-30 23:59:59.999,770534566.51283,865237,665867500.1,379751765.96548,0
2023-10-31,0.5786,0.6267,0.5630,0.5997,2371616487.4,2023-10-31 23:59:59.999,1410974026.76167,1450501,1161025750.3,690842228.25350,0
2023-11-01,0.5997,0.6177,0.5802,0.6091,1745042349.7,2023-11-01 23:59:59.999,1048639043.10592,1143204,849055216.1,510271380.31413,0
2023-11-02,0.6091,0.6273,0.5857,0.6057,1679996338.8,2023-11-02 23:59:59.999,1024781721.45848,1158026,802552792.7,489832927.91354,0
2023-11-03,0.6058,0.6154,0.5914,0.6124,880215391.2,2023-11-03 23:59:59.999,531893947.55338,841352,427340204.7,258199509.13125,0
2023-11-04,0.6124,0.6186,0.6084,0.6156,454117224.4,2023-11-04 23:59:59.999,278536005.43960,447152,215869308.1,132418325.57389,0
2023-11-05,0.6155,0.6635,0.6141,0.6610,1553220565.5,2023-11-05 23:59:59.999,995399266.31121,1413951,757998859.1,485847296.84319,0
2023-11-06,0.6610,0.7333,0.6588,0.7153,2745116632.1,2023-11-06 23:59:59.999,1925798640.18753,2696752,1343406345.9,942561410.72259,0
2023-11-07,0.7153,0.7160,0.6464,0.6852,2381782418,2023-11-07 23:59:59.999,1626926209.34896,2351864,1140042261.5,778983080.74441,0
2023-11-08,0.6852,0.6990,0.6728,0.6876,1284687917.6,2023-11-08 23:59:59.999,882889820.97257,1389397,618864945.3,425336403.09144,0
2023-11-09,0.6876,0.7078,0.6006,0.6670,2617535606.7,2023-11-09 23:59:59.999,1767839349.44341,2740139,1226830229.1,829540009.54458,0
2023-11-10,0.6671,0.6720,0.6344,0.6599,1292912359.8,2023-11-10 23:59:59.999,849701685.50131,1489241,623045980.7,409578046.51519,0
2023-11-11,0.6599,0.6883,0.6401,0.6634,1299615253.2,2023-11-11 23:59:59.999,865641249.95607,1562994,617922638.5,411686178.19251,0
2023-11-12,0.6633,0.6717,0.6454,0.6618,732178102,2023-11-12 23:59:59.999,484908401.86266,817629,350560305,232202113.82998,0
2023-11-13,0.6619,0.7535,0.6396,0.6706,2906775437.9,2023-11-13 23:59:59.999,1978452591.61937,3662327,1426642013.9,971623677.60794,0
2023-11-14,0.6705,0.6732,0.5870,0.6294,1893948037.5,2023-11-14 23:59:59.999,1219096973.29388,2100530,860064509.7,554093069.66918,0
2023-11-15,0.6295,0.6506,0.6252,0.6482,1015099113,2023-11-15 23:59:59.999,646592132.13979,1006489,499198891.9,317940544.56064,0
2023-11-16,0.6483,0.6537,0.6030,0.6120,1315709453.2,2023-11-16 23:59:59.999,828965020.23862,1364820,612672490.5,386172654.72621,0
2023-11-17,0.6120,0.6244,0.5851,0.6133,1170243285.7,2023-11-17 23:59:59.999,711051772.48681,1043919,564529362.1,343206540.25704,0
2023-11-18,0.6134,0.6146,0.5887,0.6110,763264351.5,2023-11-18 23:59:59.999,461820789.94817,620970,375641923.7,227309192.17932,0
2023-11-19,0.6109,0.6288,0.6013,0.6260,942245153.1,2023-11-19 23:59:59.999,580963380.90466,692388,468790888.8,289028000.72626,0
2023-11-20,0.6260,0.6288,0.6058,0.6122,1002343840.7,2023-11-20 23:59:59.999,621240043.85008,788383,483059654.1,299443653.31319,0
2023-11-21,0.6122,0.6181,0.5720,0.5786,1347764160.8,2023-11-21 23:59:59.999,809279037.69330,1258024,646406131.7,388416911.15407,0
2023-11-22,0.5786,0.6164,0.5773,0.6113,877110289.2,2023-11-22 23:59:59.999,525379803.84360,716825,438922932.9,262966091.33195,0
2023-11-23,0.6113,0.6240,0.6061,0.6211,904037858,2023-11-23 23:59:59.999,556195901.36111,729081,444913620,273724395.72982,0
2023-11-24,0.6211,0.6262,0.6155,0.6212,760384038.8,2023-11-24 23:59:59.999,472298064.05242,624282,370120389,229905563.12890,0
2023-11-25,0.6211,0.6239,0.6156,0.6227,397356757.5,2023-11-25 23:59:59.999,246464885.60697,327082,194885499.8,120890270.10996,0
2023-11-26,0.6227,0.6378,0.6050,0.6159,1004574070.5,2023-11-26 23:59:59.999,625843054.85556,805357,482771429.9,300866218.95091,0
2023-11-27,0.6159,0.6171,0.5932,0.6038,816778653.2,2023-11-27 23:59:59.999,493697777.33037,701569,386859365.1,233883358.10628,0
2023-11-28,0.6038,0.6141,0.5955,0.6105,668315285.8,2023-11-28 23:59:59.999,404896262.64935,574832,329628765.2,199703879.35545,0
2023-11-29,0.6105,0.6176,0.6034,0.6091,583313806.8,2023-11-29 23:59:59.999,356076974.75647,505730,279647519.9,170722567.51446,0
2023-11-30,0.6090,0.6098,0.5973,0.6065,536920705,2023-11-30 23:59:59.999,324270083.73357,468143,109891893.3,157216535.99024,0
2023-12-01,0.6066,0.6147,0.6033,0.6129,580766439.4,2023-12-01 23:59:59.999,354423570.62633,477623,286838822.4,175056917.96988,0
2023-12-02,0.6128,0.6238,0.6113,0.6213,458540340.5,2023-12-02 23:59:59.999,282663248.06636,366628,229032672.8,141203746.26866,0
2023-12-03,0.6213,0.6348,0.6171,0.6236,790454811.2,2023-12-03 23:59:59.999,493339543.91262,645333,383274741.6,239233675.92907,0
2023-12-04,0.6235,0.6452,0.5589,0.6250,1526215127.6,2023-12-04 23:59:59.999,949341908.53770,1273975,716771995.6,446149207.71659,0
2023-12-05,0.6250,0.6311,0.6066,0.6216,1071335040.9,2023-12-05 23:59:59.999,661959560.30711,831609,527008204.4,325661466.56427,0
2023-12-06,0.6216,0.6445,0.6102,0.6405,1565189550.3,2023-12-06 23:59:59.999,982523518.30551,1184700,753890121,473366543.83333,0
2023-12-07,0.6405,0.6551,0.6214,0.6438,1506257876.6,2023-12-07 23:59:59.999,963634490.58957,1102964,732511205.6,468655841.89813,0
2023-12-08,0.6437,0.6764,0.6378,0.6729,1314664061,2023-12-08 23:59:59.999,862724414.25472,967368,637305052.4,418229470.05219,0
2023-12-09,0.6730,0.7015,0.6513,0.6587,1786663200.4,2023-12-09 23:59:59.999,1213366733.79053,1401376,848604077.6,576546914.07703,0
2023-12-10,0.6587,0.6719,0.6466,0.6622,843939222.7,2023-12-10 23:59:59.999,558031263.78851,667006,414630402,274219157.18269,0
2023-12-11,0.6621,0.6634,0.5850,0.6189,1715104401,2023-12-11 23:59:59.999,1066981242.11562,1380764,804268249.9,500330107.15608,0
2023-12-12,0.6189,0.6267,0.6069,0.6197,842287251.1,2023-12-12 23:59:59.999,521576780.69499,626239,408779016.7,253143265.51262,0
2023-12-13,0.6197,0.6350,0.5929,0.6277,1106920180.9,2023-12-13 23:59:59.999,677456837.37133,838360,532881999.6,326103656.87254,0
2023-12-14,0.6278,0.6383,0.6000,0.6321,985131613.7,2023-12-14 23:59:59.999,616968977.88152,710958,475240694.1,297692074.56240,0
2023-12-15,0.6321,0.6449,0.6115,0.6158,911056827.4,2023-12-15 23:59:59.999,572379221.71136,630282,435853096.8,273887771.26487,0
2023-12-16,0.6157,0.6263,0.6101,0.6207,459461226.4,2023-12-16 23:59:59.999,285268714.77784,349752,223178150.4,138559383.26311,0
2023-12-17,0.6206,0.6244,0.6085,0.6107,693902455.6,2023-12-17 23:59:59.999,428845972.95044,497374,341797638.6,211253348.27304,0
2023-12-18,0.6108,0.6145,0.5786,0.6127,1164602336.0,2023-12-18 23:59:59.999,697392553.46430,821243,554907418.5,332339192.60006,0
2023-12-19,0.6127,0.6170,0.5973,0.6048,697477075.2,2023-12-19 23:59:59.999,423978918.33234,484055,336775527.0,204722616.25944,0
2023-12-20,0.6048,0.6269,0.6011,0.6174,1020204778.2,2023-12-20 23:59:59.999,628496617.64107,708643,507014397.8,312298552.76721,0
2023-12-21,0.6174,0.6255,0.6102,0.6246,665329958.4,2023-12-21 23:59:59.999,410778657.98633,476494,326592175.7,201652733.30650,0
2023-12-22,0.6247,0.6330,0.6155,0.6251,851897186.6,2023-12-22 23:59:59.999,529768482.06747,601100,413197201.2,256979000.99194,0
2023-12-23,0.6251,0.6255,0.6106,0.6200,464854889.1,2023-12-23 23:59:59.999,287117308.34685,330801,221050892.1,136545035.80754,0
2023-12-24,0.6200,0.6303,0.6000,0.6129,896834094.0,2023-12-24 23:59:59.999,554295029.86211,637570,423256126.0,261703579.91791,0
2023-12-25,0.6129,0.6498,0.6088,0.6467,1280836211.3,2023-12-25 23:59:59.999,812681568.41382,915347,629162363.2,399105969.66072,0
2023-12-26,0.6468,0.6475,0.5932,0.6225,1399485930.8,2023-12-26 23:59:59.999,871828338.78296,1006288,663212412.8,413300208.11376,0
2023-12-27,0.6224,0.6430,0.6131,0.6349,997611715.8,2023-12-27 23:59:59.999,626974457.46380,741433,485235882.1,304945063.90820,0
2023-12-28,0.6348,0.6592,0.6249,0.6352,1340050103.4,2023-12-28 23:59:59.999,856447793.83886,1149886,636156327.0,406716536.45837,0
2023-12-29,0.6353,0.6370,0.6112,0.6232,884021095.2,2023-12-29 23:59:59.999,553844888.73622,779716,417336123.9,261511779.93774,0
2023-12-30,0.6232,0.6305,0.6161,0.6212,494094669.4,2023-12-30 23:59:59.999,308130172.40251,408372,243226888.0,151695672.17928,0
2023-12-31,0.6212,0.6294,0.6050,0.6157,493462752.4,2023-12-31 23:59:59.999,306314115.56546,401808,232086118.8,144095721.50753,0
2024-01-01,0.6157,0.6317,0.6087,0.6303,463195992.3,2024-01-01 23:59:59.999,287097902.33137,389051,227409605.5,140977617.87641,0
2024-01-02,0.6303,0.6416,0.6217,0.6250,898839289.7,2024-01-02 23:59:59.999,567045182.52885,657739,429429242.1,270926776.14420,0
2024-01-03,0.6250,0.6401,0.4812,0.5822,2465325143.9,2024-01-03 23:59:59.999,1428991614.73069,1905568,1112219944.5,646153918.90163,0
2024-01-04,0.5822,0.5938,0.5693,0.5868,976738351.5,2024-01-04 23:59:59.999,567668657.56521,705705,468137241.8,272065927.96932,0
2024-01-05,0.5869,0.5886,0.5479,0.5756,1119231459.0,2024-01-05 23:59:59.999,637932204.71613,801920,537111100.1,306152092.86127,0
2024-01-06,0.5756,0.5756,0.5564,0.5679,538128523.8,2024-01-06 23:59:59.999,305171749.66505,473292,265055639.3,150331229.38990,0
2024-01-07,0.5678,0.5732,0.5452,0.5511,717560657.5,2024-01-07 23:59:59.999,404092215.00021,573360,348897658.0,196522859.11368,0
2024-01-08,0.5511,0.5817,0.5433,0.5776,1601191494.8,2024-01-08 23:59:59.999,906053678.85823,1159830,781737833.7,442384762.25755,0
2024-01-09,0.5775,0.5793,0.5451,0.5669,1467112482.1,2024-01-09 23:59:59.999,833429954.59361,1136805,720001702.3,409071758.09131,0
2024-01-10,0.5668,0.6150,0.5470,0.6011,1764099928.9,2024-01-10 23:59:59.999,1014892710.57829,1454635,880001750.4,506436061.29564,0
2024-01-11,0.6011,0.6246,0.5857,0.6020,1464996790.7,2024-01-11 23:59:59.999,885687932.79144,1140607,710211898.2,429425009.98323,0
2024-01-12,0.6020,0.6039,0.5500,0.5698,1334269425.6,2024-01-12 23:59:59.999,780772562.30625,991535,641628252.9,375796584.32697,0
2024-01-13,0.5698,0.5776,0.5628,0.5748,456518662.5,2024-01-13 23:59:59.999,261600669.90282,384290,222562822.4,127535192.45279,0
2024-01-14,0.5748,0.5935,0.5715,0.5765,765236128.3,2024-01-14 23:59:59.999,443697680.71639,609412,376208806.2,218162016.95784,0
2024-01-15,0.5765,0.5898,0.5684,0.5757,652755796.7,2024-01-15 23:59:59.999,377888029.69127,528080,312064457.2,180666873.53360,0
2024-01-16,0.5756,0.5798,0.5656,0.5758,641308470.6,2024-01-16 23:59:59.999,368699303.36814,480249,314063188.5,180586278.14760,0
2024-01-17,0.5759,0.5764,0.5608,0.5688,579325000.8,2024-01-17 23:59:59.999,330452025.27938,416382,273647704.8,156113134.14934,0
2024-01-18,0.5688,0.5692,0.5416,0.5521,775411038.8,2024-01-18 23:59:59.999,432020000.03974,525939,367640199.3,204877678.39158,0
2024-01-19,0.5521,0.5539,0.5215,0.5443,999513797.8,2024-01-19 23:59:59.999,540320123.38637,652634,481857889.7,260587064.64368,0
2024-01-20,0.5442,0.5553,0.5390,0.5535,485656126.4,2024-01-20 23:59:59.999,265964796.56375,366951,248602319.1,136172201.31180,0
2024-01-21,0.5534,0.5554,0.5451,0.5465,327124322.6,2024-01-21 23:59:59.999,180513599.04286,277912,160150629.2,88380160.14897,0
2024-01-22,0.5465,0.5499,0.5170,0.5276,1008729622.7,2024-01-22 23:59:59.999,537067186.56088,721350,488098792.9,259871323.16867,0
2024-01-23,0.5275,0.5318,0.4958,0.5180,1237051528.7,2024-01-23 23:59:59.999,632577370.17558,821922,586739114.2,300063170.70309,0
2024-01-24,0.5180,0.5193,0.5110,0.5181,571063022.2,2024-01-24 23:59:59.999,294107921.06736,439073,283811948.4,146178584.22412,0
2024-01-25,0.5181,0.5182,0.5036,0.5138,563476521.9,2024-01-25 23:59:59.999,288102035.60512,425025,278241769.8,142275891.63370,0
2024-01-26,0.5138,0.5367,0.5084,0.5320,662240895.5,2024-01-26 23:59:59.999,345555173.66149,477125,329270446.2,171853236.09122,0
2024-01-27,0.5320,0.5348,0.5260,0.5301,363340769.3,2024-01-27 23:59:59.999,192719123.34017,298133,179551786.4,95239547.55907,0
2024-01-28,0.5301,0.5354,0.5206,0.5239,491616929.3,2024-01-28 23:59:59.999,259840056.71837,326000,239370782.2,126510195.47727,0
2024-01-29,0.5240,0.5399,0.5187,0.5348,751635017.8,2024-01-29 23:59:59.999,397265123.32036,451313,366863219.0,193903476.50829,0
2024-01-30,0.5348,0.5390,0.5065,0.5106,1156045901.8,2024-01-30 23:59:59.999,604080321.49872,726385,563516816.1,294511797.13532,0
2024-01-31,0.5107,0.5143,0.4840,0.5031,1468077531.1,2024-01-31 23:59:59.999,740632871.71705,909559,690332288.7,348352565.29738,0
2024-02-01,0.5030,0.5105,0.4898,0.5056,860612079.5,2024-02-01 23:59:59.999,428958425.24535,572018,415819153.6,207274492.63148,0
2024-02-02,0.5057,0.5140,0.4981,0.5102,652517872.6,2024-02-02 23:59:59.999,329376576.56605,416839,329085091.0,166143607.31421,0
2024-02-03,0.5101,0.5268,0.5057,0.5186,857736692.6,2024-02-03 23:59:59.999,444615983.77938,604365,422583458.5,218995382.31317,0
2024-02-04,0.5186,0.5191,0.4996,0.5029,548323736.7,2024-02-04 23:59:59.999,280144285.85306,393195,262100807.1,133938536.38674,0
2024-02-05,0.5030,0.5141,0.4964,0.5065,723567063.1,2024-02-05 23:59:59.999,366002236.66869,483423,356920724.6,180572349.27408,0
2024-02-06,0.5066,0.5111,0.4975,0.5048,639263381.4,2024-02-06 23:59:59.999,322427110.10027,438306,319680865.1,161232387.83716,0
2024-02-07,0.5049,0.5154,0.4993,0.5136,739354557.3,2024-02-07 23:59:59.999,373709520.28754,471608,360707205.9,182350132.66090,0
2024-02-08,0.5136,0.5196,0.5100,0.5144,795819233.0,2024-02-08 23:59:59.999,409358817.76360,485037,377333978.6,194116650.36941,0
2024-02-09,0.5145,0.5283,0.5138,0.5260,794587837.8,2024-02-09 23:59:59.999,414323900.52310,503325,393149647.1,205000836.90874,0
2024-02-10,0.5260,0.5281,0.5183,0.5239,422043477.2,2024-02-10 23:59:59.999,220794268.80621,299974,208715127.8,109199337.97623,0
2024-02-11,0.5239,0.5362,0.5215,0.5260,662801424.2,2024-02-11 23:59:59.999,350394816.85685,458924,323081273.0,170816676.94153,0
2024-02-12,0.5260,0.5382,0.5142,0.5317,968655174.4,2024-02-12 23:59:59.999,508907630.78961,622681,469215919.7,246512599.87680,0
2024-02-13,0.5318,0.5342,0.5132,0.5250,994722413.5,2024-02-13 23:59:59.999,521983219.71429,635887,475047675.7,249330696.38009,0
2024-02-14,0.5250,0.5423,0.5205,0.5380,984486795.5,2024-02-14 23:59:59.999,523912105.24108,595578,480862229.0,255918238.08525,0
2024-02-15,0.5380,0.5771,0.5372,0.5625,1721521715.7,2024-02-15 23:59:59.999,952814449.06244,1116782,827953580.8,458298933.22999,0
2024-02-16,0.5624,0.5797,0.5520,0.5646,1397904813.9,2024-02-16 23:59:59.999,791580884.40020,886539,678670776.0,384287881.34200,0
2024-02-17,0.5646,0.5659,0.5391,0.5500,749891985.0,2024-02-17 23:59:59.999,413777020.94186,517982,361057283.1,199263568.89248,0
2024-02-18,0.5500,0.5630,0.5473,0.5577,583666540.3,2024-02-18 23:59:59.999,324832793.43614,462872,284529595.9,158342362.97422,0
2024-02-19,0.5577,0.5685,0.5542,0.5630,886371704.2,2024-02-19 23:59:59.999,497046755.95640,612374,433917012.3,243339310.85421,0
2024-02-20,0.5630,0.5760,0.5374,0.5628,1755501882.9,2024-02-20 23:59:59.999,987811036.22009,1204973,845429809.1,475799575.46576,0
2024-02-21,0.5627,0.5635,0.5330,0.5495,1174790877.2,2024-02-21 23:59:59.999,639611340.32584,881589,559662854.5,304742448.45092,0
2024-02-22,0.5495,0.5525,0.5368,0.5413,919657083.4,2024-02-22 23:59:59.999,501255541.41538,664047,450722107.6,245701767.16590,0
2024-02-23,0.5413,0.5444,0.5252,0.5345,1034106396.3,2024-02-23 23:59:59.999,553568744.68638,727132,486478730.2,260440371.22106,0
2024-02-24,0.5344,0.5485,0.5316,0.5453,536206007.5,2024-02-24 23:59:59.999,291013552.34242,413752,265547840.9,144122706.60504,0
2024-02-25,0.5454,0.5493,0.5424,0.5431,452464061.2,2024-02-25 23:59:59.999,246770246.17118,357078,223249246.4,121765416.60910,0
2024-02-26,0.5431,0.5537,0.5292,0.5512,1064506134.0,2024-02-26 23:59:59.999,576719231.73670,691591,516576557.1,279809217.58703,0
2024-02-27,0.5512,0.5977,0.5482,0.5869,2130191333.4,2024-02-27 23:59:59.999,1212180587.37058,1361585,1045503941.7,594943591.65383,0
2024-02-28,0.5869,0.6076,0.5147,0.5755,2855950047.3,2024-02-28 23:59:59.999,1651328653.23715,2001390,1358863201.7,786669669.23057,0
2024-02-29,0.5755,0.6269,0.5672,0.5872,3105749519.9,2024-02-29 23:59:59.999,1857959200.57512,2228576,1500729132.7,897830209.74879,0
2024-03-01,0.5872,0.6041,0.5834,0.6019,1309630851.7,2024-03-01 23:59:59.999,776603277.84306,982379,644158441.0,382012035.17209,0
2024-03-02,0.6018,0.6525,0.6000,0.6449,2279098904.4,2024-03-02 23:59:59.999,1439601399.37318,1657829,1125557733.4,710981923.78838,0
2024-03-03,0.6450,0.6455,0.5800,0.6272,1682103049.6,2024-03-03 23:59:59.999,1047456694.96101,1305023,785969056.2,489636168.59323,0
2024-03-04,0.6271,0.6670,0.6088,0.6484,2689852898.9,2024-03-04 23:59:59.999,1736150905.58591,2089997,1302840373.9,841182487.45359,0
2024-03-05,0.6485,0.6699,0.5235,0.5915,4044645963.8,2024-03-05 23:59:59.999,2517889912.38744,3471998,1891398993.3,1180043465.11657,0
2024-03-06,0.5915,0.6250,0.5759,0.6128,1986620883.6,2024-03-06 23:59:59.999,1198485002.75502,1725204,963650705.9,581521667.89590,0
2024-03-07,0.6128,0.6399,0.6069,0.6280,1975693838.8,2024-03-07 23:59:59.999,1232180362.48906,1594480,965085678.2,601900776.36878,0
2024-03-08,0.6280,0.6349,0.5920,0.6204,1584276989.4,2024-03-08 23:59:59.999,985099628.52501,1275419,761591717.5,473734051.83632,0
2024-03-09,0.6204,0.6331,0.6163,0.6206,891268348.0,2024-03-09 23:59:59.999,555897629.17519,698941,442789003.3,276229716.31269,0
2024-03-10,0.6206,0.6288,0.5966,0.6086,1108899519.1,2024-03-10 23:59:59.999,682454769.88936,876854,519978003.0,320124262.75720,0
2024-03-11,0.6087,0.7455,0.5810,0.7243,4737771018.2,2024-03-11 23:59:59.999,3251943545.15340,4135885,2366540715.9,1624890971.73882,0
2024-03-12,0.7242,0.7350,0.6565,0.6886,3833687295.7,2024-03-12 23:59:59.999,2665586716.44179,2985914,1858305551.0,1292736474.30982,0
2024-03-13,0.6887,0.7033,0.6688,0.6898,1596969340.8,2024-03-13 23:59:59.999,1098592136.13086,1317401,773658861.8,532349231.94296,0
2024-03-14,0.6898,0.7085,0.6375,0.6698,2504547255.6,2024-03-14 23:59:59.999,1691318573.68596,2159755,1193202135.0,806054759.10106,0
2024-03-15,0.6698,0.6767,0.5945,0.6348,2781659696.7,2024-03-15 23:59:59.999,1751701163.24111,2478074,1346160109.4,848026588.98491,0
2024-03-16,0.6347,0.6484,0.5922,0.6036,1774194608.0,2024-03-16 23:59:59.999,1101266213.78234,1634740,859533784.5,533547321.83015,0
2024-03-17,0.6036,0.6253,0.5869,0.6198,1355628483.5,2024-03-17 23:59:59.999,828692849.18699,1267627,666388764.2,407475251.25818,0
2024-03-18,0.6198,0.6691,0.5946,0.6457,2298390308.4,2024-03-18 23:59:59.999,1429100416.69342,1989207,1120786971.8,696764432.75312,0
2024-03-19,0.6457,0.6494,0.5712,0.5850,3487872561.7,2024-03-19 23:59:59.999,2095427162.94777,2813066,1681625916.4,1010472811.32311,0
2024-03-20,0.5850,0.6191,0.5679,0.6112,2483338200.8,2024-03-20 23:59:59.999,1468042877.59969,2029564,1221058923.9,721855428.36826,0
2024-03-21,0.6112,0.6550,0.5976,0.6412,2442214871.9,2024-03-21 23:59:59.999,1531882914.21966,2228570,1191046974.3,747271504.01412,0
2024-03-22,0.6412,0.6460,0.5990,0.6119,1692323030.5,2024-03-22 23:59:59.999,1049186202.19627,1645631,815582250.9,505688973.50884,0
2024-03-23,0.6119,0.6334,0.6030,0.6172,867358681.9,2024-03-23 23:59:59.999,538821247.66541,941956,423341499.5,263012968.72977,0
2024-03-24,0.6173,0.6362,0.6136,0.6333,952957928.1,2024-03-24 23:59:59.999,598942419.49179,1061562,469057058.7,294822907.32633,0
2024-03-25,0.6333,0.6636,0.6267,0.6408,1517291564.2,2024-03-25 23:59:59.999,974149212.62547,1357087,741643528.4,476278625.04131,0
2024-03-26,0.6408,0.6534,0.6252,0.6323,1141849306.9,2024-03-26 23:59:59.999,730011695.18946,1069291,549014795.2,351055345.24935,0
2024-03-27,0.6324,0.6355,0.6056,0.6123,1326272915.2,2024-03-27 23:59:59.999,822222422.95696,1225453,632929028.2,392453881.96717,0
2024-03-28,0.6123,0.6380,0.6036,0.6252,1152078188.7,2024-03-28 23:59:59.999,717855736.76268,1221208,579036173.9,360878852.47920,0
2024-03-29,0.6252,0.6464,0.6090,0.6308,1408551317.4,2024-03-29 23:59:59.999,883435677.29090,1404653,690189458.6,432953243.22321,0
2024-03-30,0.6307,0.6380,0.6180,0.6217,708981404.9,2024-03-30 23:59:59.999,444951844.18616,716838,341435667.0,214329058.72337,0
2024-03-31,0.6217,0.6311,0.6210,0.6297,408850292.5,2024-03-31 23:59:59.999,256356526.63073,447477,201977255.7,126645622.41740,0
2024-04-01,0.6297,0.6345,0.5950,0.6115,1273239257.5,2024-04-01 23:59:59.999,777793341.61051,1251435,605739931.6,370083845.42773,0
2024-04-02,0.6115,0.6190,0.5792,0.5858,1777661456.4,2024-04-02 23:59:59.999,1054886520.98574,1528550,862676284.8,511975501.73939,0
2024-04-03,0.5858,0.5934,0.5665,0.5746,1158396550.8,2024-04-03 23:59:59.999,672758250.00720,956818,556485097.9,323281563.33615,0
2024-04-04,0.5746,0.6174,0.5626,0.5937,1875257869.4,2024-04-04 23:59:59.999,1109569366.81295,1550784,932743039.9,551866048.80027,0
2024-04-05,0.5938,0.5944,0.5687,0.5872,1093206765.4,2024-04-05 23:59:59.999,635959876.93046,912849,526467218.6,306231097.18620,0
2024-04-06,0.5873,0.5992,0.5856,0.5932,493362021.2,2024-04-06 23:59:59.999,291816368.05107,459471,246791090.4,145988179.96199,0
2024-04-07,0.5933,0.6033,0.5897,0.5948,538612723.7,2024-04-07 23:59:59.999,321113669.91341,493157,260401020.3,155265611.15619,0
2024-04-08,0.5948,0.6271,0.5880,0.6152,1212668294.6,2024-04-08 23:59:59.999,740447535.16890,1050953,593836230.4,362618079.64056,0
2024-04-09,0.6153,0.6439,0.6014,0.6145,1615173601.6,2024-04-09 23:59:59.999,1004119206.64986,1509953,797834482.5,496159623.40428,0
2024-04-10,0.6145,0.6210,0.5925,0.6176,1260965530.9,2024-04-10 23:59:59.999,768377329.77117,1150525,614361520.2,374414938.32897,0
2024-04-11,0.6177,0.6219,0.6034,0.6089,806090249.9,2024-04-11 23:59:59.999,494621633.15982,755179,390621970.1,239672660.86474,0
2024-04-12,0.6089,0.6164,0.4907,0.5469,2156328674.7,2024-04-12 23:59:59.999,1216760757.66458,1641592,974957200.2,552615849.57004,0
2024-04-13,0.5469,0.5492,0.4099,0.4786,3269226307.3,2024-04-13 23:59:59.999,1610506211.04454,2034694,1532862234.6,757094735.43093,0
2024-04-14,0.4786,0.5070,0.4636,0.5029,2101161918.3,2024-04-14 23:59:59.999,1019346103.40242,1418016,1029247336.8,499387237.46437,0
2024-04-15,0.5030,0.5188,0.4808,0.4973,1899431230.4,2024-04-15 23:59:59.999,950413317.38131,1261285,940201526.0,470496068.77106,0
2024-04-16,0.4974,0.5017,0.4750,0.4960,1586658688.1,2024-04-16 23:59:59.999,777011151.27080,1146296,771572664.6,377818332.74307,0
2024-04-17,0.4960,0.5078,0.4713,0.4947,1626442294.1,2024-04-17 23:59:59.999,799023542.21148,1101524,801911735.7,394005474.76440,0
2024-04-18,0.4948,0.5055,0.4854,0.5022,1121549457.6,2024-04-18 23:59:59.999,555520599.71498,839187,562121445.3,278431965.07551,0
2024-04-19,0.5021,0.5105,0.4660,0.5027,1734139344.8,2024-04-19 23:59:59.999,855650053.63975,1184316,866313911.1,427665882.65198,0
2024-04-20,0.5026,0.5298,0.4978,0.5285,1096671171.4,2024-04-20 23:59:59.999,567445528.02024,760518,557490534.3,288470284.03407,0
2024-04-21,0.5285,0.5366,0.5180,0.5243,809956654.8,2024-04-21 23:59:59.999,426683307.78984,615220,396363487.5,208808732.14006,0
2024-04-22,0.5243,0.5713,0.5217,0.5558,1308363711.5,2024-04-22 23:59:59.999,711431104.50447,905035,668547217.3,363616897.16238,0
2024-04-23,0.5558,0.5573,0.5413,0.5443,936188665.5,2024-04-23 23:59:59.999,513541788.34906,679811,453230363.7,248604259.06912,0
2024-04-24,0.5442,0.5517,0.5206,0.5271,1185713217.3,2024-04-24 23:59:59.999,636131205.61124,869942,576064455.6,309163534.11388,0
2024-04-25,0.5270,0.5325,0.5133,0.5251,909001044.4,2024-04-25 23:59:59.999,475810053.12604,728792,445804025.6,233355633.12134,0
2024-04-26,0.5251,0.5358,0.5139,0.5257,854502503.8,2024-04-26 23:59:59.999,448167470.52050,639023,422554524.8,221594780.05677,0
2024-04-27,0.5257,0.5263,0.5063,0.5176,666319972.2,2024-04-27 23:59:59.999,344084030.45205,522943,330836905.5,170845104.62675,0
2024-04-28,0.5176,0.5250,0.5079,0.5099,449770009.1,2024-04-28 23:59:59.999,232991788.59059,375420,211421256.1,109583012.75090,0
2024-04-29,0.5099,0.5174,0.4982,0.5147,875102439.0,2024-04-29 23:59:59.999,444820986.56415,651209,437154102.3,222299023.27282,0
2024-04-30,0.5148,0.5196,0.4855,0.5004,1117389358.4,2024-04-30 23:59:59.999,559481883.60631,811546,541426138.2,271069379.00733,0
2024-05-01,0.5003,0.5213,0.4772,0.5173,1520044353.9,2024-05-01 23:59:59.999,760596017.38286,1024749,764051179.4,382477182.52041,0
2024-05-02,0.5174,0.5242,0.5065,0.5178,824484159.6,2024-05-02 23:59:59.999,425443813.76471,598283,406248639.0,209596741.90236,0
2024-05-03,0.5177,0.5364,0.5143,0.5312,740799014.6,2024-05-03 23:59:59.999,387600691.90305,543789,378671305.0,198087060.29428,0
2024-05-04,0.5313,0.5408,0.5268,0.5299,517871217.8,2024-05-04 23:59:59.999,275898784.36952,386113,250775269.4,133628390.52343,0
2024-05-05,0.5299,0.5333,0.5236,0.5292,392707451.6,2024-05-05 23:59:59.999,207591571.28377,328288,194263836.1,102703944.32658,0
2024-05-06,0.5293,0.5700,0.5244,0.5398,1704007504.8,2024-05-06 23:59:59.999,928531872.16096,1070652,841826542.2,458742817.20034,0
2024-05-07,0.5398,0.5441,0.5213,0.5242,974973059.2,2024-05-07 23:59:59.999,523424706.58979,655374,471606403.7,253257136.54740,0
2024-05-08,0.5242,0.5295,0.5149,0.5168,791383609.9,2024-05-08 23:59:59.999,413228328.85462,568034,384953818.8,201063178.99148,0
2024-05-09,0.5169,0.5234,0.5083,0.5206,638984994.9,2024-05-09 23:59:59.999,330082228.57877,481114,315851168.4,163158439.44840,0
2024-05-10,0.5206,0.5206,0.4963,0.5019,844497003.8,2024-05-10 23:59:59.999,428714807.54415,566856,401943051.5,204137652.41526,0
2024-05-11,0.5019,0.5077,0.5002,0.5057,321804989.6,2024-05-11 23:59:59.999,162316449.32496,316528,160007591.8,80704774.92072,0
2024-05-12,0.5057,0.5084,0.4950,0.4989,328176405.4,2024-05-12 23:59:59.999,165097686.29667,288591,157480045.2,79245423.86828,0
2024-05-13,0.4989,0.5119,0.4861,0.5050,828260216.8,2024-05-13 23:59:59.999,414963639.85481,609270,409443219.4,205199628.10857,0
2024-05-14,0.5050,0.5130,0.4967,0.4999,783288949.6,2024-05-14 23:59:59.999,395204884.00129,565381,386102676.0,194856105.98143,0
2024-05-15,0.5000,0.5193,0.4960,0.5186,705796831.4,2024-05-15 23:59:59.999,358140941.25064,511269,351033519.1,178142369.63873,0
2024-05-16,0.5186,0.5225,0.5119,0.5155,657605785.4,2024-05-16 23:59:59.999,340162591.46391,473466,324089455.1,167641993.39317,0
2024-05-17,0.5155,0.5291,0.5132,0.5231,504173531.0,2024-05-17 23:59:59.999,262819780.76341,412161,250445230.7,130570680.82390,0
2024-05-18,0.5231,0.5253,0.5182,0.5210,283616587.5,2024-05-18 23:59:59.999,148033853.09427,268460,137710217.1,71879171.88550,0
2024-05-19,0.5210,0.5233,0.5056,0.5091,383091142.6,2024-05-19 23:59:59.999,197193608.88801,336721,184284375.9,94876794.01346,0
2024-05-20,0.5092,0.5382,0.5058,0.5379,874374458.1,2024-05-20 23:59:59.999,456683895.35890,645425,438227882.5,228874020.60423,0
2024-05-21,0.5379,0.5575,0.5317,0.5372,1186256588.1,2024-05-21 23:59:59.999,642957922.56532,780212,586220836.2,317832638.45355,0
2024-05-22,0.5372,0.5384,0.5212,0.5272,707072770.6,2024-05-22 23:59:59.999,376205483.64388,534224,343005983.4,182548784.69005,0
2024-05-23,0.5272,0.5498,0.4965,0.5290,1621389100.2,2024-05-23 23:59:59.999,853229686.69170,1170862,775528489.9,408408561.92067,0
2024-05-24,0.5290,0.5378,0.5169,0.5364,743828903.3,2024-05-24 23:59:59.999,393861816.14123,645206,372506969.5,197265214.07642,0
2024-05-25,0.5364,0.5430,0.5322,0.5420,433504929.3,2024-05-25 23:59:59.999,233234151.65635,371621,210630120.2,113335432.04979,0
2024-05-26,0.5420,0.5424,0.5256,0.5285,379198272.9,2024-05-26 23:59:59.999,202652179.74685,358107,183230574.3,97934435.23842,0
2024-05-27,0.5285,0.5414,0.5239,0.5343,573868552.5,2024-05-27 23:59:59.999,305818331.42252,490332,275407817.0,146748943.90571,0
2024-05-28,0.5343,0.5359,0.5211,0.5291,657231075.2,2024-05-28 23:59:59.999,347395701.23595,589412,316606873.4,167359851.98584,0
2024-05-29,0.5290,0.5339,0.5202,0.5239,611712019.6,2024-05-29 23:59:59.999,322931786.72388,534652,298909009.5,157820464.36191,0
2024-05-30,0.5239,0.5288,0.5125,0.5190,597257324.2,2024-05-30 23:59:59.999,311329199.00107,527878,291517621.4,151962711.19447,0
2024-05-31,0.5189,0.5264,0.5119,0.5179,562637825.9,2024-05-31 23:59:59.999,292250515.53330,498191,275281048.5,143007208.00125,0
2024-06-01,0.5179,0.5224,0.5177,0.5189,238938681.6,2024-06-01 23:59:59.999,124273538.04436,266677,118357892.0,61564050.47667,0
2024-06-02,0.5189,0.5216,0.5082,0.5137,405847891.4,2024-06-02 23:59:59.999,209224839.78048,373318,190143091.1,98076907.79944,0
2024-06-03,0.5138,0.5235,0.5118,0.5203,516664812.1,2024-06-03 23:59:59.999,268484519.26866,445196,261837580.9,136054688.85698,0
2024-06-04,0.5202,0.5309,0.5185,0.5260,606554598.7,2024-06-04 23:59:59.999,318178277.06824,480625,296272704.4,155419881.40832,0
2024-06-05,0.5259,0.5334,0.5236,0.5263,527294728.7,2024-06-05 23:59:59.999,278331046.17253,409515,260701925.8,137624861.32414,0
2024-06-06,0.5263,0.5285,0.5162,0.5218,466210559.2,2024-06-06 23:59:59.999,244461762.34545,393740,229056097.6,120126385.65691,0
2024-06-07,0.5218,0.5285,0.4475,0.4989,1399741457.6,2024-06-07 23:59:59.999,696728387.21208,1007345,646207461.0,322380336.90997,0
2024-06-08,0.4990,0.5010,0.4896,0.4926,451202688.9,2024-06-08 23:59:59.999,223391134.22213,393422,211844585.9,104884463.63929,0
2024-06-09,0.4925,0.4992,0.4905,0.4985,251237493.8,2024-06-09 23:59:59.999,124373674.24788,234237,119914042.8,59359336.32418,0
2024-06-10,0.4986,0.5061,0.4931,0.4970,580931409.3,2024-06-10 23:59:59.999,289589329.85636,459564,289473620.0,144286142.46961,0
2024-06-11,0.4969,0.4972,0.4700,0.4803,1045998452.4,2024-06-11 23:59:59.999,505455623.93051,729795,502737184.3,242955238.67678,0
2024-06-12,0.4802,0.4988,0.4739,0.4915,835721968.8,2024-06-12 23:59:59.999,407972555.81862,621009,418409123.3,204310508.05372,0
2024-06-13,0.4916,0.4918,0.4754,0.4768,610616707.4,2024-06-13 23:59:59.999,295884705.53608,499388,298952820.1,144870922.55816,0
2024-06-14,0.4769,0.4814,0.4584,0.4745,723669566.3,2024-06-14 23:59:59.999,342519639.57030,582592,352898321.6,167073165.22340,0
2024-06-15,0.4744,0.5051,0.4738,0.4906,575117076.6,2024-06-15 23:59:59.999,280678764.47533,512628,292513933.6,142778991.89944,0
2024-06-16,0.4906,0.4994,0.4874,0.4889,505424319.1,2024-06-16 23:59:59.999,248473198.91290,421967,246914704.5,121397576.23942,0
2024-06-17,0.4890,0.5210,0.4838,0.5044,1691017199.7,2024-06-17 23:59:59.999,851505908.92372,1299659,831040186.0,418445278.51121,0
2024-06-18,0.5044,0.5094,0.4641,0.4907,1715642512.3,2024-06-18 23:59:59.999,841513262.18003,1415477,852399434.8,418130109.26992,0
2024-06-19,0.4907,0.4994,0.4867,0.4930,687784459.4,2024-06-19 23:59:59.999,339177553.88178,554281,340671016.7,167987256.93164,0
2024-06-20,0.4930,0.5024,0.4880,0.4885,683596269.1,2024-06-20 23:59:59.999,338484147.29502,610973,336758848.9,166760703.81231,0
2024-06-21,0.4884,0.4957,0.4792,0.4888,725994528.5,2024-06-21 23:59:59.999,354192331.34786,668987,357221202.6,174284304.11671,0
2024-06-22,0.4888,0.4895,0.4838,0.4864,234617788.4,2024-06-22 23:59:59.999,114173581.18052,267725,114899842.6,55913427.82725,0
2024-06-23,0.4863,0.4890,0.4724,0.4796,334171380.8,2024-06-23 23:59:59.999,161383230.80544,335625,159057329.3,76816750.24175,0
2024-06-24,0.4796,0.4824,0.4604,0.4738,867735565.9,2024-06-24 23:59:59.999,410700674.67276,860901,428211908.5,202708883.30295,0
2024-06-25,0.4738,0.4801,0.4728,0.4755,471137656.1,2024-06-25 23:59:59.999,224381863.98394,471539,236368675.0,112577705.89563,0
2024-06-26,0.4755,0.4781,0.4644,0.4696,497136697.0,2024-06-26 23:59:59.999,234658626.32293,467624,237975648.8,112347644.80802,0
2024-06-27,0.4696,0.4771,0.4656,0.4752,446207484.3,2024-06-27 23:59:59.999,210358759.16376,440368,220318096.5,103869872.06726,0
2024-06-28,0.4753,0.4809,0.4686,0.4715,609415974.0,2024-06-28 23:59:59.999,290172339.29643,522615,299420129.0,142585587.12770,0
2024-06-29,0.4716,0.4768,0.4713,0.4724,208321656.7,2024-06-29 23:59:59.999,98829420.88371,257857,101771432.7,48288950.76635,0
2024-06-30,0.4724,0.4781,0.4697,0.4760,303341722.5,2024-06-30 23:59:59.999,143650586.44127,334523,149136078.4,70627645.12568,0
2024-07-01,0.4760,0.4849,0.4752,0.4768,476459829.8,2024-07-01 23:59:59.999,228365696.33412,457679,231002601.0,110722401.97085,0
2024-07-02,0.4767,0.4889,0.4756,0.4853,515811172.8,2024-07-02 23:59:59.999,249258350.52228,450007,246713711.9,119227462.84824,0
2024-07-03,0.4852,0.4868,0.4606,0.4668,757166980.4,2024-07-03 23:59:59.999,359873885.84142,664476,357402611.1,169900969.92766,0
2024-07-04,0.4669,0.4694,0.4310,0.4326,1209915466.4,2024-07-04 23:59:59.999,543517837.10581,908489,575186799.6,258441529.55089,0
2024-07-05,0.4327,0.4332,0.3812,0.4249,1918477158.9,2024-07-05 23:59:59.999,787105798.55194,1293035,912885111.1,374652920.67137,0
2024-07-06,0.4248,0.4495,0.4233,0.4487,516845047.4,2024-07-06 23:59:59.999,225096511.07742,509512,258175052.7,112460142.56425,0
2024-07-07,0.4486,0.4490,0.4179,0.4194,614778612.6,2024-07-07 23:59:59.999,266021797.82365,584427,299141160.9,129456205.06896,0
2024-07-08,0.4194,0.4435,0.4028,0.4314,1312608030.4,2024-07-08 23:59:59.999,558057765.01497,999889,645602730.5,274558680.95585,0
2024-07-09,0.4314,0.4380,0.4265,0.4355,581885583.1,2024-07-09 23:59:59.999,252113552.61792,498623,283511660.2,122840410.87098,0
2024-07-10,0.4354,0.4424,0.4308,0.4385,543776192.6,2024-07-10 23:59:59.999,237442083.02260,437928,266455074.2,116354815.75843,0
2024-07-11,0.4385,0.4559,0.4360,0.4488,811101902.6,2024-07-11 23:59:59.999,361755148.85208,578985,401827810.3,179275993.71236,0
2024-07-12,0.4488,0.4782,0.4441,0.4742,1422214924.4,2024-07-12 23:59:59.999,660373229.84198,925042,708769575.7,329201393.47379,0
2024-07-13,0.4742,0.5658,0.4734,0.5255,3471804862.5,2024-07-13 23:59:59.999,1815531763.68026,2129711,1770389899.5,925856849.91025,0
2024-07-14,0.5255,0.5396,0.5135,0.5202,1671364856.7,2024-07-14 23:59:59.999,879603497.17053,1207326,825132332.6,434291756.74540,0
2024-07-15,0.5203,0.5402,0.5201,0.5368,1343059689.2,2024-07-15 23:59:59.999,712658055.45435,1011522,662379101.1,351474724.31604,0
2024-07-16,0.5369,0.5946,0.5320,0.5791,2804148571.2,2024-07-16 23:59:59.999,1578431199.97637,1985674,1373553940.0,773275507.61500,0
2024-07-17,0.5790,0.6376,0.5780,0.6257,2672955500.8,2024-07-17 23:59:59.999,1634350194.89502,2353032,1322734391.7,808875305.17631,0
2024-07-18,0.6256,0.6366,0.5568,0.5693,2409994673.0,2024-07-18 23:59:59.999,1412285494.89662,2152817,1168354242.2,684429290.10350,0
2024-07-19,0.5693,0.5863,0.5390,0.5729,1962455044.4,2024-07-19 23:59:59.999,1099193439.04879,1516692,973627302.3,545399100.44915,0
2024-07-20,0.5730,0.6045,0.5704,0.5936,1276250845.5,2024-07-20 23:59:59.999,753114885.14555,1102803,621344740.2,366654285.83506,0
2024-07-21,0.5936,0.6080,0.5714,0.5984,1340456692.4,2024-07-21 23:59:59.999,790789056.89221,1229481,645496653.5,380918259.33183,0
2024-07-22,0.5983,0.6229,0.5852,0.6076,1407041918.2,2024-07-22 23:59:59.999,851697306.74596,1373063,688301768.8,416726706.13693,0
2024-07-23,0.6076,0.6168,0.5796,0.5972,1255440947.4,2024-07-23 23:59:59.999,751198141.11728,1218319,603021902.3,360840246.74607,0
2024-07-24,0.5972,0.6328,0.5911,0.6175,1386918011.4,2024-07-24 23:59:59.999,855962655.99247,1301661,681373552.4,420502677.78709,0
2024-07-25,0.6175,0.6259,0.5837,0.5993,1980186966.8,2024-07-25 23:59:59.999,1201170160.67922,1836823,955247790.2,579614388.66099,0
2024-07-26,0.5993,0.6089,0.5856,0.6032,976308217.7,2024-07-26 23:59:59.999,584861497.33602,969292,465018793.5,278584290.15996,0
2024-07-27,0.6031,0.6090,0.5826,0.5954,811226899.4,2024-07-27 23:59:59.999,484656257.43357,895931,387218714.4,231403107.19644,0
2024-07-28,0.5954,0.6146,0.5907,0.6010,690520218.5,2024-07-28 23:59:59.999,416158467.90217,918543,338433543.6,203979905.79190,0
2024-07-29,0.6010,0.6123,0.5916,0.6016,829808112.9,2024-07-29 23:59:59.999,501117248.14252,893499,400604038.8,241957467.53783,0
2024-07-30,0.6017,0.6380,0.5951,0.6274,1901286387.5,2024-07-30 23:59:59.999,1182150488.67092,1721929,962900416.1,598821525.51362,0
2024-07-31,0.6274,0.6583,0.6213,0.6230,2355668665.9,2024-07-31 23:59:59.999,1513829288.00204,1829782,1162152113.4,747014091.09091,0
2024-08-01,0.6229,0.6301,0.5673,0.5962,1864037805.0,2024-08-01 23:59:59.999,1117502242.54754,1593800,896517118.1,537599647.49453,0
2024-08-02,0.5961,0.5967,0.5458,0.5605,1681744374.5,2024-08-02 23:59:59.999,956594828.40476,1488143,815358315.0,463844887.78900,0
2024-08-03,0.5605,0.5775,0.5400,0.5556,1283823628.4,2024-08-03 23:59:59.999,718379786.27996,1303718,630035717.6,352625818.79622,0
2024-08-04,0.5556,0.5587,0.5128,0.5227,1230015813.7,2024-08-04 23:59:59.999,658087098.13440,1058362,591178243.8,316331848.80352,0
2024-08-05,0.5227,0.5256,0.4315,0.4887,4172275016.3,2024-08-05 23:59:59.999,1958742293.71038,3187379,2032128851.0,953763875.59746,0
2024-08-06,0.4887,0.5188,0.4875,0.5057,1270326248.9,2024-08-06 23:59:59.999,645433365.92119,1344764,624251386.9,317245038.89615,0
2024-08-07,0.5057,0.6441,0.4920,0.6001,3613799087.0,2024-08-07 23:59:59.999,2073641656.46234,4260485,1800162229.6,1031818473.57618,0
2024-08-08,0.6001,0.6422,0.5783,0.6164,3468272518.8,2024-08-08 23:59:59.999,2117040154.63144,3621711,1756827872.4,1072636719.00011,0
2024-08-09,0.6163,0.6241,0.5673,0.5801,1872127739.5,2024-08-09 23:59:59.999,1104612575.35978,2264595,914338855.9,539673754.43264,0
2024-08-10,0.5801,0.6018,0.5776,0.5837,1028005343.1,2024-08-10 23:59:59.999,607622184.44814,1381326,499219334.3,295089111.13156,0
2024-08-11,0.5838,0.5931,0.5450,0.5525,1070628727.2,2024-08-11 23:59:59.999,611316794.35642,1347138,502675999.7,287161691.90210,0
2024-08-12,0.5525,0.5792,0.5498,0.5680,1269061967.0,2024-08-12 23:59:59.999,720385496.26126,1428761,627979724.1,356454731.47920,0
2024-08-13,0.5680,0.5833,0.5622,0.5765,979556047.8,2024-08-13 23:59:59.999,561548114.45127,1134698,480593054.7,275572755.27886,0
2024-08-14,0.5765,0.5829,0.5633,0.5684,768911351.8,2024-08-14 23:59:59.999,441331430.41939,968338,374889080.3,215214053.63603,0
2024-08-15,0.5684,0.5738,0.5505,0.5605,774836876.3,2024-08-15 23:59:59.999,436763145.32538,965995,377585693.4,212893625.66394,0
2024-08-16,0.5605,0.5714,0.5530,0.5634,654811569.3,2024-08-16 23:59:59.999,368522146.97318,875846,326411039.7,183732109.30619,0
2024-08-17,0.5634,0.5710,0.5607,0.5661,230127989.3,2024-08-17 23:59:59.999,130079867.64044,413379,112768312.6,63749292.64719,0
2024-08-18,0.5661,0.5844,0.5622,0.5628,455939774.0,2024-08-18 23:59:59.999,260450572.47659,628254,229974232.0,131450865.38710,0
2024-08-19,0.5629,0.6089,0.5605,0.5980,1213402104.2,2024-08-19 23:59:59.999,710493834.93858,1401601,613849560.9,359330316.00492,0
2024-08-20,0.5981,0.6148,0.5871,0.5933,876286226.0,2024-08-20 23:59:59.999,526800793.44943,1015576,427350935.2,256991831.92713,0
2024-08-21,0.5934,0.6052,0.5845,0.5997,710433902.7,2024-08-21 23:59:59.999,423606475.94131,845197,341261155.4,203488145.32257,0
2024-08-22,0.5997,0.6058,0.5917,0.5974,479889610.4,2024-08-22 23:59:59.999,287185085.21189,626287,237191454.6,141985349.17089,0
2024-08-23,0.5974,0.6157,0.5903,0.6105,751188804.5,2024-08-23 23:59:59.999,452155035.05191,788770,376580322.0,226726750.21595,0
2024-08-24,0.6105,0.6311,0.6040,0.6121,791532946.7,2024-08-24 23:59:59.999,488199864.20890,863326,390388331.7,240895451.66646,0
2024-08-25,0.6121,0.6137,0.5946,0.5996,560402923.7,2024-08-25 23:59:59.999,337862010.01363,655698,256973469.7,154941080.81650,0
2024-08-26,0.5996,0.6017,0.5768,0.5871,659950864.6,2024-08-26 23:59:59.999,389419565.18924,747102,303371838.2,179041695.50675,0
2024-08-27,0.5871,0.6000,0.5517,0.5662,968926739.3,2024-08-27 23:59:59.999,563653175.25849,1055415,463184503.3,269724759.17910,0
2024-08-28,0.5662,0.5843,0.5554,0.5690,941325545.8,2024-08-28 23:59:59.999,537072530.56934,1016733,457384339.7,260988421.54282,0
2024-08-29,0.5690,0.5765,0.5568,0.5615,458137245.0,2024-08-29 23:59:59.999,260783683.54135,712551,224355814.9,127782615.35266,0
2024-08-30,0.5616,0.5675,0.5458,0.5665,602240431.3,2024-08-30 23:59:59.999,336372266.55919,766220,292254807.1,163273505.28536,0
2024-08-31,0.5666,0.5719,0.5621,0.5661,236465394.0,2024-08-31 23:59:59.999,133989541.29284,422770,118095534.4,66925131.69054,0
2024-09-01,0.5661,0.5664,0.5424,0.5467,486139951.9,2024-09-01 23:59:59.999,269533839.49757,696317,229405253.0,127228215.11601,0
2024-09-02,0.5468,0.5685,0.5439,0.5674,440230430.3,2024-09-02 23:59:59.999,244479666.93223,637522,223541122.3,124205170.16099,0
2024-09-03,0.5675,0.5723,0.5551,0.5569,448758290.5,2024-09-03 23:59:59.999,253458245.79068,642301,221893674.0,125372900.76349,0
2024-09-04,0.5570,0.5645,0.5321,0.5576,647486307.6,2024-09-04 23:59:59.999,357258995.20490,844044,315061278.7,173863668.56661,0
2024-09-05,0.5577,0.5595,0.5392,0.5441,419648373.6,2024-09-05 23:59:59.999,230381905.59892,583157,199722692.8,109658025.45583,0
2024-09-06,0.5440,0.5471,0.5021,0.5206,852389315.1,2024-09-06 23:59:59.999,449214463.56329,949494,413268487.3,217885305.13555,0
2024-09-07,0.5207,0.5325,0.5194,0.5246,289501134.0,2024-09-07 23:59:59.999,152462623.02245,461573,142272297.6,74924263.27138,0
2024-09-08,0.5245,0.5313,0.5204,0.5292,260391872.3,2024-09-08 23:59:59.999,137137590.23110,398127,130657961.1,68814728.03328,0
2024-09-09,0.5292,0.5427,0.5266,0.5392,437188674.6,2024-09-09 23:59:59.999,233044333.41809,553302,219056674.6,116814798.43219,0
2024-09-10,0.5393,0.5425,0.5333,0.5405,339110165.4,2024-09-10 23:59:59.999,182367867.39212,492016,169552049.6,91196675.59143,0
2024-09-11,0.5405,0.5410,0.5227,0.5346,527463587.2,2024-09-11 23:59:59.999,280762835.55319,610504,260014766.6,138416979.94052,0
2024-09-12,0.5345,0.5882,0.5331,0.5624,1471310829.8,2024-09-12 23:59:59.999,826196855.04162,1345652,745577160.4,418447625.65162,0
2024-09-13,0.5624,0.5748,0.5550,0.5722,898592133.7,2024-09-13 23:59:59.999,509118428.10283,912276,444596932.9,251898759.84039,0
2024-09-14,0.5722,0.5999,0.5701,0.5953,977842114.0,2024-09-14 23:59:59.999,573115610.71302,907706,494571318.4,289881244.79105,0
2024-09-15,0.5953,0.5955,0.5675,0.5703,617484007.6,2024-09-15 23:59:59.999,360748013.97596,706554,295848276.7,172890731.73290,0
2024-09-16,0.5703,0.5914,0.5593,0.5861,784389876.2,2024-09-16 23:59:59.999,450202824.08355,864477,389974502.0,223891869.31540,0
2024-09-17,0.5861,0.5930,0.5785,0.5836,594261797.6,2024-09-17 23:59:59.999,348484738.65802,726873,293901906.4,172343885.02534,0
2024-09-18,0.5835,0.5854,0.5616,0.5851,735696509.2,2024-09-18 23:59:59.999,422553005.55637,810107,361179045.2,207472491.53300,0
2024-09-19,0.5850,0.5944,0.5809,0.5867,778633057.8,2024-09-19 23:59:59.999,457044980.11462,711300,391176110.2,229648169.69048,0
2024-09-20,0.5867,0.5928,0.5759,0.5847,728480236.8,2024-09-20 23:59:59.999,425568293.45948,682718,362851155.2,212002466.84588,0
2024-09-21,0.5847,0.6128,0.5797,0.5973,616997970.3,2024-09-21 23:59:59.999,367209754.83751,655835,316975653.3,188666525.33401,0
2024-09-22,0.5974,0.6050,0.5770,0.5869,674077012.1,2024-09-22 23:59:59.999,398730889.39351,710524,316771327.1,187395980.36079,0
2024-09-23,0.5869,0.5956,0.5782,0.5845,538524486.7,2024-09-23 23:59:59.999,316407006.26065,585458,260834817.8,153258531.25248,0
2024-09-24,0.5844,0.5927,0.5809,0.5909,538716049.6,2024-09-24 23:59:59.999,316007195.06421,569126,272699345.7,159974439.58363,0
2024-09-25,0.5908,0.5956,0.5820,0.5827,463865676.3,2024-09-25 23:59:59.999,272818700.67860,497483,221283564.4,130170852.26726,0
2024-09-26,0.5827,0.5963,0.5735,0.5903,652161045.8,2024-09-26 23:59:59.999,383237208.29736,641645,320852195.1,188621358.70365,0
2024-09-27,0.5902,0.5971,0.5821,0.5885,721188608.0,2024-09-27 23:59:59.999,424544586.72268,593623,357546483.6,210493503.10647,0
2024-09-28,0.5885,0.6260,0.5850,0.6136,1816073572.2,2024-09-28 23:59:59.999,1109388335.09682,1389088,922546890.3,563566311.82240,0
2024-09-29,0.6137,0.6661,0.6075,0.6412,2027817411.1,2024-09-29 23:59:59.999,1292266432.80332,1539741,1039614167.5,662927982.38923,0
2024-09-30,0.6412,0.6550,0.6083,0.6113,1688776792.1,2024-09-30 23:59:59.999,1071653599.72635,1425342,796161729.2,505632442.77733,0
2024-10-01,0.6113,0.6342,0.5768,0.5966,2403805541.0,2024-10-01 23:59:59.999,1467789144.40163,2069230,1178691718.7,720054094.74920,0
2024-10-02,0.5965,0.6065,0.5267,0.5379,1951412911.9,2024-10-02 23:59:59.999,1114454855.41940,1712161,889189211.8,507789214.13807,0
2024-10-03,0.5379,0.5441,0.5066,0.5214,1811651951.7,2024-10-03 23:59:59.999,949174640.97194,1494072,845168690.0,443010151.00325,0
2024-10-04,0.5214,0.5386,0.5146,0.5338,867664761.1,2024-10-04 23:59:59.999,455998971.34349,802424,418403512.2,219909883.65593,0
2024-10-05,0.5338,0.5351,0.5256,0.5291,447462230.0,2024-10-05 23:59:59.999,237520609.06134,508350,214948495.7,114121492.82474,0
2024-10-06,0.5291,0.5370,0.5276,0.5334,361536883.1,2024-10-06 23:59:59.999,192310560.05340,399442,172712563.5,91873445.48069,0
2024-10-07,0.5334,0.5458,0.5280,0.5282,760080491.5,2024-10-07 23:59:59.999,409102744.98633,779721,356457856.8,191918351.34809,0
2024-10-08,0.5282,0.5361,0.5206,0.5308,542496316.4,2024-10-08 23:59:59.999,287117415.07128,624550,266448246.0,141051325.36146,0
2024-10-09,0.5307,0.5345,0.5206,0.5241,449745182.7,2024-10-09 23:59:59.999,238128905.55016,560704,217612661.9,115240787.17287,0
2024-10-10,0.5241,0.5448,0.5224,0.5303,781249010.4,2024-10-10 23:59:59.999,415795033.07234,822069,387208670.4,206055947.10776,0
2024-10-11,0.5303,0.5417,0.5294,0.5386,499131221.7,2024-10-11 23:59:59.999,267965365.46557,535924,238821580.4,128228041.39737,0
2024-10-12,0.5386,0.5431,0.5350,0.5390,297480321.4,2024-10-12 23:59:59.999,160391531.02149,467284,147459513.4,79507884.12840,0
2024-10-13,0.5391,0.5393,0.5246,0.5316,367905477.9,2024-10-13 23:59:59.999,195493860.86905,413190,170563435.7,90621722.71030,0
2024-10-14,0.5317,0.5524,0.5279,0.5484,609403782.9,2024-10-14 23:59:59.999,330090483.87224,599369,299915603.2,162476707.49255,0
2024-10-15,0.5484,0.5555,0.5311,0.5415,915331030.1,2024-10-15 23:59:59.999,496973306.94781,824072,424480580.4,230483318.23372,0
2024-10-16,0.5415,0.5539,0.5370,0.5481,580866233.4,2024-10-16 23:59:59.999,317224292.01638,639253,284568941.4,155448932.17350,0
2024-10-17,0.5480,0.5665,0.5414,0.5439,968772557.5,2024-10-17 23:59:59.999,536335954.97895,939573,469228976.1,259813800.69297,0
2024-10-18,0.5439,0.5530,0.5392,0.5465,537722110.7,2024-10-18 23:59:59.999,293656664.17752,640728,262888185.3,143565678.29600,0
2024-10-19,0.5465,0.5499,0.5402,0.5438,277827546.1,2024-10-19 23:59:59.999,151386130.82424,330627,133022072.7,72486252.09070,0
2024-10-20,0.5438,0.5488,0.5361,0.5483,377387418.8,2024-10-20 23:59:59.999,204672256.22054,456716,182344620.8,98916982.04839,0
2024-10-21,0.5484,0.5610,0.5411,0.5448,807527778.7,2024-10-21 23:59:59.999,444185593.64486,770128,382113622.1,210244149.46630,0
2024-10-22,0.5448,0.5496,0.5286,0.5336,641595400.7,2024-10-22 23:59:59.999,344524828.82812,635103,286031502.8,153621735.10547,0
2024-10-23,0.5336,0.5340,0.5113,0.5257,563998854.5,2024-10-23 23:59:59.999,295096493.03407,685484,270674387.0,141664114.09558,0
2024-10-24,0.5256,0.5337,0.5240,0.5322,375237570.7,2024-10-24 23:59:59.999,198633985.25160,502138,179044462.4,94791842.96761,0
2024-10-25,0.5322,0.5322,0.4858,0.5017,838494229.9,2024-10-25 23:59:59.999,429262752.52934,815099,383157291.9,196367135.35463,0
2024-10-26,0.5017,0.5153,0.4985,0.5133,365548161.9,2024-10-26 23:59:59.999,186244545.17102,457674,181705771.0,92570509.42053,0
2024-10-27,0.5132,0.5178,0.5107,0.5167,214244313.9,2024-10-27 23:59:59.999,110209526.03838,329077,104277274.2,53642064.79188,0
2024-10-28,0.5166,0.5216,0.5109,0.5192,390719182.0,2024-10-28 23:59:59.999,201971034.53503,513182,195538217.5,101093507.20541,0
2024-10-29,0.5192,0.5310,0.5183,0.5286,510055092.8,2024-10-29 23:59:59.999,268047986.90029,563245,251426497.5,132130133.33115,0
2024-10-30,0.5287,0.5287,0.5193,0.5231,385136683.3,2024-10-30 23:59:59.999,201716347.22235,481922,188468566.4,98716029.62434,0
2024-10-31,0.5231,0.5240,0.5027,0.5095,528766327.9,2024-10-31 23:59:59.999,271228007.04687,600833,250334688.8,128408755.64981,0
2024-11-01,0.5095,0.5244,0.5022,0.5130,844387440.1,2024-11-01 23:59:59.999,435732175.69672,846317,411850199.7,212544353.72224,0
2024-11-02,0.5130,0.5161,0.5061,0.5103,249371283.3,2024-11-02 23:59:59.999,127430013.17597,405595,119699195.4,61163733.83924,0
2024-11-03,0.5103,0.5111,0.4914,0.5029,595383409.5,2024-11-03 23:59:59.999,297492932.21316,704485,270097403.0,134973336.80574,0
2024-11-04,0.5029,0.5146,0.4955,0.5032,596924915.8,2024-11-04 23:59:59.999,302488212.00847,666758,289445084.9,146687715.87443,0
2024-11-05,0.5032,0.5188,0.5016,0.5140,512641289.4,2024-11-05 23:59:59.999,261685344.22957,554455,245415635.8,125280506.26824,0
2024-11-06,0.5140,0.5471,0.5139,0.5421,1152595914.9,2024-11-06 23:59:59.999,614793879.98540,1045555,567270956.8,302582726.01412,0
2024-11-07,0.5422,0.5786,0.5380,0.5559,1192827865.3,2024-11-07 23:59:59.999,661862766.61639,1077415,585075256.1,324586646.38714,0
2024-11-08,0.5559,0.5604,0.5415,0.5541,726142322.3,2024-11-08 23:59:59.999,399987050.19862,722005,345854618.6,190496994.29218,0
2024-11-09,0.5540,0.5625,0.5435,0.5596,669763048.0,2024-11-09 23:59:59.999,369551819.39300,629375,331849397.9,183167358.55038,0
2024-11-10,0.5596,0.6193,0.5559,0.5888,2225216082.1,2024-11-10 23:59:59.999,1315927062.66717,2047856,1062119120.1,628382264.61433,0
2024-11-11,0.5888,0.6340,0.5706,0.6216,2237371621.6,2024-11-11 23:59:59.999,1339010276.13957,1886688,1100215868.9,658941067.48339,0
2024-11-12,0.6217,0.7404,0.5972,0.7048,6224671274.2,2024-11-12 23:59:59.999,4141323674.58370,5690685,3046012353.6,2027877284.35797,0
2024-11-13,0.7048,0.7491,0.6408,0.6901,4167165476.3,2024-11-13 23:59:59.999,2881758184.92832,4477550,2002845147.5,1385746302.86337,0
2024-11-14,0.6901,0.8478,0.6827,0.7741,4729105444.8,2024-11-14 23:59:59.999,3551714483.08530,4894541,2294575090.2,1724207763.65769,0
2024-11-15,0.7741,0.9283,0.7705,0.8924,5745756328.7,2024-11-15 23:59:59.999,4881307513.19750,6435613,2837207990.0,2412528586.90578,0
2024-11-16,0.8925,1.2700,0.8782,1.1220,8845498188.7,2024-11-16 23:59:59.999,9630255449.86565,10544049,4336940030.8,4718954687.37458,0
2024-11-17,1.1219,1.1612,1.0048,1.0550,4633147046.2,2024-11-17 23:59:59.999,4968802485.75466,6459707,2238829954.1,2401789366.43635,0
2024-11-18,1.0551,1.1874,1.0551,1.1151,3843805877.3,2024-11-18 23:59:59.999,4351139167.97346,5369786,1880011683.6,2127944492.15647,0
2024-11-19,1.1150,1.1492,1.0692,1.1012,2207225694.5,2024-11-19 23:59:59.999,2433718389.22810,3362088,1058685314.1,1167777433.98042,0
2024-11-20,1.1012,1.1520,1.0561,1.1045,2339322679.7,2024-11-20 23:59:59.999,2586661645.53179,3550581,1112502556.6,1230719326.49475,0
2024-11-21,1.1045,1.2663,1.0771,1.2477,3446934273.4,2024-11-21 23:59:59.999,3969282926.66466,4816191,1701171013.8,1960406680.22526,0
2024-11-22,1.2478,1.5036,1.2474,1.4739,6120042748.9,2024-11-22 23:59:59.999,8611531081.56854,8709832,2987082738.4,4203744988.21420,0
2024-11-23,1.4739,1.6350,1.4136,1.4697,3803475658.2,2024-11-23 23:59:59.999,5827142639.47687,6848979,1824485767.4,2796594772.16020,0
2024-11-24,1.4698,1.5140,1.2795,1.4334,3210481005.3,2024-11-24 23:59:59.999,4472043684.81813,5605948,1556994105.1,2169381799.80952,0
2024-11-25,1.4335,1.5400,1.3561,1.4151,3377460531.4,2024-11-25 23:59:59.999,4894205635.95471,5735346,1630164357.2,2362529214.10039,0
2024-11-26,1.4150,1.4588,1.2848,1.3993,2914599022.7,2024-11-26 23:59:59.999,4005686772.22400,4881948,1400977772.7,1925939228.13325,0
2024-11-27,1.3992,1.5233,1.3527,1.4709,2148076942.2,2024-11-27 23:59:59.999,3092160765.08235,3594237,1062655322.1,1530508368.14873,0
2024-11-28,1.4709,1.5480,1.4309,1.5431,1539112331.8,2024-11-28 23:59:59.999,2270412411.02626,2935921,745907503.4,1100934904.27084,0
2024-11-29,1.5430,1.8162,1.5242,1.8019,3762199435.6,2024-11-29 23:59:59.999,6289693270.51572,5761223,1870114027.1,3127120619.75836,0
2024-11-30,1.8019,1.9593,1.7655,1.9530,3850463492.6,2024-11-30 23:59:59.999,7215744008.83232,6904054,1883105236.2,3531000797.63160,0
2024-12-01,1.9529,2.3549,1.8472,2.2942,4292474495.8,2024-12-01 23:59:59.999,8726869389.41545,8368593,2168607317.6,4417702831.19345,0
2024-12-02,2.2942,2.8767,2.2168,2.7243,9044623069.7,2024-12-02 23:59:59.999,22687182031.46203,18662136,4476645766.5,11232293885.56052,0
2024-12-03,2.7242,2.9160,2.2860,2.5127,7072280505.4,2024-12-03 23:59:59.999,18360651051.60881,16950348,3437882886.4,8931547580.26721,0
2024-12-04,2.5127,2.6859,2.2810,2.3600,3480538457.2,2024-12-04 23:59:59.999,8649282921.43263,9489327,1703004894.4,4234344219.95596,0
2024-12-05,2.3599,2.4966,2.1800,2.2455,3743370865.0,2024-12-05 23:59:59.999,8729443566.76518,9772591,1807489477.3,4218971510.88896,0
2024-12-06,2.2454,2.4650,2.2275,2.4266,2289916327.8,2024-12-06 23:59:59.999,5354072307.25172,5908407,1126635190.7,2635523962.66624,0
2024-12-07,2.4267,2.6227,2.3851,2.6120,1781723598.0,2024-12-07 23:59:59.999,4423104601.89543,5237417,871026173.5,2163264818.17381,0
2024-12-08,2.6119,2.6488,2.4858,2.6031,1526513193.2,2024-12-08 23:59:59.999,3922731451.77688,4836418,738532285.1,1898463810.38414,0
2024-12-09,2.6030,2.6090,2.0100,2.2122,3259621093.9,2024-12-09 23:59:59.999,7637744365.75925,8101688,1551940877.1,3640687449.13198,0
2024-12-10,2.2122,2.4150,1.9001,2.3688,4445745655.9,2024-12-10 23:59:59.999,9603303894.25335,10159351,2196045457.1,4748551674.00124,0
2024-12-11,2.3688,2.4698,2.2296,2.3939,2235328101.2,2024-12-11 23:59:59.999,5280785891.73318,6108235,1087417894.6,2570004215.62529,0
2024-12-12,2.3938,2.4841,2.3064,2.3377,1785013770.3,2024-12-12 23:59:59.999,4291952474.54106,4885540,871050854.7,2095268128.68654,0
2024-12-13,2.3376,2.4799,2.2825,2.4220,1474408852.9,2024-12-13 23:59:59.999,3520858044.46555,4092844,733447511.9,1752010302.87640,0
2024-12-14,2.4219,2.5324,2.3534,2.3997,1331257042.4,2024-12-14 23:59:59.999,3235199462.45319,3560774,645843704.0,1570577723.22618,0
2024-12-15,2.3998,2.4735,2.3652,2.4473,980335646.6,2024-12-15 23:59:59.999,2368114915.24507,2895998,480282591.0,1160153968.91395,0
2024-12-16,2.4473,2.5868,2.3262,2.4847,1881615964.5,2024-12-16 23:59:59.999,4623789880.90425,4958212,921463445.4,2264585282.04649,0
2024-12-17,2.4847,2.7289,2.4400,2.5655,2483788887.1,2024-12-17 23:59:59.999,6471241085.38342,7095735,1202957066.1,3134557829.49716,0
2024-12-18,2.5655,2.5919,2.2313,2.3090,2530353475.0,2024-12-18 23:59:59.999,6206275836.60009,7069363,1208751593.5,2968918113.82991,0
2024-12-19,2.3089,2.4299,2.1600,2.2386,2798330259.5,2024-12-19 23:59:59.999,6414367957.12284,7522556,1350700531.8,3098087411.91440,0
2024-12-20,2.2386,2.3558,1.9602,2.2786,3221135753.4,2024-12-20 23:59:59.999,7022531548.88369,8717116,1561841194.4,3406622627.03109,0
2024-12-21,2.2787,2.3858,2.1917,2.2374,1491882345.7,2024-12-21 23:59:59.999,3393646816.88057,4483510,726030802.8,1651817939.73796,0
2024-12-22,2.2374,2.2933,2.1597,2.2025,1050666366.4,2024-12-22 23:59:59.999,2340356035.44724,3428339,517036479.3,1151835182.88318,0
2024-12-23,2.2025,2.2784,2.1302,2.2611,1332334177.4,2024-12-23 23:59:59.999,2919671720.97520,4167130,659399764.9,1445435072.01380,0
2024-12-24,2.2612,2.3500,2.2130,2.3224,863207625.6,2024-12-24 23:59:59.999,1972837757.71802,2828103,429880680.3,982353138.93910,0
2024-12-25,2.3224,2.3322,2.2601,2.2968,559376354.8,2024-12-25 23:59:59.999,1283515844.86672,2204616,268579351.4,616239178.80913,0
2024-12-26,2.2968,2.3161,2.1267,2.1549,942131925.1,2024-12-26 23:59:59.999,2063330601.42661,3010957,448830540.9,983151878.33653,0
2024-12-27,2.1549,2.2365,2.1128,2.1454,957056417.2,2024-12-27 23:59:59.999,2076669337.05105,2915816,472052654.4,1024428882.11940,0
2024-12-28,2.1454,2.2074,2.1333,2.1836,419466547.3,2024-12-28 23:59:59.999,910828093.15645,1614266,211168515.7,458606779.04447,0
2024-12-29,2.1836,2.1974,2.0695,2.0926,500532926.8,2024-12-29 23:59:59.999,1073622905.58544,1707332,236449730.8,507371700.27876,0
2024-12-30,2.0926,2.1515,1.9938,2.0579,1263357088.1,2024-12-30 23:59:59.999,2611983019.77537,3543086,616867059.9,1275645864.92861,0
2024-12-31,2.0579,2.1486,2.0113,2.0836,884037581.3,2024-12-31 23:59:59.999,1838053168.41600,2581317,435330349.1,905220289.88950,0
2025-01-01,2.0835,2.3547,2.0808,2.3321,1343826102.4,2025-01-01 23:59:59.999,2990765627.63076,3662023,676196673.3,1504716326.40265,0
2025-01-02,2.3321,2.4518,2.3286,2.4025,1416036195.7,2025-01-02 23:59:59.999,3393466735.11766,3794579,701284509.6,1680749444.31201,0
2025-01-03,2.4026,2.4813,2.3963,2.4544,1053819704.6,2025-01-03 23:59:59.999,2569471365.03223,2779863,522886914.6,1274988466.31017,0
2025-01-04,2.4544,2.5105,2.4008,2.4202,749351695.3,2025-01-04 23:59:59.999,1833480813.13023,2144390,365678317.8,895221216.74038,0
2025-01-05,2.4201,2.4284,2.3269,2.3988,718807267.3,2025-01-05 23:59:59.999,1709159997.81055,2007838,347588628.0,826689185.98622,0
2025-01-06,2.3988,2.4587,2.3657,2.4194,743390483.6,2025-01-06 23:59:59.999,1794107092.98831,2237000,358996678.0,866523854.93608,0
2025-01-07,2.4194,2.4693,2.2562,2.2698,1353095278.3,2025-01-07 23:59:59.999,3187888797.43439,3406771,658831578.5,1552928644.72433,0
2025-01-08,2.2698,2.3981,2.1984,2.3722,1593054853.2,2025-01-08 23:59:59.999,3679205340.81698,4572365,781294663.7,1805347301.00942,0
2025-01-09,2.3722,2.3953,2.2333,2.2710,1120380451.6,2025-01-09 23:59:59.999,2584239042.97338,3296879,542540922.5,1251402230.52783,0
2025-01-10,2.2710,2.3692,2.2452,2.3411,909692219.9,2025-01-10 23:59:59.999,2093210636.86027,2592746,451872718.8,1039816605.34149,0
2025-01-11,2.3411,2.6038,2.3241,2.5761,1317622672.9,2025-01-11 23:59:59.999,3245628113.68771,3551305,678303356.5,1671100777.64508,0
2025-01-12,2.5761,2.5835,2.4700,2.5031,1017442894.5,2025-01-12 23:59:59.999,2563915504.00136,2877199,494676539.5,1246776871.27094,0
2025-01-13,2.5032,2.5630,2.3307,2.5225,2020981682.1,2025-01-13 23:59:59.999,4950706219.04074,5186667,977203404.1,2395378299.05173,0
2025-01-14,2.5224,2.7012,2.5111,2.6668,1235302219.6,2025-01-14 23:59:59.999,3210419168.52680,3461771,630362593.0,1638521720.94015,0
2025-01-15,2.6668,3.1992,2.6489,3.1411,3228987039.9,2025-01-15 23:59:59.999,9330255559.13724,8519912,1603604102.6,4634349482.39762,0
2025-01-16,3.1411,3.4043,2.9211,3.2433,3757016808.8,2025-01-16 23:59:59.999,12022016269.55216,10358769,1847150610.2,5910182139.82035,0
2025-01-17,3.2432,3.3520,3.1718,3.2911,1723232791.3,2025-01-17 23:59:59.999,5628372935.10415,5379551,844994084.6,2760652834.08851,0
2025-01-18,3.2911,3.2973,3.0551,3.2695,1546799056.5,2025-01-18 23:59:59.999,4915442018.97650,5027748,748292386.8,2378939465.30221,0
2025-01-19,3.2694,3.2930,2.8301,2.9555,1822239477.9,2025-01-19 23:59:59.999,5657096549.09309,6193643,845641460.1,2628669533.05882,0
2025-01-20,2.9552,3.3717,2.9050,3.1042,2362755347.7,2025-01-20 23:59:59.999,7505250728.93194,8836801,1145571135.7,3640266505.06434,0
2025-01-21,3.1042,3.2394,3.0128,3.1735,1091017965.6,2025-01-21 23:59:59.999,3408252734.70029,4474977,533259693.6,1666032891.12778,0
2025-01-22,3.1735,3.2866,3.1268,3.1788,953015704.2,2025-01-22 23:59:59.999,3049464011.09399,3548574,475413787.9,1521288151.35668,0
2025-01-23,3.1790,3.1837,3.0361,3.1186,925073175.2,2025-01-23 23:59:59.999,2882122371.60328,3500953,449294676.1,1399985552.92311,0
2025-01-24,3.1186,3.2028,3.0523,3.0985,658627711.0,2025-01-24 23:59:59.999,2068200796.56606,2600373,323211718.0,1015006432.10616,0
2025-01-25,3.0984,3.1435,3.0751,3.1069,334122226.5,2025-01-25 23:59:59.999,1040769293.35131,1558599,161378877.3,502777588.03567,0
2025-01-26,3.1070,3.1451,3.0081,3.0198,391881949.1,2025-01-26 23:59:59.999,1214201630.43177,1511266,185105540.4,573883530.41216,0
2025-01-27,3.0199,3.0573,2.6450,3.0533,1951675174.1,2025-01-27 23:59:59.999,5626995617.16684,6754805,921661040.2,2659472815.44519,0
2025-01-28,3.0533,3.2140,3.0048,3.0553,1142042771.2,2025-01-28 23:59:59.999,3563394079.00156,3773483,569027850.7,1776326068.80200,0
2025-01-29,3.0553,3.1356,2.9660,3.0671,861947599.0,2025-01-29 23:59:59.999,2644584867.57846,2936984,416832678.5,1279182185.36916,0
2025-01-30,3.0671,3.1536,3.0459,3.1270,502775157.0,2025-01-30 23:59:59.999,1565729594.90198,1762092,248256459.9,773227664.68825,0
2025-01-31,3.1269,3.1329,3.0010,3.0347,518587331.0,2025-01-31 23:59:59.999,1591708147.43431,1770459,243809412.5,748334902.94297,0
2025-02-01,3.0347,3.0713,2.8267,2.8768,628492263.1,2025-02-01 23:59:59.999,1861412380.04722,2172379,280954880.1,832176348.03697,0
2025-02-02,2.8767,2.9533,2.4501,2.5784,2055817771.8,2025-02-02 23:59:59.999,5535700742.10782,6798160,995767562.4,2682464900.30506,0
2025-02-03,2.5784,2.7793,1.7636,2.6989,4823663189.5,2025-02-03 23:59:59.999,11290840299.52748,14710835,2302177973.8,5397131819.15893,0
2025-02-04,2.6988,2.7860,2.4203,2.5253,2113017624.2,2025-02-04 23:59:59.999,5481616842.34671,6729440,1034411287.6,2683108349.24728,0
2025-02-05,2.5254,2.5677,2.3418,2.3799,1225604300.1,2025-02-05 23:59:59.999,3025228432.30805,3614553,599523070.0,1480400833.07143,0
2025-02-06,2.3798,2.4688,2.2739,2.3238,1161662578.7,2025-02-06 23:59:59.999,2752059358.22331,3762224,581423697.5,1377620343.51409,0
2025-02-07,2.3237,2.5392,2.2634,2.3951,1527184635.3,2025-02-07 23:59:59.999,3681792259.68090,4917745,757352105.8,1826639337.40754,0
2025-02-08,2.3951,2.4362,2.3494,2.4179,592690131.0,2025-02-08 23:59:59.999,1422255563.54983,2258640,291635881.3,699979675.87660,0
2025-02-09,2.4178,2.5066,2.3105,2.3909,718989172.0,2025-02-09 23:59:59.999,1737970262.57928,2600977,360430969.0,871355386.98095,0
2025-02-10,2.3909,2.4720,2.3217,2.4226,750476978.9,2025-02-10 23:59:59.999,1806403588.43055,2652520,369046355.7,888183175.00087,0
2025-02-11,2.4225,2.5283,2.3702,2.4117,760680056.8,2025-02-11 23:59:59.999,1868241445.32643,2581813,377946903.7,928433098.79295,0
2025-02-12,2.4116,2.4958,2.3307,2.4723,761542707.7,2025-02-12 23:59:59.999,1833571457.29949,2549650,379059891.1,912992543.41226,0
2025-02-13,2.4724,2.6036,2.4128,2.5580,720562152.2,2025-02-13 23:59:59.999,1787640817.84958,2351699,362453934.2,899567700.48907,0
2025-02-14,2.5580,2.8352,2.5285,2.7372,1374825439.5,2025-02-14 23:59:59.999,3709921361.06732,4395328,680188740.6,1835891598.25837,0
2025-02-15,2.7372,2.8328,2.7129,2.7601,726449235.6,2025-02-15 23:59:59.999,2019337508.07698,2610977,355172167.1,987293771.01905,0
2025-02-16,2.7602,2.8049,2.6855,2.7272,523139212.9,2025-02-16 23:59:59.999,1438472972.53889,1934649,253636027.3,697545886.05286,0
2025-02-17,2.7271,2.7638,2.6063,2.6586,713761624.8,2025-02-17 23:59:59.999,1908270995.86898,2517568,345014965.9,922685493.16799,0
2025-02-18,2.6585,2.6685,2.4683,2.5615,856360265.9,2025-02-18 23:59:59.999,2193794639.03335,2865578,418241225.2,1071685954.29353,0
2025-02-19,2.5615,2.7449,2.5110,2.7356,787603828.9,2025-02-19 23:59:59.999,2057969351.42379,2627955,393841140.2,1029245334.07765,0
2025-02-20,2.7356,2.7469,2.6658,2.6867,664946626.4,2025-02-20 23:59:59.999,1795796117.54959,2165218,328419751.9,886952269.55750,0
2025-02-21,2.6867,2.7138,2.5054,2.5698,936337335.5,2025-02-21 23:59:59.999,2454547906.37354,2912399,448727411.1,1176252456.51596,0
2025-02-22,2.5698,2.6084,2.5484,2.5726,311919553.7,2025-02-22 23:59:59.999,805236994.65845,1097853,150007778.5,387333914.19632,0
2025-02-23,2.5725,2.6003,2.5181,2.5744,357747514.3,2025-02-23 23:59:59.999,915099069.56845,1218791,174608258.3,446734782.61064,0
2025-02-24,2.5744,2.6136,2.2310,2.2769,1157961553.8,2025-02-24 23:59:59.999,2803688037.57029,3506238,562693933.6,1363309225.82347,0
2025-02-25,2.2769,2.3642,2.0631,2.3211,2406923808.4,2025-02-25 23:59:59.999,5329829927.96248,6906304,1196638601.7,2651417346.85649,0
2025-02-26,2.3210,2.3297,2.1495,2.1971,1297907182.5,2025-02-26 23:59:59.999,2912088588.05689,3625003,639993900.8,1436667823.54619,0
2025-02-27,2.1971,2.2563,2.1445,2.1973,838430171.0,2025-02-27 23:59:59.999,1844622589.19150,2584322,413111897.4,909158346.00948,0
2025-02-28,2.1973,2.2009,1.9511,2.1443,1578077244.0,2025-02-28 23:59:59.999,3263606532.52959,4510922,775135120.2,1602917830.97085,0
2025-03-01,2.1444,2.2184,2.1206,2.1904,606926861.6,2025-03-01 23:59:59.999,1316553139.24055,1918142,308223475.0,668884699.05569,0
2025-03-02,2.1905,3.0065,2.1732,2.9384,2759991970.0,2025-03-02 23:59:59.999,7327407048.69742,7480929,1373349903.5,3642854730.77345,0
2025-03-03,2.9383,2.9676,2.2940,2.3860,2434972400.1,2025-03-03 23:59:59.999,6329108493.19883,7549293,1191252427.4,3097665297.02148,0
2025-03-04,2.3860,2.5376,2.2115,2.4532,2053641805.5,2025-03-04 23:59:59.999,4882396005.00458,6087801,1031275147.0,2452582743.81855,0
2025-03-05,2.4532,2.5393,2.4069,2.4980,1021535053.1,2025-03-05 23:59:59.999,2528654749.52306,3191467,502500038.4,1244150210.30310,0
2025-03-06,2.4986,2.6444,2.4684,2.5981,1142418515.4,2025-03-06 23:59:59.999,2937454454.34516,3469606,558755370.7,1436852297.02102,0
2025-03-07,2.5981,2.6198,2.3423,2.3836,1759362362.2,2025-03-07 23:59:59.999,4339513281.77659,5440766,848510430.1,2093175258.19621,0
2025-03-08,2.3837,2.4096,2.3007,2.3245,559159301.0,2025-03-08 23:59:59.999,1311919544.24893,2033633,274022733.4,643024325.64457,0
2025-03-09,2.3244,2.3500,2.0814,2.1376,1139010712.8,2025-03-09 23:59:59.999,2503884167.83227,3232409,544799818.8,1197285991.29766,0
2025-03-10,2.1377,2.2599,1.9907,2.0202,1524325079.5,2025-03-10 23:59:59.999,3231165397.57686,4465766,760939043.9,1613279310.10367,0
2025-03-11,2.0202,2.2125,1.8952,2.1700,1546940843.6,2025-03-11 23:59:59.999,3222654808.15037,4420061,768322653.2,1601125826.19682,0
2025-03-12,2.1700,2.2773,2.1320,2.2382,1238228996.9,2025-03-12 23:59:59.999,2727250138.52365,3461222,616099859.7,1356899812.42378,0
2025-03-13,2.2381,2.3458,2.2113,2.2512,1023580908.6,2025-03-13 23:59:59.999,2321407939.37977,3135738,508436990.0,1153251482.53615,0
2025-03-14,2.2512,2.3884,2.2356,2.3555,777911226.6,2025-03-14 23:59:59.999,1803767578.14167,2209919,384465644.0,891647716.63231,0
2025-03-15,2.3554,2.4744,2.3512,2.3899,640665391.7,2025-03-15 23:59:59.999,1546576415.06757,1926339,313439198.8,756605615.14935,0
2025-03-16,2.3900,2.4094,2.2668,2.2928,757769714.3,2025-03-16 23:59:59.999,1763468618.40158,2074425,361581368.3,841410854.28302,0
2025-03-17,2.2928,2.3776,2.2905,2.3366,590340240.9,2025-03-17 23:59:59.999,1380609237.65541,1723953,291841098.3,682531069.29029,0
2025-03-18,2.3367,2.3385,2.2208,2.2836,667138610.5,2025-03-18 23:59:59.999,1512103143.20659,1829528,317984533.7,720746984.73864,0
2025-03-19,2.2836,2.5880,2.2637,2.5457,1840144394.6,2025-03-19 23:59:59.999,4548000507.83969,4974020,913745406.0,2257391221.21402,0
2025-03-20,2.5456,2.5627,2.3877,2.4346,919842020.3,2025-03-20 23:59:59.999,2268975116.40246,2637271,444879137.1,1097441958.01028,0
2025-03-21,2.4345,2.4662,2.3552,2.3793,600762556.0,2025-03-21 23:59:59.999,1442515909.81129,1801047,298930841.7,717826982.67333,0
2025-03-22,2.3794,2.4154,2.3574,2.3698,325988754.1,2025-03-22 23:59:59.999,777844776.23001,1020463,162591566.4,387968162.71512,0
2025-03-23,2.3698,2.4400,2.3636,2.4378,336800314.9,2025-03-23 23:59:59.999,808409772.52341,1127888,166234003.5,399123667.35652,0
2025-03-24,2.4379,2.5029,2.4121,2.4485,534931987.5,2025-03-24 23:59:59.999,1313442338.68267,1603552,264516591.7,649586331.04905,0
2025-03-25,2.4486,2.4777,2.4056,2.4481,461393261.5,2025-03-25 23:59:59.999,1126125646.13037,1408793,224851186.4,548900104.82590,0
2025-03-26,2.4481,2.4800,2.3254,2.3473,571751499.7,2025-03-26 23:59:59.999,1380927935.10572,1674671,268973405.2,650226986.85582,0
2025-03-27,2.3474,2.3883,2.3005,2.3400,500335755.6,2025-03-27 23:59:59.999,1174987099.49750,1516011,251456641.9,590649651.40321,0
2025-03-28,2.3399,2.3422,2.1522,2.2055,777260499.6,2025-03-28 23:59:59.999,1730300469.53272,2202261,372146658.4,828356794.11540,0
2025-03-29,2.2055,2.2238,2.0598,2.1335,851850119.0,2025-03-29 23:59:59.999,1809365559.08952,2421220,415620990.9,882775355.95418,0
2025-03-30,2.1336,2.2121,2.1057,2.1352,707385099.8,2025-03-30 23:59:59.999,1524658989.09055,2052239,352447857.9,759629267.19964,0
2025-03-31,2.1353,2.1395,2.0224,2.0889,991841003.8,2025-03-31 23:59:59.999,2070190509.76232,2651944,490515151.2,1024112088.21495,0
2025-04-01,2.0888,2.2013,2.0635,2.1378,905047184.9,2025-04-01 23:59:59.999,1932700968.09298,2431740,452792374.0,967055334.75426,0
2025-04-02,2.1378,2.2332,1.9826,2.0210,1266081122.2,2025-04-02 23:59:59.999,2671642941.67052,3405986,613697189.2,1295617444.13820,0
2025-04-03,2.0208,2.0808,1.9569,2.0630,1081372478.5,2025-04-03 23:59:59.999,2190688474.32197,2802955,531288502.3,1076869877.85575,0
2025-04-04,2.0630,2.1625,2.0148,2.1294,1208452211.3,2025-04-04 23:59:59.999,2525727865.46217,3008476,597307703.5,1248728433.72071,0
2025-04-05,2.1295,2.1757,2.1129,2.1436,490191238.6,2025-04-05 23:59:59.999,1046861751.05139,1352403,245349863.6,523990045.03514,0
2025-04-06,2.1436,2.1585,1.8614,1.9204,1311880506.4,2025-04-06 23:59:59.999,2633893975.69802,2933705,631183538.8,1267875844.08686,0
2025-04-07,1.9204,2.0045,1.6129,1.8974,3828436357.9,2025-04-07 23:59:59.999,6964865976.04921,7390456,1911949914.7,3478910023.13235,0
2025-04-08,1.8974,1.9748,1.7766,1.7956,1771869193.7,2025-04-08 23:59:59.999,3332464248.65593,3996319,874049324.9,1644160011.94143,0
2025-04-09,1.7956,2.0890,1.7212,2.0523,2229131805.7,2025-04-09 23:59:59.999,4209036377.58407,5391723,1114642416.6,2103623210.38814,0
2025-04-10,2.0523,2.0566,1.9203,1.9645,1216981179.1,2025-04-10 23:59:59.999,2415235706.31553,2900379,612898369.7,1216588301.30918,0
2025-04-11,1.9646,2.0637,1.9459,2.0213,833260601.2,2025-04-11 23:59:59.999,1673894008.36109,2103591,420095920.9,844288211.54875,0
2025-04-12,2.0214,2.1860,2.0016,2.1588,725073155.3,2025-04-12 23:59:59.999,1526803899.93652,1926650,370313373.0,779827320.55673,0
2025-04-13,2.1588,2.2470,2.0802,2.1181,991950249.5,2025-04-13 23:59:59.999,2141711235.45285,2602474,483685891.9,1044816043.97105,0
2025-04-14,2.1182,2.1794,2.1022,2.1262,683385901.2,2025-04-14 23:59:59.999,1463081853.99306,2074382,330203993.3,706965478.09029,0
2025-04-15,2.1262,2.1848,2.0822,2.0830,625412353.6,2025-04-15 23:59:59.999,1337384547.95165,1753818,303407629.1,648958120.83690,0
2025-04-16,2.0830,2.1315,2.0343,2.0822,815214984.4,2025-04-16 23:59:59.999,1696893071.10557,2144662,404784591.1,842683531.72523,0
2025-04-17,2.0823,2.1139,2.0509,2.0660,577687175.7,2025-04-17 23:59:59.999,1202992862.93870,1576064,287990709.6,599659662.95976,0
2025-04-18,2.0661,2.0888,2.0420,2.0607,387052829.5,2025-04-18 23:59:59.999,800273637.56753,1179042,187486440.1,387640139.36029,0
2025-04-19,2.0608,2.0969,2.0573,2.0865,300922737.3,2025-04-19 23:59:59.999,626385811.91046,962367,149516108.3,311219804.64380,0
2025-04-20,2.0865,2.0937,2.0372,2.0777,374837773.1,2025-04-20 23:59:59.999,773896134.29619,1117823,183492154.8,378849524.48699,0
2025-04-21,2.0776,2.1401,2.0582,2.0840,655401576.1,2025-04-21 23:59:59.999,1379672234.69383,1758139,325979009.6,686158461.52844,0
2025-04-22,2.0841,2.2506,2.0620,2.2138,896701424.5,2025-04-22 23:59:59.999,1924407193.23914,2201183,457395347.5,982629292.96206,0
2025-04-23,2.2138,2.3011,2.1892,2.2175,984727302.3,2025-04-23 23:59:59.999,2206311757.13992,2661469,486190173.8,1089514143.75740,0
2025-04-24,2.2175,2.2367,2.1165,2.2038,855485618.1,2025-04-24 23:59:59.999,1868655335.44574,2270464,419131172.4,915554935.05071,0
2025-04-25,2.2039,2.2197,2.1622,2.1801,582465686.6,2025-04-25 23:59:59.999,1277767560.78282,1744211,281060015.1,616599738.54712,0
2025-04-26,2.1801,2.2481,2.1785,2.1898,431602517.2,2025-04-26 23:59:59.999,950757804.18667,1463200,209312105.5,461160790.73396,0
2025-04-27,2.1898,2.2943,2.1556,2.2512,750302293.6,2025-04-27 23:59:59.999,1668790934.41740,2394541,370254229.7,823697681.30422,0
2025-04-28,2.2512,2.3622,2.2164,2.2941,929752456.0,2025-04-28 23:59:59.999,2130000730.71403,2617297,450822275.5,1032936773.72154,0
2025-04-29,2.2941,2.3137,2.2204,2.2364,542602748.6,2025-04-29 23:59:59.999,1235504753.58194,1765871,257855901.0,587288100.54553,0
2025-04-30,2.2363,2.2575,2.1216,2.1898,775677505.7,2025-04-30 23:59:59.999,1700333005.02984,2228330,356980139.6,782523266.12319,0
2025-05-01,2.1897,2.2559,2.1858,2.2114,450120848.7,2025-05-01 23:59:59.999,1000572003.08602,1411006,225872553.6,502045850.04056,0
2025-05-02,2.2113,2.2402,2.1903,2.2083,426496977.7,2025-05-02 23:59:59.999,944598139.05263,1366055,208944533.5,462767404.75499,0
2025-05-03,2.2083,2.2195,2.1744,2.1860,293808840.1,2025-05-03 23:59:59.999,645692166.06580,1046089,140712363.6,309241911.59020,0
2025-05-04,2.1860,2.2182,2.1486,2.1548,376684018.2,2025-05-04 23:59:59.999,823268017.59512,1339895,181458087.5,396628254.60339,0
2025-05-05,2.1548,2.1992,2.1052,2.1298,571310069.6,2025-05-05 23:59:59.999,1226159355.90987,1804865,270995979.4,581821515.94521,0
2025-05-06,2.1298,2.1588,2.0758,2.1540,555250061.2,2025-05-06 23:59:59.999,1173225217.69267,1782511,275040162.5,581462913.55771,0
2025-05-07,2.1540,2.1707,2.1025,2.1255,417089687.5,2025-05-07 23:59:59.999,889327788.43697,1310434,204437127.6,435942910.97966,0
2025-05-08,2.1255,2.3327,2.1168,2.3266,983555928.5,2025-05-08 23:59:59.999,2195466904.38141,2480773,502266937.3,1120931098.68340,0
2025-05-09,2.3265,2.4293,2.2816,2.3435,1149276232.1,2025-05-09 23:59:59.999,2707278400.14326,3378312,561629440.9,1323078271.72046,0
2025-05-10,2.3434,2.4772,2.3347,2.4711,776627825.9,2025-05-10 23:59:59.999,1866980445.45946,2387063,386250257.0,928689167.44554,0
2025-05-11,2.4710,2.4846,2.3275,2.3661,704152903.6,2025-05-11 23:59:59.999,1678429817.01688,2342187,335289538.2,799327375.10483,0
2025-05-12,2.3662,2.6550,2.3503,2.5431,1912021379.5,2025-05-12 23:59:59.999,4800563429.82361,5518876,943732576.1,2370600226.70230,0
2025-05-13,2.5432,2.6051,2.4196,2.5820,1037224980.6,2025-05-13 23:59:59.999,2618088802.70921,3317420,502077883.3,1267922537.92402,0
2025-05-14,2.5821,2.6524,2.5180,2.5492,901378181.2,2025-05-14 23:59:59.999,2328708959.22494,3063522,433263553.8,1119928875.93661,0
2025-05-15,2.5493,2.5706,2.3514,2.3841,987634632.4,2025-05-15 23:59:59.999,2428620176.04533,3353422,474081344.0,1165796628.15780,0
2025-05-16,2.3842,2.4388,2.3456,2.3785,652501259.2,2025-05-16 23:59:59.999,1567556939.08433,2555566,322215312.2,774070244.26235,0
2025-05-17,2.3785,2.3881,2.2968,2.3520,567694433.4,2025-05-17 23:59:59.999,1330692352.57673,2325699,271204081.8,635914409.44815,0
2025-05-18,2.3519,2.4488,2.3306,2.4270,597416756.2,2025-05-18 23:59:59.999,1429093746.65293,2162052,293444345.0,702068561.44733,0
2025-05-19,2.4271,2.4400,2.2803,2.3796,709104082.7,2025-05-19 23:59:59.999,1662350555.58828,2600322,342167983.9,802240866.22386,0
2025-05-20,2.3796,2.4083,2.3125,2.3550,527145204.2,2025-05-20 23:59:59.999,1240621510.93392,1988335,258022366.5,607381185.27294,0
2025-05-21,2.3550,2.4284,2.3291,2.3947,804358678.9,2025-05-21 23:59:59.999,1907063901.57140,2526657,394181951.1,934784501.66214,0
2025-05-22,2.3947,2.4553,2.3850,2.4300,549137839.6,2025-05-22 23:59:59.999,1328384524.13334,1856185,268636621.8,649986832.20819,0
2025-05-23,2.4300,2.4798,2.2822,2.2953,866980648.3,2025-05-23 23:59:59.999,2068297102.82524,2648054,418378047.8,998446600.60249,0
2025-05-24,2.2953,2.3587,2.2843,2.3291,280383395.6,2025-05-24 23:59:59.999,654833192.24523,1269686,131992254.2,308241433.59037,0
2025-05-25,2.3291,2.3456,2.2644,2.3405,423113516.1,2025-05-25 23:59:59.999,973627056.77342,1470332,200596252.2,461690073.38258,0
2025-05-26,2.3406,2.3577,2.2940,2.3089,333929469.8,2025-05-26 23:59:59.999,777734983.79679,1269311,161055623.3,375209035.66250,0
2025-05-27,2.3090,2.3538,2.2644,2.3158,466064117.2,2025-05-27 23:59:59.999,1079139155.44090,1663766,227236644.3,526325216.24119,0
2025-05-28,2.3157,2.3227,2.2244,2.2732,487618347.9,2025-05-28 23:59:59.999,1109985801.74023,1517668,223101116.4,508098293.74939,0
2025-05-29,2.2731,2.3119,2.2350,2.2426,505861428.2,2025-05-29 23:59:59.999,1154256798.40224,1656328,248027038.9,566019390.51065,0
2025-05-30,2.2427,2.2510,2.1260,2.1383,859619810.7,2025-05-30 23:59:59.999,1877489509.58800,2639230,407515907.7,890100988.54345,0
2025-05-31,2.1383,2.2056,2.0778,2.1732,578742507.0,2025-05-31 23:59:59.999,1239630427.38821,2052775,275679702.0,590441363.69790,0
2025-06-01,2.1732,2.1871,2.1217,2.1780,362201867.0,2025-06-01 23:59:59.999,780406502.42947,1294602,179172496.4,386020158.17074,0
2025-06-02,2.1780,2.2042,2.1344,2.1956,429083669.5,2025-06-02 23:59:59.999,928466615.46840,1487049,207432081.0,448893604.48017,0
2025-06-03,2.1956,2.2813,2.1828,2.2438,512740233.1,2025-06-03 23:59:59.999,1143513018.85588,1639408,264130223.6,589000842.67673,0
2025-06-04,2.2437,2.2653,2.1936,2.1998,387270085.3,2025-06-04 23:59:59.999,865701694.73103,1385832,192038620.5,429348062.90841,0
2025-06-05,2.1998,2.2255,2.0576,2.0922,695545209.7,2025-06-05 23:59:59.999,1494523865.46578,2104372,315849430.9,679013144.85098,0
2025-06-06,2.0922,2.1895,2.0796,2.1590,369734614.6,2025-06-06 23:59:59.999,794314325.58091,1349062,182267409.8,391424125.22691,0
2025-06-07,2.1590,2.1899,2.1467,2.1756,196205631.2,2025-06-07 23:59:59.999,426973077.41340,732826,98619969.7,214646514.50466,0
2025-06-08,2.1756,2.2942,2.1653,2.2659,549286307.5,2025-06-08 23:59:59.999,1234398516.81394,1657542,279340256.5,627527486.35756,0
2025-06-09,2.2658,2.3288,2.2210,2.3202,587729343.7,2025-06-09 23:59:59.999,1334092233.95548,1628160,298802959.9,678296290.18095,0
2025-06-10,2.3203,2.3270,2.2574,2.3066,565304668.5,2025-06-10 23:59:59.999,1295944356.49592,1746695,277874296.6,636974380.19225,0
2025-06-11,2.3066,2.3375,2.2504,2.2691,609155699.7,2025-06-11 23:59:59.999,1402490506.50012,1811159,296204432.7,682365416.00120,0
2025-06-12,2.2691,2.2725,2.1693,2.1889,501333509.8,2025-06-12 23:59:59.999,1116259706.26616,1549707,234983115.9,523423774.92792,0
2025-06-13,2.1889,2.1909,2.0810,2.1463,809455313.8,2025-06-13 23:59:59.999,1722582969.59749,2555443,386229934.6,822080967.69508,0
2025-06-14,2.1464,2.1780,2.1079,2.1381,410215484.7,2025-06-14 23:59:59.999,880225414.70517,1252757,195346271.7,419226071.84116,0
2025-06-15,2.1381,2.1753,2.1359,2.1644,277847143.0,2025-06-15 23:59:59.999,599431897.65745,907705,135004128.0,291264714.70233,0
2025-06-16,2.1644,2.3366,2.1498,2.2372,867765033.3,2025-06-16 23:59:59.999,1963302426.32944,2433128,445407247.8,1007838977.96347,0
2025-06-17,2.2372,2.2563,2.1408,2.1581,790596484.3,2025-06-17 23:59:59.999,1739599479.15624,2385255,391604432.6,861993400.99362,0
2025-06-18,2.1581,2.1798,2.1171,2.1695,583009544.4,2025-06-18 23:59:59.999,1252622294.57934,1741040,281254613.7,604429298.96819,0
2025-06-19,2.1695,2.1841,2.1430,2.1639,307122642.1,2025-06-19 23:59:59.999,663733392.78261,1017748,153041104.2,330746651.93745,0
2025-06-20,2.1640,2.1791,2.0839,2.1185,555455334.8,2025-06-20 23:59:59.999,1187429048.97361,1581294,267085093.7,571133328.15829,0
2025-06-21,2.1185,2.1443,1.9841,2.0618,544759253.1,2025-06-21 23:59:59.999,1133551537.61566,1511359,252832864.1,526549236.44319,0
2025-06-22,2.0619,2.0889,1.9070,2.0159,1177564029.8,2025-06-22 23:59:59.999,2343448041.48561,3145814,571962163.6,1138511435.74856,0
2025-06-23,2.0160,2.1696,1.9602,2.1575,954089612.8,2025-06-23 23:59:59.999,1946505753.72106,2650061,469914212.4,958867493.03539,0
2025-06-24,2.1574,2.2157,2.1306,2.1888,683268504.4,2025-06-24 23:59:59.999,1489317030.82606,1971998,339723386.8,740645378.85525,0
2025-06-25,2.1889,2.2293,2.1688,2.1848,477783555.8,2025-06-25 23:59:59.999,1046747702.90887,1565505,237139979.8,519513031.11443,0
2025-06-26,2.1849,2.2122,2.0942,2.1047,592342259.3,2025-06-26 23:59:59.999,1270007818.81808,1798823,285266914.1,611704376.77178,0
2025-06-27,2.1047,2.1539,2.0664,2.1408,622423856.3,2025-06-27 23:59:59.999,1306932308.36958,1957337,302614688.7,635587029.98070,0
2025-06-28,2.1409,2.2074,2.1323,2.1843,417166354.8,2025-06-28 23:59:59.999,910751097.06092,1463886,206414424.3,450727853.99714,0
2025-06-29,2.1842,2.2191,2.1739,2.2052,264536909.7,2025-06-29 23:59:59.999,579857598.52606,997643,132002533.9,289338080.64975,0
2025-06-30,2.2053,2.3269,2.1608,2.2358,727821013.5,2025-06-30 23:59:59.999,1625504730.22148,2289670,374645471.3,837359202.35698,0
2025-07-01,2.2358,2.2532,2.1450,2.1706,607054461.5,2025-07-01 23:59:59.999,1334363535.00139,1928888,294911432.7,648512984.70421,0
2025-07-02,2.1706,2.2935,2.1554,2.2328,749618585.4,2025-07-02 23:59:59.999,1670573200.63843,2047358,381057435.1,849458496.41130,0
2025-07-03,2.2329,2.3137,2.2238,2.2560,685093843.3,2025-07-03 23:59:59.999,1557044814.00806,2052648,340146021.3,773132843.83334,0
2025-07-04,2.2560,2.2670,2.1941,2.2194,442260577.0,2025-07-04 23:59:59.999,984196669.13673,1425424,212931740.0,473856429.81087,0
2025-07-05,2.2194,2.2327,2.2001,2.2163,212115858.4,2025-07-05 23:59:59.999,470329073.36219,809014,101540916.6,225162176.49110,0
2025-07-06,2.2163,2.2897,2.2072,2.2701,492749936.0,2025-07-06 23:59:59.999,1114027309.05294,1505382,249996359.5,565263213.61938,0
2025-07-07,2.2700,2.3532,2.2541,2.2694,862521690.1,2025-07-07 23:59:59.999,1986390607.20615,2217804,439908908.5,1013343394.59126,0
2025-07-08,2.2694,2.3216,2.2471,2.3096,529193171.3,2025-07-08 23:59:59.999,1209209136.97177,1551174,257181694.5,587719610.84046,0
2025-07-09,2.3097,2.4282,2.2966,2.4033,897035465.6,2025-07-09 23:59:59.999,2127688335.45025,2063336,459626741.9,1090199302.24803,0
2025-07-10,2.4034,2.5668,2.3925,2.5463,972044560.1,2025-07-10 23:59:59.999,2400727685.11719,2436428,483453640.2,1194420448.84402,0
2025-07-11,2.5464,2.9777,2.5114,2.7335,2814243479.1,2025-07-11 23:59:59.999,7706945039.87527,7043722,1373073514.7,3760023406.15349,0
2025-07-12,2.7335,2.8497,2.6630,2.7395,1373982190.5,2025-07-12 23:59:59.999,3792557884.92902,4103719,664649986.2,1833416538.32499,0
2025-07-13,2.7394,2.8940,2.7236,2.8355,1158970870.5,2025-07-13 23:59:59.999,3261954444.81542,3289042,569433857.0,1602970662.21725,0
2025-07-14,2.8355,3.0379,2.8204,2.9582,1935096178.8,2025-07-14 23:59:59.999,5714506738.91148,5648923,935103445.4,2761948409.93403,0
2025-07-15,2.9583,2.9584,2.8036,2.9203,1410685677.7,2025-07-15 23:59:59.999,4070511891.55160,4336932,685142254.0,1976850387.64807,0
2025-07-16,2.9203,3.1024,2.8780,3.0398,1135214513.0,2025-07-16 23:59:59.999,3401600032.30153,3454624,557811761.9,1672480847.92803,0
2025-07-17,3.0399,3.5555,2.9900,3.4840,2644092523.1,2025-07-17 23:59:59.999,8679742379.06401,7504412,1318431615.2,4332152882.69590,0
2025-07-18,3.4841,3.6646,3.3476,3.4140,2356635848.5,2025-07-18 23:59:59.999,8238971474.94173,7482213,1130971607.3,3955342027.29654,0
2025-07-19,3.4141,3.4862,3.3546,3.4250,879048203.3,2025-07-19 23:59:59.999,3013356731.92312,3254345,421431665.7,1444656212.62522,0
2025-07-20,3.4249,3.5598,3.3846,3.4542,1117864253.6,2025-07-20 23:59:59.999,3890203208.38467,3746998,559943025.2,1948588634.35469,0
2025-07-21,3.4542,3.6532,3.4068,3.5497,1163485471.9,2025-07-21 23:59:59.999,4135834444.94989,3949281,560505523.1,1992582922.12178,0
2025-07-22,3.5498,3.5827,3.4201,3.5533,1064371729.1,2025-07-22 23:59:59.999,3731513212.67540,4090254,515825783.7,1808998400.24811,0
2025-07-23,3.5533,3.5547,3.0500,3.1845,1781822370.4,2025-07-23 23:59:59.999,5840266391.25099,5241682,838581959.9,2748354688.78531,0
2025-07-24,3.1846,3.2640,2.9535,3.1442,1741446751.1,2025-07-24 23:59:59.999,5471969072.26111,5360445,847320876.4,2663793357.30276,0
2025-07-25,3.1443,3.1602,2.9959,3.1410,1163077486.5,2025-07-25 23:59:59.999,3590470090.24655,4004713,546710071.5,1688612128.08090,0
2025-07-26,3.1410,3.2175,3.1081,3.1650,510527341.9,2025-07-26 23:59:59.999,1620182076.02822,1723581,252450924.6,801290970.14328,0
2025-07-27,3.1650,3.2504,3.1550,3.2376,648935685.5,2025-07-27 23:59:59.999,2077300862.60795,2316704,312597605.2,1000673491.35048,0
2025-07-28,3.2377,3.3296,3.1052,3.1218,1005793069.1,2025-07-28 23:59:59.999,3224801784.29303,3456926,479525301.2,1538104816.84561,0
2025-07-29,3.1219,3.1842,3.0516,3.1269,835235905.9,2025-07-29 23:59:59.999,2609380756.10207,2879797,406878726.8,1271236770.76542,0
2025-07-30,3.1270,3.1620,3.0000,3.0957,870064547.8,2025-07-30 23:59:59.999,2692383980.93983,3059475,419103737.4,1297136611.84311,0
2025-07-31,3.0958,3.1779,3.0082,3.0203,699324610.6,2025-07-31 23:59:59.999,2167728359.18222,2285976,333628338.1,1034718190.83652,0
2025-08-01,3.0204,3.0576,2.8910,2.9602,1402958482.0,2025-08-01 23:59:59.999,4175993569.48616,5050672,681315388.0,2028032076.21472,0
2025-08-02,2.9602,3.0199,2.7381,2.7684,982228383.4,2025-08-02 23:59:59.999,2816239292.67215,3553685,465581281.4,1335839255.27397,0
2025-08-03,2.7684,2.9607,2.7266,2.9463,682756087.5,2025-08-03 23:59:59.999,1952998098.47564,2557854,343305088.7,982298647.62595,0
2025-08-04,2.9462,3.0883,2.9291,3.0701,846807687.7,2025-08-04 23:59:59.999,2558224098.83806,2726560,415975288.2,1256923686.51609,0
2025-08-05,3.0700,3.1059,2.9148,2.9607,815181670.4,2025-08-05 23:59:59.999,2454086022.52546,2936261,390267664.1,1175136334.59245,0
2025-08-06,2.9607,3.0168,2.9006,2.9896,599926961.1,2025-08-06 23:59:59.999,1774621836.88708,2469380,296101611.9,875858960.12829,0
2025-08-07,2.9896,3.3332,2.9630,3.3181,1010852731.4,2025-08-07 23:59:59.999,3169715342.08467,3488891,511585173.4,1604931757.21593,0
2025-08-08,3.3181,3.3813,3.2050,3.2848,1302058073.7,2025-08-08 23:59:59.999,4304259442.49096,4299929,639117113.4,2112956370.84237,0
2025-08-09,3.2848,3.3468,3.2061,3.2245,672558796.2,2025-08-09 23:59:59.999,2211727067.57466,2395547,325351033.0,1070227478.85940,0
2025-08-10,3.2245,3.2775,3.1511,3.1856,641591720.9,2025-08-10 23:59:59.999,2054879187.02076,2458353,305626043.6,979127913.95677,0
2025-08-11,3.1855,3.3328,3.1156,3.1281,1067438000.3,2025-08-11 23:59:59.999,3438742822.84312,3708922,502563275.7,1619781472.69850,0
2025-08-12,3.1281,3.3060,3.1024,3.2665,784953757.8,2025-08-12 23:59:59.999,2512137772.16658,2575018,383650264.0,1228178626.30034,0
2025-08-13,3.2666,3.3366,3.2012,3.2752,921632605.2,2025-08-13 23:59:59.999,3008597452.67429,2960379,444643092.4,1451834009.04574,0
2025-08-14,3.2752,3.3565,2.9810,3.0774,1431250635.0,2025-08-14 23:59:59.999,4531477335.15043,4161594,661675863.6,2096522911.16828,0
2025-08-15,3.0775,3.1414,3.0010,3.0763,714184195.8,2025-08-15 23:59:59.999,2199266786.87764,2510762,351773806.6,1083399364.55944,0
2025-08-16,3.0763,3.1548,3.0697,3.1039,377849362.0,2025-08-16 23:59:59.999,1175761303.02293,1506239,186394320.8,580063148.23516,0
2025-08-17,3.1039,3.1458,3.0752,3.0856,364273352.1,2025-08-17 23:59:59.999,1134325420.62375,1389438,174113625.0,542225000.07937,0
2025-08-18,3.0856,3.0952,2.9390,3.0605,757366693.1,2025-08-18 23:59:59.999,2281047868.10239,2629307,358292792.7,1079258798.72346,0
2025-08-19,3.0605,3.0796,2.8474,2.8593,797063084.7,2025-08-19 23:59:59.999,2359689642.09663,2708625,379122161.0,1122874540.06588,0
2025-08-20,2.8593,2.9880,2.8174,2.9503,779832860.3,2025-08-20 23:59:59.999,2260417953.82759,2560536,381841000.0,1106919703.02142,0
2025-08-21,2.9503,2.9577,2.8408,2.8505,525102293.3,2025-08-21 23:59:59.999,1522767226.99174,1986612,255872807.3,741875664.96995,0
2025-08-22,2.8504,3.1060,2.7812,3.0738,1278106494.7,2025-08-22 23:59:59.999,3783659726.41430,3500488,631110021.8,1868672337.95075,0
2025-08-23,3.0738,3.0751,2.9682,3.0478,552270329.5,2025-08-23 23:59:59.999,1672602407.16475,1862469,274158492.7,830305665.40910,0
2025-08-24,3.0478,3.1275,2.9842,3.0250,820556815.6,2025-08-24 23:59:59.999,2494968732.27842,2479441,400118295.9,1216968891.45451,0
2025-08-25,3.0249,3.0529,2.8202,2.8567,873611402.1,2025-08-25 23:59:59.999,2560031560.07131,2876056,412301195.2,1208361024.90551,0
2025-08-26,2.8568,3.0810,2.8443,3.0112,786181848.1,2025-08-26 23:59:59.999,2318796831.94059,2636152,393724018.9,1161901929.39114,0
2025-08-27,3.0113,3.0439,2.9603,2.9676,638362177.2,2025-08-27 23:59:59.999,1916789088.87423,2145152,317988529.0,954904637.47647,0
2025-08-28,2.9677,3.0247,2.9414,2.9647,496107673.3,2025-08-28 23:59:59.999,1482487936.76127,1687387,242543086.3,724717418.24667,0
2025-08-29,2.9647,2.9755,2.7716,2.8179,854776664.3,2025-08-29 23:59:59.999,2442979983.24415,2597198,404360740.5,1155842242.75564,0
2025-08-30,2.8179,2.8338,2.7596,2.8167,342892133.6,2025-08-30 23:59:59.999,961193133.04841,1523056,165138839.7,462987839.73629,0
2025-08-31,2.8166,2.8680,2.7686,2.7745,338948404.7,2025-08-31 23:59:59.999,956345442.99911,1264397,166599368.6,470122832.53548,0
2025-09-01,2.7744,2.8381,2.6955,2.7576,828786341.6,2025-09-01 23:59:59.999,2286834872.36941,2680806,410136516.2,1131905349.30570,0
2025-09-02,2.7576,2.8631,2.7471,2.8605,623027274.1,2025-09-02 23:59:59.999,1748101715.12717,2092040,310543831.8,871294901.79120,0
2025-09-03,2.8605,2.8853,2.8091,2.8430,440665336.8,2025-09-03 23:59:59.999,1255687259.88082,1505863,220864827.4,629360309.96817,0
2025-09-04,2.8429,2.8601,2.7823,2.7933,410754450.6,2025-09-04 23:59:59.999,1159833739.52444,1472647,194418506.4,548920319.69090,0
2025-09-05,2.7933,2.8843,2.7765,2.8132,614262807.9,2025-09-05 23:59:59.999,1741117657.37643,1934327,303608498.2,860618820.53736,0
2025-09-06,2.8131,2.8275,2.7910,2.8083,183602125.1,2025-09-06 23:59:59.999,515591782.02213,825235,86557572.3,243086273.89981,0
2025-09-07,2.8084,2.9278,2.8078,2.8760,476395226.1,2025-09-07 23:59:59.999,1366928719.56250,1384373,237592708.3,681621268.94608,0
2025-09-08,2.8760,2.9951,2.8610,2.9687,554540308.3,2025-09-08 23:59:59.999,1631264069.52892,1921756,274448572.6,807303923.43718,0
2025-09-09,2.9687,3.0363,2.9327,2.9456,586795354.4,2025-09-09 23:59:59.999,1749148362.65693,1856654,287346714.2,856599677.68073,0
2025-09-10,2.9457,3.0235,2.9340,2.9822,413441884.5,2025-09-10 23:59:59.999,1233140288.70612,1412298,208370278.2,621438564.19913,0
2025-09-11,2.9822,3.0484,2.9421,3.0388,493826180.7,2025-09-11 23:59:59.999,1483633002.09464,1593797,238891411.3,717996765.63370,0
2025-09-12,3.0388,3.1372,3.0161,3.1046,594655865.2,2025-09-12 23:59:59.999,1821289408.19280,1782925,294812357.4,903184123.74215,0
2025-09-13,3.1046,3.1855,3.0882,3.1181,523097156.3,2025-09-13 23:59:59.999,1639073081.38096,1783120,254330549.1,796896833.52287,0
2025-09-14,3.1180,3.1259,3.0082,3.0266,470617093.4,2025-09-14 23:59:59.999,1441574356.56285,1637828,216549190.5,663625317.28117,0
2025-09-15,3.0265,3.0655,2.9518,2.9957,599303766.0,2025-09-15 23:59:59.999,1802366676.27762,2113677,280933430.0,845004328.13381,0
2025-09-16,2.9957,3.0577,2.9623,3.0364,409240347.5,2025-09-16 23:59:59.999,1235438192.98180,1487862,198201275.7,598474218.45263,0
2025-09-17,3.0364,3.1068,2.9803,3.0830,596366372.6,2025-09-17 23:59:59.999,1808226721.59830,1856493,290191904.3,880351332.64753,0
2025-09-18,3.0831,3.1388,3.0545,3.0721,521144071.5,2025-09-18 23:59:59.999,1615721962.62715,1576806,256300467.3,794741920.88434,0
2025-09-19,3.0721,3.0928,2.9766,2.9885,474465556.9,2025-09-19 23:59:59.999,1434550128.76733,1471898,210764526.2,637263044.52905,0
2025-09-20,2.9884,3.0077,2.9635,2.9735,238471447.5,2025-09-20 23:59:59.999,711586984.19753,942348,105274150.0,314173953.89872,0
2025-09-21,2.9735,3.0123,2.9506,2.9686,240656809.6,2025-09-21 23:59:59.999,717105729.88561,925428,112587088.3,335540893.59100,0
2025-09-22,2.9686,2.9740,2.6704,2.8512,971219296.0,2025-09-22 23:59:59.999,2759420974.36500,2806897,451237893.9,1281991333.61490,0
2025-09-23,2.8512,2.8959,2.7977,2.8234,463203075.8,2025-09-23 23:59:59.999,1322348049.92890,1625360,219425568.9,626403595.33051,0
2025-09-24,2.8234,2.9948,2.7871,2.9246,572115173.1,2025-09-24 23:59:59.999,1658280250.24254,1896651,298762229.4,866399284.11359,0
2025-09-25,2.9246,2.9433,2.7229,2.7420,918161677.6,2025-09-25 23:59:59.999,2586468184.68162,2654768,438827489.1,1236086286.06260,0
2025-09-26,2.7419,2.8082,2.6967,2.7823,676464179.2,2025-09-26 23:59:59.999,1862109979.80582,2189221,330550243.8,910096452.56116,0
2025-09-27,2.7823,2.8274,2.7606,2.8032,220488671.1,2025-09-27 23:59:59.999,614271515.68554,949908,107588330.3,299783672.57061,0
2025-09-28,2.8033,2.8664,2.7649,2.8662,302031934.5,2025-09-28 23:59:59.999,847601440.67199,1148404,153348155.9,430373724.88823,0
2025-09-29,2.8662,2.9278,2.8428,2.8788,473729983.8,2025-09-29 23:59:59.999,1363624988.24497,1675469,244446461.1,703663002.84970,0
2025-09-30,2.8788,2.9060,2.8119,2.8454,429147214.5,2025-09-30 23:59:59.999,1224576969.58347,1603017,218877521.4,624380551.76857,0
2025-10-01,2.8453,2.9600,2.8126,2.9473,515482774.6,2025-10-01 23:59:59.999,1499705688.12176,1637108,257441274.2,748959658.66259,0
2025-10-02,2.9473,3.0990,2.9387,3.0375,651021002.2,2025-10-02 23:59:59.999,1956500646.65378,2118704,329256424.1,989505897.27208,0
2025-10-03,3.0376,3.0950,3.0032,3.0395,566422785.2,2025-10-03 23:59:59.999,1720846347.39594,2063210,280067096.7,850994728.93217,0
2025-10-04,3.0394,3.0518,2.9379,2.9675,357285346.6,2025-10-04 23:59:59.999,1066335002.99159,1330077,169975469.0,507297836.50750,0
2025-10-05,2.9675,3.0724,2.9455,2.9679,513794321.5,2025-10-05 23:59:59.999,1543256526.64417,1881186,243243555.7,730849212.08605,0
2025-10-06,2.9678,3.0500,2.9534,2.9878,548294332.7,2025-10-06 23:59:59.999,1645992748.86550,1780362,270705996.1,812891956.39650,0
2025-10-07,2.9879,3.0002,2.8471,2.8509,680506016.5,2025-10-07 23:59:59.999,1989335284.07504,2168154,313151166.3,915168277.34151,0
2025-10-08,2.8509,2.9234,2.8284,2.8786,393737497.5,2025-10-08 23:59:59.999,1132567746.59239,1725263,185868807.8,534925242.58822,0
2025-10-09,2.8786,2.8793,2.7700,2.8011,540203662.0,2025-10-09 23:59:59.999,1518927818.51285,2055321,248822799.2,699506724.43195,0
2025-10-10,2.8011,2.8358,1.1792,2.3666,2326268635.4,2025-10-10 23:59:59.999,5590812907.59766,5497141,1064235704.2,2557123447.91983,0
2025-10-11,2.3667,2.5046,2.2955,2.3806,1309244629.4,2025-10-11 23:59:59.999,3155395235.84971,4653899,624615732.0,1505658033.64740,0
2025-10-12,2.3807,2.5822,2.3102,2.5271,1193935872.5,2025-10-12 23:59:59.999,2913919116.31485,3764468,582364710.0,1422102436.53564,0
2025-10-13,2.5271,2.6450,2.5107,2.6042,1429478386.6,2025-10-13 23:59:59.999,3694813414.85734,3425172,704553113.2,1820957648.49763,0
2025-10-14,2.6042,2.6200,2.3877,2.5020,1454942698.4,2025-10-14 23:59:59.999,3619918546.95528,3421161,707155688.2,1759345911.80302,0
2025-10-15,2.5020,2.5470,2.3740,2.4097,677039948.7,2025-10-15 23:59:59.999,1667829766.48094,2402923,325949012.1,803058218.73184,0
2025-10-16,2.4097,2.4655,2.2826,2.3268,859870204.9,2025-10-16 23:59:59.999,2046675466.65410,3243114,420409166.2,1000803328.36116,0
